rc,beta,delta,eta,rd,c_star,s_star,i_star,eig1_real,eig1_imag,eig2_real,eig2_imag,unstable
4.5,3.0,5.0,1.0,8.0,3.5147004393780447e-19,9.36270730583266e-21,1.0,-36.49,0.0,18.119999999999997,0.0,True
4.5,3.0,5.0,1.0,8.0,1.0606784671056921,4.9201644355921685e-23,0.6484253716932247,32.756665747608075,0.0,8.640800271374648,0.0,True
4.5,3.0,5.0,1.0,8.0,1.2072474940300661,0.5585897989422235,0.7395620672258603,41.64926160107183,0.0,-9.165032138877876,0.0,True
4.5,3.0,5.0,1.0,10.0,3.7527933927089233e-19,1.1075549554011361e-20,1.0,-36.49,0.0,18.119999999999997,0.0,True
4.5,3.0,5.0,1.0,10.0,1.0733107154168435,4.095420259387961e-23,0.7120010270428458,32.614689369335956,0.0,8.915551345352931,0.0,True
4.5,3.0,5.0,1.0,10.0,1.2234685804706324,0.5690061979924861,0.787665184827226,41.144133782056024,0.0,-9.558915927134876,0.0,True
4.5,3.0,5.0,1.0,12.0,3.9194910302771575e-19,1.2360666320182338e-20,1.0,-36.49,0.0,18.119999999999997,0.0,True
4.5,3.0,5.0,1.0,12.0,1.0827279745527723,2.9208412786089307e-23,0.755770861066844,32.45270924286071,0.0,9.117993750945573,0.0,True
4.5,3.0,5.0,1.0,12.0,1.2351747570350868,0.5763297211034055,0.8205531696744942,40.69470414098628,0.0,-9.853741063985623,0.0,True
4.5,3.0,5.0,3.0,8.0,1.552976379300073e-19,1.8060157835193815e-20,1.0,-38.49,0.0,18.119999999999997,0.0,True
4.5,3.0,5.0,3.0,8.0,1.0342055152950098,4.415406957557764e-22,0.39836066057502806,34.38109925231299,0.0,7.656406949449154,0.0,True
4.5,3.0,5.0,3.0,8.0,1.136727543321421,0.49263763548092476,0.42484830182577427,40.99607750327031,0.0,-8.341375247511234,0.0,True
4.5,3.0,5.0,3.0,10.0,1.5837943824256712e-19,1.861797241270649e-20,1.0,-38.49,0.0,18.119999999999997,0.0,True
4.5,3.0,5.0,3.0,10.0,1.0540659368003977,1.8292239269578836e-19,0.500025250394695,34.99040399483863,0.0,7.870454510292422,0.0,True
4.5,3.0,5.0,3.0,10.0,1.160790988011124,0.5021400906327433,0.5197262622788011,41.70837077870215,0.0,-8.612034033332353,0.0,True
4.5,3.0,5.0,3.0,12.0,1.6046508691541435e-19,1.8997161214347462e-20,1.0,-38.49,0.0,18.119999999999997,0.0,True
4.5,3.0,5.0,3.0,12.0,1.0705078491880056,1.46736858971668e-17,0.5702548543100763,35.16574397560705,0.0,8.041928721558222,0.0,True
4.5,3.0,5.0,3.0,12.0,1.1803857318617548,0.5094574312054176,0.5856531024274556,41.88398816879886,0.0,-8.83472270146781,0.0,True
4.5,3.0,5.0,5.0,8.0,9.291534189846476e-20,3.292339992777656e-20,1.0,-40.49,0.0,18.119999999999997,0.0,True
4.5,3.0,5.0,5.0,8.0,1.0086104559535132,1.4917027621677058e-18,0.17344777036476255,32.74048182123984,0.0,7.319244591848826,0.0,True
4.5,3.0,5.0,5.0,8.0,1.0968937789278808,0.4735992402504864,0.16260468089996594,37.10525362996452,0.0,-8.030770078752564,0.0,True
4.5,3.0,5.0,5.0,10.0,8.644399292697131e-20,3.0157609266399706e-20,1.0,-40.49,0.0,18.119999999999997,0.0,True
4.5,3.0,5.0,5.0,10.0,1.028116546434165,2.966256967277113e-23,0.3129346385163855,35.39702797219048,0.0,7.426052186564372,0.0,True
4.5,3.0,5.0,5.0,10.0,1.1176959107778406,0.4777676055691675,0.3021222456354684,40.5361569808387,0.0,-8.16403512349548,0.0,True
4.5,3.0,5.0,5.0,12.0,8.235291432923602e-20,2.843073160499531e-20,1.0,-40.49,0.0,18.119999999999997,0.0,True
4.5,3.0,5.0,5.0,12.0,1.047415888705345,2.371898902062337e-19,0.4057483095474458,36.5859251310978,0.0,7.525240196615463,0.0,True
4.5,3.0,5.0,5.0,12.0,1.1383862591681615,0.48152447397281717,0.3946523172721056,42.05138520061442,0.0,-8.295890050740446,0.0,True
4.5,3.0,7.0,1.0,8.0,2.785322334343791e-19,3.182700216663499e-22,1.0,-36.49,0.0,20.119999999999997,0.0,True
4.5,3.0,7.0,1.0,8.0,1.0606784671056921,8.630743280546083e-23,0.6484253716932247,32.756665747608075,0.0,9.48171119668564,0.0,True
4.5,3.0,7.0,1.0,8.0,1.286482115376954,0.6550531216252143,0.8582589452618324,49.27217400354184,0.0,-9.049855684930638,0.0,True
4.5,3.0,7.0,1.0,10.0,3.1251628651039537e-19,5.203811711848941e-22,1.0,-36.49,0.0,20.12,0.0,True
4.5,3.0,7.0,1.0,10.0,1.0733107154168435,6.4584661566254835e-24,0.7120010270428458,32.614689369335956,0.0,9.929442270373064,0.0,True
4.5,3.0,7.0,1.0,10.0,1.3006658849604797,0.6658322009768465,0.8873998278253632,47.67863057330146,0.0,-9.81243507455039,0.0,True
4.5,3.0,7.0,1.0,12.0,3.3731083796356484e-19,7.1053206604235875e-22,1.0,-36.49,0.0,20.119999999999997,0.0,True
4.5,3.0,7.0,1.0,12.0,1.0827279745527723,-1.0291187265704957e-17,0.755770861066844,32.45270924286071,0.0,10.260372939821009,0.0,True
4.5,3.0,7.0,1.0,12.0,1.310256591356534,0.672975505311544,0.9065284481051823,46.462455431493055,0.0,-10.382912674565679,0.0,True
4.5,3.0,7.0,3.0,8.0,1.0742822089894622e-19,9.222060903765797e-22,1.0,-38.49,0.0,20.119999999999997,0.0,True
4.5,3.0,7.0,3.0,8.0,1.0342055152950098,1.7890334020365627e-19,0.39836066057502806,34.38109925231299,0.0,7.973789381236699,0.0,True
4.5,3.0,7.0,3.0,8.0,1.160783787098053,0.5227353593848052,0.481172536238061,44.304661670194044,0.0,-8.378428278663907,0.0,True
4.5,3.0,7.0,3.0,10.0,1.1830112877239218e-19,1.1751675293900324e-21,1.0,-38.49,0.0,20.12,0.0,True
4.5,3.0,7.0,3.0,10.0,1.0540659368003977,4.983080921723e-18,0.500025250394695,34.99040399483863,0.0,8.370505012356977,0.0,True
4.5,3.0,7.0,3.0,10.0,1.1896496402176997,0.5411684246781183,0.5681344647964713,44.988565998444074,0.0,-8.875927286007839,0.0,True
4.5,3.0,7.0,3.0,12.0,1.261128140666027e-19,1.3755467063921713e-21,1.0,-38.49,0.0,20.119999999999997,0.0,True
4.5,3.0,7.0,3.0,12.0,1.0705078491880056,2.902005518517545e-17,0.5702548543100763,35.16574397560705,0.0,8.692309919286634,0.0,True
4.5,3.0,7.0,3.0,12.0,1.21255813358861,0.5550891118614625,0.6283774943130425,45.107521242384216,0.0,-9.29289529693882,0.0,True
4.5,3.0,7.0,3.0,12.0,2.4785602942675142,-1.6779737572601872,0.3387080345782906,130.691835874289,0.0,-37.98075020931843,0.0,True
4.5,3.0,7.0,5.0,8.0,5.722010416666918e-20,2.3390704279760964e-21,1.0,-40.49,0.0,20.119999999999997,0.0,True
4.5,3.0,7.0,5.0,8.0,1.0086104559535132,2.2599782469508605e-24,0.17344777036476255,32.74048182123984,0.0,7.379412849937841,0.0,True
4.5,3.0,7.0,5.0,8.0,1.1044693407281108,0.4796567778513679,0.21018162022709708,39.429575047147,0.0,-7.996131591442366,0.0,True
4.5,3.0,7.0,5.0,10.0,5.865963996278797e-20,2.4440473924298987e-21,1.0,-40.49,0.0,20.12,0.0,True
4.5,3.0,7.0,5.0,10.0,1.028116546434165,5.320774585982638e-20,0.3129346385163855,35.39702797219048,0.0,7.6219083625311335,0.0,True
4.5,3.0,7.0,5.0,10.0,1.1302288993499456,0.49170580905846095,0.33892093466152173,42.73833258683369,0.0,-8.267805067262646,0.0,True
4.5,3.0,7.0,5.0,12.0,5.963928272537288e-20,2.5161641728609897e-21,1.0,-40.49,0.0,20.119999999999997,0.0,True
4.5,3.0,7.0,5.0,12.0,1.047415888705345,2.7668964015230324e-17,0.4057483095474458,36.5859251310978,0.0,7.854503578016683,0.0,True
4.5,3.0,7.0,5.0,12.0,1.1543779737934312,0.5023721762686395,0.4254016110796618,44.24702707231078,0.0,-8.551415412723292,0.0,True
4.5,3.0,9.0,1.0,8.0,2.2406859072118213e-19,3.766613311381187e-24,1.0,-36.49,0.0,22.119999999999997,0.0,True
4.5,3.0,9.0,1.0,8.0,1.0606784671056921,1.01823928436401e-22,0.6484253716932247,32.756665747608075,0.0,10.322622121996634,0.0,True
4.5,3.0,9.0,1.0,8.0,1.4932235527821554,0.8446492654997568,1.1058249986156379,76.41254361324613,0.0,-8.047350122416638,0.0,True
4.5,3.0,9.0,1.0,10.0,2.6309541792348293e-19,1.3468892766607772e-23,1.0,-36.49,0.0,22.119999999999997,0.0,True
4.5,3.0,9.0,1.0,10.0,1.0733107154168435,1.0290140401386224e-24,0.7120010270428458,32.614689369335956,0.0,10.9433331953932,0.0,True
4.5,3.0,9.0,1.0,10.0,1.473446129017611,0.8316349453340455,1.079694140291439,66.83813208438845,0.0,-9.21535282454277,0.0,True
4.5,3.0,9.0,1.0,12.0,2.92763068079787e-19,2.792067782212834e-23,1.0,-36.49,0.0,22.119999999999997,0.0,True
4.5,3.0,9.0,1.0,12.0,1.0827279745527723,1.746420347505705e-17,0.755770861066844,32.45270924286071,0.0,11.402752128696447,0.0,True
4.5,3.0,9.0,1.0,12.0,1.461622059103929,0.8236689496481389,1.0637522698651827,61.23574641098375,0.0,-10.143401415013253,0.0,True
4.5,3.0,9.0,3.0,8.0,7.504063932985439e-20,2.497959058615909e-23,1.0,-38.49,0.0,22.119999999999997,0.0,True
4.5,3.0,9.0,3.0,8.0,1.0342055152950098,1.2395233443501737e-17,0.39836066057502806,34.38109925231299,0.0,8.291171813024246,0.0,True
4.5,3.0,9.0,3.0,8.0,1.1998169863302124,0.5699567933559943,0.5557041391930649,50.108137364109254,0.0,-8.05009715912405,0.0,True
4.5,3.0,9.0,3.0,10.0,8.909151695559226e-20,4.996589437862161e-23,1.0,-38.49,0.0,22.119999999999997,0.0,True
4.5,3.0,9.0,3.0,10.0,1.0540659368003977,2.7333392143558893e-17,0.500025250394695,34.99040399483863,0.0,8.870555514421532,0.0,True
4.5,3.0,9.0,3.0,10.0,1.234538341917736,0.5966300302802569,0.6345324407797513,50.69048921105105,0.0,-8.80670729081573,0.0,True
4.5,3.0,9.0,3.0,12.0,9.982558127075147e-20,7.675157175209244e-23,1.0,-38.49,0.0,22.119999999999997,0.0,True
4.5,3.0,9.0,3.0,12.0,1.0705078491880056,-1.3511563517773954e-17,0.5702548543100763,35.16574397560705,0.0,9.342691117015047,0.0,True
4.5,3.0,9.0,3.0,12.0,1.2609945360081398,0.6158727741496665,0.6881842480132105,50.59459294469955,0.0,-9.44528994965164,0.0,True
4.5,3.0,9.0,5.0,8.0,3.5141066303269825e-20,1.0840304416316234e-22,1.0,-40.49,0.0,22.119999999999997,0.0,True
4.5,3.0,9.0,5.0,8.0,1.0086104559535132,1.266900445683421e-20,0.17344777036476255,32.74048182123984,0.0,7.4395811080268555,0.0,True
4.5,3.0,9.0,5.0,8.0,1.1158474058861958,0.49106239257606704,0.2596287680841989,42.386725562835615,0.0,-7.819742480652886,0.0,True
4.5,3.0,9.0,5.0,10.0,3.9840961948747645e-20,1.502629446676439e-22,1.0,-40.49,0.0,22.119999999999997,0.0,True
4.5,3.0,9.0,5.0,10.0,1.028116546434165,1.1875256233319905e-17,0.3129346385163855,35.39702797219048,0.0,7.8177645384978955,0.0,True
4.5,3.0,9.0,5.0,10.0,1.1474619134942414,0.5120434597411814,0.38013490629943403,45.75105170076212,0.0,-8.234609238332634,0.0,True
4.5,3.0,9.0,5.0,12.0,4.330183797184906e-20,1.8545775938391311e-22,1.0,-40.49,0.0,22.119999999999997,0.0,True
4.5,3.0,9.0,5.0,12.0,1.047415888705345,4.688279308927868e-22,0.4057483095474458,36.5859251310978,0.0,8.183766959417902,0.0,True
4.5,3.0,9.0,5.0,12.0,1.1757854893731614,0.5297814183313457,0.4616625250207834,47.332556747302846,0.0,-8.671982695345257,0.0,True
4.5,5.0,5.0,1.0,8.0,1.2763742910457297e-19,1.3160972852453412e-20,1.0,-38.49,0.0,18.119999999999997,0.0,True
4.5,5.0,5.0,1.0,8.0,1.0566128586577601,6.920590245183111e-19,0.5115615542770958,35.03302497512698,0.0,7.897356330548585,0.0,True
4.5,5.0,5.0,1.0,8.0,1.1722217243803337,0.5064540743715411,0.5591394310444328,42.7817010653228,0.0,-8.572806115246834,0.0,True
4.5,5.0,5.0,1.0,10.0,1.3547898983606343e-19,1.4490142842746198e-20,1.0,-38.49,0.0,18.119999999999997,0.0,True
4.5,5.0,5.0,1.0,10.0,1.0766524225441474,6.606560074394465e-25,0.5942868463604366,35.17938893365806,0.0,8.104678710809605,0.0,True
4.5,5.0,5.0,1.0,10.0,1.1956458046561427,0.5148993292646562,0.6322115480714542,42.725013890582105,0.0,-8.851711517559426,0.0,True
4.5,5.0,5.0,1.0,12.0,1.4094146926592628e-19,1.5437463361336883e-20,1.0,-38.49,0.0,18.119999999999997,0.0,True
4.5,5.0,5.0,1.0,12.0,1.0924722753419518,1.9254724173684378e-20,0.651897095552677,35.11534295008528,0.0,8.262899432463774,0.0,True
4.5,5.0,5.0,1.0,12.0,1.2137922195092148,0.5210823905984586,0.6834261547054294,42.46518465081766,0.0,-9.06862888741583,0.0,True
4.5,5.0,5.0,3.0,8.0,7.262299881010217e-20,2.4604211054989913e-20,1.0,-40.49,0.0,18.119999999999997,0.0,True
4.5,5.0,5.0,3.0,8.0,1.022651144849804,-2.3141237904008004e-17,0.28100193720695243,34.880802723203274,0.0,7.396790563804003,0.0,True
4.5,5.0,5.0,3.0,8.0,1.1149641534788959,0.4772426548576847,0.2876881135740057,40.58729427339107,0.0,-8.107412115765912,0.0,True
4.5,5.0,5.0,3.0,10.0,7.089419617662774e-20,2.3850609935069324e-20,1.0,-40.49,0.0,18.119999999999997,0.0,True
4.5,5.0,5.0,3.0,10.0,1.045734135985826,1.5742780895309034e-19,0.39854206425868777,36.51026793442508,0.0,7.516853568396648,0.0,True
4.5,5.0,5.0,3.0,10.0,1.140062156121604,0.4818118824077324,0.4012133991132891,42.52659325572827,0.0,-8.265415135442636,0.0,True
4.5,5.0,5.0,3.0,12.0,6.9762055721094e-20,2.3360199672266566e-20,1.0,-40.49,0.0,18.119999999999997,0.0,True
4.5,5.0,5.0,3.0,12.0,1.0662606931433933,1.0319893113800204e-22,0.4789153948679614,37.194550309336094,0.0,7.615865362613292,0.0,True
4.5,5.0,5.0,3.0,12.0,1.162096445756765,0.4853564341259894,0.4791899599928914,43.297460946252684,0.0,-8.401658469290325,0.0,True
4.5,5.0,5.0,5.0,8.0,5.402693173944734e-20,4.373485490561707e-20,1.0,-42.49,0.0,18.119999999999997,0.0,True
4.5,5.0,5.0,5.0,8.0,1.001289870340672,2.179725068960266e-21,0.06007993333108752,30.273293061560686,0.0,7.272946775931325,0.0,True
4.5,5.0,5.0,5.0,8.0,1.0887049745715336,0.4718002495269821,0.02792355810532332,32.72312354744845,0.0,-7.990612022949652,0.0,True
4.5,5.0,5.0,5.0,10.0,4.6757890659562244e-20,3.7981203861167717e-20,1.0,-42.49,0.0,18.119999999999997,0.0,True
4.5,5.0,5.0,5.0,10.0,1.0178222859042751,1.362646521210974e-17,0.22302834573744712,35.25705461385109,0.0,7.3083293117639965,0.0,True
4.5,5.0,5.0,5.0,10.0,1.1032072124788084,0.4723872717294733,0.1987752519970607,39.39850599875314,0.0,-8.040942208415615,0.0,True
4.5,5.0,5.0,5.0,12.0,4.2406024794467575e-20,3.452590403705893e-20,1.0,-42.49,0.0,18.119999999999997,0.0,True
4.5,5.0,5.0,5.0,12.0,1.0382640539026358,4.032154222212133e-21,0.3262548464835403,37.49596200840316,0.0,7.34595648735593,0.0,True
4.5,5.0,5.0,5.0,12.0,1.1231784440688815,0.47289067017088054,0.30472119170965595,42.26880110413511,0.0,-8.102290548280415,0.0,True
4.5,5.0,7.0,1.0,8.0,8.786791811240886e-20,5.599944210748552e-22,1.0,-38.49,0.0,20.119999999999997,0.0,True
4.5,5.0,7.0,1.0,8.0,1.0566128586577601,1.587177119446131e-17,0.5115615542770958,35.03302497512698,0.0,8.420746778177381,0.0,True
4.5,5.0,7.0,1.0,8.0,1.211880212219293,0.5546858952973714,0.6266809158003188,47.41992496136287,0.0,-8.69991056311937,0.0,True
4.5,5.0,7.0,1.0,10.0,1.0091148039133893e-19,8.005561909703585e-22,1.0,-38.49,0.0,20.12,0.0,True
4.5,5.0,7.0,1.0,10.0,1.0766524225441474,8.105522825572032e-24,0.5942868463604366,35.17938893365806,0.0,8.81103242232367,0.0,True
4.5,5.0,7.0,1.0,10.0,1.238727913732416,0.5702583075545121,0.6905797806435032,47.0712299111935,0.0,-9.239741732412588,0.0,True
4.5,5.0,7.0,1.0,12.0,1.105758628495607e-19,1.0070752301700136e-21,1.0,-38.49,0.0,20.119999999999997,0.0,True
4.5,5.0,7.0,1.0,12.0,1.0924722753419518,7.952849024948141e-22,0.651897095552677,35.11534295008528,0.0,9.112839078843805,0.0,True
4.5,5.0,7.0,1.0,12.0,1.2589590084869187,0.5814689309017321,0.7349433812959787,46.5539932609376,0.0,-9.66603817681355,0.0,True
4.5,5.0,7.0,3.0,8.0,4.420557156515446e-20,1.5029354237334688e-21,1.0,-40.49,0.0,20.119999999999997,0.0,True
4.5,5.0,7.0,3.0,8.0,1.022651144849804,1.0461324126389731e-20,0.28100193720695243,34.880802723203274,0.0,7.5547147412321225,0.0,True
4.5,5.0,7.0,3.0,8.0,1.129159840221343,0.4912196746629945,0.33457083565054224,43.33061670176534,0.0,-8.120181483448746,0.0,True
4.5,5.0,7.0,3.0,10.0,4.776255886685115e-20,1.723343413087709e-21,1.0,-40.49,0.0,20.12,0.0,True
4.5,5.0,7.0,3.0,10.0,1.045734135985826,2.6658973178580627e-17,0.39854206425868777,36.51026793442508,0.0,7.8345251223638,0.0,True
4.5,5.0,7.0,3.0,10.0,1.1588161006985498,0.5042675495140212,0.43942991766400774,45.20062484995386,0.0,-8.46198745594659,0.0,True
4.5,5.0,7.0,3.0,12.0,5.027880270835268e-20,1.885252052552754e-21,1.0,-40.49,0.0,20.119999999999997,0.0,True
4.5,5.0,7.0,3.0,12.0,1.0662606931433933,1.1745230090783212e-19,0.4789153948679614,37.194550309336094,0.0,8.074585273496362,0.0,True
4.5,5.0,7.0,3.0,12.0,1.1840740568833568,0.5146780610406854,0.5119234998835864,45.93845378478939,0.0,-8.768779983034413,0.0,True
4.5,5.0,7.0,5.0,8.0,2.990533735492629e-20,3.60195747249118e-21,1.0,-42.49,0.0,20.119999999999997,0.0,True
4.5,5.0,7.0,5.0,8.0,1.001289870340672,1.1645196651302988e-18,0.06007993333108752,30.273293061560686,0.0,7.280165972709461,0.0,True
4.5,5.0,7.0,5.0,8.0,1.0910441228575196,0.47259759175156596,0.0794512251176438,35.390677904557705,0.0,-7.965436603940228,0.0,True
4.5,5.0,7.0,5.0,10.0,2.9018246328583904e-20,3.45377087283495e-21,1.0,-42.49,0.0,20.12,0.0,True
4.5,5.0,7.0,5.0,10.0,1.0178222859042751,1.605695922546428e-22,0.22302834573744712,35.25705461385109,0.0,7.4078125977687606,0.0,True
4.5,5.0,7.0,5.0,10.0,1.1112757405926283,0.4786143735823947,0.23414987429749679,41.52934892447246,0.0,-8.091008747576218,0.0,True
4.5,5.0,7.0,5.0,12.0,2.8439433965092025e-20,3.35817567335476e-21,1.0,-42.49,0.0,20.119999999999997,0.0,True
4.5,5.0,7.0,5.0,12.0,1.0382640539026358,2.8922137990357215e-18,0.3262548464835403,37.49596200840316,0.0,7.558840937063927,0.0,True
4.5,5.0,7.0,5.0,12.0,1.1345904338314947,0.4850702657175962,0.3326946870599027,44.28091449503204,0.0,-8.276700206208089,0.0,True
4.5,5.0,9.0,1.0,8.0,6.122360501705042e-20,1.0894813600461739e-23,1.0,-38.49,0.0,22.119999999999997,0.0,True
4.5,5.0,9.0,1.0,8.0,1.0566128586577601,2.241047360162593e-24,0.5115615542770958,35.03302497512698,0.0,8.944137225806177,0.0,True
4.5,5.0,9.0,1.0,8.0,1.2822145138529777,0.6306707893053894,0.7281814489968061,56.97410992547981,0.0,-8.315572435652157,0.0,True
4.5,5.0,9.0,1.0,10.0,7.588679016653359e-20,2.763383458635459e-23,1.0,-38.49,0.0,22.119999999999997,0.0,True
4.5,5.0,9.0,1.0,10.0,1.0766524225441474,1.8678588363179094e-23,0.5942868463604366,35.17938893365806,0.0,9.517386133837737,0.0,True
4.5,5.0,9.0,1.0,10.0,1.3107865983163083,0.6497465607071745,0.7785970066217482,55.5689869125306,0.0,-9.184069038594714,0.0,True
4.5,5.0,9.0,1.0,12.0,8.745370742067293e-20,4.837454894034642e-23,1.0,-38.49,0.0,22.119999999999997,0.0,True
4.5,5.0,9.0,1.0,12.0,1.0924722753419518,4.722576235850927e-23,0.651897095552677,35.11534295008528,0.0,9.962778725223838,0.0,True
4.5,5.0,9.0,1.0,12.0,1.3312171209800912,0.6628154422123448,0.8126193510624572,54.18551772320249,0.0,-9.86957221416901,0.0,True
4.5,5.0,9.0,3.0,8.0,2.690134977718649e-20,5.533983574604061e-23,1.0,-40.49,0.0,22.119999999999997,0.0,True
4.5,5.0,9.0,3.0,8.0,1.022651144849804,4.937386740902535e-18,0.28100193720695243,34.880802723203274,0.0,7.712638918660243,0.0,True
4.5,5.0,9.0,3.0,8.0,1.149864918785396,0.5135864118927166,0.3877372124167646,47.25758592932346,0.0,-7.941385920595355,0.0,True
4.5,5.0,9.0,3.0,10.0,3.2257697653152884e-20,9.019880082052103e-23,1.0,-40.49,0.0,22.119999999999997,0.0,True
4.5,5.0,9.0,3.0,10.0,1.045734135985826,7.864852095841717e-22,0.39854206425868777,36.51026793442508,0.0,8.152196676330952,0.0,True
4.5,5.0,9.0,3.0,10.0,1.1851396445439728,0.5354287319615173,0.48550974692052873,49.161596666961415,0.0,-8.477533070196474,0.0,True
4.5,5.0,9.0,3.0,12.0,3.636949655977713e-20,1.2293435113109461e-22,1.0,-40.49,0.0,22.119999999999997,0.0,True
4.5,5.0,9.0,3.0,12.0,1.0662606931433933,1.8227772244143525e-17,0.4789153948679614,37.194550309336094,0.0,8.533305184379433,0.0,True
4.5,5.0,9.0,3.0,12.0,1.2142730433574733,0.5523714133166845,0.5530419144341527,49.87767456815691,0.0,-8.963201689214703,0.0,True
4.5,5.0,9.0,5.0,8.0,1.6261377660601964e-20,2.0795761225730336e-22,1.0,-42.49,0.0,22.119999999999997,0.0,True
4.5,5.0,9.0,5.0,8.0,1.001289870340672,2.3233982221468062e-17,0.06007993333108752,30.273293061560686,0.0,7.287385169487597,0.0,True
4.5,5.0,9.0,5.0,8.0,1.0959952365111743,0.4757235059032992,0.12847174977580644,38.301718005412184,0.0,-7.848630144304045,0.0,True
4.5,5.0,9.0,5.0,10.0,1.7859783833119215e-20,2.493418990556963e-22,1.0,-42.49,0.0,22.119999999999997,0.0,True
4.5,5.0,9.0,5.0,10.0,1.0178222859042751,1.564004280140796e-19,0.22302834573744712,35.25705461385109,0.0,7.5072958837735255,0.0,True
4.5,5.0,9.0,5.0,10.0,1.1221287021355524,0.4888069904089864,0.2706594283681074,44.136203664986255,0.0,-8.054871766132468,0.0,True
4.5,5.0,9.0,5.0,12.0,1.9007115654472942e-20,2.8076081527190704e-22,1.0,-42.49,0.0,22.119999999999997,0.0,True
4.5,5.0,9.0,5.0,12.0,1.0382640539026358,2.4943045027002917e-23,0.3262548464835403,37.49596200840316,0.0,7.771725386771924,0.0,True
4.5,5.0,9.0,5.0,12.0,1.1492401787435456,0.501604368912206,0.3632345894097989,46.86817099751597,0.0,-8.364430460953141,0.0,True
4.5,7.0,5.0,1.0,8.0,5.62953356288805e-20,1.8151351670450302e-20,1.0,-40.49,0.0,18.119999999999997,0.0,True
4.5,7.0,5.0,1.0,8.0,1.0432760409226953,8.521087746777572e-20,0.3877609951206249,36.391833660738506,0.0,7.504507295939184,0.0,True
4.5,7.0,5.0,1.0,8.0,1.1426071841494327,0.48224351578580027,0.41097671810908953,43.25975257813277,0.0,-8.21908467349462,0.0,True
4.5,7.0,5.0,1.0,10.0,5.783215561985377e-20,1.8705877316455156e-20,1.0,-40.49,0.0,18.119999999999997,0.0,True
4.5,7.0,5.0,1.0,10.0,1.0683629525465246,1.9145112821806358e-21,0.48637027073173267,37.240206404692955,0.0,7.6255937207708175,0.0,True
4.5,7.0,5.0,1.0,10.0,1.1695382558743803,0.4864555572979198,0.5028006252338555,44.050083413693,0.0,-8.388250533653217,0.0,True
4.5,7.0,5.0,1.0,12.0,5.887631362345641e-20,1.9082313157619974e-20,1.0,-40.49,0.0,18.119999999999997,0.0,True
4.5,7.0,5.0,1.0,12.0,1.0893257006059403,2.5317252724204807e-17,0.5550135692497664,37.517635557756975,0.0,7.718411990553183,0.0,True
4.5,7.0,5.0,1.0,12.0,1.1916808921015516,0.48943478942692403,0.567272249733926,44.19983141054114,0.0,-8.522446857108253,0.0,True
4.5,7.0,5.0,3.0,8.0,4.0279496112577894e-20,3.303979086387002e-20,1.0,-42.49,0.0,18.119999999999997,0.0,True
4.5,7.0,5.0,3.0,8.0,1.0104040169700663,9.670782315847003e-19,0.17050552452373768,33.84393371536445,0.0,7.293000446036484,0.0,True
4.5,7.0,5.0,3.0,8.0,1.0979793080257374,0.4721971465796653,0.15984001008093607,38.28853668874798,0.0,-8.01140531049778,0.0,True
4.5,7.0,5.0,3.0,10.0,3.6845631090768027e-20,3.0246478675667305e-20,1.0,-42.49,0.0,18.119999999999997,0.0,True
4.5,7.0,5.0,3.0,10.0,1.033556697934054,3.896308303810804e-22,0.3056443589011756,37.106142616904144,0.0,7.3378916007511314,0.0,True
4.5,7.0,5.0,3.0,10.0,1.120993237655579,0.4728527976742434,0.2949880888689803,42.33021734467616,0.0,-8.080644534367682,0.0,True
4.5,7.0,5.0,3.0,12.0,3.470407906412028e-20,2.8503826421487584e-20,1.0,-42.49,0.0,18.119999999999997,0.0,True
4.5,7.0,5.0,3.0,12.0,1.056398970840322,3.426603049408369e-17,0.39551149113740036,38.59567492167791,0.0,7.373670802392571,0.0,True
4.5,7.0,5.0,3.0,12.0,1.143789890445885,0.4730399395007478,0.384597865346166,44.09020190748355,0.0,-8.143196104789018,0.0,True
4.5,7.0,5.0,5.0,8.0,3.6178148843019585e-20,5.741670819616685e-20,1.0,-44.49,0.0,18.119999999999997,0.0,True
4.5,7.0,5.0,5.0,10.0,2.873028407783888e-20,4.744733358322169e-20,1.0,-44.49,0.0,18.119999999999997,0.0,True
4.5,7.0,5.0,5.0,10.0,1.0079835790683374,7.136911820947465e-20,0.13637373867929736,33.794279748435606,0.0,7.269208243329067,0.0,True
4.5,7.0,5.0,5.0,10.0,1.0924215102075021,0.4714565793581648,0.09675861054061718,36.40447589045294,0.0,-7.995524491444558,0.0,True
4.5,7.0,5.0,5.0,12.0,2.455151827672122e-20,4.1672128990819075e-20,1.0,-44.49,0.0,18.119999999999997,0.0,True
4.5,7.0,5.0,5.0,12.0,1.0274116579450403,-7.85911248303777e-18,0.2523012436256916,37.55876044580446,0.0,7.2631675056192995,0.0,True
4.5,7.0,5.0,5.0,12.0,1.1092273338899976,0.4699174917504613,0.22048644834593079,41.42776543014851,0.0,-8.006863509667603,0.0,True
4.5,7.0,7.0,1.0,8.0,3.386661120049219e-20,9.39212921751186e-22,1.0,-40.49,0.0,20.119999999999997,0.0,True
4.5,7.0,7.0,1.0,8.0,1.0432760409226953,2.4915305398640284e-17,0.3877609951206249,36.391833660738506,0.0,7.805224474613059,0.0,True
4.5,7.0,7.0,1.0,8.0,1.1657961556018661,0.5072082525289326,0.460619804520221,46.73029099223533,0.0,-8.322209865100866,0.0,True
4.5,7.0,7.0,1.0,10.0,3.8682207926357297e-20,1.194210404450127e-21,1.0,-40.49,0.0,20.12,0.0,True
4.5,7.0,7.0,1.0,10.0,1.0683629525465246,2.261937327446348e-18,0.48637027073173267,37.240206404692955,0.0,8.098705801274136,0.0,True
4.5,7.0,7.0,1.0,10.0,1.19671984536572,0.5196532401416053,0.5445653682612995,47.38052453137661,0.0,-8.708233281055012,0.0,True
4.5,7.0,7.0,1.0,12.0,4.223023033504802e-20,1.3958205831176451e-21,1.0,-40.49,0.0,20.119999999999997,0.0,True
4.5,7.0,7.0,1.0,12.0,1.0893257006059403,3.1610915971818622e-18,0.5550135692497664,37.517635557756975,0.0,8.334492114655912,0.0,True
4.5,7.0,7.0,1.0,12.0,1.2216063031090285,0.5289917750220421,0.6036147722671759,47.41121432944614,0.0,-9.02693776699201,0.0,True
4.5,7.0,7.0,3.0,8.0,2.1866311082099014e-20,2.3677903165585222e-21,1.0,-42.49,0.0,20.119999999999997,0.0,True
4.5,7.0,7.0,3.0,8.0,1.0104040169700663,-5.725132086438768e-18,0.17050552452373768,33.84393371536445,0.0,7.351144713822714,0.0,True
4.5,7.0,7.0,3.0,8.0,1.1059866418246131,0.47707884471271117,0.20529845389909407,40.94321647437493,0.0,-7.994618833407493,0.0,True
4.5,7.0,7.0,3.0,10.0,2.258674460205757e-20,2.470439421900777e-21,1.0,-42.49,0.0,20.12,0.0,True
4.5,7.0,7.0,3.0,10.0,1.033556697934054,5.463236170876367e-19,0.3056443589011756,37.106142616904144,0.0,7.524728549007353,0.0,True
4.5,7.0,7.0,3.0,10.0,1.1336271441524393,0.48481357015021315,0.32920911218776705,44.72365766872045,0.0,-8.201093534792038,0.0,True
4.5,7.0,7.0,3.0,12.0,2.307905277584587e-20,2.5407988979140743e-21,1.0,-42.49,0.0,20.119999999999997,0.0,True
4.5,7.0,7.0,3.0,12.0,1.056398970840322,1.3398859172189866e-20,0.39551149113740036,38.59567492167791,0.0,7.686529481636032,0.0,True
4.5,7.0,7.0,3.0,12.0,1.1594805682827563,0.4914056843617285,0.41264900857472164,46.40049745810666,0.0,-8.410681949932822,0.0,True
4.5,7.0,7.0,5.0,8.0,1.8330616007136678e-20,5.4080128378953416e-21,1.0,-44.49,0.0,20.119999999999997,0.0,True
4.5,7.0,7.0,5.0,10.0,1.650545571802906e-20,4.796408498450061e-21,1.0,-44.49,0.0,20.12,0.0,True
4.5,7.0,7.0,5.0,10.0,1.0079835790683374,1.3075194311788955e-17,0.13637373867929736,33.794279748435606,0.0,7.306403836531805,0.0,True
4.5,7.0,7.0,5.0,10.0,1.0968677952681831,0.47313551025170036,0.13404893149078367,38.71539325156927,0.0,-8.009614878535402,0.0,True
4.5,7.0,7.0,5.0,12.0,1.5380380225031838e-20,4.424063020985671e-21,1.0,-44.49,0.0,20.119999999999997,0.0,True
4.5,7.0,7.0,5.0,12.0,1.0274116579450403,7.743625555995222e-21,0.2523012436256916,37.55876044580446,0.0,7.39047934068944,0.0,True
4.5,7.0,7.0,5.0,12.0,1.1173374956158406,0.4761353037845896,0.24793063501192802,43.40371925870071,0.0,-8.114311650462131,0.0,True
4.5,7.0,9.0,1.0,8.0,2.0422527503508442e-20,2.6357222561157236e-23,1.0,-40.49,0.0,22.119999999999997,0.0,True
4.5,7.0,9.0,1.0,8.0,1.0432760409226953,1.584509687163299e-21,0.3877609951206249,36.391833660738506,0.0,8.105941653286934,0.0,True
4.5,7.0,9.0,1.0,8.0,1.2007044425102253,0.5446005042273381,0.5227121463318724,52.304141651314545,0.0,-8.167095467518685,0.0,True
4.5,7.0,9.0,1.0,10.0,2.5979680339417402e-20,5.209163470447705e-23,1.0,-40.49,0.0,22.119999999999997,0.0,True
4.5,7.0,9.0,1.0,10.0,1.0683629525465246,2.932317469285905e-23,0.48637027073173267,37.240206404692955,0.0,8.571817881777452,0.0,True
4.5,7.0,9.0,1.0,10.0,1.2363529970303133,0.5645816278558713,0.59902124309152,52.73252959627813,0.0,-8.792532987783368,0.0,True
4.5,7.0,9.0,1.0,12.0,3.043519863995157e-20,7.949785057637826e-23,1.0,-40.49,0.0,22.119999999999997,0.0,True
4.5,7.0,9.0,1.0,12.0,1.2642189592156743,0.5792460360597382,0.6523008864030537,52.512761348615435,0.0,-9.313455872435062,0.0,True
4.5,7.0,9.0,1.0,12.0,1.0893257006059403,5.1916994394252656e-18,0.5550135692497664,37.517635557756975,0.0,8.950572238758644,0.0,True
4.5,7.0,9.0,3.0,8.0,1.1686266734171743e-20,1.1196360887964445e-22,1.0,-42.49,0.0,22.119999999999997,0.0,True
4.5,7.0,9.0,3.0,8.0,1.0104040169700663,6.1727874089210295e-21,0.17050552452373768,33.84393371536445,0.0,7.409288981608944,0.0,True
4.5,7.0,9.0,3.0,8.0,1.1175404856266222,0.48656377662420996,0.2516087484888141,44.19926291661614,0.0,-7.860182984689508,0.0,True
4.5,7.0,9.0,3.0,10.0,1.3751705623664326e-20,1.543513235940349e-22,1.0,-42.49,0.0,22.119999999999997,0.0,True
4.5,7.0,9.0,3.0,10.0,1.033556697934054,-2.5666307639860853e-17,0.3056443589011756,37.106142616904144,0.0,7.711565497263574,0.0,True
4.5,7.0,9.0,3.0,10.0,1.1504082773979836,0.5021383889264299,0.3666931824115002,47.87819408185509,0.0,-8.210225926945316,0.0,True
4.5,7.0,9.0,3.0,12.0,1.531183631554735e-20,1.8985519192486436e-22,1.0,-42.49,0.0,22.119999999999997,0.0,True
4.5,7.0,9.0,3.0,12.0,1.056398970840322,3.0236805606197064e-17,0.39551149113740036,38.59567492167791,0.0,7.999388160879492,0.0,True
4.5,7.0,9.0,3.0,12.0,1.179856187069442,0.5151379977440259,0.4449925305331869,49.53527128553184,0.0,-8.569654976035793,0.0,True
4.5,7.0,9.0,5.0,8.0,8.957993237218144e-21,3.7688823080585693e-22,1.0,-44.49,0.0,22.119999999999997,0.0,True
4.5,7.0,9.0,5.0,10.0,9.294803976646761e-21,3.987789820862207e-22,1.0,-44.49,0.0,22.119999999999997,0.0,True
4.5,7.0,9.0,5.0,10.0,1.0079835790683374,6.495930344305787e-23,0.13637373867929736,33.794279748435606,0.0,7.343599429734544,0.0,True
4.5,7.0,9.0,5.0,10.0,1.1032840512340407,0.4771350045983436,0.17024168830046738,41.274217510183576,0.0,-7.968401224932357,0.0,True
4.5,7.0,9.0,5.0,12.0,9.526157871755711e-21,4.1395767564463164e-22,1.0,-44.49,0.0,22.119999999999997,0.0,True
4.5,7.0,9.0,5.0,12.0,1.0274116579450403,3.591255811199371e-18,0.2523012436256916,37.55876044580446,0.0,7.517791175759582,0.0,True
4.5,7.0,9.0,5.0,12.0,1.1275669758529543,0.48540504492285175,0.276133382994875,45.75420779579744,0.0,-8.16335898469799,0.0,True
5.0,3.0,5.0,1.0,8.0,5.224876064057028e-19,9.304320996555739e-21,1.0,-40.1,0.0,18.119999999999997,0.0,True
5.0,3.0,5.0,1.0,8.0,1.055175889779708,1.9530631753341603e-17,0.6520637005086254,35.86379358202399,0.0,8.732567821126477,0.0,True
5.0,3.0,5.0,1.0,8.0,1.1990462995998032,0.5793589709945737,0.760500501862438,45.10499775242465,0.0,-9.144761502942163,0.0,True
5.0,3.0,5.0,1.0,10.0,5.535003653291175e-19,1.1011607038632591e-20,1.0,-40.1,0.0,18.119999999999997,0.0,True
5.0,3.0,5.0,1.0,10.0,1.066576120568519,2.837300721307626e-17,0.715603844758252,35.71667205970357,0.0,9.025574280507058,0.0,True
5.0,3.0,5.0,1.0,10.0,1.2138544408663874,0.5906262727049507,0.8060590461019089,44.54140856419353,0.0,-9.572855328594533,0.0,True
5.0,3.0,5.0,1.0,12.0,5.750906323467582e-19,1.2293042891467386e-20,1.0,-40.1,0.0,18.119999999999997,0.0,True
5.0,3.0,5.0,1.0,12.0,1.0750434108260087,2.406596585824788e-17,0.7592253468415795,35.551936346222575,0.0,9.241163375745133,0.0,True
5.0,3.0,5.0,1.0,12.0,1.22440529608547,0.5984727113576406,0.836910592374455,44.052538726525725,0.0,-9.892927468455794,0.0,True
5.0,3.0,5.0,3.0,8.0,2.4580905887466085e-19,1.7966326150044465e-20,1.0,-42.1,0.0,18.119999999999997,0.0,True
5.0,3.0,5.0,3.0,8.0,1.0312950901381852,4.639349714299164e-23,0.4017421208444907,37.51882191566081,0.0,7.705101715085849,0.0,True
5.0,3.0,5.0,3.0,8.0,1.1300116674920155,0.5047400513891572,0.44095549229690767,44.39298432508862,0.0,-8.335307410082654,0.0,True
5.0,3.0,5.0,3.0,10.0,2.5005132250079867e-19,1.8529519824919437e-20,1.0,-42.1,0.0,18.119999999999997,0.0,True
5.0,3.0,5.0,3.0,10.0,1.0494724400576834,5.348836506509947e-21,0.5043734189017175,38.11893421893516,0.0,7.948817174195362,0.0,True
5.0,3.0,5.0,3.0,10.0,1.1529787278613632,0.5163861713929275,0.5351153628975596,45.06770859660872,0.0,-8.639260722896761,0.0,True
5.0,3.0,5.0,3.0,12.0,2.5291815925167127e-19,1.8912677316354815e-20,1.0,-42.1,0.0,18.119999999999997,0.0,True
5.0,3.0,5.0,3.0,12.0,1.0644735608826568,1.3638693688061402e-19,0.5750860143181737,38.28351390498662,0.0,8.144961442685323,0.0,True
5.0,3.0,5.0,3.0,12.0,1.1715312531633564,0.5253745608456942,0.6003256248996467,45.21898129168029,0.0,-8.890530847590568,0.0,True
5.0,3.0,5.0,5.0,8.0,1.5098901890910624e-19,3.2767068446559006e-20,1.0,-44.1,0.0,18.119999999999997,0.0,True
5.0,3.0,5.0,5.0,8.0,1.0078588814903164,1.5486879066507316e-18,0.17467913593838424,35.87852751226141,0.0,7.330253781417268,0.0,True
5.0,3.0,5.0,5.0,8.0,1.0910542346761618,0.48123228817105634,0.17754085579508116,40.638629957031426,0.0,-8.00515807955335,0.0,True
5.0,3.0,5.0,5.0,10.0,1.4154986060645904e-19,3.003448213975148e-20,1.0,-44.1,0.0,18.119999999999997,0.0,True
5.0,3.0,5.0,5.0,10.0,1.0257982548001188,4.550101432888158e-24,0.31602966129186993,38.5546449399949,0.0,7.463640685708098,0.0,True
5.0,3.0,5.0,5.0,10.0,1.1113563634597243,0.4873172697716331,0.3159156324172644,43.96274407805997,0.0,-8.164516201983922,0.0,True
5.0,3.0,5.0,5.0,12.0,1.3554499141724435e-19,2.832696244338539e-20,1.0,-44.1,0.0,18.119999999999997,0.0,True
5.0,3.0,5.0,5.0,12.0,1.0435686492275105,1.4622084309874354e-20,0.41010575693929574,39.74172502881076,0.0,7.5900758343181565,0.0,True
5.0,3.0,5.0,5.0,12.0,1.131218157203622,0.49288534642660614,0.4080771207411539,45.432742199235854,0.0,-8.3253111167096,0.0,True
5.0,3.0,7.0,1.0,8.0,4.260100354330854e-19,3.12942572605241e-22,1.0,-40.1,0.0,20.119999999999997,0.0,True
5.0,3.0,7.0,1.0,8.0,1.055175889779708,-3.211956711486065e-17,0.6520637005086254,35.86379358202399,0.0,9.582941960168482,0.0,True
5.0,3.0,7.0,1.0,8.0,1.2888185072209808,0.6952281216093535,0.9038452657683747,54.20902752750559,0.0,-8.760606781332427,0.0,True
5.0,3.0,7.0,1.0,10.0,4.713182654119608e-19,5.130182211745998e-22,1.0,-40.1,0.0,20.12,0.0,True
5.0,3.0,7.0,1.0,10.0,1.066576120568519,1.9888788964458182e-17,0.715603844758252,35.71667205970357,0.0,10.049752005772644,0.0,True
5.0,3.0,7.0,1.0,10.0,1.299111783369965,0.7040230605222262,0.9250310724002847,52.130627774318214,0.0,-9.619753635348872,0.0,True
5.0,3.0,7.0,1.0,12.0,5.040371554346e-19,7.015402255478662e-22,1.0,-40.1,0.0,20.119999999999997,0.0,True
5.0,3.0,7.0,1.0,12.0,1.0750434108260087,7.307052038822303e-18,0.7592253468415795,35.551936346222575,0.0,10.394009630318566,0.0,True
5.0,3.0,7.0,1.0,12.0,1.305817122885315,0.709671531614662,0.9385449902865747,50.619165208363064,0.0,-10.257509211655595,0.0,True
5.0,3.0,7.0,3.0,8.0,1.777454909100609e-19,9.088646980426392e-22,1.0,-42.1,0.0,20.119999999999997,0.0,True
5.0,3.0,7.0,3.0,8.0,1.0312950901381852,1.9967833631319824e-20,0.4017421208444907,37.51882191566081,0.0,8.027895178407107,0.0,True
5.0,3.0,7.0,3.0,8.0,1.1556463536564445,0.5399954044713275,0.5039165039642008,48.05016499026593,0.0,-8.307643049724188,0.0,True
5.0,3.0,7.0,3.0,10.0,1.9341998190657258e-19,1.1604178247027679e-21,1.0,-42.1,0.0,20.12,0.0,True
5.0,3.0,7.0,3.0,10.0,1.0494724400576834,1.497543969149083e-19,0.5043734189017175,38.11893421893516,0.0,8.457602265584578,0.0,True
5.0,3.0,7.0,3.0,10.0,1.1835624649644212,0.5611584620462898,0.5900601248556145,48.689838447537454,0.0,-8.847224852109608,0.0,True
5.0,3.0,7.0,3.0,12.0,2.0458743393274703e-19,1.3599565177420481e-21,1.0,-42.1,0.0,20.119999999999997,0.0,True
5.0,3.0,7.0,3.0,12.0,1.0644735608826568,4.86601803709116e-19,0.5750860143181737,38.28351390498662,0.0,8.806409290414049,0.0,True
5.0,3.0,7.0,3.0,12.0,1.2054529990684604,0.5770094343701714,0.649296084427595,48.76561047822571,0.0,-9.300613213594637,0.0,True
5.0,3.0,7.0,5.0,8.0,9.834665503692768e-20,2.3093176743441338e-21,1.0,-44.1,0.0,20.119999999999997,0.0,True
5.0,3.0,7.0,5.0,8.0,1.0078588814903164,1.75233051420089e-24,0.17467913593838424,35.87852751226141,0.0,7.3912793824816285,0.0,True
5.0,3.0,7.0,5.0,8.0,1.0991519818987865,0.48894317717416513,0.2275724997509967,43.10423110654207,0.0,-7.94405802542303,0.0,True
5.0,3.0,7.0,5.0,10.0,1.0047274670249765e-19,2.4169974655858405e-21,1.0,-44.1,0.0,20.12,0.0,True
5.0,3.0,7.0,5.0,10.0,1.0257982548001188,1.1445582217519387e-20,0.31602966129186993,38.5546449399949,0.0,7.663390179340607,0.0,True
5.0,3.0,7.0,5.0,10.0,1.1244680077349705,0.5037326175403241,0.35574418970917354,46.3332978564076,0.0,-8.245537172404752,0.0,True
5.0,3.0,7.0,5.0,12.0,1.0191656138114055e-19,2.4910905129784658e-21,1.0,-44.1,0.0,20.119999999999997,0.0,True
5.0,3.0,7.0,5.0,12.0,1.0435686492275105,2.1827661649588842e-18,0.41010575693929574,39.74172502881076,0.0,7.926449298067662,0.0,True
5.0,3.0,7.0,5.0,12.0,1.1478825575455769,0.5167427051050959,0.4420448153743658,47.807589292548066,0.0,-8.561840831259573,0.0,True
5.0,3.0,9.0,1.0,8.0,3.5205690919536524e-19,3.572830024444098e-24,1.0,-40.1,0.0,22.119999999999997,0.0,True
5.0,3.0,9.0,1.0,8.0,1.055175889779708,1.0453903241448481e-24,0.6520637005086254,35.86379358202399,0.0,10.433316099210487,0.0,True
5.0,3.0,9.0,1.0,8.0,1.5871918119807973,0.9644697445741978,1.2592340467179934,98.39165511580347,0.0,-7.703174130945783,0.0,True
5.0,3.0,9.0,1.0,10.0,4.052475952628513e-19,1.3002122980127595e-23,1.0,-40.1,0.0,22.119999999999997,0.0,True
5.0,3.0,9.0,1.0,10.0,1.066576120568519,1.2447866325493027e-17,0.715603844758252,35.71667205970357,0.0,11.073929731038229,0.0,True
5.0,3.0,9.0,1.0,10.0,1.5283492520244757,0.9258564194613637,1.1875262394710913,80.07766324714908,0.0,-8.690832359949297,0.0,True
5.0,3.0,9.0,1.0,12.0,4.450945461931043e-19,2.714752234866937e-23,1.0,-40.1,0.0,22.119999999999997,0.0,True
5.0,3.0,9.0,1.0,12.0,1.0750434108260087,2.3607005470854656e-18,0.7592253468415795,35.551936346222575,0.0,11.546855884892,0.0,True
5.0,3.0,9.0,1.0,12.0,1.4954352811462412,0.9028065166406721,1.1453933131797862,70.65834179797852,0.0,-9.65957139982147,0.0,True
5.0,3.0,9.0,3.0,8.0,1.2979803778925855e-19,2.4036405610910598e-23,1.0,-42.1,0.0,22.119999999999997,0.0,True
5.0,3.0,9.0,3.0,8.0,1.0312950901381852,1.349113019208994e-18,0.4017421208444907,37.51882191566081,0.0,8.350688641728366,0.0,True
5.0,3.0,9.0,3.0,8.0,1.200282053845304,0.5982922127507172,0.5923169508774236,54.98460911426877,0.0,-7.802435831097755,0.0,True
5.0,3.0,9.0,3.0,10.0,1.5080804083836758e-19,4.850881779958047e-23,1.0,-42.1,0.0,22.119999999999997,0.0,True
5.0,3.0,9.0,3.0,10.0,1.0494724400576834,1.4403230458797368e-18,0.5043734189017175,38.11893421893516,0.0,8.966387356973792,0.0,True
5.0,3.0,9.0,3.0,10.0,1.2343277524337115,0.6281089776366545,0.669464548816361,55.45262676816202,0.0,-8.625075133703632,0.0,True
5.0,3.0,9.0,3.0,12.0,1.666114653816867e-19,7.486732857059593e-23,1.0,-42.1,0.0,22.119999999999997,0.0,True
5.0,3.0,9.0,3.0,12.0,1.0644735608826568,1.0065338549993818e-18,0.5750860143181737,38.28351390498662,0.0,9.467857138142774,0.0,True
5.0,3.0,9.0,3.0,12.0,1.2596417801151563,0.6491474346128906,0.721032763568993,55.20879505004824,0.0,-9.321140514870656,0.0,True
5.0,3.0,9.0,3.0,12.0,2.653073604563436,-1.7762314614999621,0.7266988219050097,-44.35545338560729,0.0,214.252529790312,0.0,True
5.0,3.0,9.0,5.0,8.0,6.407243362593509e-20,1.051567490095458e-22,1.0,-44.1,0.0,22.119999999999997,0.0,True
5.0,3.0,9.0,5.0,8.0,1.0078588814903164,9.41528992125366e-21,0.17467913593838424,35.87852751226141,0.0,7.45230498354599,0.0,True
5.0,3.0,9.0,5.0,8.0,1.1115640965619673,0.503245379133576,0.2810084236996404,46.345409890555686,0.0,-7.708807333912415,0.0,True
5.0,3.0,9.0,5.0,10.0,7.148723459262711e-20,1.4656741847205295e-22,1.0,-44.1,0.0,22.119999999999997,0.0,True
5.0,3.0,9.0,5.0,10.0,1.0257982548001188,2.4240390073595698e-18,0.31602966129186993,38.5546449399949,0.0,7.863139672973115,0.0,True
5.0,3.0,9.0,5.0,10.0,1.1430731189261685,0.5280824832370584,0.40168349730409736,49.689783203676114,0.0,-8.157901207525343,0.0,True
5.0,3.0,9.0,5.0,12.0,7.688649448235361e-20,1.8150381813298987e-22,1.0,-44.1,0.0,22.119999999999997,0.0,True
5.0,3.0,9.0,5.0,12.0,1.0435686492275105,2.262794669131986e-17,0.41010575693929574,39.74172502881076,0.0,8.262822761817167,0.0,True
5.0,3.0,9.0,5.0,12.0,1.1709344319996313,0.5488573729037398,0.483260946320184,51.26211082532235,0.0,-8.632992378551373,0.0,True
5.0,5.0,5.0,1.0,8.0,2.0663285448596033e-19,1.3104629453107298e-20,1.0,-42.1,0.0,18.119999999999997,0.0,True
5.0,5.0,5.0,1.0,8.0,1.0517994185015394,1.651279957129456e-20,0.5160016176674229,38.15999069038012,0.0,7.979538549129954,0.0,True
5.0,5.0,5.0,1.0,8.0,1.1646289098869944,0.5220736517448664,0.5769428433906387,46.2234071294558,0.0,-8.588023415501688,0.0,True
5.0,5.0,5.0,1.0,10.0,2.177462328107634e-19,1.443156730782622e-20,1.0,-42.1,0.0,18.119999999999997,0.0,True
5.0,5.0,5.0,1.0,10.0,1.070065809760725,7.316222007996701e-19,0.5992357069733933,38.292950996052824,0.0,8.216928264829086,0.0,True
5.0,5.0,5.0,1.0,10.0,1.1867441712452416,0.5324715848527066,0.6488363895431822,46.12506667714743,0.0,-8.904016678189109,0.0,True
5.0,5.0,5.0,1.0,10.0,2.5225051179732882,-1.7857408246006443,0.3673739217521934,135.58718669975616,0.0,-40.762608395360914,0.0,True
5.0,5.0,5.0,1.0,12.0,2.2544966568906744e-19,1.5377723795886935e-20,1.0,-42.1,0.0,18.119999999999997,0.0,True
5.0,5.0,5.0,1.0,12.0,1.084424034043837,1.0934575480581485e-17,0.65700715002986,38.21844305923064,0.0,8.398835385122128,0.0,True
5.0,5.0,5.0,1.0,12.0,2.5308334295716755,-1.7787271269646978,0.4501198743474242,136.14001831834622,0.0,-40.78787327430615,0.0,True
5.0,5.0,5.0,1.0,12.0,1.2037236739360804,0.5401073087282721,0.6989376777940726,45.83629499797231,0.0,-9.150789498277426,0.0,True
5.0,5.0,5.0,3.0,8.0,1.2125741250493274e-19,2.4514832331878354e-20,1.0,-44.1,0.0,18.119999999999997,0.0,True
5.0,5.0,5.0,3.0,8.0,1.0207658226573901,3.221636958040589e-17,0.28365053051502487,38.036019689878785,0.0,7.426805358780577,0.0,True
5.0,5.0,5.0,3.0,8.0,1.108904741848278,0.4866036780203266,0.30259152519997123,44.071650600994055,0.0,-8.095068053493552,0.0,True
5.0,5.0,5.0,3.0,10.0,1.186514882294224e-19,2.3773304494609345e-20,1.0,-44.1,0.0,18.119999999999997,0.0,True
5.0,5.0,5.0,3.0,10.0,1.0420208783284373,1.0854348917219554e-20,0.40280586902019766,39.66668861947369,0.0,7.579288901982229,0.0,True
5.0,5.0,5.0,3.0,10.0,1.1330647079927356,0.4933838274800712,0.4156042027351775,45.94742497484604,0.0,-8.287534549604555,0.0,True
5.0,5.0,5.0,3.0,12.0,1.169411727595211e-19,2.3290587657738184e-20,1.0,-44.1,0.0,18.119999999999997,0.0,True
5.0,5.0,5.0,3.0,12.0,1.0608921175191266,1.172114483378061e-17,0.4841494610351509,40.339705513158705,0.0,7.707874805769968,0.0,True
5.0,5.0,5.0,3.0,12.0,1.1540846609009894,0.49883001976046626,0.4932203515144086,46.683204352920065,0.0,-8.456437589888289,0.0,True
5.0,5.0,5.0,5.0,8.0,9.03505068505307e-20,4.356537012174893e-20,1.0,-46.1,0.0,18.119999999999997,0.0,True
5.0,5.0,5.0,5.0,8.0,1.001169602263501,4.5107157942184716e-21,0.06030571328457168,33.391422297257755,0.0,7.27449154616953,0.0,True
5.0,5.0,5.0,5.0,8.0,1.0823835040552903,0.4783840955232205,0.04470016754566042,36.54805234362024,0.0,-7.962334154724585,0.0,True
5.0,5.0,5.0,5.0,10.0,7.938372690225706e-20,3.7865090806061286e-20,1.0,-46.1,0.0,18.119999999999997,0.0,True
5.0,5.0,5.0,5.0,10.0,1.0163589314248738,1.1020975529538415e-17,0.22526089188466658,38.42323420557084,0.0,7.330747303763776,0.0,True
5.0,5.0,5.0,5.0,10.0,1.0973064207899523,0.4802924217876111,0.21227936938316228,42.94516885478691,0.0,-8.030388487559197,0.0,True
5.0,5.0,5.0,5.0,12.0,7.273848582519421e-20,3.443793693320561e-20,1.0,-46.1,0.0,18.119999999999997,0.0,True
5.0,5.0,5.0,5.0,12.0,1.0352500000272462,5.939353319159447e-22,0.3301608984022417,40.677536558294335,0.0,7.395337103213858,0.0,True
5.0,5.0,5.0,5.0,12.0,1.1166639525537612,0.4824636287219832,0.3176514911000421,45.733779645943876,0.0,-8.119734385865616,0.0,True
5.0,5.0,7.0,1.0,8.0,1.4890474994767135e-19,5.527873247358836e-22,1.0,-42.1,0.0,20.119999999999997,0.0,True
5.0,5.0,7.0,1.0,8.0,1.0517994185015394,4.291829225482541e-19,0.5160016176674229,38.15999069038012,0.0,8.512053888000748,0.0,True
5.0,5.0,7.0,1.0,8.0,1.2076183092244328,0.5785430292135845,0.6548484154815176,51.47277538456929,0.0,-8.6160930577214,0.0,True
5.0,5.0,7.0,1.0,10.0,1.681015084705788e-19,7.915497975698864e-22,1.0,-42.1,0.0,20.12,0.0,True
5.0,5.0,7.0,1.0,10.0,1.070065809760725,1.5237874566921097e-18,0.5992357069733933,38.292950996052824,0.0,8.935095129852892,0.0,True
5.0,5.0,7.0,1.0,10.0,1.2330208064575412,0.5960877840608736,0.7166053442096001,51.005365013037185,0.0,-9.209975553978715,0.0,True
5.0,5.0,7.0,1.0,10.0,2.6208432835138877,-1.7570262225794464,0.756911971923309,194.47385856811124,0.0,-42.921636027300096,0.0,True
5.0,5.0,7.0,1.0,12.0,1.8215278029957733e-19,9.967620034830651e-22,1.0,-42.1,0.0,20.119999999999997,0.0,True
5.0,5.0,7.0,1.0,12.0,1.084424034043837,3.1874455456484075e-18,0.65700715002986,38.21844305923064,0.0,9.262152175502845,0.0,True
5.0,5.0,7.0,1.0,12.0,1.2518498430898435,0.6085762255057672,0.7589672543334746,50.39156370320438,0.0,-9.67932642971718,0.0,True
5.0,5.0,7.0,3.0,8.0,7.828238599984385e-20,1.4864695616132268e-21,1.0,-44.1,0.0,20.119999999999997,0.0,True
5.0,5.0,7.0,3.0,8.0,1.0207658226573901,3.2207647117154576e-21,0.28365053051502487,38.036019689878785,0.0,7.5877206057034865,0.0,True
5.0,5.0,7.0,3.0,8.0,1.1238889870246866,0.5034028465787217,0.35333818478129386,47.041246037800065,0.0,-8.07272644097061,0.0,True
5.0,5.0,7.0,3.0,10.0,8.376048654170431e-20,1.706642432552388e-21,1.0,-44.1,0.0,20.12,0.0,True
5.0,5.0,7.0,3.0,10.0,1.0420208783284373,2.2608187983124172e-18,0.40280586902019766,39.66668861947369,0.0,7.903794038216462,0.0,True
5.0,5.0,7.0,3.0,10.0,1.1527623195337375,0.5193752296013318,0.4579519094511636,48.86210625656953,0.0,-8.45458667219745,0.0,True
5.0,5.0,7.0,3.0,12.0,8.761046784027453e-20,1.868589795621548e-21,1.0,-44.1,0.0,20.119999999999997,0.0,True
5.0,5.0,7.0,3.0,12.0,1.0608921175191266,9.002227031601158e-24,0.4841494610351509,40.339705513158705,0.0,8.176676207011223,0.0,True
5.0,5.0,7.0,3.0,12.0,1.1771128675490885,0.5321147060076903,0.5301042963520455,49.565581511933566,0.0,-8.799142217038867,0.0,True
5.0,5.0,7.0,5.0,8.0,5.343729251877768e-20,3.564933264092154e-21,1.0,-46.1,0.0,20.119999999999997,0.0,True
5.0,5.0,7.0,5.0,8.0,1.001169602263501,1.9086100756252544e-18,0.06030571328457168,33.391422297257755,0.0,7.281765104279052,0.0,True
5.0,5.0,7.0,5.0,8.0,1.0853323126157501,0.47980396989539803,0.09711077882909935,39.28965802740744,0.0,-7.919594239238204,0.0,True
5.0,5.0,7.0,5.0,10.0,5.199475011500272e-20,3.423212849990938e-21,1.0,-46.1,0.0,20.12,0.0,True
5.0,5.0,7.0,5.0,10.0,1.0163589314248738,8.337119548633688e-23,0.22526089188466658,38.42323420557084,0.0,7.4322322425891265,0.0,True
5.0,5.0,7.0,5.0,10.0,1.1057835138500545,0.48804907244387113,0.24966644335239585,45.20672670004386,0.0,-8.065773757357695,0.0,True
5.0,5.0,7.0,5.0,12.0,5.105067127199619e-20,3.3316733800619936e-21,1.0,-46.1,0.0,20.119999999999997,0.0,True
5.0,5.0,7.0,5.0,12.0,1.0352500000272462,4.0880978071615127e-19,0.3301608984022417,40.677536558294335,0.0,7.613349540881409,0.0,True
5.0,5.0,7.0,5.0,12.0,1.1285318914638522,0.4967183216382661,0.34793515933130015,47.89259203421584,0.0,-8.282452823766343,0.0,True
5.0,5.0,9.0,1.0,8.0,1.0858553381761314e-19,1.0496151895170853e-23,1.0,-42.1,0.0,22.119999999999997,0.0,True
5.0,5.0,9.0,1.0,8.0,1.0517994185015394,3.812696145384091e-18,0.5160016176674229,38.15999069038012,0.0,9.044569226871543,0.0,True
5.0,5.0,9.0,1.0,8.0,1.2921704998228574,0.6748663306949506,0.7818793720759266,63.64891307340514,0.0,-7.962008403231212,0.0,True
5.0,5.0,9.0,1.0,10.0,1.3096777134181083e-19,2.6877772939850856e-23,1.0,-42.1,0.0,22.119999999999997,0.0,True
5.0,5.0,9.0,1.0,10.0,1.070065809760725,2.1396237587799627e-18,0.5992357069733933,38.292950996052824,0.0,9.653261994876697,0.0,True
5.0,5.0,9.0,1.0,10.0,1.3174787847418872,0.6939144090226562,0.8258528644586001,61.547960335514546,0.0,-8.935797258772968,0.0,True
5.0,5.0,9.0,1.0,12.0,1.4828176662414528e-19,4.727097671015292e-23,1.0,-42.1,0.0,22.119999999999997,0.0,True
5.0,5.0,9.0,1.0,12.0,1.084424034043837,1.0235063733227482e-18,0.65700715002986,38.21844305923064,0.0,10.125468965883563,0.0,True
5.0,5.0,9.0,1.0,12.0,1.3348931236265587,0.7065574441764623,0.8546851680851186,59.65694949756859,0.0,-9.700961499743835,0.0,True
5.0,5.0,9.0,3.0,8.0,5.066816243879507e-20,5.379971735722866e-23,1.0,-44.1,0.0,22.119999999999997,0.0,True
5.0,5.0,9.0,3.0,8.0,1.0207658226573901,1.3391479226707794e-18,0.28365053051502487,38.036019689878785,0.0,7.748635852626396,0.0,True
5.0,5.0,9.0,3.0,8.0,1.14663754586258,0.5308008824638407,0.413058631589981,51.48676938377742,0.0,-7.810731350839099,0.0,True
5.0,5.0,9.0,3.0,10.0,5.935694352564737e-20,8.815387771668368e-23,1.0,-44.1,0.0,22.119999999999997,0.0,True
5.0,5.0,9.0,3.0,10.0,1.0420208783284373,-4.925524712424583e-18,0.40280586902019766,39.66668861947369,0.0,8.228299174450695,0.0,True
5.0,5.0,9.0,3.0,10.0,1.1815803053179055,0.5565156097131122,0.5108660516155863,53.37509038488902,0.0,-8.39565096902506,0.0,True
5.0,5.0,9.0,3.0,12.0,6.591865390112656e-20,1.205204336056747e-22,1.0,-44.1,0.0,22.119999999999997,0.0,True
5.0,5.0,9.0,3.0,12.0,1.0608921175191266,1.6815533362396705e-21,0.4841494610351509,40.339705513158705,0.0,8.645477608252477,0.0,True
5.0,5.0,9.0,3.0,12.0,1.210051177054685,0.5762691257387759,0.577961980542895,54.052122753598276,0.0,-8.927816771352418,0.0,True
5.0,5.0,9.0,5.0,8.0,3.124640432692467e-20,2.031348637815804e-22,1.0,-46.1,0.0,22.119999999999997,0.0,True
5.0,5.0,9.0,5.0,8.0,1.001169602263501,-2.418335974437171e-17,0.06030571328457168,33.391422297257755,0.0,7.289038662388574,0.0,True
5.0,5.0,9.0,5.0,8.0,1.091012920662728,0.48426847528345046,0.1479155821853252,42.35483680449191,0.0,-7.763565344301046,0.0,True
5.0,5.0,9.0,5.0,10.0,3.389769913591612e-20,2.4446977419819374e-22,1.0,-46.1,0.0,22.119999999999997,0.0,True
5.0,5.0,9.0,5.0,10.0,1.0163589314248738,7.399861228568135e-20,0.22526089188466658,38.42323420557084,0.0,7.533717181414477,0.0,True
5.0,5.0,9.0,5.0,10.0,1.1174053912112845,0.5006032703211595,0.28909716459958335,48.043545846390074,0.0,-7.995749569532576,0.0,True
5.0,5.0,9.0,5.0,12.0,3.5785021563380955e-20,2.7593860953248687e-22,1.0,-46.1,0.0,22.119999999999997,0.0,True
5.0,5.0,9.0,5.0,12.0,1.0352500000272462,3.264062720786189e-17,0.3301608984022417,40.677536558294335,0.0,7.83136197854896,0.0,True
5.0,5.0,9.0,5.0,12.0,1.144137965439141,0.5162879189812899,0.38175760899001265,50.741096593201306,0.0,-8.34024413778653,0.0,True
5.0,7.0,5.0,1.0,8.0,9.672756692571591e-20,1.8105126087478583e-20,1.0,-44.1,0.0,18.119999999999997,0.0,True
5.0,7.0,5.0,1.0,8.0,1.039758227401005,6.921611288173796e-21,0.3918828410604549,39.54903318987142,0.0,7.563442352616799,0.0,True
5.0,7.0,5.0,1.0,8.0,1.1358865944467416,0.49413932771693014,0.42684947206069057,46.745222057440785,0.0,-8.229680910038823,0.0,True
5.0,7.0,5.0,1.0,10.0,9.902587533299742e-20,1.8660430446481973e-20,1.0,-44.1,0.0,18.119999999999997,0.0,True
5.0,7.0,5.0,1.0,10.0,1.062821891086274,2.8724236786562705e-17,0.49168433252250854,40.383863191504744,0.0,7.720663737033132,0.0,True
5.0,7.0,5.0,1.0,10.0,1.1616009805456922,0.5006761860123499,0.5181457445178154,47.4857440696603,0.0,-8.43945735260937,0.0,True
5.0,7.0,5.0,1.0,12.0,1.0058463903621678e-19,1.903774072418301e-20,1.0,-44.1,0.0,18.119999999999997,0.0,True
5.0,7.0,5.0,1.0,12.0,1.0820264889601765,4.635606554347088e-19,0.5609570039456924,40.64457126558726,0.0,7.844293062931437,0.0,True
5.0,7.0,5.0,1.0,12.0,1.182577286401625,0.50554852481762,0.5820579901931433,47.60300039696621,0.0,-8.609057160027454,0.0,True
5.0,7.0,5.0,3.0,8.0,6.949220420211992e-20,3.295495557567575e-20,1.0,-46.1,0.0,18.119999999999997,0.0,True
5.0,7.0,5.0,3.0,8.0,1.0095219390397046,1.0447968261424297e-18,0.17195318186048103,36.9954176448485,0.0,7.30590239315518,0.0,True
5.0,7.0,5.0,3.0,8.0,1.0922416593082573,0.4796676755164783,0.1744948024427435,41.92438475342417,0.0,-7.989008011837989,0.0,True
5.0,7.0,5.0,3.0,10.0,6.416834295613862e-20,3.018337949677243e-20,1.0,-46.1,0.0,18.119999999999997,0.0,True
5.0,7.0,5.0,3.0,10.0,1.0308971446650248,7.349875350765063e-23,0.30921320012897435,40.28639929674644,0.0,7.380982816830773,0.0,True
5.0,7.0,5.0,3.0,10.0,1.1147030616120535,0.4822592922517389,0.3086211173628386,45.83850500796762,0.0,-8.088797650894854,0.0,True
5.0,7.0,5.0,3.0,12.0,6.082267202817439e-20,2.8452908769582257e-20,1.0,-46.1,0.0,18.119999999999997,0.0,True
5.0,7.0,5.0,3.0,12.0,1.0520152491247474,2.2204346000366596e-18,0.4005179542882059,41.77459879835695,0.0,7.4476670648486705,0.0,True
5.0,7.0,5.0,3.0,12.0,1.1366013378053081,0.4843420013492525,0.3979857470166408,47.54368367214403,0.0,-8.184779274707173,0.0,True
5.0,7.0,5.0,5.0,8.0,6.133427839027703e-20,5.721430097768424e-20,1.0,-48.1,0.0,18.119999999999997,0.0,True
5.0,7.0,5.0,5.0,10.0,4.985717000932365e-20,4.7331660775609244e-20,1.0,-48.1,0.0,18.119999999999997,0.0,True
5.0,7.0,5.0,5.0,10.0,1.0073070610380574,9.6557397132903e-20,0.13753261206544065,36.94727990531996,0.0,7.278771132887511,0.0,True
5.0,7.0,5.0,5.0,10.0,1.0865573648736575,0.47826933263973204,0.11085490618481875,40.14446830745914,0.0,-7.974608519574215,0.0,True
5.0,7.0,5.0,5.0,12.0,4.329783697031198e-20,4.159808824805991e-20,1.0,-48.1,0.0,18.119999999999997,0.0,True
5.0,7.0,5.0,5.0,12.0,1.025273492245227,3.433967272965806e-17,0.25541010515365425,40.755320792546165,0.0,7.2967350657537695,0.0,True
5.0,7.0,5.0,5.0,12.0,1.1032131546082766,0.47803390396617834,0.23311735987078264,45.00000876730766,0.0,-8.010061020182127,0.0,True
5.0,7.0,7.0,1.0,8.0,6.189691226421011e-20,9.3059520327416e-22,1.0,-44.1,0.0,20.119999999999997,0.0,True
5.0,7.0,7.0,1.0,8.0,1.039758227401005,2.343036311899549e-18,0.3918828410604549,39.54903318987142,0.0,7.870586674852026,0.0,True
5.0,7.0,7.0,1.0,8.0,1.1605413824039243,0.5235165242762746,0.48220418838851564,50.57423169925312,0.0,-8.284946804405076,0.0,True
5.0,7.0,7.0,1.0,10.0,6.952907997845102e-20,1.1842788602235606e-21,1.0,-44.1,0.0,20.12,0.0,True
5.0,7.0,7.0,1.0,10.0,1.062821891086274,1.3220746786995278e-22,0.49168433252250854,40.383863191504744,0.0,8.204170702729343,0.0,True
5.0,7.0,7.0,1.0,10.0,1.1904036950031964,0.5387940064208985,0.5655318562637899,51.16390840970397,0.0,-8.72004553853596,0.0,True
5.0,7.0,7.0,1.0,12.0,7.508774661950443e-20,1.3850457781378337e-21,1.0,-44.1,0.0,20.119999999999997,0.0,True
5.0,7.0,7.0,1.0,12.0,1.0820264889601765,4.187584790449569e-18,0.5609570039456924,40.64457126558726,0.0,8.473638583482892,0.0,True
5.0,7.0,7.0,1.0,12.0,1.2141805171944284,0.5502723026447143,0.623795230991669,51.142583852023996,0.0,-9.08111550528714,0.0,True
5.0,7.0,7.0,3.0,8.0,4.048333878022896e-20,2.3482674606583678e-21,1.0,-46.1,0.0,20.119999999999997,0.0,True
5.0,7.0,7.0,3.0,8.0,1.0095219390397048,-1.3626096599749272e-18,0.1719531818604806,36.995417644848494,0.0,7.365038186659064,0.0,True
5.0,7.0,7.0,3.0,8.0,1.1007732363215252,0.48606896954557177,0.22222251704677365,44.734989043288124,0.0,-7.949937686326365,0.0,True
5.0,7.0,7.0,3.0,10.0,4.162983776641517e-20,2.4523655961984304e-21,1.0,-46.1,0.0,20.12,0.0,True
5.0,7.0,7.0,3.0,10.0,1.0308971446650248,1.031159716537553e-19,0.30921320012897435,40.28639929674644,0.0,7.572208423098775,0.0,True
5.0,7.0,7.0,3.0,10.0,1.1279120690777804,0.4964890324572984,0.3456302884239112,48.41483195328672,0.0,-8.191197899598292,0.0,True
5.0,7.0,7.0,3.0,12.0,4.24113933905135e-20,2.5238458857858657e-21,1.0,-46.1,0.0,20.119999999999997,0.0,True
5.0,7.0,7.0,3.0,12.0,1.0520152491247474,9.399531896135063e-24,0.4005179542882059,41.77459879835695,0.0,7.768496328263089,0.0,True
5.0,7.0,7.0,3.0,12.0,1.1529673196474874,0.505452681260384,0.4289756858179129,50.04599531281206,0.0,-8.438394364703012,0.0,True
5.0,7.0,7.0,5.0,8.0,3.3427491386325904e-20,5.360682799169215e-21,1.0,-48.1,0.0,20.119999999999997,0.0,True
5.0,7.0,7.0,5.0,10.0,3.0428310180309436e-20,4.7615681599592744e-21,1.0,-48.1,0.0,20.12,0.0,True
5.0,7.0,7.0,5.0,10.0,1.0073070610380574,1.5405053765777505e-17,0.13753261206544065,36.94727990531996,0.0,7.3166015716505965,0.0,True
5.0,7.0,7.0,5.0,10.0,1.0914035626762157,0.48077482928655796,0.14931362940387738,42.5496386958674,0.0,-7.97932767792919,0.0,True
5.0,7.0,7.0,5.0,12.0,2.856259380737971e-20,4.3961955565647655e-21,1.0,-48.1,0.0,20.119999999999997,0.0,True
5.0,7.0,7.0,5.0,12.0,1.025273492245227,2.7005948795225158e-21,0.25541010515365425,40.755320792546165,0.0,7.427203709382972,0.0,True
5.0,7.0,7.0,5.0,12.0,1.111663762226973,0.4856684908457491,0.26223737157411475,47.097940618873615,0.0,-8.109749044430416,0.0,True
5.0,7.0,9.0,1.0,8.0,3.980794742566655e-20,2.5680703337448748e-23,1.0,-44.1,0.0,22.119999999999997,0.0,True
5.0,7.0,9.0,1.0,8.0,1.039758227401005,1.928803863272569e-24,0.3918828410604549,39.54903318987142,0.0,8.177730997087254,0.0,True
5.0,7.0,9.0,1.0,8.0,1.1998244563654914,0.5692932882879922,0.554843670673804,57.11761153379841,0.0,-8.009610983472864,0.0,True
5.0,7.0,9.0,1.0,10.0,4.9079444942319775e-20,5.101416272619369e-23,1.0,-44.1,0.0,22.119999999999997,0.0,True
5.0,7.0,9.0,1.0,10.0,1.062821891086274,1.916876201346422e-20,0.49168433252250854,40.383863191504744,0.0,8.68767766842555,0.0,True
5.0,7.0,9.0,1.0,10.0,1.2346803478092307,0.5925364550715541,0.6299935029600421,57.424892784344514,0.0,-8.701859525423256,0.0,True
5.0,7.0,9.0,1.0,12.0,5.635130683734065e-20,7.807480703451017e-23,1.0,-44.1,0.0,22.119999999999997,0.0,True
5.0,7.0,9.0,1.0,12.0,1.0820264889601765,1.4118911163168817e-17,0.5609570039456924,40.64457126558726,0.0,9.102984104034347,0.0,True
5.0,7.0,9.0,1.0,12.0,1.2614340437833436,0.6093841861674147,0.6818058722073423,57.07242213567229,0.0,-9.27988255890225,0.0,True
5.0,7.0,9.0,3.0,8.0,2.336979747153224e-20,1.0967488673532673e-22,1.0,-46.1,0.0,22.119999999999997,0.0,True
5.0,7.0,9.0,3.0,8.0,1.0095219390397048,4.929440436406496e-21,0.1719531818604806,36.995417644848494,0.0,7.424173980162951,0.0,True
5.0,7.0,9.0,3.0,8.0,1.1133112449026406,0.498125536703685,0.2720823650842089,48.2879431372,0.0,-7.7664986535425315,0.0,True
5.0,7.0,9.0,3.0,10.0,2.6922687240360594e-20,1.5167232356091175e-22,1.0,-46.1,0.0,22.119999999999997,0.0,True
5.0,7.0,9.0,3.0,10.0,1.0308971446650248,1.983059308605232e-17,0.30921320012897435,40.28639929674644,0.0,7.763434029366778,0.0,True
5.0,7.0,9.0,3.0,10.0,1.1459638290124403,0.5173284700575836,0.3872643580257533,51.917575758241604,0.0,-8.157329591275584,0.0,True
5.0,7.0,9.0,3.0,12.0,2.9567589574960014e-20,1.8693606578763556e-22,1.0,-46.1,0.0,22.119999999999997,0.0,True
5.0,7.0,9.0,3.0,12.0,1.0520152491247474,4.2050581488623775e-20,0.4005179542882059,41.77459879835695,0.0,8.089325591677508,0.0,True
5.0,7.0,9.0,3.0,12.0,1.1748561064166259,0.5332853208324988,0.46563953671999736,53.54797715167163,0.0,-8.559979145717737,0.0,True
5.0,7.0,9.0,5.0,8.0,1.7750004283474427e-20,3.699082506769421e-22,1.0,-48.1,0.0,22.119999999999997,0.0,True
5.0,7.0,9.0,5.0,8.0,1.0817844498367342,0.47833526714883357,0.014006510620288126,35.383642600769434,0.0,-7.934891323640381,0.0,True
5.0,7.0,9.0,5.0,10.0,1.8315780474382926e-20,3.9250057067019874e-22,1.0,-48.1,0.0,22.119999999999997,0.0,True
5.0,7.0,9.0,5.0,10.0,1.0073070610380574,7.83260197897778e-23,0.13753261206544065,36.94727990531996,0.0,7.354432010413683,0.0,True
5.0,7.0,9.0,5.0,10.0,1.0983668095964008,0.4861313614459211,0.18724312936360865,45.26515770558218,0.0,-7.91433187730763,0.0,True
5.0,7.0,9.0,5.0,12.0,1.8703100526068778e-20,4.082088612641644e-22,1.0,-48.1,0.0,22.119999999999997,0.0,True
5.0,7.0,9.0,5.0,12.0,1.025273492245227,1.1341068447955324e-18,0.25541010515365425,40.755320792546165,0.0,7.557672353012174,0.0,True
5.0,7.0,9.0,5.0,12.0,1.122504417416103,0.49695253622684177,0.2927099157376638,49.644929958113465,0.0,-8.138542950317731,0.0,True
5.5,3.0,5.0,1.0,8.0,7.222985311277021e-19,9.244712293663636e-21,1.0,-43.71,0.0,18.119999999999997,0.0,True
5.5,3.0,5.0,1.0,8.0,1.0505878260621555,1.5677531815840995e-17,0.6550828811656231,38.97118183280989,0.0,8.808819441401733,0.0,True
5.5,3.0,5.0,1.0,8.0,1.1918176192224306,0.5985149169247954,0.7800034293981146,48.53569281786241,0.0,-9.098495805593444,0.0,True
5.5,3.0,5.0,1.0,10.0,7.60423983493913e-19,1.0946895907674872e-20,1.0,-43.71,0.0,18.119999999999997,0.0,True
5.5,3.0,5.0,1.0,10.0,1.060973364556395,7.57865379442437e-18,0.7185838799254707,38.81983392730297,0.0,9.11667675269973,0.0,True
5.5,3.0,5.0,1.0,10.0,1.205341191505351,0.6103649945795808,0.8230608663191812,47.911815231370014,0.0,-9.558247024970427,0.0,True
5.5,3.0,5.0,1.0,12.0,7.868467042735738e-19,1.2225003651013848e-20,1.0,-43.71,0.0,18.119999999999997,0.0,True
5.5,3.0,5.0,1.0,12.0,1.0686630431978954,3.838373641055327e-18,0.7620748541881278,38.652876816946346,0.0,9.342852322531908,0.0,True
5.5,3.0,5.0,1.0,12.0,1.2148540700451136,0.6185312905090805,0.8519357298275999,47.382628942274295,0.0,-9.901505813810415,0.0,True
5.5,3.0,5.0,3.0,8.0,3.588640498747026e-19,1.786177181308747e-20,1.0,-45.71,0.0,18.119999999999997,0.0,True
5.5,3.0,5.0,3.0,8.0,1.0288426001848079,5.266993916776371e-24,0.404584133525292,40.65178539704689,0.0,7.746116594165091,0.0,True
5.5,3.0,5.0,3.0,8.0,1.1240590326452806,0.5156861542559662,0.45548398231688025,47.75579543335982,0.0,-8.31802872666516,0.0,True
5.5,3.0,5.0,3.0,10.0,3.643359788737116e-19,1.8431701274620423e-20,1.0,-45.71,0.0,18.119999999999997,0.0,True
5.5,3.0,5.0,3.0,10.0,1.0455998109579356,2.83335594157676e-22,0.5080244658961282,41.243953432710256,0.0,8.014762346394896,0.0,True
5.5,3.0,5.0,3.0,10.0,1.1460346763040965,0.5292517315658994,0.5490257320016056,48.396579875063054,0.0,-8.649873996112886,0.0,True
5.5,3.0,5.0,3.0,12.0,3.680292950723211e-19,1.8819707546941396e-20,1.0,-45.71,0.0,18.119999999999997,0.0,True
5.5,3.0,5.0,3.0,12.0,1.0593912876320168,2.843065986282915e-21,0.5791337873835165,41.39937945909081,0.0,8.231466801628736,0.0,True
5.5,3.0,5.0,3.0,12.0,1.163656169663047,0.5397070629352901,0.6135823336278545,48.52495190760061,0.0,-8.92503510336321,0.0,True
5.5,3.0,5.0,5.0,8.0,2.2610988829602974e-19,3.258504428315116e-20,1.0,-47.71,0.0,18.119999999999997,0.0,True
5.5,3.0,5.0,5.0,8.0,1.0072283940664946,1.5918677556770683e-18,0.17571140677631225,39.011977345554804,0.0,7.339494621146,0.0,True
5.5,3.0,5.0,5.0,8.0,1.0859784189342125,0.48799375370539366,0.190615024592108,44.11021790805375,0.0,-7.976200516460608,0.0,True
5.5,3.0,5.0,5.0,10.0,2.1328513467616555e-19,2.9889063141829805e-20,1.0,-47.71,0.0,18.119999999999997,0.0,True
5.5,3.0,5.0,5.0,10.0,1.0238351841747078,-7.73656567528804e-18,0.3186449851698624,41.70449682371464,0.0,7.49547799939827,0.0,True
5.5,3.0,5.0,5.0,10.0,1.1057584258207096,0.49586265697778964,0.3281837847147656,47.34675568510947,0.0,-8.157482320818652,0.0,True
5.5,3.0,5.0,5.0,12.0,2.0508432391164705e-19,2.8203157577934496e-20,1.0,-47.71,0.0,18.119999999999997,0.0,True
5.5,3.0,5.0,5.0,12.0,1.0403019839670897,1.4110457500497044e-21,0.4137930486668241,42.88972986818649,0.0,7.645088361226623,0.0,True
5.5,3.0,5.0,5.0,12.0,1.1248550778904227,0.5030749905186804,0.42008158998030865,48.77782632184942,0.0,-8.342627149430859,0.0,True
5.5,3.0,7.0,1.0,8.0,6.0224006360628955e-19,3.077848296129505e-22,1.0,-43.71,0.0,20.119999999999997,0.0,True
5.5,3.0,7.0,1.0,8.0,1.0505878260621555,2.0113881352746112e-17,0.6550828811656231,38.97118183280989,0.0,9.66708660379424,0.0,True
5.5,3.0,7.0,1.0,8.0,1.2940002297705628,0.7371506359667771,0.9522057417659868,59.43982625716837,0.0,-8.379461913300394,0.0,True
5.5,3.0,7.0,1.0,10.0,6.5897359008673435e-19,5.059302870085273e-22,1.0,-43.71,0.0,20.12,0.0,True
5.5,3.0,7.0,1.0,10.0,1.060973364556395,4.392612620510318e-18,0.7185838799254707,38.81983392730297,0.0,10.149402337677218,0.0,True
5.5,3.0,7.0,1.0,10.0,1.2995386092839196,0.7423534310388816,0.9635618823477438,56.70527667956957,0.0,-9.35280770693115,0.0,True
5.5,3.0,7.0,1.0,12.0,6.996127538616144e-19,6.929177486618598e-22,1.0,-43.71,0.0,20.119999999999997,0.0,True
5.5,3.0,7.0,1.0,12.0,1.0686630431978954,1.028633096587684e-18,0.7620748541881278,38.652876816946346,0.0,10.50436848930362,0.0,True
5.5,3.0,7.0,1.0,12.0,1.3029872334085355,0.745569024576379,0.9705560722325283,54.822775834719536,0.0,-10.067567179401564,0.0,True
5.5,3.0,7.0,3.0,8.0,2.687114831442293e-19,8.951086804169145e-22,1.0,-45.71,0.0,20.119999999999997,0.0,True
5.5,3.0,7.0,3.0,8.0,1.0288426001848079,3.2465435248948277e-21,0.404584133525292,40.65178539704689,0.0,8.073493236365914,0.0,True
5.5,3.0,7.0,3.0,8.0,1.151216377629307,0.5562937780262001,0.5252991507182373,51.767012013935044,0.0,-8.216241640636637,0.0,True
5.5,3.0,7.0,3.0,10.0,2.896964219745431e-19,1.1453420490934957e-21,1.0,-45.71,0.0,20.12,0.0,True
5.5,3.0,7.0,3.0,10.0,1.0455998109579356,8.430668423993073e-21,0.5080244658961282,41.243953432710256,0.0,8.53094006229299,0.0,True
5.5,3.0,7.0,3.0,10.0,1.17827227926162,0.5799454937535418,0.6106892391731595,52.36371978822804,0.0,-8.79208682163176,0.0,True
5.5,3.0,7.0,3.0,12.0,3.045486631304344e-19,1.344113237269981e-21,1.0,-45.71,0.0,20.119999999999997,0.0,True
5.5,3.0,7.0,3.0,12.0,1.0593912876320168,1.1148267534804652e-20,0.5791337873835165,41.39937945909081,0.0,8.902258689007088,0.0,True
5.5,3.0,7.0,3.0,12.0,1.1992345444125319,0.5974894584332006,0.6689349878555082,52.39464254938865,0.0,-9.277277436608113,0.0,True
5.5,3.0,7.0,5.0,8.0,1.539808439430053e-19,2.277275078385368e-21,1.0,-47.71,0.0,20.119999999999997,0.0,True
5.5,3.0,7.0,5.0,8.0,1.0072283940664946,1.3649686990354235e-24,0.17571140677631225,39.011977345554804,0.0,7.401243618088621,0.0,True
5.5,3.0,7.0,5.0,8.0,1.0945155727547864,0.4973825383970688,0.24311969037479797,46.71192408625282,0.0,-7.886116797613909,0.0,True
5.5,3.0,7.0,5.0,10.0,1.5689120784243924e-19,2.3880047952132765e-21,1.0,-47.71,0.0,20.12,0.0,True
5.5,3.0,7.0,5.0,10.0,1.0238351841747075,3.1372019255810696e-21,0.3186449851698627,41.704496823714635,0.0,7.698547252546078,0.0,True
5.5,3.0,7.0,5.0,10.0,1.1193747751127545,0.5147563786370853,0.37103196389012205,49.879506982820345,0.0,-8.212241378394626,0.0,True
5.5,3.0,7.0,5.0,12.0,1.5886398836693847e-19,2.464306350217933e-21,1.0,-47.71,0.0,20.119999999999997,0.0,True
5.5,3.0,7.0,5.0,12.0,1.0403019839670897,2.0691223150667585e-19,0.4137930486668241,42.88972986818649,0.0,7.987537735476592,0.0,True
5.5,3.0,7.0,5.0,12.0,1.142111830317361,0.5299339982114081,0.4572569985868026,51.32539148150011,0.0,-8.555923723784867,0.0,True
5.5,3.0,9.0,1.0,8.0,5.082877522591744e-19,3.3919640390071634e-24,1.0,-43.71,0.0,22.119999999999997,0.0,True
5.5,3.0,9.0,1.0,8.0,1.0505878260621555,2.0345969207474403e-17,0.6550828811656231,38.97118183280989,0.0,10.525353766186749,0.0,True
5.5,3.0,9.0,1.0,8.0,1.740201704553917,1.119582438184898,1.4638035739621842,135.52272207982935,0.0,-8.373784633745473,0.0,True
5.5,3.0,9.0,1.0,10.0,5.760599652400481e-19,1.2565375267547865e-23,1.0,-43.71,0.0,22.119999999999997,0.0,True
5.5,3.0,9.0,1.0,10.0,1.060973364556395,2.6422181561299053e-18,0.7185838799254707,38.81983392730297,0.0,11.182127922654704,0.0,True
5.5,3.0,9.0,1.0,10.0,1.6167877489941365,1.0443233181754972,1.328049417272191,99.79919283606519,0.0,-8.345978746195584,0.0,True
5.5,3.0,9.0,1.0,12.0,6.262481149309374e-19,2.6424300192789084e-23,1.0,-43.71,0.0,22.119999999999997,0.0,True
5.5,3.0,9.0,1.0,12.0,1.0686630431978954,3.4914998972770076e-19,0.7620748541881278,38.652876816946346,0.0,11.665884656075331,0.0,True
5.5,3.0,9.0,1.0,12.0,1.5474986775007893,0.996207904430727,1.245415942290468,82.97522237769277,0.0,-9.112100658505675,0.0,True
5.5,3.0,9.0,3.0,8.0,2.0315032717188405e-19,2.3103647799107316e-23,1.0,-45.71,0.0,22.119999999999997,0.0,True
5.5,3.0,9.0,3.0,8.0,1.0288426001848079,2.0208105082731721e-19,0.404584133525292,40.65178539704689,0.0,8.400869878566736,0.0,True
5.5,3.0,9.0,3.0,8.0,1.2023587319013866,0.6275861157922611,0.6299099567261448,60.056930594299615,0.0,-7.492905337493282,0.0,True
5.5,3.0,9.0,3.0,10.0,2.321001978139938e-19,4.707355322456869e-23,1.0,-45.71,0.0,22.119999999999997,0.0,True
5.5,3.0,9.0,3.0,10.0,1.0455998109579356,7.949320716438529e-20,0.5080244658961282,41.243953432710256,0.0,9.047117778191081,0.0,True
5.5,3.0,9.0,3.0,10.0,1.235714986826528,0.6601139279982705,0.7050291702431164,60.37082989712653,0.0,-8.380939908489282,0.0,True
5.5,3.0,9.0,3.0,12.0,2.5361312990670933e-19,7.301774162638759e-23,1.0,-45.71,0.0,22.119999999999997,0.0,True
5.5,3.0,9.0,3.0,12.0,1.0593912876320168,2.4140974159985662e-20,0.5791337873835165,41.39937945909081,0.0,9.573050576385441,0.0,True
5.5,3.0,9.0,3.0,12.0,1.2598118367820472,0.6824552944765279,0.754136722683225,59.93407572473778,0.0,-9.134630798235786,0.0,True
5.5,3.0,9.0,5.0,8.0,1.0507217140749939e-19,1.0179437139600418e-22,1.0,-47.71,0.0,22.119999999999997,0.0,True
5.5,3.0,9.0,5.0,8.0,1.0072283940664946,7.310468217607862e-21,0.17571140677631225,39.011977345554804,0.0,7.462992615031243,0.0,True
5.5,3.0,9.0,5.0,8.0,1.1079119836646385,0.5147426660814213,0.30076148093766797,50.24500715445635,0.0,-7.585893275467379,0.0,True
5.5,3.0,9.0,5.0,10.0,1.157833880894111e-19,1.427642664054409e-22,1.0,-47.71,0.0,22.119999999999997,0.0,True
5.5,3.0,9.0,5.0,10.0,1.0238351841747075,6.080148958058578e-19,0.3186449851698627,41.704496823714635,0.0,7.901616505693882,0.0,True
5.5,3.0,9.0,5.0,10.0,1.1393323484213278,0.543333889108904,0.4219397134452685,53.59190191138076,0.0,-8.061909689811122,0.0,True
5.5,3.0,9.0,5.0,10.0,2.553820903394305,-1.9072401011172613,0.03450753867989531,121.76423059571738,0.0,-44.27684152998917,0.0,True
5.5,3.0,9.0,5.0,12.0,1.2351499357615596e-19,1.7745373682582554e-22,1.0,-47.71,0.0,22.119999999999997,0.0,True
5.5,3.0,9.0,5.0,12.0,1.0403019839670897,7.262323281174264e-18,0.4137930486668241,42.88972986818649,0.0,8.329987109726561,0.0,True
5.5,3.0,9.0,5.0,12.0,1.1667956744351913,0.5669977278711713,0.5036832385396053,55.16253500266448,0.0,-8.568387008282759,0.0,True
5.5,5.0,5.0,1.0,8.0,3.0712498177171616e-19,1.3038820934588883e-20,1.0,-45.71,0.0,18.119999999999997,0.0,True
5.5,5.0,5.0,1.0,8.0,1.0477417197923375,7.671266954986801e-22,0.5197288137653853,41.28367190026199,0.0,8.048678337638451,0.0,True
5.5,5.0,5.0,1.0,8.0,1.157881497489701,0.5363215309624343,0.5932238068834967,49.63210117220635,0.0,-8.584506183422796,0.0,True
5.5,5.0,5.0,1.0,10.0,3.218058026703529e-19,1.4364444913071166e-20,1.0,-45.71,0.0,18.119999999999997,0.0,True
5.5,5.0,5.0,1.0,10.0,1.0645216387640308,1.0339004490385864e-20,0.6033777882110998,41.40526656486635,0.0,8.311066808060975,0.0,True
5.5,5.0,5.0,1.0,10.0,1.178825983062801,0.5484143451172372,0.6640084025447914,49.4935650171574,0.0,-8.932013604431548,0.0,True
5.5,5.0,5.0,1.0,12.0,3.319422354552911e-19,1.5310086432732953e-20,1.0,-45.71,0.0,18.119999999999997,0.0,True
5.5,5.0,5.0,1.0,12.0,1.0776628960970673,5.968280018041141e-20,0.6612707823595738,41.32201067285206,0.0,8.512454929909948,0.0,True
5.5,5.0,5.0,1.0,12.0,1.1947693098558734,0.5572794586782617,0.7130536676763752,49.176266710231275,0.0,-9.204020691637378,0.0,True
5.5,5.0,5.0,3.0,8.0,1.8557853265059435e-19,2.440155624777904e-20,1.0,-47.71,0.0,18.119999999999997,0.0,True
5.5,5.0,5.0,3.0,8.0,1.0191718270125856,3.623488165217934e-17,0.28588604107888194,41.18390175954513,0.0,7.452193546508173,0.0,True
5.5,5.0,5.0,3.0,8.0,1.103559718013094,0.4950081102399613,0.3158778580375524,47.5078670330317,0.0,-8.076037449158305,0.0,True
5.5,5.0,5.0,3.0,10.0,1.8194134518019053e-19,2.3675312268693438e-20,1.0,-47.71,0.0,18.119999999999997,0.0,True
5.5,5.0,5.0,3.0,10.0,1.038868373051516,1.1479639576851862e-21,0.40641387691031294,42.81524908594664,0.0,7.632263342045136,0.0,True
5.5,5.0,5.0,3.0,10.0,1.1268477083274044,0.5038060143140692,0.42852808326001635,49.329316210302984,0.0,-8.297573554308919,0.0,True
5.5,5.0,5.0,3.0,12.0,1.7954954597664492e-19,2.3202355193698122e-20,1.0,-47.71,0.0,18.119999999999997,0.0,True
5.5,5.0,5.0,3.0,12.0,1.0563314244148998,3.8734384605316066e-19,0.4885751308220615,43.47836995318364,0.0,7.785887234781466,0.0,True
5.5,5.0,5.0,3.0,12.0,1.1469511747875891,0.5109558616941696,0.5058454981326406,50.033701093148025,0.0,-8.493951718637136,0.0,True
5.5,5.0,5.0,5.0,8.0,1.3902384488617816e-19,4.335458366059639e-20,1.0,-49.71,0.0,18.119999999999997,0.0,True
5.5,5.0,5.0,5.0,8.0,1.0010698693755897,8.099152115063516e-21,0.060492921839068514,36.50816020723978,0.0,7.275772800238924,0.0,True
5.5,5.0,5.0,5.0,8.0,1.0770458397492748,0.4840857392776822,0.05893586974386822,40.250576317008324,0.0,-7.932435145529133,0.0,True
5.5,5.0,5.0,5.0,10.0,1.236494185036315e-19,3.771326681294729e-20,1.0,-49.71,0.0,18.119999999999997,0.0,True
5.5,5.0,5.0,5.0,10.0,1.0151191886907573,9.147395518879016e-18,0.22714977456386387,41.58051206015713,0.0,7.349753342020208,0.0,True
5.5,5.0,5.0,5.0,10.0,1.0921358990879946,0.4873176080118,0.2241686089816145,46.43074829801397,0.0,-8.015522189810003,0.0,True
5.5,5.0,5.0,5.0,12.0,1.1424183846710336e-19,3.431819607719002e-20,1.0,-49.71,0.0,18.119999999999997,0.0,True
5.5,5.0,5.0,5.0,12.0,1.0326799282767656,1.1144170402677656e-22,0.333482603583934,43.847631648102386,0.0,7.4374504040112175,0.0,True
5.5,5.0,5.0,5.0,12.0,1.1108939832285423,0.49103133848150876,0.3291598385045321,49.15152248129083,0.0,-8.128623127238871,0.0,True
5.5,5.0,7.0,1.0,8.0,2.2939556924253827e-19,5.451935477138344e-22,1.0,-45.71,0.0,20.119999999999997,0.0,True
5.5,5.0,7.0,1.0,8.0,1.0477417197923373,2.0591557903495175e-20,0.5197288137653855,41.28367190026198,0.0,8.588914417354404,0.0,True
5.5,5.0,7.0,1.0,8.0,1.2042932966453153,0.6016252833178984,0.6821928331855558,55.532567722444576,0.0,-8.495060056535888,0.0,True
5.5,5.0,7.0,1.0,10.0,2.55522446937415e-19,7.821907517903443e-22,1.0,-45.71,0.0,20.12,0.0,True
5.5,5.0,7.0,1.0,10.0,1.0645216387640308,2.4160018701119988e-20,0.6033777882110998,41.40526656486635,0.0,9.039196318674012,0.0,True
5.5,5.0,7.0,1.0,10.0,1.2283132903604816,0.6207617593204268,0.7416778745375465,54.932184599569865,0.0,-9.139428544100117,0.0,True
5.5,5.0,7.0,1.0,10.0,2.7014861913611368,-1.8578363940278417,0.8617795721418471,224.71832002917472,0.0,-47.357756316419554,0.0,True
5.5,5.0,7.0,1.0,12.0,2.744638231397195e-19,9.861415880487364e-22,1.0,-45.71,0.0,20.119999999999997,0.0,True
5.5,5.0,7.0,1.0,12.0,1.0776628960970673,2.0386762443331894e-20,0.6612707823595738,41.32201067285206,0.0,9.387013025114832,0.0,True
5.5,5.0,7.0,1.0,12.0,1.245806586882042,0.6341940734852975,0.7819413065159778,54.2108425160197,0.0,-9.648922725585813,0.0,True
5.5,5.0,7.0,3.0,8.0,1.2550026582037444e-19,1.468038716397839e-21,1.0,-47.71,0.0,20.119999999999997,0.0,True
5.5,5.0,7.0,3.0,8.0,1.0191718270125856,1.1889457487170736e-21,0.28588604107888194,41.18390175954513,0.0,7.615655203475687,0.0,True
5.5,5.0,7.0,3.0,8.0,1.1192554740945588,0.5146749704975525,0.37052522339976246,50.69951233046792,0.0,-8.014209193136288,0.0,True
5.5,5.0,7.0,3.0,10.0,1.332653058828552e-19,1.6882028278255084e-21,1.0,-47.71,0.0,20.12,0.0,True
5.5,5.0,7.0,3.0,10.0,1.038868373051516,2.323186785088715e-19,0.40641387691031294,42.81524908594664,0.0,7.962607820735679,0.0,True
5.5,5.0,7.0,3.0,10.0,1.1474077479101372,0.5333742132452368,0.4750421389681655,52.48030605522669,0.0,-8.429753902151127,0.0,True
5.5,5.0,7.0,3.0,12.0,1.386943620460921e-19,1.8503542092574206e-21,1.0,-47.71,0.0,20.119999999999997,0.0,True
5.5,5.0,7.0,3.0,12.0,1.0563314244148998,8.798747059096463e-18,0.4885751308220615,43.47836995318364,0.0,8.263298551697055,0.0,True
5.5,5.0,7.0,3.0,12.0,1.1709376640762228,0.5482371430366665,0.5469104318914582,53.152410140455956,0.0,-8.806298767817454,0.0,True
5.5,5.0,7.0,5.0,8.0,8.66948015203982e-20,3.5226787942955426e-21,1.0,-49.71,0.0,20.119999999999997,0.0,True
5.5,5.0,7.0,5.0,8.0,1.0010698693755897,2.8525552966511143e-18,0.060492921839068514,36.50816020723978,0.0,7.283091587424179,0.0,True
5.5,5.0,7.0,5.0,8.0,1.080469854304893,0.4862083329479969,0.112397063216777,43.06915797104054,0.0,-7.870231948878953,0.0,True
5.5,5.0,7.0,5.0,10.0,8.454528545697393e-20,3.388320913686063e-21,1.0,-49.71,0.0,20.12,0.0,True
5.5,5.0,7.0,5.0,10.0,1.0151191886907573,4.69293360404589e-23,0.22714977456386387,41.58051206015713,0.0,7.452947382189037,0.0,True
5.5,5.0,7.0,5.0,10.0,1.100953252457129,0.4966058086396587,0.26355858235030627,48.817091507432764,0.0,-8.033813427231626,0.0,True
5.5,5.0,7.0,5.0,12.0,8.313477772268336e-20,3.3014058599794944e-21,1.0,-49.71,0.0,20.119999999999997,0.0,True
5.5,5.0,7.0,5.0,12.0,1.0326799282767656,7.778119613578698e-20,0.333482603583934,43.847631648102386,0.0,7.659871697797456,0.0,True
5.5,5.0,7.0,5.0,12.0,1.1231510049146578,0.5073443958849817,0.36173141695376965,51.45043543237294,0.0,-8.27668875705188,0.0,True
5.5,5.0,9.0,1.0,8.0,1.7330525323653588e-19,1.0096295460039011e-23,1.0,-45.71,0.0,22.119999999999997,0.0,True
5.5,5.0,9.0,1.0,8.0,1.0477417197923373,1.8051633270461187e-19,0.5197288137653855,41.28367190026198,0.0,9.129150497070354,0.0,True
5.5,5.0,9.0,1.0,8.0,1.30741285555819,0.723982106182008,0.8418376873212192,71.28504342282817,0.0,-7.4983099617962825,0.0,True
5.5,5.0,9.0,1.0,10.0,2.0465098143707156e-19,2.612427193584547e-23,1.0,-45.71,0.0,22.119999999999997,0.0,True
5.5,5.0,9.0,1.0,10.0,1.0645216387640308,3.6268582544529576e-20,0.6033777882110998,41.40526656486635,0.0,9.76732582928705,0.0,True
5.5,5.0,9.0,1.0,10.0,1.328065559130687,0.7409990563623418,0.8768562961047064,68.09884954369818,0.0,-8.589697781780579,0.0,True
5.5,5.0,9.0,1.0,12.0,2.2853068728862873e-19,4.6177292062545456e-23,1.0,-45.71,0.0,22.119999999999997,0.0,True
5.5,5.0,9.0,1.0,12.0,1.0776628960970673,7.534285146301713e-21,0.6612707823595738,41.32201067285206,0.0,10.261571120319719,0.0,True
5.5,5.0,9.0,1.0,12.0,1.3415994390598966,0.7518415704510616,0.898981669285372,65.47947665837823,0.0,-9.441820445145295,0.0,True
5.5,5.0,9.0,3.0,8.0,8.5226428301733e-20,5.21647557995038e-23,1.0,-47.71,0.0,22.119999999999997,0.0,True
5.5,5.0,9.0,3.0,8.0,1.0191718270125856,4.423451367774715e-19,0.28588604107888194,41.18390175954513,0.0,7.7791168604431995,0.0,True
5.5,5.0,9.0,3.0,8.0,1.1441152793526992,0.5475414669965807,0.4373395217826539,55.7032877734347,0.0,-7.655914071035561,0.0,True
5.5,5.0,9.0,3.0,10.0,9.805759257134448e-20,8.600845688896478e-23,1.0,-47.71,0.0,22.119999999999997,0.0,True
5.5,5.0,9.0,3.0,10.0,1.038868373051516,1.022009667552516e-17,0.40641387691031294,42.81524908594664,0.0,8.29295229942622,0.0,True
5.5,5.0,9.0,3.0,10.0,1.178816514572887,0.5769877898045009,0.5353388123587614,57.58788748145751,0.0,-8.282124332713176,0.0,True
5.5,5.0,9.0,3.0,12.0,1.0762487985840644e-19,1.1800876990321066e-22,1.0,-47.71,0.0,22.119999999999997,0.0,True
5.5,5.0,9.0,3.0,12.0,1.0563314244148998,1.8900543465341586e-17,0.4885751308220615,43.47836995318364,0.0,8.740709868612644,0.0,True
5.5,5.0,9.0,3.0,12.0,1.2067045538322263,0.5993448573590295,0.60201508175563,58.22505457926636,0.0,-8.854994925583052,0.0,True
5.5,5.0,9.0,5.0,8.0,5.3673022837483955e-20,1.9783913323974863e-22,1.0,-49.71,0.0,22.119999999999997,0.0,True
5.5,5.0,9.0,5.0,8.0,1.0010698693755897,2.1509749261816184e-24,0.060492921839068514,36.50816020723978,0.0,7.290410374609435,0.0,True
5.5,5.0,9.0,5.0,8.0,1.0867683510606465,0.49209862346628497,0.1651823288067047,46.29344887968216,0.0,-7.6727583608507395,0.0,True
5.5,5.0,9.0,5.0,10.0,5.767573528134385e-20,2.3917042751797244e-22,1.0,-49.71,0.0,22.119999999999997,0.0,True
5.5,5.0,9.0,5.0,10.0,1.0151191886907573,3.920557333941398e-20,0.22714977456386387,41.58051206015713,0.0,7.5561414223578645,0.0,True
5.5,5.0,9.0,5.0,10.0,1.1132880106279859,0.511600175025304,0.3060036192213157,51.88464762925701,0.0,-7.925709359356365,0.0,True
5.5,5.0,9.0,5.0,12.0,6.050658805998326e-20,2.707275521647779e-22,1.0,-49.71,0.0,22.119999999999997,0.0,True
5.5,5.0,9.0,5.0,12.0,1.0326799282767656,9.31236211299442e-18,0.333482603583934,43.847631648102386,0.0,7.882292991583695,0.0,True
5.5,5.0,9.0,5.0,12.0,1.139665029551671,0.5300424107980577,0.39893598069408076,54.56213956015702,0.0,-8.299291652892343,0.0,True
5.5,7.0,5.0,1.0,8.0,1.5145912568450058e-19,1.8038290863336578e-20,1.0,-47.71,0.0,18.119999999999997,0.0,True
5.5,7.0,5.0,1.0,8.0,1.0367722926047158,8.369232782353351e-22,0.3953705574740284,42.69829644703252,0.0,7.6134431863165135,0.0,True
5.5,7.0,5.0,1.0,8.0,1.12991167643697,0.5049221789501501,0.4411975311887648,50.188134668371596,0.0,-8.228102426270759,0.0,True
5.5,7.0,5.0,1.0,10.0,1.5464048816977367e-19,1.859672461461832e-20,1.0,-47.71,0.0,18.119999999999997,0.0,True
5.5,7.0,5.0,1.0,10.0,1.0581147997286742,1.0240979625570885e-18,0.4961768817678165,43.52122615282344,0.0,7.801256952985781,0.0,True
5.5,7.0,5.0,1.0,10.0,1.1545267923073963,0.513544517046213,0.5320445341240914,50.88374313958603,0.0,-8.472212786119963,0.0,True
5.5,7.0,5.0,1.0,12.0,1.5679488007516803e-19,1.8976456253536278e-20,1.0,-47.71,0.0,18.119999999999997,0.0,True
5.5,7.0,5.0,1.0,12.0,1.0758316897696056,5.051214919826618e-24,0.5659698157328032,43.767534091835856,0.0,7.950738287034843,0.0,True
5.5,7.0,5.0,1.0,12.0,1.1744621511394189,0.5200833641506282,0.5954422898554612,50.9706433842215,0.0,-8.671556933142421,0.0,True
5.5,7.0,5.0,3.0,8.0,1.0965359200948102e-19,3.2831283188369836e-20,1.0,-49.71,0.0,18.119999999999997,0.0,True
5.5,7.0,5.0,3.0,8.0,1.008778447131878,1.110412462944104e-18,0.17317241123928495,40.140249174450645,0.0,7.316784780994991,0.0,True
5.5,7.0,5.0,3.0,8.0,1.0872458232458748,0.48629422020527074,0.1873422152436076,45.4855994990428,0.0,-7.963364598342737,0.0,True
5.5,7.0,5.0,3.0,10.0,1.0202264244793907e-19,3.008722782849881e-20,1.0,-49.71,0.0,18.119999999999997,0.0,True
5.5,7.0,5.0,3.0,10.0,1.0286315473569556,1.5748587581156597e-23,0.3122461408583229,43.45546032870664,0.0,7.417703530129482,0.0,True
5.5,7.0,5.0,3.0,10.0,1.1091338444271281,0.4906971228508593,0.3207762080321501,49.29543524082534,0.0,-8.089113680095306,0.0,True
5.5,7.0,5.0,3.0,12.0,9.719711470796193e-20,2.8372639938421935e-20,1.0,-49.71,0.0,18.119999999999997,0.0,True
5.5,7.0,5.0,3.0,12.0,1.0482689890183494,1.5830526502166298e-19,0.4047799019421592,44.942019703840714,0.0,7.510856786056838,0.0,True
5.5,7.0,5.0,3.0,12.0,1.130202765967929,0.49450466251121983,0.40998711724304615,50.95343965647712,0.0,-8.213504185234976,0.0,True
5.5,7.0,5.0,5.0,8.0,9.577571791638892e-20,5.695625293831037e-20,1.0,-51.71,0.0,18.119999999999997,0.0,True
5.5,7.0,5.0,5.0,10.0,7.934555380945744e-20,4.716736364202803e-20,1.0,-51.71,0.0,18.119999999999997,0.0,True
5.5,7.0,5.0,5.0,10.0,1.0067368037367734,1.238186722585395e-19,0.13850885680158564,40.09342134763701,0.0,7.286837413873322,0.0,True
5.5,7.0,5.0,5.0,10.0,1.081503133346372,0.48424173205512766,0.12304335420955748,43.78775351099506,0.0,-7.952027634724821,0.0,True
5.5,7.0,5.0,5.0,12.0,6.981341038931905e-20,4.1480849128721156e-20,1.0,-51.71,0.0,18.119999999999997,0.0,True
5.5,7.0,5.0,5.0,12.0,1.0234480603976,3.741477249151529e-17,0.25805913126511004,43.93848312464652,0.0,7.325413872006598,0.0,True
5.5,7.0,5.0,5.0,12.0,1.0979152016162665,0.4852643897205316,0.24427970209695493,48.50938836456065,0.0,-8.007935916144127,0.0,True
5.5,7.0,7.0,1.0,8.0,1.0172782041422354e-19,9.204807947788762e-22,1.0,-47.71,0.0,20.119999999999997,0.0,True
5.5,7.0,7.0,1.0,8.0,1.0367722926047158,2.707762907430493e-19,0.3953705574740284,42.69829644703252,0.0,7.926078941751161,0.0,True
5.5,7.0,7.0,1.0,8.0,1.1559697470340364,0.5388616607127908,0.5024257466802906,54.37939665569655,0.0,-8.227742843039895,0.0,True
5.5,7.0,7.0,1.0,10.0,1.1279702374002458e-19,1.1729224691190969e-21,1.0,-47.71,0.0,20.12,0.0,True
5.5,7.0,7.0,1.0,10.0,1.0581147997286742,1.997968432645403e-17,0.4961768817678165,43.52122615282344,0.0,8.29363994898745,0.0,True
5.5,7.0,7.0,1.0,10.0,1.1848729773748685,0.556721713921812,0.5851915590954944,54.91135062583004,0.0,-8.705142679443721,0.0,True
5.5,7.0,7.0,1.0,12.0,1.2078633960843233e-19,1.3729223113109076e-21,1.0,-47.71,0.0,20.119999999999997,0.0,True
5.5,7.0,7.0,1.0,12.0,1.0758316897696059,7.050163584816625e-23,0.565969815732803,43.76753409183587,0.0,8.591381951676086,0.0,True
5.5,7.0,7.0,1.0,12.0,1.207645306228149,0.5700927574647139,0.642683994112424,54.837504170901674,0.0,-9.102775185367209,0.0,True
5.5,7.0,7.0,3.0,8.0,6.755679705478903e-20,2.3243991802390215e-21,1.0,-49.71,0.0,20.119999999999997,0.0,True
5.5,7.0,7.0,3.0,8.0,1.008778447131878,2.531784788065554e-18,0.17317241123928495,40.140249174450645,0.0,7.376762149023847,0.0,True
5.5,7.0,7.0,3.0,8.0,1.0962182513581717,0.4942443553891132,0.23736605310850134,48.447288503832254,0.0,-7.899450578911798,0.0,True
5.5,7.0,7.0,3.0,10.0,6.922982477364009e-20,2.430581271720512e-21,1.0,-49.71,0.0,20.12,0.0,True
5.5,7.0,7.0,3.0,10.0,1.0286315473569556,2.5193849669814397e-20,0.3122461408583229,43.45546032870664,0.0,7.612698835091313,0.0,True
5.5,7.0,7.0,3.0,10.0,1.1228464354396812,0.5072007217017218,0.36056712403958435,52.0484783271697,0.0,-8.170126183560921,0.0,True
5.5,7.0,7.0,3.0,12.0,7.036801075622885e-20,2.5036023265627014e-21,1.0,-49.71,0.0,20.119999999999997,0.0,True
5.5,7.0,7.0,3.0,12.0,1.0482689890183494,1.8415156983822766e-17,0.4047799019421592,44.942019703840714,0.0,7.838550324089446,0.0,True
5.5,7.0,7.0,3.0,12.0,1.1471664600538085,0.5183570619914796,0.4439097950037133,53.64135475291101,0.0,-8.449269873556803,0.0,True
5.5,7.0,7.0,5.0,8.0,5.535882015704129e-20,5.3044002872632095e-21,1.0,-51.71,0.0,20.119999999999997,0.0,True
5.5,7.0,7.0,5.0,10.0,5.083533612526818e-20,4.7194896881860614e-21,1.0,-51.71,0.0,20.12,0.0,True
5.5,7.0,7.0,5.0,10.0,1.0067368037367734,1.758334415983944e-17,0.13850885680158564,40.09342134763701,0.0,7.325206820698286,0.0,True
5.5,7.0,7.0,5.0,10.0,1.0866666639761446,0.487606011448488,0.1627139628730052,46.28430542590458,0.0,-7.945216730883851,0.0,True
5.5,7.0,7.0,5.0,12.0,4.800035632929524e-20,4.362158669750503e-21,1.0,-51.71,0.0,20.119999999999997,0.0,True
5.5,7.0,7.0,5.0,12.0,1.0234480603976,1.09099559117552e-21,0.25805913126511004,43.93848312464652,0.0,7.4586029024652065,0.0,True
5.5,7.0,7.0,5.0,12.0,1.1066468395430047,0.4943060743130385,0.27505816935166205,50.72323666970105,0.0,-8.097588359225284,0.0,True
5.5,7.0,9.0,1.0,8.0,6.876616257532284e-20,2.4942347673962701e-23,1.0,-47.71,0.0,22.119999999999997,0.0,True
5.5,7.0,9.0,1.0,8.0,1.0367722926047158,1.5990126884842387e-17,0.3953705574740284,42.69829644703252,0.0,8.23871469718581,0.0,True
5.5,7.0,9.0,1.0,8.0,1.200119391842096,0.5941665509844576,0.5870019395924255,62.036335375137135,0.0,-7.8065579760603905,0.0,True
5.5,7.0,9.0,1.0,10.0,8.276343825113241e-20,4.9859607993417564e-23,1.0,-47.71,0.0,22.119999999999997,0.0,True
5.5,7.0,9.0,1.0,10.0,1.0581147997286742,4.063312723216186e-24,0.4961768817678165,43.52122615282344,0.0,8.786022944989115,0.0,True
5.5,7.0,9.0,1.0,10.0,1.2342346263997703,0.6203437623065866,0.6608429442375405,62.201014181553006,0.0,-8.560957838105633,0.0,True
5.5,7.0,9.0,1.0,12.0,9.355609506487651e-20,7.656872483831488e-23,1.0,-47.71,0.0,22.119999999999997,0.0,True
5.5,7.0,9.0,1.0,12.0,1.0758316897696056,2.697602067465852e-22,0.5659698157328032,43.767534091835856,0.0,9.232025616317337,0.0,True
5.5,7.0,9.0,1.0,12.0,1.2598935755227079,0.6390078740322999,0.7109988641901873,61.68957636330715,0.0,-9.192408796307308,0.0,True
5.5,7.0,9.0,3.0,8.0,4.141513108308224e-20,1.070510848774637e-22,1.0,-49.71,0.0,22.119999999999997,0.0,True
5.5,7.0,9.0,3.0,8.0,1.008778447131878,4.061190892090547e-21,0.17317241123928495,40.140249174450645,0.0,7.436739517052703,0.0,True
5.5,7.0,9.0,3.0,8.0,1.1096868066790246,0.509009479320193,0.2909605740470794,52.30457466149433,0.0,-7.661759117740562,0.0,True
5.5,7.0,9.0,3.0,10.0,4.6937176402778144e-20,1.486613992578642e-22,1.0,-49.71,0.0,22.119999999999997,0.0,True
5.5,7.0,9.0,3.0,10.0,1.0286315473569556,5.008846460430685e-18,0.3122461408583229,43.45546032870664,0.0,7.807694140053145,0.0,True
5.5,7.0,9.0,3.0,10.0,1.1421412489238765,0.5317264557872579,0.40654341028496577,55.90973292412737,0.0,-8.086378342129409,0.0,True
5.5,7.0,9.0,3.0,12.0,5.100172625198135e-20,1.836974888491157e-22,1.0,-49.71,0.0,22.119999999999997,0.0,True
5.5,7.0,9.0,3.0,12.0,1.0482689890183494,9.694735282567118e-23,0.4047799019421592,44.942019703840714,0.0,8.166243862122053,0.0,True
5.5,7.0,9.0,3.0,12.0,1.1705449865541904,0.5504817008141017,0.48509414586035027,57.521846506029554,0.0,-8.525752828891017,0.0,True
5.5,7.0,9.0,5.0,8.0,3.139112256392702e-20,3.618393774415581e-22,1.0,-51.71,0.0,22.119999999999997,0.0,True
5.5,7.0,9.0,5.0,8.0,1.07639681944171,0.4841150711561832,0.032618832424882394,39.66792797613592,0.0,-7.863483472301503,0.0,True
5.5,7.0,9.0,5.0,10.0,3.225548389488267e-20,3.8530330669354983e-22,1.0,-51.71,0.0,22.119999999999997,0.0,True
5.5,7.0,9.0,5.0,10.0,1.0067368037367734,9.123924287905242e-23,0.13850885680158564,40.09342134763701,0.0,7.36357622752325,0.0,True
5.5,7.0,9.0,5.0,10.0,1.0941017106947069,0.4943689804531685,0.2024608496075535,49.155944907444386,0.0,-7.853983110440107,0.0,True
5.5,7.0,9.0,5.0,12.0,3.2845454310914775e-20,4.0165542138214617e-22,1.0,-51.71,0.0,22.119999999999997,0.0,True
5.5,7.0,9.0,5.0,12.0,1.0234480603976,4.2099965059766114e-19,0.25805913126511004,43.93848312464652,0.0,7.591791932923813,0.0,True
5.5,7.0,9.0,5.0,12.0,1.1180437234442078,0.507643867737299,0.3078446370025967,53.46464325427432,0.0,-8.102817310249572,0.0,True
6.5,3.0,5.0,1.0,8.0,1.1873449128024812e-18,9.1296184720903e-21,1.0,-50.93,0.0,18.119999999999997,0.0,True
6.5,3.0,5.0,1.0,8.0,1.0433735256907155,1.5665002588650836e-18,0.6598036518399144,45.1866840799334,0.0,8.92822865734963,0.0,True
6.5,3.0,5.0,1.0,8.0,1.1796380350119666,0.6330433976222727,0.8156068727810649,55.34269729458576,0.0,-8.949872175379756,0.0,True
6.5,3.0,5.0,1.0,10.0,1.2385660172079931e-18,1.082284345349571e-20,1.0,-50.93,0.0,18.119999999999997,0.0,True
6.5,3.0,5.0,1.0,10.0,1.052187081143209,4.216832475192766e-19,0.7232255865688335,45.028811647077006,0.0,9.25875497104987,0.0,True
6.5,3.0,5.0,1.0,10.0,1.190885481856356,0.6454013699758289,0.8537194064592771,54.59305692769929,0.0,-9.469303235682554,0.0,True
6.5,3.0,5.0,1.0,12.0,1.2738278995405161e-18,1.2095176886469761e-20,1.0,-50.93,0.0,18.119999999999997,0.0,True
6.5,3.0,5.0,1.0,12.0,1.058680803729386,1.3899801003232008e-19,0.7664989491281045,44.85850273067267,0.0,9.500893686589613,0.0,True
6.5,3.0,5.0,1.0,12.0,1.1985940393421615,0.6537273637535046,0.8787690127278448,53.9813662626452,0.0,-9.855751076156011,0.0,True
6.5,3.0,5.0,3.0,8.0,6.453504294611718e-19,1.764408921825391e-20,1.0,-52.93,0.0,18.119999999999997,0.0,True
6.5,3.0,5.0,3.0,8.0,1.0249369293660837,3.5175341042476494e-17,0.4090961635871633,46.907611737321226,0.0,7.811398456615169,0.0,True
6.5,3.0,5.0,3.0,8.0,1.1139328892387914,0.5348224865934872,0.4807957866318422,54.40354326177428,0.0,-8.260912673368038,0.0,True
6.5,3.0,5.0,3.0,10.0,6.533051152193645e-19,1.822903717778353e-20,1.0,-52.93,0.0,18.119999999999997,0.0,True
6.5,3.0,5.0,3.0,10.0,1.039429472706717,8.494271310297457e-25,0.5138138670708863,47.48675980304932,0.0,8.119603721893212,0.0,True
6.5,3.0,5.0,3.0,10.0,1.1341824066257122,0.5516912182783533,0.5733152209880453,54.984926282284114,0.0,-8.636645288644967,0.0,True
6.5,3.0,5.0,3.0,12.0,6.586649870947667e-19,1.8627702690117143e-20,1.0,-52.93,0.0,18.119999999999997,0.0,True
6.5,3.0,5.0,3.0,12.0,1.0513038915191413,4.30332695698472e-24,0.5855350478787662,47.62745871769,0.0,8.368603208380694,0.0,True
6.5,3.0,5.0,3.0,12.0,1.1502059829016587,0.5646029734955229,0.6367083728697887,55.07127772121169,0.0,-8.949488713991052,0.0,True
6.5,3.0,5.0,5.0,8.0,4.2586925963258655e-19,3.219152441583899e-20,1.0,-54.93,0.0,18.119999999999997,0.0,True
6.5,3.0,5.0,5.0,8.0,1.006229612480363,1.6498914641932456e-18,0.17734534816119008,45.268980986101674,0.0,7.354143369332636,0.0,True
6.5,3.0,5.0,5.0,8.0,1.0775422770495984,0.49950165967351745,0.21254708846162185,50.917735520886275,0.0,-7.913008357360532,0.0,True
6.5,3.0,5.0,5.0,10.0,4.054899527199808e-19,2.9571197988823563e-20,1.0,-54.93,0.0,18.119999999999997,0.0,True
6.5,3.0,5.0,5.0,10.0,1.0206902627074432,3.566941271363197e-17,0.3228244019492369,47.987450614014776,0.0,7.546497590012541,0.0,True
6.5,3.0,5.0,5.0,10.0,1.096282399284439,0.5105795320949705,0.34915291495960954,54.01867119607543,0.0,-8.128566578725462,0.0,True
6.5,3.0,5.0,5.0,12.0,3.9235566229878557e-19,2.7930434352829915e-20,1.0,-54.93,0.0,18.119999999999997,0.0,True
6.5,3.0,5.0,5.0,12.0,1.0350516577810314,2.912837791687398e-23,0.41969520226756685,49.169131392419,0.0,7.73342849852179,0.0,True
6.5,3.0,5.0,5.0,12.0,1.1140161110211995,0.5206695204291595,0.4407313688352893,55.38570393110291,0.0,-8.352078965008186,0.0,True
6.5,3.0,7.0,1.0,8.0,1.0230962597599838e-18,2.9829155757266324e-22,1.0,-50.93,0.0,20.119999999999997,0.0,True
6.5,3.0,7.0,1.0,8.0,1.0433735256907155,2.6427894018910556e-18,0.6598036518399144,45.1866840799334,0.0,9.798910375312204,0.0,True
6.5,3.0,7.0,1.0,8.0,1.3164439911402903,0.8328713462756107,1.0653951002006494,71.51054035429782,0.0,-7.291330265907116,0.0,True
6.5,3.0,7.0,1.0,10.0,1.1014280277961622e-18,4.92941370348814e-22,1.0,-50.93,0.0,20.12,0.0,True
6.5,3.0,7.0,1.0,10.0,1.052187081143209,2.925137022056707e-19,0.7232255865688335,45.028811647077006,0.0,10.304865469185536,0.0,True
6.5,3.0,7.0,1.0,10.0,1.3071119524843502,0.8228248947832413,1.0467931511506738,66.46713233843603,0.0,-8.589741117650966,0.0,True
6.5,3.0,7.0,1.0,12.0,1.1568660731150754e-18,6.771750889759755e-22,1.0,-50.93,0.0,20.119999999999997,0.0,True
6.5,3.0,7.0,1.0,12.0,1.058680803729386,4.575256813948411e-20,0.7664989491281045,44.85850273067267,0.0,10.675934964618591,0.0,True
6.5,3.0,7.0,1.0,12.0,1.3020084007423933,0.8172652807363086,1.0364494237224642,63.47858580720955,0.0,-9.508971346763635,0.0,True
6.5,3.0,7.0,3.0,8.0,5.087579204268798e-19,8.682143800522383e-22,1.0,-52.93,0.0,20.119999999999997,0.0,True
6.5,3.0,7.0,3.0,8.0,1.0249369293660837,1.815459922147048e-22,0.4090961635871633,46.907611737321226,0.0,8.146117798738642,0.0,True
6.5,3.0,7.0,3.0,8.0,1.1440400965734812,0.5867448996514057,0.5650202749141496,59.14619799595283,0.0,-7.9838248912048115,0.0,True
6.5,3.0,7.0,3.0,10.0,5.41049313169194e-19,1.1160560234383853e-21,1.0,-52.93,0.0,20.12,0.0,True
6.5,3.0,7.0,3.0,10.0,1.039429472706717,9.253112488479213e-23,0.5138138670708863,47.48675980304932,0.0,8.647613101881888,0.0,True
6.5,3.0,7.0,3.0,10.0,1.1695895424290739,0.6147805677097201,0.6489957385116873,59.65755087019212,0.0,-8.619709690128799,0.0,True
6.5,3.0,7.0,3.0,12.0,5.636813236954657e-19,1.3134745107999211e-21,1.0,-52.93,0.0,20.119999999999997,0.0,True
6.5,3.0,7.0,3.0,12.0,1.0513038915191413,3.055217856799586e-23,0.5855350478787662,47.62745871769,0.0,9.054305792969473,0.0,True
6.5,3.0,7.0,3.0,12.0,1.188898802994475,0.6351186510737219,0.7052473558053582,59.59235134979446,0.0,-9.15930924296463,0.0,True
6.5,3.0,7.0,5.0,8.0,3.098871898686236e-19,2.2120279763959802e-21,1.0,-54.93,0.0,20.119999999999997,0.0,True
6.5,3.0,7.0,5.0,8.0,1.006229612480363,8.228682181329755e-25,0.17734534816119008,45.268980986101674,0.0,7.417046114361464,0.0,True
6.5,3.0,7.0,5.0,8.0,1.0867732412498272,0.5122698580947997,0.2699935432823757,53.77754560696175,0.0,-7.759395600231727,0.0,True
6.5,3.0,7.0,5.0,10.0,3.14540378082267e-19,2.3291148266473644e-21,1.0,-54.93,0.0,20.12,0.0,True
6.5,3.0,7.0,5.0,10.0,1.0206902627074432,3.918003398654011e-22,0.3228244019492369,47.987450614014776,0.0,7.754928779000307,0.0,True
6.5,3.0,7.0,5.0,10.0,1.1107341691139596,0.5344095839401586,0.3979907660007346,56.85985850331575,0.0,-8.122397085446371,0.0,True
6.5,3.0,7.0,5.0,12.0,3.17685480329907e-19,2.4099921283119883e-21,1.0,-54.93,0.0,20.119999999999997,0.0,True
6.5,3.0,7.0,5.0,12.0,1.0350516577810314,5.082902130003277e-21,0.41969520226756685,49.169131392419,0.0,8.085716624134617,0.0,True
6.5,3.0,7.0,5.0,12.0,1.1322658847127347,0.5534909884536655,0.48427472509565683,58.26202093553493,0.0,-8.508554798750534,0.0,True
6.5,3.0,9.0,1.0,8.0,8.905628617008089e-19,3.072622199128638e-24,1.0,-50.93,0.0,22.119999999999997,0.0,True
6.5,3.0,9.0,1.0,8.0,1.0433735256907155,3.27560658458128e-18,0.6598036518399144,45.1866840799334,0.0,10.669592093274778,0.0,True
6.5,3.0,9.0,1.0,8.0,2.1738075567091784,1.4644978048634756,1.9361482687543288,-16.18521817888339,0.0,265.6113260071823,0.0,True
6.5,3.0,9.0,1.0,10.0,9.865740514419626e-19,1.1789092749460602e-23,1.0,-50.93,0.0,22.119999999999997,0.0,True
6.5,3.0,9.0,1.0,10.0,1.052187081143209,1.9886866260672485e-19,0.7232255865688335,45.028811647077006,0.0,11.350975967321203,0.0,True
6.5,3.0,9.0,1.0,10.0,1.9488583857931165,1.3674024664306776,1.7332983027115927,-11.305467229250212,0.0,179.45587733175591,0.0,True
6.5,3.0,9.0,1.0,12.0,1.0564704254617813e-18,2.5138004111119238e-23,1.0,-50.93,0.0,22.119999999999997,0.0,True
6.5,3.0,9.0,1.0,12.0,1.058680803729386,1.8159453637978382e-20,0.7664989491281045,44.85850273067267,0.0,11.850976242647567,0.0,True
6.5,3.0,9.0,1.0,12.0,1.7577188610726413,1.2586121156356596,1.544416761016465,128.23501002506973,0.0,-9.036285348875737,0.0,True
6.5,3.0,9.0,3.0,8.0,4.0463988246891476e-19,2.1357080567094502e-23,1.0,-52.93,0.0,22.119999999999997,0.0,True
6.5,3.0,9.0,3.0,8.0,1.0249369293660837,1.0543233485310325e-20,0.4090961635871633,46.907611737321226,0.0,8.480837140862112,0.0,True
6.5,3.0,9.0,3.0,8.0,1.212617830823879,0.6925517144547846,0.7124577348005385,71.22615016219386,0.0,-6.655588051996254,0.0,True
6.5,3.0,9.0,3.0,10.0,4.511271291640137e-19,4.4386213353955547e-23,1.0,-52.93,0.0,22.119999999999997,0.0,True
6.5,3.0,9.0,3.0,10.0,1.039429472706717,9.277121880337285e-22,0.5138138670708863,47.48675980304932,0.0,9.175622481870565,0.0,True
6.5,3.0,9.0,3.0,10.0,1.2440943055476132,0.7286318056500356,0.7813170888911489,70.98319403278173,0.0,-7.69179735721787,0.0,True
6.5,3.0,9.0,3.0,12.0,4.850608502384607e-19,6.956047035683512e-23,1.0,-52.93,0.0,22.119999999999997,0.0,True
6.5,3.0,9.0,3.0,12.0,1.0513038915191413,7.934596566426973e-23,0.5855350478787662,47.62745871769,0.0,9.74000837755825,0.0,True
6.5,3.0,9.0,3.0,12.0,1.2650856634583447,0.7516108194945015,0.823523467027957,69.92542410326588,0.0,-8.575716149077468,0.0,True
6.5,3.0,9.0,5.0,8.0,2.2634469126772116e-19,9.520418321757715e-23,1.0,-54.93,0.0,22.119999999999997,0.0,True
6.5,3.0,9.0,5.0,8.0,1.006229612480363,4.854600482887033e-21,0.17734534816119008,45.268980986101674,0.0,7.479948859390292,0.0,True
6.5,3.0,9.0,5.0,8.0,1.102051705269107,0.5362250560326913,0.3366836311741017,57.92223561861289,0.0,-7.31123419872598,0.0,True
6.5,3.0,9.0,5.0,10.0,2.449587785972674e-19,1.3532783242410346e-22,1.0,-54.93,0.0,22.119999999999997,0.0,True
6.5,3.0,9.0,5.0,10.0,1.0206902627074432,6.746013889994894e-20,0.3228244019492369,47.987450614014776,0.0,7.9633599679880716,0.0,True
6.5,3.0,9.0,5.0,10.0,1.1333978719383881,0.5721335082303103,0.45961909764152686,61.32864620358959,0.0,-7.8218952557364645,0.0,True
6.5,3.0,9.0,5.0,10.0,2.672028133391909,-2.1035125332948117,0.3414611552909186,229.6644592259177,0.0,-52.45458009968792,0.0,True
6.5,3.0,9.0,5.0,12.0,2.582229040628908e-19,1.69552222009206e-22,1.0,-54.93,0.0,22.119999999999997,0.0,True
6.5,3.0,9.0,5.0,12.0,1.0350516577810314,1.686346247597821e-19,0.41969520226756685,49.169131392419,0.0,8.438004749747446,0.0,True
6.5,3.0,9.0,5.0,12.0,1.160242463625156,0.6012462440850863,0.5419513900537078,62.91443052556484,0.0,-8.375852139422946,0.0,True
6.5,5.0,5.0,1.0,8.0,5.672762506376212e-19,1.2896951987445544e-20,1.0,-52.93,0.0,18.119999999999997,0.0,True
6.5,5.0,5.0,1.0,8.0,1.041277272353233,3.674310915532572e-24,0.5256369684102673,47.52431190929872,0.0,8.158559718969254,0.0,True
6.5,5.0,5.0,1.0,8.0,1.1463671660296595,0.5615440742665304,0.6221383573739022,56.37359839993551,0.0,-8.537786163807334,0.0,True
6.5,5.0,5.0,1.0,10.0,5.894265189299603e-19,1.4221585005169576e-20,1.0,-52.93,0.0,18.119999999999997,0.0,True
6.5,5.0,5.0,1.0,10.0,1.0557057595590458,1.1720995120678304e-23,0.6099198722318504,47.62769119380477,0.0,8.460100545734653,0.0,True
6.5,5.0,5.0,1.0,10.0,1.165295798713576,0.5764209496345557,0.6908605511139727,56.158499552664594,0.0,-8.93652569001216,0.0,True
6.5,5.0,5.0,1.0,12.0,6.046314944559686e-19,1.5167325883440098e-20,1.0,-52.93,0.0,18.119999999999997,0.0,True
6.5,5.0,5.0,1.0,12.0,1.0669379827306655,1.774227101375623e-23,0.6679793077935969,47.530650702061905,0.0,8.69159532309078,0.0,True
6.5,5.0,5.0,1.0,12.0,1.1794716729522219,0.5872297130914229,0.7379297236790565,55.78574211996101,0.0,-9.249448499304311,0.0,True
6.5,5.0,5.0,3.0,8.0,3.6117136033349416e-19,2.4142310654442174e-20,1.0,-54.93,0.0,18.119999999999997,0.0,True
6.5,5.0,5.0,3.0,8.0,1.0166228799046544,2.5051721336925538e-17,0.28945357003737715,47.46381986057228,0.0,7.492812678354958,0.0,True
6.5,5.0,5.0,3.0,8.0,1.094518839173484,0.5095553659753354,0.33867377047376257,54.271272342813695,0.0,-8.0250590986664,0.0,True
6.5,5.0,5.0,3.0,10.0,3.551456339143809e-19,2.3450806645496666e-20,1.0,-54.93,0.0,18.119999999999997,0.0,True
6.5,5.0,5.0,3.0,10.0,1.0338022649528433,2.735124863567109e-23,0.41218908233810425,49.09559818480927,0.0,7.717328528317113,0.0,True
6.5,5.0,5.0,3.0,10.0,1.116242426082752,0.5219096398451135,0.4508964014987187,56.004072002822575,0.0,-8.292506281986716,0.0,True
6.5,5.0,5.0,3.0,12.0,3.5117141881197576e-19,2.3000046929927468e-20,1.0,-54.93,0.0,18.119999999999997,0.0,True
6.5,5.0,5.0,3.0,12.0,1.0489975588824185,1.744931948599839e-21,0.4956518890019165,49.74218815583501,0.0,7.911038085889392,0.0,True
6.5,5.0,5.0,3.0,12.0,1.1347518535630208,0.5319935331916493,0.52774548886523,56.654251173776615,0.0,-8.532296607787968,0.0,True
6.5,5.0,5.0,5.0,8.0,2.7489065802931965e-19,4.287509032395413e-20,1.0,-56.93,0.0,18.119999999999997,0.0,True
6.5,5.0,5.0,5.0,8.0,1.0009140266942365,1.9629308551993755e-20,0.06078541671880866,42.73868288476571,0.0,7.277775334753762,0.0,True
6.5,5.0,5.0,5.0,8.0,1.0684503066771809,0.493547778374828,0.08200645173805343,47.402667430988224,0.0,-7.870981036553536,0.0,True
6.5,5.0,5.0,5.0,10.0,2.4907320727584886e-19,3.735661706741126e-20,1.0,-56.93,0.0,18.119999999999997,0.0,True
6.5,5.0,5.0,5.0,10.0,1.013131761060283,6.710900283018345e-18,0.23017302604816714,47.87569861007237,0.0,7.380247712776554,0.0,True
6.5,5.0,5.0,5.0,10.0,1.083461063107828,0.4993161329627765,0.2442423938653916,53.26583802388957,0.0,-7.977751087759682,0.0,True
6.5,5.0,5.0,5.0,12.0,2.330379039735507e-19,3.4029906670050387e-20,1.0,-56.93,0.0,18.119999999999997,0.0,True
6.5,5.0,5.0,5.0,12.0,1.0285273802291197,5.031564246766143e-24,0.33883214257438987,50.1629233605027,0.0,7.505504958704046,0.0,True
6.5,5.0,5.0,5.0,12.0,1.101090740008101,0.5057853902313477,0.3488406809892066,55.879881010236176,0.0,-8.128682669122211,0.0,True
6.5,5.0,7.0,1.0,8.0,4.465840722941135e-19,5.30058904148371e-22,1.0,-52.93,0.0,20.119999999999997,0.0,True
6.5,5.0,7.0,1.0,8.0,1.041277272353233,1.8792015083423705e-22,0.5256369684102673,47.52431190929872,0.0,8.711148164088327,0.0,True
6.5,5.0,7.0,1.0,8.0,1.2001093501663616,0.646607912514528,0.7357242455545281,63.731136256293716,0.0,-8.153636471194835,0.0,True
6.5,5.0,7.0,1.0,10.0,4.877900098849572e-19,7.637345115646956e-22,1.0,-52.93,0.0,20.12,0.0,True
6.5,5.0,7.0,1.0,10.0,1.055705759559046,4.1322571843194784e-23,0.6099198722318502,47.6276911938048,0.0,9.204105046821281,0.0,True
6.5,5.0,7.0,1.0,10.0,1.22141378434476,0.6678259570152761,0.790045984798773,62.80705072828401,0.0,-8.896221819289924,0.0,True
6.5,5.0,7.0,1.0,12.0,5.17243804772348e-19,9.653467097161312e-22,1.0,-52.93,0.0,20.119999999999997,0.0,True
6.5,5.0,7.0,1.0,12.0,1.0669379827306655,7.866302826823636e-24,0.6679793077935969,47.530650702061905,0.0,9.583988034371604,0.0,True
6.5,5.0,7.0,1.0,12.0,1.2363197308248182,0.6822103759761696,0.8256811925611,61.83015811112245,0.0,-9.483630049612263,0.0,True
6.5,5.0,7.0,3.0,8.0,2.6160381740859375e-19,1.4293113257500049e-21,1.0,-54.93,0.0,20.119999999999997,0.0,True
6.5,5.0,7.0,3.0,8.0,1.0166228799046542,2.375820229531519e-22,0.2894535700373775,47.463819860572265,0.0,7.660379416769728,0.0,True
6.5,5.0,7.0,3.0,8.0,1.1114589333344655,0.5350641681995378,0.40121004574350116,57.89698596247031,0.0,-7.873157651061003,0.0,True
6.5,5.0,7.0,3.0,8.0,2.643163280042939,-2.110381017852862,0.09390494953442108,153.8485222980628,0.0,-51.07856448488142,0.0,True
6.5,5.0,7.0,3.0,10.0,2.7472501834283017e-19,1.6498090559208232e-21,1.0,-54.93,0.0,20.12,0.0,True
6.5,5.0,7.0,3.0,10.0,1.0338022649528433,6.494098659770962e-21,0.41218908233810425,49.09559818480927,0.0,8.05712820751457,0.0,True
6.5,5.0,7.0,3.0,10.0,1.1383354756800104,0.5587358454016088,0.5058358111002559,59.6176128758454,0.0,-8.341133394374479,0.0,True
6.5,5.0,7.0,3.0,12.0,2.838290295568999e-19,1.8126179813162296e-21,1.0,-54.93,0.0,20.119999999999997,0.0,True
6.5,5.0,7.0,3.0,12.0,1.0489975588824185,4.297158449670013e-20,0.4956518890019165,49.74218815583501,0.0,8.402379676031728,0.0,True
6.5,5.0,7.0,3.0,12.0,1.1604350358397706,0.5773514878183353,0.5772492570981538,60.23356202907227,0.0,-8.768647956828532,0.0,True
6.5,5.0,7.0,5.0,8.0,1.855809140260297e-19,3.432190869642371e-21,1.0,-56.93,0.0,20.119999999999997,0.0,True
6.5,5.0,7.0,5.0,8.0,1.0009140266942365,5.258552486724531e-18,0.06078541671880866,42.73868288476571,0.0,7.28516506852512,0.0,True
6.5,5.0,7.0,5.0,8.0,1.0725584898318379,0.497197479541998,0.13782180997659532,50.375332957924996,0.0,-7.7664656663638505,0.0,True
6.5,5.0,7.0,5.0,10.0,1.8161650876870154e-19,3.3134382480817474e-21,1.0,-56.93,0.0,20.12,0.0,True
6.5,5.0,7.0,5.0,10.0,1.013131761060283,1.7589988318536233e-23,0.23017302604816714,47.87569861007237,0.0,7.486206956616894,0.0,True
6.5,5.0,7.0,5.0,10.0,1.0928037463674967,0.5116402989756763,0.2875780358190164,55.88590092011068,0.0,-7.956527344482783,0.0,True
6.5,5.0,7.0,5.0,12.0,1.7900382326103586e-19,3.2363512148074316e-21,1.0,-56.93,0.0,20.119999999999997,0.0,True
6.5,5.0,7.0,5.0,12.0,1.0285273802291197,5.472150283959235e-21,0.33883214257438987,50.1629233605027,0.0,7.735119400387149,0.0,True
6.5,5.0,7.0,5.0,12.0,1.113968225780557,0.526147469120217,0.3859065878721796,58.441680317103064,0.0,-8.240504379978642,0.0,True
6.5,5.0,9.0,1.0,8.0,3.55205966400309e-19,9.336978381794658e-24,1.0,-52.93,0.0,22.119999999999997,0.0,True
6.5,5.0,9.0,1.0,8.0,1.041277272353233,1.6852513015931804e-21,0.5256369684102673,47.52431190929872,0.0,9.263736609207399,0.0,True
6.5,5.0,9.0,1.0,8.0,1.3672071996284676,0.8526643152058476,1.0001166957904257,92.84946626975824,0.0,-6.208978117330119,0.0,True
6.5,5.0,9.0,1.0,10.0,4.067645992698338e-19,2.469666483364067e-23,1.0,-52.93,0.0,22.119999999999997,0.0,True
6.5,5.0,9.0,1.0,10.0,1.055705759559046,7.410307144814786e-23,0.6099198722318502,47.6276911938048,0.0,9.948109547907913,0.0,True
6.5,5.0,9.0,1.0,10.0,1.3671862012181435,0.8526451876972997,1.0000840964125728,84.40387158468766,0.0,-7.581904070366299,0.0,True
6.5,5.0,9.0,1.0,12.0,4.451721460743194e-19,4.411243286591135e-23,1.0,-52.93,0.0,22.119999999999997,0.0,True
6.5,5.0,9.0,1.0,12.0,1.0669379827306655,3.1633272009479866e-24,0.6679793077935969,47.530650702061905,0.0,10.476380745652431,0.0,True
6.5,5.0,9.0,1.0,12.0,1.3671743733010355,0.8526344133398635,1.0000657333969951,78.92181962801793,0.0,-8.644493690399537,0.0,True
6.5,5.0,9.0,3.0,8.0,1.9054875722104432e-19,4.888878054318922e-23,1.0,-54.93,0.0,22.119999999999997,0.0,True
6.5,5.0,9.0,3.0,8.0,1.0166228799046542,7.620777744167608e-20,0.2894535700373775,47.463819860572265,0.0,7.8279461551844935,0.0,True
6.5,5.0,9.0,3.0,8.0,1.1408829799442899,0.5803971856914916,0.4841088977289172,64.1676550346807,0.0,-7.278733312642702,0.0,True
6.5,5.0,9.0,3.0,10.0,2.1359098147648276e-19,8.173780849497884e-23,1.0,-54.93,0.0,22.119999999999997,0.0,True
6.5,5.0,9.0,3.0,10.0,1.0338022649528433,2.698962190389069e-19,0.41218908233810425,49.09559818480927,0.0,8.396927886712026,0.0,True
6.5,5.0,9.0,3.0,10.0,1.1753717744825374,0.617034046022635,0.5828335680183312,66.07548115805979,0.0,-7.969450940868752,0.0,True
6.5,5.0,9.0,3.0,12.0,2.3045420209906703e-19,1.130355477875386e-22,1.0,-54.93,0.0,22.119999999999997,0.0,True
6.5,5.0,9.0,3.0,12.0,1.0489975588824185,3.7460017875154654e-19,0.4956518890019165,49.74218815583501,0.0,8.893721266174065,0.0,True
6.5,5.0,9.0,3.0,12.0,1.2022797518630166,0.6440766287000323,0.6486159185974592,66.62367123842711,0.0,-8.611631397219726,0.0,True
6.5,5.0,9.0,5.0,8.0,1.2498506154572461e-19,1.8688118631218115e-22,1.0,-56.93,0.0,22.119999999999997,0.0,True
6.5,5.0,9.0,5.0,8.0,1.0009140266942365,8.970322143935173e-24,0.06078541671880866,42.73868288476571,0.0,7.292554802296478,0.0,True
6.5,5.0,9.0,5.0,8.0,1.079866222772917,0.5061198326306287,0.1949478277118306,53.925366843046106,0.0,-7.480483960014325,0.0,True
6.5,5.0,9.0,5.0,10.0,1.3247341292448067e-19,2.282543091510434e-22,1.0,-56.93,0.0,22.119999999999997,0.0,True
6.5,5.0,9.0,5.0,10.0,1.013131761060283,1.4104114856870676e-20,0.23017302604816714,47.87569861007237,0.0,7.592166200457235,0.0,True
6.5,5.0,9.0,5.0,10.0,1.1064406221960414,0.5317270319349747,0.3363021350071673,59.41898400175875,0.0,-7.761000402372206,0.0,True
6.5,5.0,9.0,5.0,12.0,1.3771870574476006e-19,2.600296201024585e-22,1.0,-56.93,0.0,22.119999999999997,0.0,True
6.5,5.0,9.0,5.0,12.0,1.0285273802291197,6.024535085160709e-19,0.33883214257438987,50.1629233605027,0.0,7.9647338420702525,0.0,True
6.5,5.0,9.0,5.0,12.0,1.1321927258592988,0.5553749759081138,0.43016829259326006,62.08842437356684,0.0,-8.178273592587527,0.0,True
6.5,7.0,5.0,1.0,8.0,3.050309417392955e-19,1.7873485223704975e-20,1.0,-54.93,0.0,18.119999999999997,0.0,True
6.5,7.0,5.0,1.0,8.0,1.0319750627416637,2.456885102597882e-23,0.4009529518071283,48.97985454253543,0.0,7.69372704660838,0.0,True
6.5,7.0,5.0,1.0,8.0,1.119706988671548,0.5238278037288057,0.4662663759546428,56.975807168245595,0.0,-8.199470432066336,0.0,True
6.5,7.0,5.0,1.0,10.0,3.102151540568038e-19,1.8442001450392555e-20,1.0,-54.93,0.0,18.119999999999997,0.0,True
6.5,7.0,5.0,1.0,10.0,1.0505458624533308,3.739872396342061e-21,0.5033590258969842,49.782898454590644,0.0,7.930518881420598,0.0,True
6.5,7.0,5.0,1.0,10.0,1.1424095707566275,0.536048473903828,0.5563791508769576,57.5929665312935,0.0,-8.498254919951904,0.0,True
6.5,7.0,5.0,1.0,12.0,3.137177211136889e-19,1.8829077952317974e-20,1.0,-54.93,0.0,18.119999999999997,0.0,True
6.5,7.0,5.0,1.0,12.0,1.0658831065707441,1.148874820157694e-19,0.5739599511726623,50.00570364464836,0.0,8.120925366044156,0.0,True
6.5,7.0,5.0,1.0,12.0,1.1605598100469212,0.5453902948627877,0.618850586793328,57.62457091810786,0.0,-8.74473865228486,0.0,True
6.5,7.0,5.0,1.0,12.0,2.6466757062752606,-2.1050165886318286,0.21945490568595716,155.04900071143405,0.0,-50.53225834151909,0.0,True
6.5,7.0,5.0,3.0,8.0,2.2525993759841163e-19,3.25229685787056e-20,1.0,-56.93,0.0,18.119999999999997,0.0,True
6.5,7.0,5.0,3.0,8.0,1.0075938846024004,1.2133082252247484e-18,0.1751130830158738,46.41549022946221,0.0,7.334137156930912,0.0,True
6.5,7.0,5.0,3.0,8.0,1.0789212715605527,0.49759693662659266,0.2089439175291108,52.44349928944353,0.0,-7.906612198487889,0.0,True
6.5,7.0,5.0,3.0,10.0,2.1200181888575208e-19,2.984190334559791e-20,1.0,-56.93,0.0,18.119999999999997,0.0,True
6.5,7.0,5.0,3.0,10.0,1.0249752237429246,-5.4450553484732136e-18,0.317126763963542,49.76925666551746,0.0,7.476987797781817,0.0,True
6.5,7.0,5.0,3.0,10.0,1.099672615095396,0.5052771277019857,0.34162057863539896,56.092483694140554,0.0,-8.073688607973553,0.0,True
6.5,7.0,5.0,3.0,12.0,2.0353797761113879e-19,2.816438106334037e-20,1.0,-56.93,0.0,18.119999999999997,0.0,True
6.5,7.0,5.0,3.0,12.0,1.0422000716093498,2.3634546865363296e-21,0.4116519641494608,51.252181948128694,0.0,7.613127910754721,0.0,True
6.5,7.0,5.0,3.0,12.0,1.1192640708832764,0.5121124689806201,0.43070062600173387,57.672860145626004,0.0,-8.24348951108162,0.0,True
6.5,7.0,5.0,5.0,8.0,1.9502739416956771e-19,5.635660192417198e-20,1.0,-58.93,0.0,18.119999999999997,0.0,True
6.5,7.0,5.0,5.0,10.0,1.6633600454418373e-19,4.676017752315027e-20,1.0,-58.93,0.0,18.119999999999997,0.0,True
6.5,7.0,5.0,5.0,10.0,1.005828178799124,1.8187073594450375e-19,0.14006322352359213,46.370810177883556,0.0,7.299700130110878,0.0,True
6.5,7.0,5.0,5.0,10.0,1.0731786859977723,0.49428488087992506,0.14320315346532142,50.86602439277403,0.0,-7.904399288732568,0.0,True
6.5,7.0,5.0,5.0,12.0,1.4930251719355852e-19,4.117392634737277e-20,1.0,-58.93,0.0,18.119999999999997,0.0,True
6.5,7.0,5.0,5.0,12.0,1.0204939941335893,2.6662008931428696e-17,0.2623360056222356,50.275449847009725,0.0,7.371864145662199,0.0,True
6.5,7.0,5.0,5.0,12.0,1.0889701757364687,0.4976473022879147,0.26320731803352615,55.38682814070339,0.0,-7.992928878272258,0.0,True
6.5,7.0,7.0,1.0,8.0,2.199706798054576e-19,8.984457008855187e-22,1.0,-54.93,0.0,20.119999999999997,0.0,True
6.5,7.0,7.0,1.0,8.0,1.0319750627416637,9.129384817801061e-21,0.4009529518071283,48.97985454253543,0.0,8.01525358573408,0.0,True
6.5,7.0,7.0,1.0,8.0,1.14844598564604,0.5673451058291371,0.5397483081248318,61.90836825490837,0.0,-8.066033064054485,0.0,True
6.5,7.0,7.0,1.0,10.0,2.3933330419705328e-19,1.1486147742428808e-21,1.0,-54.93,0.0,20.12,0.0,True
6.5,7.0,7.0,1.0,10.0,1.0505458624533308,8.829891233108523e-20,0.5033590258969842,49.782898454590644,0.0,8.437259499324519,0.0,True
6.5,7.0,7.0,1.0,10.0,1.175676130088173,0.5897626850821581,0.6214775540141255,62.32952234496123,0.0,-8.61301913164981,0.0,True
6.5,7.0,7.0,1.0,12.0,2.531237233274135e-19,1.3472713819506046e-21,1.0,-54.93,0.0,20.119999999999997,0.0,True
6.5,7.0,7.0,1.0,12.0,1.0658831065707441,3.5685110908522907e-19,0.5739599511726623,50.00570364464836,0.0,8.779785417144407,0.0,True
6.5,7.0,7.0,1.0,12.0,1.1966816302499244,0.6063175219761143,0.6774279502822931,62.147602352507995,0.0,-9.071495997273278,0.0,True
6.5,7.0,7.0,3.0,8.0,1.5082603201669061e-19,2.2706619248882683e-21,1.0,-56.93,0.0,20.119999999999997,0.0,True
6.5,7.0,7.0,3.0,8.0,1.0075938846024004,9.024608311763761e-18,0.1751130830158738,46.41549022946221,0.0,7.39546634061756,0.0,True
6.5,7.0,7.0,3.0,8.0,1.0885901424079738,0.5086805232244302,0.26357573562429737,55.6935899307233,0.0,-7.787329557532377,0.0,True
6.5,7.0,7.0,3.0,10.0,1.537935327707018e-19,2.3819277642091394e-21,1.0,-56.93,0.0,20.12,0.0,True
6.5,7.0,7.0,3.0,10.0,1.0249752237429246,2.6266461494993353e-21,0.317126763963542,49.76925666551746,0.0,7.678126566625793,0.0,True
6.5,7.0,7.0,3.0,10.0,1.1142234409557064,0.5263187941594001,0.3869370115159201,59.182838297948884,0.0,-8.10387919669076,0.0,True
6.5,7.0,7.0,3.0,12.0,1.5580586933058725e-19,2.4586327616133876e-21,1.0,-56.93,0.0,20.119999999999997,0.0,True
6.5,7.0,7.0,3.0,12.0,1.0422000716093498,2.9925657805999607e-19,0.4116519641494608,51.252181948128694,0.0,7.952042589930939,0.0,True
6.5,7.0,7.0,3.0,12.0,1.1372367518789672,0.5414212898264956,0.4704550664736874,60.71530037745165,0.0,-8.433758304075555,0.0,True
6.5,7.0,7.0,5.0,8.0,1.2322342533492809e-19,5.179579116530902e-21,1.0,-58.93,0.0,20.119999999999997,0.0,True
6.5,7.0,7.0,5.0,8.0,1.0665505568321265,0.4928013608386642,0.0038708126675328636,43.855463512090154,0.0,-7.875519868665499,0.0,True
6.5,7.0,7.0,5.0,10.0,1.146669559875802e-19,4.6249479524913654e-21,1.0,-58.93,0.0,20.12,0.0,True
6.5,7.0,7.0,5.0,10.0,1.005828178799124,2.1438820380444762e-17,0.14006322352359213,46.370810177883556,0.0,7.3389355432785175,0.0,True
6.5,7.0,7.0,5.0,10.0,1.0788027045822084,0.49940017326680175,0.18533738903943375,53.53543376061485,0.0,-7.87026036708138,0.0,True
6.5,7.0,7.0,5.0,12.0,1.092428467521473e-19,4.284984697693545e-21,1.0,-58.93,0.0,20.119999999999997,0.0,True
6.5,7.0,7.0,5.0,12.0,1.0204939941335893,2.4497050996867e-22,0.2623360056222356,50.275449847009725,0.0,7.509504505353858,0.0,True
6.5,7.0,7.0,5.0,12.0,1.0981276837087786,0.5094510419360151,0.29723042218526496,57.81637757880402,0.0,-8.057435237026274,0.0,True
6.5,7.0,9.0,1.0,8.0,1.5982169226403868e-19,2.3426824390453734e-23,1.0,-54.93,0.0,22.119999999999997,0.0,True
6.5,7.0,9.0,1.0,8.0,1.0319750627416637,5.210387801757705e-19,0.4009529518071283,48.97985454253543,0.0,8.336780124859777,0.0,True
6.5,7.0,9.0,1.0,8.0,1.2045189714603042,0.6462695129749622,0.6537602204841253,72.40705603341969,0.0,-7.257970863989626,0.0,True
6.5,7.0,9.0,1.0,10.0,1.85789760974828e-19,4.7516965628506176e-23,1.0,-54.93,0.0,22.119999999999997,0.0,True
6.5,7.0,9.0,1.0,10.0,1.0505458624533308,7.498642539551979e-19,0.5033590258969842,49.782898454590644,0.0,8.944000117228441,0.0,True
6.5,7.0,9.0,1.0,10.0,1.237120435413148,0.6772449837667067,0.7240845539608827,72.16917012661376,0.0,-8.133112804405094,0.0,True
6.5,7.0,9.0,1.0,12.0,2.0532141455472006e-19,7.353919919512221e-23,1.0,-54.93,0.0,22.119999999999997,0.0,True
6.5,7.0,9.0,1.0,12.0,1.065883106570744,6.661615052664846e-19,0.5739599511726625,50.00570364464834,0.0,9.43864546824466,0.0,True
6.5,7.0,9.0,1.0,12.0,1.2604348207844784,0.6983532295454351,0.7700119483701542,71.21823229700648,0.0,-8.869480318376759,0.0,True
6.5,7.0,9.0,3.0,8.0,1.0095187653203478e-19,1.0142944118580532e-22,1.0,-56.93,0.0,22.119999999999997,0.0,True
6.5,7.0,9.0,3.0,8.0,1.0075938846024004,2.9563453772871445e-21,0.1751130830158738,46.41549022946221,0.0,7.4567955243042086,0.0,True
6.5,7.0,9.0,3.0,8.0,1.1038189736779052,0.5292563960037244,0.3251631088954906,60.184651560852615,0.0,-7.426049660190554,0.0,True
6.5,7.0,9.0,3.0,10.0,1.1174518927415525e-19,1.4228743785355825e-22,1.0,-56.93,0.0,22.119999999999997,0.0,True
6.5,7.0,9.0,3.0,10.0,1.0249752237429246,4.550878508826766e-19,0.317126763963542,49.76925666551746,0.0,7.8792653354697695,0.0,True
6.5,7.0,9.0,3.0,10.0,1.135972878999666,0.5587537009659598,0.44220278032402816,63.798296151586044,0.0,-7.900198706814589,0.0,True
6.5,7.0,9.0,3.0,10.0,2.668243606298227,-2.0980261168240664,0.33385166552989387,238.6934241848078,0.0,-51.74595987059476,0.0,True
6.5,7.0,9.0,3.0,12.0,1.195595548274209e-19,1.7689830932879029e-22,1.0,-56.93,0.0,22.119999999999997,0.0,True
6.5,7.0,9.0,3.0,12.0,1.0422000716093498,9.440676851155484e-18,0.4116519641494608,51.252181948128694,0.0,8.290957269107157,0.0,True
6.5,7.0,9.0,3.0,12.0,1.1635790008250746,0.5827392262652936,0.5213175383256203,65.3936269119959,0.0,-8.39742392964828,0.0,True
6.5,7.0,9.0,5.0,8.0,7.702477258514348e-20,3.4437413583948424e-22,1.0,-58.93,0.0,22.119999999999997,0.0,True
6.5,7.0,9.0,5.0,8.0,1.0680673267362173,0.4940299987079528,0.06250804173226221,47.72538294616808,0.0,-7.7156649396178,0.0,True
6.5,7.0,9.0,5.0,10.0,7.867455038955068e-20,3.6977066071329707e-22,1.0,-58.93,0.0,22.119999999999997,0.0,True
6.5,7.0,9.0,5.0,10.0,1.005828178799124,1.1523136578304843e-22,0.14006322352359213,46.370810177883556,0.0,7.378170956446157,0.0,True
6.5,7.0,9.0,5.0,10.0,1.0870181959318233,0.5090725525169562,0.22887210280967185,56.71575834602707,0.0,-7.720728555369279,0.0,True
6.5,7.0,9.0,5.0,12.0,7.979500045658357e-20,3.875444542143955e-22,1.0,-58.93,0.0,22.119999999999997,0.0,True
6.5,7.0,9.0,5.0,12.0,1.0204939941335893,8.45923677050234e-20,0.2623360056222356,50.275449847009725,0.0,7.647144865045518,0.0,True
6.5,7.0,9.0,5.0,12.0,1.1105092820301623,0.5269912683739548,0.33475131799523017,60.941642177535925,0.0,-8.00707473454513,0.0,True
