a,rc,beta,delta,eta,rd,c_star,s_star,i_star,eig1_real,eig1_imag,eig2_real,eig2_imag
0.1,3.0,1.0,3.0,0.5,6.0,1.3749491789663462e-21,-1.6367863224211287e-25,1.0,-1.2999999670000002,0.0,16.1199998688,0.0
0.1,3.0,1.0,3.0,0.5,8.0,1.3829662461283625e-21,-1.6360113282115073e-25,1.0,-1.2999999670000002,0.0,16.1199998688,0.0
0.1,3.0,1.0,3.0,0.5,10.0,1.3877931029916799e-21,-1.6355408466372528e-25,1.0,-1.299999967,0.0,16.1199998688,0.0
0.1,3.0,1.0,3.0,0.5,12.0,1.3910181683206151e-21,-1.6352230836038685e-25,1.0,-1.2999999670000002,0.0,16.1199998688,0.0
0.1,3.0,1.0,3.0,0.5,12.0,3.460657294750759e-27,2.4968347342718875,2.5585459225666414,-70.5595145194067,0.0,15.092863653105397,0.0
0.1,3.0,1.0,3.0,0.5,12.0,1.784311859744923e-23,1.6387677623491241,1.671389944728689,-30.539965254848976,0.0,-8.03478022295281,0.0
0.1,3.0,1.0,3.0,0.5,14.0,1.3933251131518435e-21,-1.6349937900884095e-25,1.0,-1.299999967,0.0,16.1199998688,0.0
0.1,3.0,1.0,3.0,0.5,14.0,2.4733976629171303e-21,3.0514270233644116,2.9952586169111273,-104.4321084517284,0.0,31.681065585205783,0.0
0.1,3.0,1.0,3.0,0.5,14.0,1.5693080172421626e-24,1.5040921799693376,1.484777132681053,-25.625200482067598,0.0,-11.096257563451847,0.0
0.1,3.0,1.0,3.0,1.0,6.0,1.3814075705756162e-21,-1.6361788378943503e-25,1.0,-1.299999967,0.0,16.1199998688,0.0
0.1,3.0,1.0,3.0,1.0,8.0,1.3878289298985514e-21,-1.6355496288777992e-25,1.0,-1.299999967,0.0,16.1199998688,0.0
0.1,3.0,1.0,3.0,1.0,10.0,1.391692379337315e-21,-1.6351665691155804e-25,1.0,-1.299999967,0.0,16.1199998688,0.0
0.1,3.0,1.0,3.0,1.0,12.0,1.3942726108296608e-21,-1.634910066061867e-25,1.0,-1.2999999670000002,0.0,16.1199998688,0.0
0.1,3.0,1.0,3.0,1.0,12.0,3.451394342090234e-27,2.496834734271888,2.5585459225666423,-70.55951451940672,0.0,15.092863653105407,0.0
0.1,3.0,1.0,3.0,1.0,12.0,1.604913845844992e-23,1.6387677623491241,1.671389944728689,-30.539965254848976,0.0,-8.03478022295281,0.0
0.1,3.0,1.0,3.0,1.0,14.0,1.3961176618236641e-21,-1.634725176787206e-25,1.0,-1.2999999670000002,0.0,16.1199998688,0.0
0.1,3.0,1.0,3.0,1.0,14.0,2.3307049682838983e-21,3.0514270233644125,2.995258616911128,-104.43210845172847,0.0,31.681062332951843,0.0
0.1,3.0,1.0,3.0,1.0,14.0,1.6859071810601647e-24,1.5040921799693374,1.484777132681053,-25.62520048206759,0.0,-11.096257563451841,0.0
0.1,3.0,1.0,3.0,3.0,6.0,1.4074674075638623e-21,-1.6336618169388713e-25,1.0,-1.2999999670000002,0.0,16.1199998688,0.0
0.1,3.0,1.0,3.0,3.0,8.0,1.4074072016995758e-21,-1.6336469641671402e-25,1.0,-1.2999999670000002,0.0,16.1199998688,0.0
0.1,3.0,1.0,3.0,3.0,10.0,1.4073711412898763e-21,-1.633635747551144e-25,1.0,-1.2999999670000002,0.0,16.1199998688,0.0
0.1,3.0,1.0,3.0,3.0,12.0,1.4073470273897256e-21,-1.6336283827950367e-25,1.0,-1.2999999670000002,0.0,16.1199998688,0.0
0.1,3.0,1.0,3.0,3.0,12.0,3.412404275552103e-27,2.496834734271887,2.5585459225666414,-70.55951451940668,0.0,15.092865427213175,0.0
0.1,3.0,1.0,3.0,3.0,12.0,9.050547523059113e-24,1.6387677623491248,1.6713899447286895,-30.539965254849,0.0,-8.034780222952815,0.0
0.1,3.0,1.0,3.0,3.0,14.0,1.407329887019977e-21,-1.6336247774541808e-25,1.0,-1.2999999670000002,0.0,16.1199998688,0.0
0.1,3.0,1.0,3.0,3.0,14.0,1.8574494135655956e-21,3.051427023364412,2.995258616911128,-104.43210845172844,0.0,31.681062332951832,0.0
0.1,3.0,1.0,3.0,3.0,14.0,2.161145981003569e-24,1.5040921799693374,1.484777132681053,-25.62520048206759,0.0,-11.096257563451841,0.0
0.1,3.0,1.0,3.0,5.0,6.0,1.4338913070153115e-21,-1.6309876092850512e-25,1.0,-1.2999999670000002,0.0,16.1199998688,0.0
0.1,3.0,1.0,3.0,5.0,6.0,0.5169341926674628,-4.601665766694517e-20,0.7773158670426987,0.7949407331063686,0.0,14.734916230202945,0.0
0.1,3.0,1.0,3.0,5.0,6.0,0.9865884206565342,7.306712609399146e-24,0.18886940685537124,-1.9716075503967874,0.0,12.506730860625268,0.0
0.1,3.0,1.0,3.0,5.0,8.0,1.4271902681024828e-21,-1.6316522245976999e-25,1.0,-1.2999999670000004,0.0,16.1199998688,0.0
0.1,3.0,1.0,3.0,5.0,8.0,0.6007262241237861,5.242855734500837e-25,0.7744550022812366,0.5158623582557362,0.0,14.652296243176272,0.0
0.1,3.0,1.0,3.0,5.0,8.0,0.8961133981567004,1.314888996596045e-31,0.49811298602753173,-0.8609554116816872,0.0,13.270115284804389,0.0
0.1,3.0,1.0,3.0,5.0,10.0,1.4231807279349596e-21,-1.6320491818703974e-25,1.0,-1.2999999670000002,0.0,16.1199998688,0.0
0.1,3.0,1.0,3.0,5.0,12.0,1.4205124406329294e-21,-1.632309413524483e-25,1.0,-1.2999999670000002,0.0,16.1199998688,0.0
0.1,3.0,1.0,3.0,5.0,12.0,3.374939545529927e-27,2.4968347342718866,2.5585459225666405,-70.55951451940666,0.0,15.092864540159281,0.0
0.1,3.0,1.0,3.0,5.0,12.0,2.389435227226383e-24,1.6387677623491246,1.671389944728689,-30.539965254848987,0.0,-8.03477993184918,0.0
0.1,3.0,1.0,3.0,5.0,14.0,1.4186087930508862e-21,-1.6324955045794295e-25,1.0,-1.299999967,0.0,16.1199998688,0.0
0.1,3.0,1.0,3.0,5.0,14.0,1.460880529434991e-21,3.0514270233644116,2.9952586169111273,-104.4321084517284,0.0,31.681065585205783,0.0
0.1,3.0,1.0,3.0,5.0,14.0,2.6518103643028914e-24,1.5040921799693374,1.484777132681053,-25.62520048206759,0.0,-11.096257563451841,0.0
0.1,3.0,1.0,3.0,7.0,6.0,1.4606823044667272e-21,-1.628156245747769e-25,1.0,-1.2999999670000002,0.0,16.1199998688,0.0
0.1,3.0,1.0,3.0,7.0,6.0,0.45264549837875556,-4.922992285000637e-24,0.7609640615970227,0.9919934986377951,0.0,14.705581696996825,0.0
0.1,3.0,1.0,3.0,7.0,8.0,1.447179265066976e-21,-1.6295732679636514e-25,1.0,-1.2999999670000002,0.0,16.1199998688,0.0
0.1,3.0,1.0,3.0,7.0,8.0,0.5062657023674224,-3.6685394735447855e-20,0.7757331587806179,0.8287319546289643,0.0,14.735619998264019,0.0
0.1,3.0,1.0,3.0,7.0,8.0,0.992966622178356,5.5820811909461295e-31,0.13726512633474286,-2.1654128661126455,0.0,12.446897806080461,0.0
0.1,3.0,1.0,3.0,7.0,10.0,1.4391221679471851e-21,-1.63040480747644e-25,1.0,-1.2999999670000002,0.0,16.1199998688,0.0
0.1,3.0,1.0,3.0,7.0,10.0,0.5616808500082543,-4.190525328734737e-27,0.7791602359138035,0.6489127910921021,0.0,14.707812709310925,0.0
0.1,3.0,1.0,3.0,7.0,10.0,0.9441911443531813,-1.1729114736553251e-25,0.3759521580475209,-1.2947022581270256,0.0,12.884312225586287,0.0
0.1,3.0,1.0,3.0,7.0,12.0,1.4337693428084771e-21,-1.630952634397261e-25,1.0,-1.2999999670000002,0.0,16.1199998688,0.0
0.1,3.0,1.0,3.0,7.0,12.0,3.336704443529996e-27,2.496834734271887,2.5585459225666414,-70.55951451940668,0.0,15.092865427213175,0.0
0.1,3.0,1.0,3.0,7.0,12.0,-3.953680137963611e-24,1.6387677623491241,1.671389944728689,-30.539965254848976,0.0,-8.03478022295281,0.0
0.1,3.0,1.0,3.0,7.0,12.0,0.6335197181932153,1.1385526153580086e-24,0.7658807805518937,0.39976130671687204,0.0,14.582723026185018,0.0
0.1,3.0,1.0,3.0,7.0,12.0,0.8541858095899452,8.355134381172827e-27,0.5743805182388491,-0.5811170938849002,0.0,13.56981009399141,0.0
0.1,3.0,1.0,3.0,7.0,14.0,1.4299548658547097e-21,-1.6313394227598523e-25,1.0,-1.299999967,0.0,16.1199998688,0.0
0.1,3.0,1.0,3.0,7.0,14.0,1.1421805217773106e-21,3.0514270233644125,2.995258616911128,-104.43210845172847,0.0,31.681062332951843,0.0
0.1,3.0,1.0,3.0,7.0,14.0,3.1560510437810674e-24,1.5040921799693374,1.484777132681053,-25.625200482067587,0.0,-11.096257563451841,0.0
0.1,3.0,1.0,5.0,0.5,6.0,1.3497956043186797e-21,-1.2384523025547014e-25,1.0,-1.2999999670000002,0.0,18.1199998688,0.0
0.1,3.0,1.0,5.0,0.5,8.0,1.3640492858905158e-21,-1.241176707646592e-25,1.0,-1.2999999670000002,0.0,18.1199998688,0.0
0.1,3.0,1.0,5.0,0.5,10.0,1.3726551272777528e-21,-1.242788788047242e-25,1.0,-1.2999999670000002,0.0,18.1199998688,0.0
0.1,3.0,1.0,5.0,0.5,12.0,1.378414720653629e-21,-1.2438551061239711e-25,1.0,-1.2999999670000002,0.0,18.1199998688,0.0
0.1,3.0,1.0,5.0,0.5,14.0,1.3825397500576766e-21,-1.2446122893334669e-25,1.0,-1.2999999670000004,0.0,18.1199998688,0.0
0.1,3.0,1.0,5.0,1.0,6.0,1.3561649366871938e-21,-1.2396422191115416e-25,1.0,-1.2999999670000002,0.0,18.1199998688,0.0
0.1,3.0,1.0,5.0,1.0,8.0,1.3688615709151919e-21,-1.2420552706649028e-25,1.0,-1.299999967,0.0,18.1199998688,0.0
0.1,3.0,1.0,5.0,1.0,10.0,1.3765220098391759e-21,-1.2434858514275937e-25,1.0,-1.299999967,0.0,18.1199998688,0.0
0.1,3.0,1.0,5.0,1.0,12.0,1.381646671160545e-21,-1.2444315292526065e-25,1.0,-1.299999967,0.0,18.1199998688,0.0
0.1,3.0,1.0,5.0,1.0,14.0,1.3853158336246835e-21,-1.2451040639891865e-25,1.0,-1.299999967,0.0,18.1199998688,0.0
0.1,3.0,1.0,5.0,3.0,6.0,1.3818657409893685e-21,-1.2443196712414365e-25,1.0,-1.299999967,0.0,18.1199998688,0.0
0.1,3.0,1.0,5.0,3.0,8.0,1.3882373326555152e-21,-1.2455240399765793e-25,1.0,-1.299999967,0.0,18.1199998688,0.0
0.1,3.0,1.0,5.0,3.0,10.0,1.3920708937323017e-21,-1.2462407940646825e-25,1.0,-1.299999967,0.0,18.1199998688,0.0
0.1,3.0,1.0,5.0,3.0,12.0,1.3946309303854739e-21,-1.2467176543189128e-25,1.0,-1.2999999670000002,0.0,18.1199998688,0.0
0.1,3.0,1.0,5.0,3.0,14.0,1.3964617945049577e-21,-1.247056648804004e-25,1.0,-1.2999999670000002,0.0,18.1199998688,0.0
0.1,3.0,1.0,5.0,5.0,6.0,1.4079270862796654e-21,-1.248856361003556e-25,1.0,-1.2999999670000002,0.0,18.1199998688,0.0
0.1,3.0,1.0,5.0,5.0,6.0,0.5169341926674627,-1.371212777785179e-19,0.7773158670426988,0.7949407331063679,0.0,15.94335614451563,0.0
0.1,3.0,1.0,5.0,5.0,6.0,0.9865884206565341,-1.0685416013686085e-25,0.18886940685537146,-1.9716075510813704,0.0,12.57807416631707,0.0
0.1,3.0,1.0,5.0,5.0,8.0,1.407816424871881e-21,-1.2489101945973614e-25,1.0,-1.2999999670000002,0.0,18.1199998688,0.0
0.1,3.0,1.0,5.0,5.0,8.0,0.6007262241237864,2.1937112931586437e-24,0.7744550022812364,0.5158623582557367,0.0,15.851857344293135,0.0
0.1,3.0,1.0,5.0,5.0,8.0,0.8961133981567004,7.866156788948557e-24,0.49811298602753173,-0.8609554116816872,0.0,13.766348378502917,0.0
0.1,3.0,1.0,5.0,5.0,10.0,1.4077499270530145e-21,-1.2489452003000306e-25,1.0,-1.2999999670000002,0.0,18.1199998688,0.0
0.1,3.0,1.0,5.0,5.0,12.0,1.4077056751116752e-21,-1.2489663393071002e-25,1.0,-1.2999999670000002,0.0,18.1199998688,0.0
0.1,3.0,1.0,5.0,5.0,14.0,1.407673981835947e-21,-1.2489826403781495e-25,1.0,-1.2999999670000002,0.0,18.1199998688,0.0
0.1,3.0,1.0,5.0,7.0,6.0,1.4343524624787292e-21,-1.2532502238009996e-25,1.0,-1.2999999670000002,0.0,18.1199998688,0.0
0.1,3.0,1.0,5.0,7.0,6.0,0.4526454983787555,-4.337442509008451e-23,0.7609640615970227,0.991993508688544,0.0,15.8637143030813,0.0
0.1,3.0,1.0,5.0,7.0,8.0,1.4276002359594826e-21,-1.2522200207625876e-25,1.0,-1.2999999670000002,0.0,18.1199998688,0.0
0.1,3.0,1.0,5.0,7.0,8.0,0.5062657023674224,-1.1602919805624572e-19,0.7757331587806179,0.8287319546289643,0.0,15.939143865527527,0.0
0.1,3.0,1.0,5.0,7.0,8.0,0.992966622178356,-1.4114871979927727e-24,0.13726512633474286,-2.1654128661126455,0.0,12.484581235895849,0.0
0.1,3.0,1.0,5.0,7.0,10.0,1.4235602015848071e-21,-1.2515980224277483e-25,1.0,-1.299999967,0.0,18.1199998688,0.0
0.1,3.0,1.0,5.0,7.0,10.0,0.5616808500082541,-6.446485420990589e-27,0.7791602359138037,0.6489127910921016,0.0,15.921994055769433,0.0
0.1,3.0,1.0,5.0,7.0,10.0,0.9441911443531813,3.5866240832106473e-25,0.3759521580475209,-1.2947022581270256,0.0,13.166992275867463,0.0
0.1,3.0,1.0,5.0,7.0,12.0,1.4208714670081136e-21,-1.251181312817541e-25,1.0,-1.299999967,0.0,18.1199998688,0.0
0.1,3.0,1.0,5.0,7.0,12.0,0.6335197181932157,4.6267430662234856e-24,0.7658807805518933,0.39976130671687254,0.0,15.755869766222574,0.0
0.1,3.0,1.0,5.0,7.0,12.0,0.854185809589945,1.2988996579499313e-31,0.5743805182388493,-0.5811170986265838,0.0,14.229636053456069,0.0
0.1,3.0,1.0,5.0,7.0,14.0,1.4189533170071888e-21,-1.2508817305628318e-25,1.0,-1.2999999670000002,0.0,18.1199998688,0.0
0.1,3.0,1.0,7.0,0.5,6.0,1.3249762858137735e-21,-8.421739278662757e-26,1.0,-1.2999999670000002,0.0,20.1199998688,0.0
0.1,3.0,1.0,7.0,0.5,8.0,1.345306928969987e-21,-8.484349720410831e-26,1.0,-1.2999999670000002,0.0,20.1199998688,0.0
0.1,3.0,1.0,7.0,0.5,10.0,1.357616869893133e-21,-8.521652980466469e-26,1.0,-1.2999999670000002,0.0,20.1199998688,0.0
0.1,3.0,1.0,7.0,0.5,12.0,1.3658697875331486e-21,-8.546421055848871e-26,1.0,-1.2999999670000004,0.0,20.1199998688,0.0
0.1,3.0,1.0,7.0,0.5,14.0,1.371787910396538e-21,-8.564053021526934e-26,1.0,-1.299999967,0.0,20.1199998688,0.0
0.1,3.0,1.0,7.0,1.0,6.0,1.3312572405173539e-21,-8.440576722411611e-26,1.0,-1.2999999670000002,0.0,20.1199998688,0.0
0.1,3.0,1.0,7.0,1.0,8.0,1.3500693642963404e-21,-8.498362478537401e-26,1.0,-1.2999999670000002,0.0,20.1199998688,0.0
0.1,3.0,1.0,7.0,1.0,10.0,1.361451541686074e-21,-8.532808583001942e-26,1.0,-1.2999999670000002,0.0,20.1199998688,0.0
0.1,3.0,1.0,7.0,1.0,12.0,1.3690793343903563e-21,-8.555683392211814e-26,1.0,-1.2999999670000002,0.0,20.1199998688,0.0
0.1,3.0,1.0,7.0,1.0,14.0,1.3745474657498587e-21,-8.57197953288045e-26,1.0,-1.2999999670000002,0.0,20.1199998688,0.0
0.1,3.0,1.0,7.0,3.0,6.0,1.3566024894323274e-21,-8.515440392689063e-26,1.0,-1.2999999670000002,0.0,20.1199998688,0.0
0.1,3.0,1.0,7.0,3.0,8.0,1.3692441873868858e-21,-8.554126932667958e-26,1.0,-1.2999999670000002,0.0,20.1199998688,0.0
0.1,3.0,1.0,7.0,3.0,10.0,1.3768714436657526e-21,-8.577240403116538e-26,1.0,-1.299999967,0.0,20.1199998688,0.0
0.1,3.0,1.0,7.0,3.0,12.0,1.3819738086224966e-21,-8.592593146261216e-26,1.0,-1.299999967,0.0,20.1199998688,0.0
0.1,3.0,1.0,7.0,3.0,14.0,1.3856271307596582e-21,-8.603549376528846e-26,1.0,-1.2999999670000002,0.0,20.1199998688,0.0
0.1,3.0,1.0,7.0,5.0,6.0,1.382304909321636e-21,-8.589470674560979e-26,1.0,-1.2999999670000004,0.0,20.1199998688,0.0
0.1,3.0,1.0,7.0,5.0,6.0,0.5169341926674625,-2.523262372063814e-19,0.777315867042699,0.7949407331063677,0.0,17.151796058828314,0.0
0.1,3.0,1.0,7.0,5.0,6.0,0.9865884206565341,-1.404308249539791e-28,0.18886940685537146,-1.9716075510813704,0.0,12.649417472008869,0.0
0.1,3.0,1.0,7.0,5.0,8.0,1.3886207253663398e-21,-8.60941190727956e-26,1.0,-1.299999967,0.0,20.1199998688,0.0
0.1,3.0,1.0,7.0,5.0,8.0,0.6007262241237863,5.325808427641255e-24,0.7744550022812365,0.5158623582557367,0.0,17.051418445409993,0.0
0.1,3.0,1.0,7.0,5.0,8.0,0.8961133981567005,-1.8361668671406243e-24,0.4981129860275316,-0.8609554141689016,0.0,14.262581472201443,0.0
0.1,3.0,1.0,7.0,5.0,10.0,1.392420605237917e-21,-8.62135236478597e-26,1.0,-1.2999999670000002,0.0,20.1199998688,0.0
0.1,3.0,1.0,7.0,5.0,12.0,1.3949584528115472e-21,-8.629298751736512e-26,1.0,-1.2999999670000002,0.0,20.1199998688,0.0
0.1,3.0,1.0,7.0,5.0,14.0,1.3967730159092855e-21,-8.634965916153668e-26,1.0,-1.299999967,0.0,20.1199998688,0.0
0.1,3.0,1.0,7.0,7.0,6.0,1.4083678449555178e-21,-8.662644148719237e-26,1.0,-1.299999967,0.0,20.1199998688,0.0
0.1,3.0,1.0,7.0,7.0,6.0,0.4526454983787555,-8.068509886051037e-23,0.7609640615970227,0.991993508688544,0.0,17.021846909165774,0.0
0.1,3.0,1.0,7.0,7.0,8.0,1.4082006001327237e-21,-8.664214474958692e-26,1.0,-1.299999967,0.0,20.1199998688,0.0
0.1,3.0,1.0,7.0,7.0,8.0,0.5062657023674224,-2.2272037356442592e-19,0.7757331587806179,0.8287319546289643,0.0,17.142667732791043,0.0
0.1,3.0,1.0,7.0,7.0,8.0,0.992966622178356,-2.4629926501561216e-27,0.13726512633474286,-2.1654128661126455,0.0,12.522264665711232,0.0
0.1,3.0,1.0,7.0,7.0,10.0,1.408100244403805e-21,-8.665150476911665e-26,1.0,-1.2999999670000002,0.0,20.1199998688,0.0
0.1,3.0,1.0,7.0,7.0,10.0,0.5616808500082543,-1.0360689154660582e-27,0.7791602359138035,0.6489127910921021,0.0,17.136175402227938,0.0
0.1,3.0,1.0,7.0,7.0,10.0,0.9441911443531814,2.2122472071524284e-23,0.3759521580475209,-1.2947022528857122,0.0,13.449672326148638,0.0
0.1,3.0,1.0,7.0,7.0,12.0,1.4080333048228316e-21,-8.665780024891886e-26,1.0,-1.2999999670000002,0.0,20.1199998688,0.0
0.1,3.0,1.0,7.0,7.0,12.0,0.6335197181932155,1.113944863628641e-23,0.7658807805518935,0.3997612926499087,0.0,16.92901650626013,0.0
0.1,3.0,1.0,7.0,7.0,12.0,0.854185809589945,-8.172407679320166e-24,0.5743805182388493,-0.5811170986265838,0.0,14.88946201292073,0.0
0.1,3.0,1.0,7.0,7.0,14.0,1.4079855818935094e-21,-8.666221293960744e-26,1.0,-1.2999999670000002,0.0,20.1199998688,0.0
0.1,3.0,1.0,9.0,0.5,6.0,1.3004916652137344e-21,-5.580019168660493e-26,1.0,-1.2999999670000002,0.0,22.1199998688,0.0
0.1,3.0,1.0,9.0,0.5,8.0,1.326743555122522e-21,-5.665484389947017e-26,1.0,-1.299999967,0.0,22.1199998688,0.0
0.1,3.0,1.0,9.0,0.5,10.0,1.3426837392681864e-21,-5.716626458136649e-26,1.0,-1.2999999670000002,0.0,22.1199998688,0.0
0.1,3.0,1.0,9.0,0.5,12.0,1.3533896924681901e-21,-5.750649936534194e-26,1.0,-1.2999999670000002,0.0,22.1199998688,0.0
0.1,3.0,1.0,9.0,0.5,14.0,1.3610759555427674e-21,-5.774923433106877e-26,1.0,-1.2999999670000002,0.0,22.1199998688,0.0
0.1,3.0,1.0,9.0,1.0,6.0,1.3066849616935266e-21,-5.599582919109974e-26,1.0,-1.2999999670000002,0.0,22.1199998688,0.0
0.1,3.0,1.0,9.0,1.0,8.0,1.3314561786158761e-21,-5.68010204415052e-26,1.0,-1.2999999670000002,0.0,22.1199998688,0.0
0.1,3.0,1.0,9.0,1.0,10.0,1.3464866357438652e-21,-5.728295898781284e-26,1.0,-1.2999999670000002,0.0,22.1199998688,0.0
0.1,3.0,1.0,9.0,1.0,12.0,1.3565770944220665e-21,-5.760362170132145e-26,1.0,-1.2999999670000002,0.0,22.1199998688,0.0
0.1,3.0,1.0,9.0,1.0,14.0,1.3638189195735295e-21,-5.783236363044435e-26,1.0,-1.299999967,0.0,22.1199998688,0.0
0.1,3.0,1.0,9.0,3.0,6.0,1.3316779431935519e-21,-5.677636853821705e-26,1.0,-1.2999999670000002,0.0,22.1199998688,0.0
0.1,3.0,1.0,9.0,3.0,8.0,1.3504314262082879e-21,-5.738467274077978e-26,1.0,-1.2999999670000002,0.0,22.1199998688,0.0
0.1,3.0,1.0,9.0,3.0,10.0,1.3617780859246248e-21,-5.77488075449931e-26,1.0,-1.2999999670000002,0.0,22.1199998688,0.0
0.1,3.0,1.0,9.0,3.0,12.0,1.3693819603662608e-21,-5.79912836657354e-26,1.0,-1.2999999670000002,0.0,22.1199998688,0.0
0.1,3.0,1.0,9.0,3.0,14.0,1.3748329765995635e-21,-5.816432461937871e-26,1.0,-1.2999999670000002,0.0,22.1199998688,0.0
0.1,3.0,1.0,9.0,5.0,6.0,1.3570250222658255e-21,-5.755387570122991e-26,1.0,-1.2999999670000002,0.0,22.1199998688,0.0
0.1,3.0,1.0,9.0,5.0,6.0,0.5169341926674625,-3.6873981736911e-19,0.777315867042699,0.7949407331063677,0.0,18.360235973141,0.0
0.1,3.0,1.0,9.0,5.0,6.0,0.9865884206565341,-4.3159347686302336e-23,0.18886940685537146,-1.9716075510813704,0.0,12.72076077770067,0.0
0.1,3.0,1.0,9.0,5.0,8.0,1.3696070318488513e-21,-5.796636983597481e-26,1.0,-1.2999999670000002,0.0,22.1199998688,0.0
0.1,3.0,1.0,9.0,5.0,8.0,0.6007262241237861,9.866948351342296e-24,0.7744550022812366,0.5158623582557362,0.0,18.25097954652686,0.0
0.1,3.0,1.0,9.0,5.0,8.0,0.8961133981567004,-1.9494620999686636e-28,0.49811298602753173,-0.8609554116816872,0.0,14.758814565899973,0.0
0.1,3.0,1.0,9.0,5.0,10.0,1.3771982214071313e-21,-5.821352365536605e-26,1.0,-1.299999967,0.0,22.1199998688,0.0
0.1,3.0,1.0,9.0,5.0,12.0,1.38227664285768e-21,-5.837817679891556e-26,1.0,-1.2999999670000004,0.0,22.1199998688,0.0
0.1,3.0,1.0,9.0,5.0,14.0,1.3859127678271078e-21,-5.849566314775504e-26,1.0,-1.2999999670000002,0.0,22.1199998688,0.0
0.1,3.0,1.0,9.0,7.0,6.0,1.382728931524523e-21,-5.832803790911536e-26,1.0,-1.2999999670000002,0.0,22.1199998688,0.0
0.1,3.0,1.0,9.0,7.0,6.0,0.4526454983787555,-8.231741615648093e-23,0.7609640615970227,0.991993508688544,0.0,18.17997951525025,0.0
0.1,3.0,1.0,9.0,7.0,8.0,1.3889844407307447e-21,-5.854612251229799e-26,1.0,-1.2999999670000004,0.0,22.1199998688,0.0
0.1,3.0,1.0,9.0,7.0,8.0,0.5062657023674224,-3.3867845185945056e-19,0.7757331587806179,0.8287319546289643,0.0,18.346191600054553,0.0
0.1,3.0,1.0,9.0,7.0,8.0,0.992966622178356,-2.811625775210302e-25,0.13726512633474286,-2.1654128661126455,0.0,12.559948095526618,0.0
0.1,3.0,1.0,9.0,7.0,10.0,1.3927480077571327e-21,-5.867688391105815e-26,1.0,-1.2999999670000002,0.0,22.1199998688,0.0
0.1,3.0,1.0,9.0,7.0,10.0,0.5616808500082542,1.624195424446461e-26,0.7791602359138036,0.648912797328012,0.0,18.35035674868645,0.0
0.1,3.0,1.0,9.0,7.0,10.0,0.9441911443531813,1.8166269501223533e-28,0.3759521580475209,-1.2947022581270256,0.0,13.732352376429816,0.0
0.1,3.0,1.0,9.0,7.0,12.0,1.3952615016168969e-21,-5.876402838918178e-26,1.0,-1.2999999670000002,0.0,22.1199998688,0.0
0.1,3.0,1.0,9.0,7.0,12.0,0.6335197181932155,2.060837110422743e-23,0.7658807805518935,0.3997612926499087,0.0,18.102163246297682,0.0
0.1,3.0,1.0,9.0,7.0,12.0,0.8541858095899452,6.7161305496943e-31,0.5743805182388491,-0.5811170938849002,0.0,15.549287972385386,0.0
0.1,3.0,1.0,9.0,7.0,14.0,1.3970588738577886e-21,-5.882628831167998e-26,1.0,-1.299999967,0.0,22.1199998688,0.0
0.1,3.0,3.0,3.0,0.5,6.0,-1.2727561809447095e-25,-1.636759852439973e-25,1.0,-3.299999967,0.0,16.1199998688,0.0
0.1,3.0,3.0,3.0,0.5,8.0,-1.2217441207300435e-25,-1.6359885252009657e-25,1.0,-3.299999967,0.0,16.1199998688,0.0
0.1,3.0,3.0,3.0,0.5,10.0,-1.1905309284924693e-25,-1.6355181977011068e-25,1.0,-3.299999967,0.0,16.1199998688,0.0
0.1,3.0,3.0,3.0,0.5,12.0,-1.1694687737313759e-25,-1.6352015440033704e-25,1.0,-3.299999967,0.0,16.1199998688,0.0
0.1,3.0,3.0,3.0,0.5,12.0,3.1155537598758988e-27,2.496834734271887,2.5585459225666414,-83.65182899517144,0.0,15.092865427213175,0.0
0.1,3.0,3.0,3.0,0.5,12.0,1.3149367812391622e-23,1.6387677623491246,1.671389944728689,-36.127053949529326,0.0,-8.03477993184918,0.0
0.1,3.0,3.0,3.0,0.5,14.0,-1.154299425339723e-25,-1.634973544712834e-25,1.0,-3.299999967,0.0,16.1199998688,0.0
0.1,3.0,3.0,3.0,0.5,14.0,3.2726463895122882e-21,3.0514270233644116,2.9952586169111273,-122.3752568160891,0.0,31.681065585205783,0.0
0.1,3.0,3.0,3.0,0.5,14.0,9.337286037547694e-25,1.5040921799693376,1.484777132681053,-30.034326749532735,0.0,-11.096257563451847,0.0
0.1,3.0,3.0,3.0,1.0,6.0,-1.2320400497681003e-25,-1.636144078710714e-25,1.0,-3.299999967,0.0,16.1199998688,0.0
0.1,3.0,3.0,3.0,1.0,8.0,-1.1905254742588668e-25,-1.6355181052564695e-25,1.0,-3.299999967,0.0,16.1199998688,0.0
0.1,3.0,3.0,3.0,1.0,10.0,-1.1652276448822418e-25,-1.6351377572036123e-25,1.0,-3.299999967,0.0,16.1199998688,0.0
0.1,3.0,3.0,3.0,1.0,12.0,-1.1481984798693326e-25,-1.6348821169665141e-25,1.0,-3.299999967,0.0,16.1199998688,0.0
0.1,3.0,3.0,3.0,1.0,12.0,3.111586344190461e-27,2.496834734271887,2.5585459225666414,-83.65182899517144,0.0,15.092865427213175,0.0
0.1,3.0,3.0,3.0,1.0,12.0,1.2053763077340852e-23,1.6387677623491244,1.671389944728689,-36.127053949529326,0.0,-8.03477993184918,0.0
0.1,3.0,3.0,3.0,1.0,14.0,-1.135955204545907e-25,-1.6346985219167756e-25,1.0,-3.299999967,0.0,16.1199998688,0.0
0.1,3.0,3.0,3.0,1.0,14.0,3.140910606821116e-21,3.0514270233644116,2.9952586169111273,-122.37525681608912,0.0,31.681065585205783,0.0
0.1,3.0,3.0,3.0,1.0,14.0,9.948869189766782e-25,1.5040921799693374,1.484777132681053,-30.034326749532728,0.0,-11.096257563451841,0.0
0.1,3.0,3.0,3.0,3.0,6.0,-1.0610412752006264e-25,-1.6335796028414053e-25,1.0,-3.299999967,0.0,16.1199998688,0.0
0.1,3.0,3.0,3.0,3.0,8.0,-1.0610525226315016e-25,-1.633579541211647e-25,1.0,-3.299999967,0.0,16.1199998688,0.0
0.1,3.0,3.0,3.0,3.0,10.0,-1.0610573297526428e-25,-1.6335796028414053e-25,1.0,-3.299999967,0.0,16.1199998688,0.0
0.1,3.0,3.0,3.0,3.0,12.0,-1.061061304872048e-25,-1.6335794795818888e-25,1.0,-3.299999967,0.0,16.1199998688,0.0
0.1,3.0,3.0,3.0,3.0,12.0,3.0895121055398723e-27,2.496834734271887,2.5585459225666414,-83.65182899517144,0.0,15.092865427213175,0.0
0.1,3.0,3.0,3.0,3.0,12.0,7.794755114872353e-24,1.6387677623491241,1.671389944728689,-36.12705394952931,0.0,-8.03478022295281,0.0
0.1,3.0,3.0,3.0,3.0,14.0,-1.0610639549516515e-25,-1.6335793563223724e-25,1.0,-3.299999967,0.0,16.1199998688,0.0
0.1,3.0,3.0,3.0,3.0,14.0,2.680916599091371e-21,3.0514270233644125,2.995258616911128,-122.3752568160892,0.0,31.681062332951843,0.0
0.1,3.0,3.0,3.0,3.0,14.0,1.243464681605645e-24,1.5040921799693374,1.484777132681053,-30.034326749532728,0.0,-11.096257563451841,0.0
0.1,3.0,3.0,3.0,5.0,6.0,-8.767067608080726e-26,-1.6308516232235379e-25,1.0,-3.299999966999999,0.0,16.1199998688,0.0
0.1,3.0,3.0,3.0,5.0,8.0,-9.240755932729798e-26,-1.6315491180121971e-25,1.0,-3.299999966999999,0.0,16.1199998688,0.0
0.1,3.0,3.0,3.0,5.0,10.0,-9.520860410502357e-26,-1.631962407170823e-25,1.0,-3.299999967,0.0,16.1199998688,0.0
0.1,3.0,3.0,3.0,5.0,12.0,-9.705897442508865e-26,-1.6322360124824425e-25,1.0,-3.299999967,0.0,16.1199998688,0.0
0.1,3.0,3.0,3.0,5.0,12.0,3.068118875717619e-27,2.4968347342718875,2.5585459225666414,-83.65182899517148,0.0,15.092863653105397,0.0
0.1,3.0,3.0,3.0,5.0,12.0,3.702537591316544e-24,1.6387677623491244,1.671389944728689,-36.127053949529326,0.0,-8.03477993184918,0.0
0.1,3.0,3.0,3.0,5.0,14.0,-9.837237082475529e-26,-1.6324304543696279e-25,1.0,-3.299999967,0.0,16.1199998688,0.0
0.1,3.0,3.0,3.0,5.0,14.0,2.2734881421435237e-21,3.0514270233644116,2.9952586169111273,-122.3752568160891,0.0,31.681065585205783,0.0
0.1,3.0,3.0,3.0,5.0,14.0,1.4990877609791405e-24,1.5040921799693376,1.484777132681053,-30.034326749532735,0.0,-11.096257563451847,0.0
0.1,3.0,3.0,3.0,7.0,6.0,-6.785917092179228e-26,-1.6279585991131562e-25,1.0,-3.299999966999999,0.0,16.1199998688,0.0
0.1,3.0,3.0,3.0,7.0,8.0,-7.794124623956831e-26,-1.6294256955075927e-25,1.0,-3.299999966999999,0.0,16.1199998688,0.0
0.1,3.0,3.0,3.0,7.0,10.0,-8.382186840580866e-26,-1.6302860777472284e-25,1.0,-3.299999967,0.0,16.1199998688,0.0
0.1,3.0,3.0,3.0,7.0,12.0,-8.767293943367791e-26,-1.630851407519384e-25,1.0,-3.299999967,0.0,16.1199998688,0.0
0.1,3.0,3.0,3.0,7.0,12.0,3.0457703846429494e-27,2.496834734271888,2.5585459225666423,-83.65182899517151,0.0,15.092863653105407,0.0
0.1,3.0,3.0,3.0,7.0,12.0,-2.24162566916183e-25,1.6387677623491244,1.671389944728689,-36.127053949529326,0.0,-8.03477993184918,0.0
0.1,3.0,3.0,3.0,7.0,14.0,-9.038979796167445e-26,-1.631251261390718e-25,1.0,-3.299999967,0.0,16.1199998688,0.0
0.1,3.0,3.0,3.0,7.0,14.0,1.918878883157595e-21,3.0514270233644125,2.995258616911128,-122.37525681608919,0.0,31.681062332951843,0.0
0.1,3.0,3.0,3.0,7.0,14.0,1.761655971762202e-24,1.5040921799693376,1.484777132681053,-30.034326749532735,0.0,-11.096257563451847,0.0
0.1,3.0,3.0,5.0,0.5,6.0,1.4274210807658045e-17,1.7104832789981856e-17,1.0,-3.2999999669999998,0.0,18.1199998688,0.0
0.1,3.0,3.0,5.0,0.5,8.0,1.3418391547937206e-17,1.7142364455915225e-17,1.0,-3.299999967,0.0,18.1199998688,0.0
0.1,3.0,3.0,5.0,0.5,10.0,1.2885839434685766e-17,1.7164587490252075e-17,1.0,-3.299999967,0.0,18.1199998688,0.0
0.1,3.0,3.0,5.0,0.5,12.0,1.252274685044439e-17,1.7179280699472854e-17,1.0,-3.299999967,0.0,18.1199998688,0.0
0.1,3.0,3.0,5.0,0.5,14.0,1.2259423828605484e-17,1.7189713928538985e-17,1.0,-3.2999999669999998,0.0,18.1199998688,0.0
0.1,3.0,3.0,5.0,1.0,6.0,1.389856658480179e-17,1.7121584024566668e-17,1.0,-3.2999999669999998,0.0,18.1199998688,0.0
0.1,3.0,3.0,5.0,1.0,8.0,1.3124189873831696e-17,1.7154734114795343e-17,1.0,-3.299999967,0.0,18.1199998688,0.0
0.1,3.0,3.0,5.0,1.0,10.0,1.2644398648771338e-17,1.7174392062052666e-17,1.0,-3.2999999669999998,0.0,18.1199998688,0.0
0.1,3.0,3.0,5.0,1.0,12.0,1.2318150343374299e-17,1.718739865000445e-17,1.0,-3.2999999669999998,0.0,18.1199998688,0.0
0.1,3.0,3.0,5.0,1.0,14.0,1.2081955536904682e-17,1.7196640738988504e-17,1.0,-3.2999999669999998,0.0,18.1199998688,0.0
0.1,3.0,3.0,5.0,3.0,6.0,1.2317410843906676e-17,1.7187377970489136e-17,1.0,-3.2999999669999998,0.0,18.119999868799997,0.0
0.1,3.0,3.0,5.0,3.0,8.0,1.1902498703011303e-17,1.720353032631046e-17,1.0,-3.2999999669999998,0.0,18.1199998688,0.0
0.1,3.0,3.0,5.0,3.0,10.0,1.1649672603145695e-17,1.721316284454364e-17,1.0,-3.299999967,0.0,18.1199998688,0.0
0.1,3.0,3.0,5.0,3.0,12.0,1.1479491772641485e-17,1.72195586050399e-17,1.0,-3.2999999669999998,0.0,18.1199998688,0.0
0.1,3.0,3.0,5.0,3.0,14.0,1.1357133562071416e-17,1.722411471585384e-17,1.0,-3.299999967,0.0,18.1199998688,0.0
0.1,3.0,3.0,5.0,5.0,6.0,1.0607254632122694e-17,1.7251201572192502e-17,1.0,-3.299999966999999,0.0,18.1199998688,0.0
0.1,3.0,3.0,5.0,5.0,8.0,1.060765498753917e-17,1.7251211498359853e-17,1.0,-3.299999966999999,0.0,18.1199998688,0.0
0.1,3.0,3.0,5.0,5.0,10.0,1.0607893215555585e-17,1.7251218115804753e-17,1.0,-3.299999967,0.0,18.1199998688,0.0
0.1,3.0,3.0,5.0,5.0,12.0,1.0608058651678096e-17,1.7251222251707816e-17,1.0,-3.2999999669999998,0.0,18.1199998688,0.0
0.1,3.0,3.0,5.0,5.0,14.0,1.0608172802602628e-17,1.7251224733249654e-17,1.0,-3.2999999669999998,0.0,18.1199998688,0.0
0.1,3.0,3.0,5.0,7.0,6.0,8.763743670705363e-18,1.731301677936859e-17,1.0,-3.299999966999999,0.0,18.1199998688,0.0
0.1,3.0,3.0,5.0,7.0,6.0,0.7031809460262805,1.7104106207259587e-23,0.4231259833365161,2.282801068996472,0.0,13.649274909960202,0.0
0.1,3.0,3.0,5.0,7.0,8.0,9.237779373063577e-18,1.7297764396053725e-17,1.0,-3.2999999669999998,0.0,18.1199998688,0.0
0.1,3.0,3.0,5.0,7.0,10.0,9.518097647767997e-18,1.728855208557172e-17,1.0,-3.299999967,0.0,18.1199998688,0.0
0.1,3.0,3.0,5.0,7.0,12.0,9.703270299694118e-18,1.728238545410514e-17,1.0,-3.299999967,0.0,18.1199998688,0.0
0.1,3.0,3.0,5.0,7.0,14.0,9.83471426211247e-18,1.7277965828092268e-17,1.0,-3.299999967,0.0,18.1199998688,0.0
0.1,3.0,3.0,7.0,0.5,6.0,1.5696729850677738e-17,1.2916139887704196e-17,1.0,-3.299999967,0.0,20.119999868800004,0.0
0.1,3.0,3.0,7.0,0.5,8.0,1.4548000972968197e-17,1.3011985718871022e-17,1.0,-3.2999999669999998,0.0,20.1199998688,0.0
0.1,3.0,3.0,7.0,0.5,10.0,1.382004894669703e-17,1.306910129939689e-17,1.0,-3.299999967,0.0,20.1199998688,0.0
0.1,3.0,3.0,7.0,0.5,12.0,1.3318301039457065e-17,1.3107010573279889e-17,1.0,-3.2999999669999998,0.0,20.1199998688,0.0
0.1,3.0,3.0,7.0,0.5,14.0,1.2951762420783792e-17,1.313400643975117e-17,1.0,-3.299999967,0.0,20.1199998688,0.0
0.1,3.0,3.0,7.0,1.0,6.0,1.5351524220002208e-17,1.2945704149977454e-17,1.0,-3.299999967,0.0,20.1199998688,0.0
0.1,3.0,3.0,7.0,1.0,8.0,1.427131236679166e-17,1.3033977142636357e-17,1.0,-3.299999967,0.0,20.1199998688,0.0
0.1,3.0,3.0,7.0,1.0,10.0,1.358996700495418e-17,1.3086604854748818e-17,1.0,-3.2999999669999998,0.0,20.119999868799997,0.0
0.1,3.0,3.0,7.0,1.0,12.0,1.3121655392434834e-17,1.3121547858955202e-17,1.0,-3.299999967,0.0,20.1199998688,0.0
0.1,3.0,3.0,7.0,1.0,14.0,1.2780170420154567e-17,1.3146435242045085e-17,1.0,-3.2999999669999998,0.0,20.119999868799997,0.0
0.1,3.0,3.0,7.0,3.0,6.0,1.3894829382794274e-17,1.3063181581343154e-17,1.0,-3.299999967,0.0,20.1199998688,0.0
0.1,3.0,3.0,7.0,3.0,8.0,1.312081497693248e-17,1.3121497400937836e-17,1.0,-3.299999967,0.0,20.119999868799997,0.0
0.1,3.0,3.0,7.0,3.0,10.0,1.2641258671166087e-17,1.3156334112435507e-17,1.0,-3.299999967,0.0,20.1199998688,0.0
0.1,3.0,3.0,7.0,3.0,12.0,1.2315167530085433e-17,1.3179492274454848e-17,1.0,-3.299999967,0.0,20.119999868799997,0.0
0.1,3.0,3.0,7.0,3.0,14.0,1.2079095146346474e-17,1.3196003626662019e-17,1.0,-3.299999967,0.0,20.1199998688,0.0
0.1,3.0,3.0,7.0,5.0,6.0,1.2313446994411322e-17,1.3179385568155828e-17,1.0,-3.299999966999999,0.0,20.1199998688,0.0
0.1,3.0,3.0,7.0,5.0,8.0,1.1898993111575303e-17,1.3208287672348737e-17,1.0,-3.299999966999999,0.0,20.1199998688,0.0
0.1,3.0,3.0,7.0,5.0,10.0,1.1646438326950613e-17,1.3225587741269978e-17,1.0,-3.299999967,0.0,20.1199998688,0.0
0.1,3.0,3.0,7.0,5.0,12.0,1.1476436167458714e-17,1.3237107472070697e-17,1.0,-3.299999967,0.0,20.119999868799997,0.0
0.1,3.0,3.0,7.0,5.0,14.0,1.1354210305786654e-17,1.32453246842758e-17,1.0,-3.299999967,0.0,20.1199998688,0.0
0.1,3.0,3.0,7.0,7.0,6.0,1.0603070752584401e-17,1.3294269374710868e-17,1.0,-3.299999966999999,0.0,20.1199998688,0.0
0.1,3.0,3.0,7.0,7.0,6.0,0.7031809460262803,4.4516236563797695e-23,0.4231259833365163,2.282801068996471,0.0,14.00734610550919,0.0
0.1,3.0,3.0,7.0,7.0,8.0,1.0603995540509235e-17,1.3294326036582828e-17,1.0,-3.299999966999999,0.0,20.1199998688,0.0
0.1,3.0,3.0,7.0,7.0,10.0,1.0604549751519646e-17,1.329436243252978e-17,1.0,-3.299999967,0.0,20.1199998688,0.0
0.1,3.0,3.0,7.0,7.0,12.0,1.0604918674072844e-17,1.3294385179996626e-17,1.0,-3.299999967,0.0,20.1199998688,0.0
0.1,3.0,3.0,7.0,7.0,14.0,1.0605178408785186e-17,1.3294402137199183e-17,1.0,-3.2999999669999998,0.0,20.1199998688,0.0
0.1,3.0,3.0,9.0,0.5,6.0,1.6999732875712094e-17,9.409103367174335e-18,1.0,-3.299999967,0.0,22.1199998688,0.0
0.1,3.0,3.0,9.0,0.5,8.0,1.5608345602226447e-17,9.552984817283034e-18,1.0,-3.299999967,0.0,22.1199998688,0.0
0.1,3.0,3.0,9.0,0.5,10.0,1.470911094087515e-17,9.639073225944184e-18,1.0,-3.299999967,0.0,22.1199998688,0.0
0.1,3.0,3.0,9.0,0.5,12.0,1.408211961708853e-17,9.696357137724706e-18,1.0,-3.299999967,0.0,22.119999868799997,0.0
0.1,3.0,3.0,9.0,0.5,14.0,1.3620572687618643e-17,9.737219032804213e-18,1.0,-3.299999967,0.0,22.1199998688,0.0
0.1,3.0,3.0,9.0,1.0,6.0,1.6683916972200573e-17,9.442975999668075e-18,1.0,-3.299999967,0.0,22.119999868800004,0.0
0.1,3.0,3.0,9.0,1.0,8.0,1.5348713460280753e-17,9.578305643013894e-18,1.0,-3.2999999669999998,0.0,22.1199998688,0.0
0.1,3.0,3.0,9.0,1.0,10.0,1.4490156232732364e-17,9.659285384211917e-18,1.0,-3.2999999669999998,0.0,22.1199998688,0.0
0.1,3.0,3.0,9.0,1.0,12.0,1.3893284209410025e-17,9.713174133168215e-18,1.0,-3.299999967,0.0,22.119999868800004,0.0
0.1,3.0,3.0,9.0,1.0,14.0,1.3454770951277289e-17,9.751616938546311e-18,1.0,-3.2999999669999998,0.0,22.119999868800004,0.0
0.1,3.0,3.0,9.0,3.0,6.0,1.5347378390772092e-17,9.57819066490875e-18,1.0,-3.2999999669999998,0.0,22.1199998688,0.0
0.1,3.0,3.0,9.0,3.0,8.0,1.4267578473506595e-17,9.679412342876557e-18,1.0,-3.299999967,0.0,22.119999868800004,0.0
0.1,3.0,3.0,9.0,3.0,10.0,1.358651931616106e-17,9.740013248913417e-18,1.0,-3.299999967,0.0,22.1199998688,0.0
0.1,3.0,3.0,9.0,3.0,12.0,1.3118416153156076e-17,9.780356088158547e-18,1.0,-3.2999999669999998,0.0,22.119999868799997,0.0
0.1,3.0,3.0,9.0,3.0,14.0,1.2777080073386069e-17,9.809142800656005e-18,1.0,-3.2999999669999998,0.0,22.1199998688,0.0
0.1,3.0,3.0,9.0,5.0,6.0,1.3890400657794665e-17,9.712928874116593e-18,1.0,-3.299999966999999,0.0,22.1199998688,0.0
0.1,3.0,3.0,9.0,5.0,8.0,1.311692722805348e-17,9.780228288753908e-18,1.0,-3.299999966999999,0.0,22.1199998688,0.0
0.1,3.0,3.0,9.0,5.0,10.0,1.2637706757615784e-17,9.820546312580661e-18,1.0,-3.2999999669999998,0.0,22.1199998688,0.0
0.1,3.0,3.0,9.0,5.0,12.0,1.2311840609661744e-17,9.847399903986583e-18,1.0,-3.299999967,0.0,22.1199998688,0.0
0.1,3.0,3.0,9.0,5.0,14.0,1.2075940279490197e-17,9.866566505960049e-18,1.0,-3.2999999669999998,0.0,22.119999868800004,0.0
0.1,3.0,3.0,9.0,7.0,6.0,1.2308756880338147e-17,9.84713479260026e-18,1.0,-3.299999966999999,0.0,22.1199998688,0.0
0.1,3.0,3.0,9.0,7.0,6.0,0.7031809460262805,1.0855389254359585e-20,0.4231259833365161,2.282801068996472,0.0,14.365417301058178,0.0
0.1,3.0,3.0,9.0,7.0,8.0,1.1894928346045218e-17,9.880733628311245e-18,1.0,-3.2999999669999998,0.0,22.1199998688,0.0
0.1,3.0,3.0,9.0,7.0,10.0,1.1642752410141076e-17,9.90087671699783e-18,1.0,-3.299999967,0.0,22.119999868800004,0.0
0.1,3.0,3.0,9.0,7.0,12.0,1.1473014948445195e-17,9.914298549617115e-18,1.0,-3.299999967,0.0,22.1199998688,0.0
0.1,3.0,3.0,9.0,7.0,14.0,1.1350979338314022e-17,9.923881850603848e-18,1.0,-3.299999967,0.0,22.119999868799997,0.0
0.1,3.0,5.0,3.0,0.5,6.0,9.879159503605556e-18,2.0110195849526882e-17,1.0,-5.299999967000001,0.0,16.1199998688,0.0
0.1,3.0,5.0,3.0,0.5,8.0,9.984737528269374e-18,2.0100718841248862e-17,1.0,-5.299999967000001,0.0,16.1199998688,0.0
0.1,3.0,5.0,3.0,0.5,10.0,1.0047965146341396e-17,2.0094940157489567e-17,1.0,-5.299999967000001,0.0,16.1199998688,0.0
0.1,3.0,5.0,3.0,0.5,12.0,1.0090063262846364e-17,2.0091047445526892e-17,1.0,-5.299999967000001,0.0,16.1199998688,0.0
0.1,3.0,5.0,3.0,0.5,12.0,2.8120903711426463e-27,2.4968347342718875,2.5585459225666414,-96.74414347093625,0.0,15.092863653105397,0.0
0.1,3.0,5.0,3.0,0.5,12.0,1.0251269551452395e-23,1.6387677623491241,1.671389944728689,-41.71414264420965,0.0,-8.03478022295281,0.0
0.1,3.0,5.0,3.0,0.5,14.0,1.0120107703465209e-17,2.0088248266334013e-17,1.0,-5.299999967000001,0.0,16.1199998688,0.0
0.1,3.0,5.0,3.0,0.5,14.0,3.920865991863328e-21,3.051427023364412,2.995258616911128,-140.3184051804499,0.0,31.681062332951832,0.0
0.1,3.0,5.0,3.0,0.5,14.0,6.2515333472592655e-25,1.5040921799693376,1.484777132681053,-34.44345301699788,0.0,-11.096257563451847,0.0
0.1,3.0,5.0,3.0,1.0,6.0,9.963669651657955e-18,2.010263293718631e-17,1.0,-5.299999967000001,0.0,16.1199998688,0.0
0.1,3.0,5.0,3.0,1.0,8.0,1.0047983344314873e-17,2.0094941811850792e-17,1.0,-5.299999967000001,0.0,16.1199998688,0.0
0.1,3.0,5.0,3.0,1.0,10.0,1.009849554201073e-17,2.009026575984803e-17,1.0,-5.299999967000001,0.0,16.1199998688,0.0
0.1,3.0,5.0,3.0,1.0,12.0,1.0132132841620198e-17,2.0087124127881553e-17,1.0,-5.299999967,0.0,16.119999868800004,0.0
0.1,3.0,5.0,3.0,1.0,12.0,2.8083463633307575e-27,2.496834734271887,2.5585459225666414,-96.74414347093624,0.0,15.092865427213175,0.0
0.1,3.0,5.0,3.0,1.0,12.0,9.512919409992684e-24,1.638767762349124,1.6713899447286886,-41.714142644209645,0.0,-8.034779931849176,0.0
0.1,3.0,5.0,3.0,1.0,14.0,1.0156143826851081e-17,2.008486840635112e-17,1.0,-5.299999967000001,0.0,16.1199998688,0.0
0.1,3.0,5.0,3.0,1.0,14.0,3.813497302119092e-21,3.0514270233644125,2.995258616911128,-140.31840518044993,0.0,31.681062332951843,0.0
0.1,3.0,5.0,3.0,1.0,14.0,6.614133262344104e-25,1.5040921799693374,1.484777132681053,-34.443453016997864,0.0,-11.096257563451841,0.0
0.1,3.0,5.0,3.0,3.0,6.0,1.0300021141056717e-17,2.0071134726640903e-17,1.0,-5.299999967000001,0.0,16.1199998688,0.0
0.1,3.0,5.0,3.0,3.0,8.0,1.029998309074854e-17,2.0071128936376615e-17,1.0,-5.299999967000001,0.0,16.1199998688,0.0
0.1,3.0,5.0,3.0,3.0,10.0,1.0299964892775064e-17,2.0071126454834778e-17,1.0,-5.299999967000001,0.0,16.119999868800004,0.0
0.1,3.0,5.0,3.0,3.0,12.0,1.029995083070465e-17,2.0071125627654165e-17,1.0,-5.299999967000001,0.0,16.1199998688,0.0
0.1,3.0,5.0,3.0,3.0,12.0,2.7943949268136164e-27,2.4968347342718875,2.5585459225666414,-96.74414347093625,0.0,15.092863653105397,0.0
0.1,3.0,5.0,3.0,3.0,12.0,6.628963847362259e-24,1.6387677623491246,1.671389944728689,-41.71414264420967,0.0,-8.03477993184918,0.0
0.1,3.0,5.0,3.0,3.0,14.0,1.0299939663766381e-17,2.007112397329294e-17,1.0,-5.299999967000001,0.0,16.1199998688,0.0
0.1,3.0,5.0,3.0,3.0,14.0,3.367371494346681e-21,3.0514270233644116,2.9952586169111273,-140.31840518044982,0.0,31.681065585205783,0.0
0.1,3.0,5.0,3.0,3.0,14.0,8.107949854754557e-25,1.5040921799693374,1.484777132681053,-34.44345301699786,0.0,-11.096257563451841,0.0
0.1,3.0,5.0,3.0,5.0,6.0,1.0633154484282342e-17,2.0037621504123317e-17,1.0,-5.299999967,0.0,16.1199998688,0.0
0.1,3.0,5.0,3.0,5.0,8.0,1.0550175033953473e-17,2.004618613218569e-17,1.0,-5.299999966999999,0.0,16.1199998688,0.0
0.1,3.0,5.0,3.0,5.0,10.0,1.0500274122730292e-17,2.0051263366785542e-17,1.0,-5.299999967000001,0.0,16.1199998688,0.0
0.1,3.0,5.0,3.0,5.0,12.0,1.0466960250740332e-17,2.0054623374433732e-17,1.0,-5.299999967000001,0.0,16.1199998688,0.0
0.1,3.0,5.0,3.0,5.0,12.0,2.7804835496393185e-27,2.4968347342718875,2.5585459225666414,-96.74414347093625,0.0,15.092863653105397,0.0
0.1,3.0,5.0,3.0,5.0,12.0,3.8457505554939876e-24,1.6387677623491244,1.671389944728689,-41.71414264420966,0.0,-8.03477993184918,0.0
0.1,3.0,5.0,3.0,5.0,14.0,1.0443144893724317e-17,2.0057009790500948e-17,1.0,-5.299999967000001,0.0,16.1199998688,0.0
0.1,3.0,5.0,3.0,5.0,14.0,2.968276235835452e-21,3.051427023364411,2.995258616911127,-140.31840518044982,0.0,31.68106341703647,0.0
0.1,3.0,5.0,3.0,5.0,14.0,9.634028886036287e-25,1.5040921799693374,1.484777132681053,-34.443453016997864,0.0,-11.096257563451841,0.0
0.1,3.0,5.0,3.0,7.0,6.0,1.0962348379840683e-17,2.0002077553201914e-17,1.0,-5.299999966999999,0.0,16.1199998688,0.0
0.1,3.0,5.0,3.0,7.0,6.0,0.7730914389085252,1.1119115339339003e-18,0.3027178982674038,3.186774870053086,0.0,12.952638170638199,0.0
0.1,3.0,5.0,3.0,7.0,8.0,1.0798250635561188e-17,2.0020101818749444e-17,1.0,-5.299999966999999,0.0,16.1199998688,0.0
0.1,3.0,5.0,3.0,7.0,10.0,1.0699268962692174e-17,2.0030669878255422e-17,1.0,-5.299999967000001,0.0,16.119999868800004,0.0
0.1,3.0,5.0,3.0,7.0,12.0,1.0633079624436906e-17,2.0037613232317192e-17,1.0,-5.299999967000001,0.0,16.1199998688,0.0
0.1,3.0,5.0,3.0,7.0,12.0,2.7671283810329597e-27,2.4968347342718866,2.5585459225666405,-96.7441434709362,0.0,15.092864540159281,0.0
0.1,3.0,5.0,3.0,7.0,12.0,1.1538419969482595e-24,1.6387677623491244,1.671389944728689,-41.71414264420966,0.0,-8.03477993184918,0.0
0.1,3.0,5.0,3.0,7.0,14.0,1.05857007869014e-17,2.0042523376433307e-17,1.0,-5.299999967000001,0.0,16.1199998688,0.0
0.1,3.0,5.0,3.0,7.0,14.0,2.6051940301258234e-21,3.051427023364412,2.995258616911128,-140.31840518044993,0.0,31.681062332951832,0.0
0.1,3.0,5.0,3.0,7.0,14.0,1.1202315920051868e-24,1.5040921799693376,1.484777132681053,-34.44345301699788,0.0,-11.096257563451847,0.0
0.1,3.0,5.0,5.0,0.5,6.0,9.539436426030028e-18,1.7104832789981856e-17,1.0,-5.299999967000001,0.0,18.1199998688,0.0
0.1,3.0,5.0,5.0,0.5,8.0,9.730590007375213e-18,1.7142365283095837e-17,1.0,-5.299999967000001,0.0,18.1199998688,0.0
0.1,3.0,5.0,5.0,0.5,10.0,9.844976678382108e-18,1.7164589971793912e-17,1.0,-5.299999967000001,0.0,18.1199998688,0.0
0.1,3.0,5.0,5.0,0.5,12.0,9.921090116036482e-18,1.7179281526653467e-17,1.0,-5.299999967000001,0.0,18.1199998688,0.0
0.1,3.0,5.0,5.0,0.5,14.0,9.975384183492931e-18,1.7189716410080823e-17,1.0,-5.299999967000001,0.0,18.1199998688,0.0
0.1,3.0,5.0,5.0,1.0,6.0,9.624467697868335e-18,1.7121583197386055e-17,1.0,-5.299999967000001,0.0,18.1199998688,0.0
0.1,3.0,5.0,5.0,1.0,8.0,9.794171658749408e-18,1.715473659633718e-17,1.0,-5.299999967000001,0.0,18.1199998688,0.0
0.1,3.0,5.0,5.0,1.0,10.0,9.895736616671425e-18,1.717439371641389e-17,1.0,-5.299999967000001,0.0,18.1199998688,0.0
0.1,3.0,5.0,5.0,1.0,12.0,9.963327198884358e-18,1.7187399477185062e-17,1.0,-5.299999967000001,0.0,18.1199998688,0.0
0.1,3.0,5.0,5.0,1.0,14.0,1.0011544797560993e-17,1.7196641566169117e-17,1.0,-5.299999967000001,0.0,18.1199998688,0.0
0.1,3.0,5.0,5.0,3.0,6.0,9.963347464809366e-18,1.718738293357281e-17,1.0,-5.299999967000001,0.0,18.1199998688,0.0
0.1,3.0,5.0,5.0,3.0,8.0,1.0047690108787723e-17,1.720353694375536e-17,1.0,-5.299999967000001,0.0,18.1199998688,0.0
0.1,3.0,5.0,5.0,3.0,10.0,1.0098215127783074e-17,1.72131669804467e-17,1.0,-5.299999967000001,0.0,18.1199998688,0.0
0.1,3.0,5.0,5.0,3.0,12.0,1.0131861939969587e-17,1.7219563568123574e-17,1.0,-5.299999967000001,0.0,18.1199998688,0.0
0.1,3.0,5.0,5.0,3.0,14.0,1.0155878301874452e-17,1.7224119678937516e-17,1.0,-5.299999967000001,0.0,18.1199998688,0.0
0.1,3.0,5.0,5.0,5.0,6.0,1.0299706812423947e-17,1.725122059734659e-17,1.0,-5.299999966999999,0.0,18.1199998688,0.0
0.1,3.0,5.0,5.0,5.0,8.0,1.0299691923172921e-17,1.725122638761088e-17,1.0,-5.299999966999999,0.0,18.1199998688,0.0
0.1,3.0,5.0,5.0,5.0,10.0,1.0299684478547408e-17,1.725123052351394e-17,1.0,-5.299999967000001,0.0,18.1199998688,0.0
0.1,3.0,5.0,5.0,5.0,12.0,1.0299679515463733e-17,1.725123300505578e-17,1.0,-5.299999967000001,0.0,18.1199998688,0.0
0.1,3.0,5.0,5.0,5.0,14.0,1.0299674965970364e-17,1.7251233832236392e-17,1.0,-5.299999967000001,0.0,18.1199998688,0.0
0.1,3.0,5.0,5.0,7.0,6.0,1.0632845532323554e-17,1.7313056484037992e-17,1.0,-5.299999966999999,0.0,18.1199998688,0.0
0.1,3.0,5.0,5.0,7.0,6.0,0.7730914389085252,-6.798707120717531e-28,0.3027178982674038,3.186774870053086,0.0,13.135914422501067,0.0
0.1,3.0,5.0,5.0,7.0,8.0,1.0549885520739079e-17,1.729779252019455e-17,1.0,-5.299999966999998,0.0,18.1199998688,0.0
0.1,3.0,5.0,5.0,7.0,10.0,1.0499996603634781e-17,1.728857441944826e-17,1.0,-5.299999967,0.0,18.1199998688,0.0
0.1,3.0,5.0,5.0,7.0,12.0,1.0466692657812171e-17,1.7282403652078615e-17,1.0,-5.299999967000001,0.0,18.1199998688,0.0
0.1,3.0,5.0,5.0,7.0,14.0,1.044288143669922e-17,1.727798237170452e-17,1.0,-5.299999967000001,0.0,18.1199998688,0.0
0.1,3.0,5.0,7.0,0.5,6.0,9.198223389376138e-18,1.2916154776955222e-17,1.0,-5.299999967000001,0.0,20.119999868799997,0.0
0.1,3.0,5.0,7.0,0.5,8.0,9.475459795913339e-18,1.3012000194531742e-17,1.0,-5.299999967000001,0.0,20.1199998688,0.0
0.1,3.0,5.0,7.0,0.5,10.0,9.641333910558291e-18,1.306911453428669e-17,1.0,-5.299999967000001,0.0,20.1199998688,0.0
0.1,3.0,5.0,7.0,0.5,12.0,9.751672773237658e-18,1.3107024221759996e-17,1.0,-5.299999967000001,0.0,20.1199998688,0.0
0.1,3.0,5.0,7.0,0.5,14.0,9.830350884381252e-18,1.3134020501821583e-17,1.0,-5.299999967000001,0.0,20.119999868799997,0.0
0.1,3.0,5.0,7.0,1.0,6.0,9.283608280926312e-18,1.2945728551805524e-17,1.0,-5.299999967000001,0.0,20.1199998688,0.0
0.1,3.0,5.0,7.0,1.0,8.0,9.539300768409569e-18,1.3034001130874121e-17,1.0,-5.299999967000001,0.0,20.1199998688,0.0
0.1,3.0,5.0,7.0,1.0,10.0,9.692281618846657e-18,1.3086625534264132e-17,1.0,-5.299999967000001,0.0,20.1199998688,0.0
0.1,3.0,5.0,7.0,1.0,12.0,9.794051303970281e-18,1.312156812488021e-17,1.0,-5.299999967000001,0.0,20.119999868799997,0.0
0.1,3.0,5.0,7.0,1.0,14.0,9.866623581422315e-18,1.3146455507970092e-17,1.0,-5.299999967000001,0.0,20.1199998688,0.0
0.1,3.0,5.0,7.0,3.0,6.0,9.624320046128994e-18,1.3063257681959509e-17,1.0,-5.299999967000001,0.0,20.1199998688,0.0
0.1,3.0,5.0,7.0,3.0,8.0,9.794040550622318e-18,1.3121559853074084e-17,1.0,-5.299999967000001,0.0,20.119999868799997,0.0
0.1,3.0,5.0,7.0,3.0,10.0,9.895616261892299e-18,1.3156388706355935e-17,1.0,-5.299999967000001,0.0,20.1199998688,0.0
0.1,3.0,5.0,7.0,3.0,12.0,9.963213461550132e-18,1.3179540664520682e-17,1.0,-5.299999967000001,0.0,20.119999868800004,0.0
0.1,3.0,5.0,7.0,3.0,14.0,1.0011436436900748e-17,1.3196046226463565e-17,1.0,-5.299999967000001,0.0,20.119999868799997,0.0
0.1,3.0,5.0,7.0,5.0,6.0,9.963199399479719e-18,1.3179527016040575e-17,1.0,-5.299999966999998,0.0,20.119999868799997,0.0
0.1,3.0,5.0,7.0,5.0,8.0,1.0047556932709101e-17,1.3208399341731432e-17,1.0,-5.299999966999999,0.0,20.119999868800004,0.0
0.1,3.0,5.0,7.0,5.0,10.0,1.0098090637100885e-17,1.3225681212679196e-17,1.0,-5.299999967000001,0.0,20.1199998688,0.0
0.1,3.0,5.0,7.0,5.0,12.0,1.0131745307503217e-17,1.3237187294999809e-17,1.0,-5.299999967000001,0.0,20.1199998688,0.0
0.1,3.0,5.0,7.0,5.0,14.0,1.0155767873262676e-17,1.3245394994627866e-17,1.0,-5.299999967000001,0.0,20.1199998688,0.0
0.1,3.0,5.0,7.0,7.0,6.0,1.0299555024781544e-17,1.3294489818344114e-17,1.0,-5.299999966999999,0.0,20.119999868799997,0.0
0.1,3.0,5.0,7.0,7.0,6.0,0.7730914389085252,1.2186925232517608e-25,0.3027178982674038,3.186774870053086,0.0,13.319190674363936,0.0
0.1,3.0,5.0,7.0,7.0,8.0,1.0299558333503994e-17,1.3294493954247176e-17,1.0,-5.299999966999998,0.0,20.119999868799997,0.0
0.1,3.0,5.0,7.0,7.0,10.0,1.0299560815045832e-17,1.3294498090150239e-17,1.0,-5.299999967,0.0,20.1199998688,0.0
0.1,3.0,5.0,7.0,7.0,12.0,1.0299561642226444e-17,1.329450015810177e-17,1.0,-5.299999967000001,0.0,20.119999868799997,0.0
0.1,3.0,5.0,7.0,7.0,14.0,1.0299562469407057e-17,1.3294501812462996e-17,1.0,-5.299999967000001,0.0,20.119999868799997,0.0
0.1,3.0,5.0,9.0,0.5,6.0,8.85618482647092e-18,9.409134800037612e-18,1.0,-5.299999967000001,0.0,22.1199998688,0.0
0.1,3.0,5.0,9.0,0.5,8.0,9.219613246040994e-18,9.553014595785086e-18,1.0,-5.299999967000001,0.0,22.1199998688,0.0
0.1,3.0,5.0,9.0,0.5,10.0,9.437150373409017e-18,9.639100936494704e-18,1.0,-5.299999967000001,0.0,22.1199998688,0.0
0.1,3.0,5.0,9.0,0.5,12.0,9.58185383425144e-18,9.696383193914001e-18,1.0,-5.299999967000001,0.0,22.1199998688,0.0
0.1,3.0,5.0,9.0,0.5,14.0,9.685022695381198e-18,9.73724384822259e-18,1.0,-5.299999967000001,0.0,22.119999868800004,0.0
0.1,3.0,5.0,9.0,1.0,6.0,8.941756247249225e-18,9.443030593588504e-18,1.0,-5.299999967000001,0.0,22.1199998688,0.0
0.1,3.0,5.0,9.0,1.0,8.0,9.283642815716886e-18,9.578354033079729e-18,1.0,-5.299999967000001,0.0,22.1199998688,0.0
0.1,3.0,5.0,9.0,1.0,10.0,9.488252971267084e-18,9.659328811194076e-18,1.0,-5.299999967000001,0.0,22.1199998688,0.0
0.1,3.0,5.0,9.0,1.0,12.0,9.624354374124415e-18,9.713214251427924e-18,1.0,-5.299999967000001,0.0,22.119999868800004,0.0
0.1,3.0,5.0,9.0,1.0,14.0,9.721392586144236e-18,9.75165374808357e-18,1.0,-5.299999967000001,0.0,22.1199998688,0.0
0.1,3.0,5.0,9.0,3.0,6.0,9.283625031333716e-18,9.578347829225135e-18,1.0,-5.299999967000001,0.0,22.1199998688,0.0
0.1,3.0,5.0,9.0,3.0,8.0,9.539314416889676e-18,9.679541796642422e-18,1.0,-5.299999967000001,0.0,22.1199998688,0.0
0.1,3.0,5.0,9.0,3.0,10.0,9.692291545014008e-18,9.740124504705806e-18,1.0,-5.299999967000001,0.0,22.1199998688,0.0
0.1,3.0,5.0,9.0,3.0,12.0,9.794058335005488e-18,9.780452041109603e-18,1.0,-5.299999967000001,0.0,22.119999868799997,0.0
0.1,3.0,5.0,9.0,3.0,14.0,9.86662854450599e-18,9.809229241030017e-18,1.0,-5.299999967000001,0.0,22.1199998688,0.0
0.1,3.0,5.0,9.0,5.0,6.0,9.624329972296345e-18,9.71320804757333e-18,1.0,-5.299999966999998,0.0,22.1199998688,0.0
0.1,3.0,5.0,9.0,5.0,8.0,9.794047581657525e-18,9.78045121392899e-18,1.0,-5.299999966999998,0.0,22.1199998688,0.0
0.1,3.0,5.0,9.0,5.0,10.0,9.895619157024443e-18,9.82073201462818e-18,1.0,-5.299999967000001,0.0,22.1199998688,0.0
0.1,3.0,5.0,9.0,5.0,12.0,9.963215529501663e-18,9.847559136254499e-18,1.0,-5.299999967000001,0.0,22.1199998688,0.0
0.1,3.0,5.0,9.0,5.0,14.0,1.0011436850491055e-17,9.86670629948357e-18,1.0,-5.299999967000001,0.0,22.1199998688,0.0
0.1,3.0,5.0,9.0,7.0,6.0,9.963200640250637e-18,9.847555413941743e-18,1.0,-5.299999966999999,0.0,22.1199998688,0.0
0.1,3.0,5.0,9.0,7.0,6.0,0.773091438908525,2.6957039671536945e-21,0.3027178982674039,3.186774874344604,0.0,13.502466926226806,0.0
0.1,3.0,5.0,9.0,7.0,8.0,1.0047556932709101e-17,9.881058710291978e-18,1.0,-5.299999966999999,0.0,22.119999868800004,0.0
0.1,3.0,5.0,9.0,7.0,10.0,1.0098091877871804e-17,9.901143069155072e-18,1.0,-5.299999967000001,0.0,22.1199998688,0.0
0.1,3.0,5.0,9.0,7.0,12.0,1.0131745721093524e-17,9.914523956334036e-18,1.0,-5.299999967000001,0.0,22.1199998688,0.0
0.1,3.0,5.0,9.0,7.0,14.0,1.0155766632491757e-17,9.924079960360555e-18,1.0,-5.299999967000001,0.0,22.119999868799997,0.0
0.1,3.0,7.0,3.0,0.5,6.0,3.079283848190674e-18,2.0110209084416683e-17,1.0,-7.299999967000001,0.0,16.1199998688,0.0
0.1,3.0,7.0,3.0,0.5,8.0,3.136287345743541e-18,2.0100730421777438e-17,1.0,-7.299999966999999,0.0,16.1199998688,0.0
0.1,3.0,7.0,3.0,0.5,10.0,3.1706676603382355e-18,2.009495091083753e-17,1.0,-7.299999967000001,0.0,16.1199998688,0.0
0.1,3.0,7.0,3.0,0.5,12.0,3.1936593522593e-18,2.009105654451363e-17,1.0,-7.2999999670000015,0.0,16.119999868799997,0.0
0.1,3.0,7.0,3.0,0.5,12.0,2.5503611139322875e-27,2.4968347342718875,2.5585459225666414,-109.83645794670105,0.0,15.092863653105397,0.0
0.1,3.0,7.0,3.0,0.5,12.0,8.314491389111786e-24,1.638767762349124,1.6713899447286886,-47.301231338889984,0.0,-8.034779931849176,0.0
0.1,3.0,7.0,3.0,0.5,14.0,3.210118385292727e-18,2.008825736532075e-17,1.0,-7.299999967000001,0.0,16.1199998688,0.0
0.1,3.0,7.0,3.0,0.5,14.0,4.456576106210085e-21,3.051427023364412,2.995258616911128,-158.26155354481062,0.0,31.681062332951832,0.0
0.1,3.0,7.0,3.0,0.5,14.0,4.526237355125284e-25,1.5040921799693376,1.484777132681053,-38.85257928446301,0.0,-11.096257563451847,0.0
0.1,3.0,7.0,3.0,1.0,6.0,3.12493822094416e-18,2.0102651135159786e-17,1.0,-7.299999967000001,0.0,16.1199998688,0.0
0.1,3.0,7.0,3.0,1.0,8.0,3.1707283547156816e-18,2.009495752828243e-17,1.0,-7.2999999670000015,0.0,16.1199998688,0.0
0.1,3.0,7.0,3.0,1.0,10.0,3.1983135873734062e-18,2.0090280649099056e-17,1.0,-7.299999967000001,0.0,16.119999868800004,0.0
0.1,3.0,7.0,3.0,1.0,12.0,3.2167506160466006e-18,2.008713901713258e-17,1.0,-7.299999967000001,0.0,16.1199998688,0.0
0.1,3.0,7.0,3.0,1.0,12.0,2.5477587973914315e-27,2.496834734271887,2.5585459225666414,-109.836457946701,0.0,15.092865427213175,0.0
0.1,3.0,7.0,3.0,1.0,12.0,7.782523037675996e-24,1.638767762349124,1.6713899447286886,-47.301231338889984,0.0,-8.034779931849176,0.0
0.1,3.0,7.0,3.0,1.0,14.0,3.229941872070137e-18,2.008488081406031e-17,1.0,-7.299999967000001,0.0,16.1199998688,0.0
0.1,3.0,7.0,3.0,1.0,14.0,4.349229226892156e-21,3.051427023364412,2.995258616911128,-158.26155354481062,0.0,31.681062332951832,0.0
0.1,3.0,7.0,3.0,1.0,14.0,4.76444771052261e-25,1.5040921799693374,1.484777132681053,-38.852579284463005,0.0,-11.096257563451841,0.0
0.1,3.0,7.0,3.0,3.0,6.0,3.309899011235891e-18,2.0071171949768468e-17,1.0,-7.299999967000001,0.0,16.1199998688,0.0
0.1,3.0,7.0,3.0,3.0,8.0,3.3097934423102137e-18,2.007115954205928e-17,1.0,-7.299999967000001,0.0,16.1199998688,0.0
0.1,3.0,7.0,3.0,3.0,10.0,3.3097314037642723e-18,2.007115292461438e-17,1.0,-7.299999967000001,0.0,16.1199998688,0.0
0.1,3.0,7.0,3.0,3.0,12.0,3.3096893209506086e-18,2.0071148788711317e-17,1.0,-7.299999967000001,0.0,16.1199998688,0.0
0.1,3.0,7.0,3.0,3.0,12.0,2.538714630372589e-27,2.4968347342718875,2.5585459225666414,-109.83645794670105,0.0,15.092863653105397,0.0
0.1,3.0,7.0,3.0,3.0,12.0,5.6832979045668454e-24,1.6387677623491248,1.6713899447286895,-47.30123133889003,0.0,-8.034780222952815,0.0
0.1,3.0,7.0,3.0,3.0,14.0,3.309660162834016e-18,2.0071144652808254e-17,1.0,-7.2999999670000015,0.0,16.1199998688,0.0
0.1,3.0,7.0,3.0,3.0,14.0,3.924213488404754e-21,3.0514270233644116,2.9952586169111273,-158.2615535448105,0.0,31.681065585205783,0.0
0.1,3.0,7.0,3.0,3.0,14.0,5.74822727073855e-25,1.5040921799693372,1.4847771326810528,-38.852579284463,0.0,-11.096257162681171,0.0
0.1,3.0,7.0,3.0,5.0,6.0,3.498461242517101e-18,2.0037681888308034e-17,1.0,-7.299999966999998,0.0,16.1199998688,0.0
0.1,3.0,7.0,3.0,5.0,8.0,3.4508865699715728e-18,2.0046232454299994e-17,1.0,-7.299999966999999,0.0,16.1199998688,0.0
0.1,3.0,7.0,3.0,5.0,10.0,3.4224447917895495e-18,2.0051302244274332e-17,1.0,-7.299999967000001,0.0,16.119999868799997,0.0
0.1,3.0,7.0,3.0,5.0,12.0,3.40352903233684e-18,2.0054656461658234e-17,1.0,-7.299999967000001,0.0,16.1199998688,0.0
0.1,3.0,7.0,3.0,5.0,12.0,2.5284424904212052e-27,2.496834734271887,2.5585459225666414,-109.836457946701,0.0,15.092865427213175,0.0
0.1,3.0,7.0,3.0,5.0,12.0,3.648002059216805e-24,1.6387677623491244,1.671389944728689,-47.301231338890005,0.0,-8.03477993184918,0.0
0.1,3.0,7.0,3.0,5.0,14.0,3.3900390607145955e-18,2.0057040396183612e-17,1.0,-7.299999967000001,0.0,16.1199998688,0.0
0.1,3.0,7.0,3.0,5.0,14.0,3.5541317514375354e-21,3.0514270233644116,2.9952586169111273,-158.2615535448105,0.0,31.681065585205783,0.0
0.1,3.0,7.0,3.0,5.0,14.0,6.753484555175264e-25,1.5040921799693376,1.484777132681053,-38.85257928446301,0.0,-11.096257563451847,0.0
0.1,3.0,7.0,3.0,7.0,6.0,3.69041667206858e-18,2.0002161098443782e-17,1.0,-7.299999966999998,0.0,16.119999868799997,0.0
0.1,3.0,7.0,3.0,7.0,6.0,0.8058689371859704,4.752419652477866e-24,0.24233779875854689,3.903904227976042,0.0,12.815608384419694,0.0
0.1,3.0,7.0,3.0,7.0,8.0,3.593917264820261e-18,2.0020163030114773e-17,1.0,-7.299999966999999,0.0,16.1199998688,0.0
0.1,3.0,7.0,3.0,7.0,10.0,3.536411048250115e-18,2.00307211634534e-17,1.0,-7.299999967000001,0.0,16.1199998688,0.0
0.1,3.0,7.0,3.0,7.0,12.0,3.4982433838232696e-18,2.003765790007027e-17,1.0,-7.299999966999999,0.0,16.1199998688,0.0
0.1,3.0,7.0,3.0,7.0,12.0,2.5190670634519282e-27,2.4968347342718875,2.5585459225666414,-109.83645794670105,0.0,15.092863653105397,0.0
0.1,3.0,7.0,3.0,7.0,12.0,1.6819524241270655e-24,1.638767762349124,1.6713899447286886,-47.30123133888998,0.0,-8.034779931849176,0.0
0.1,3.0,7.0,3.0,7.0,14.0,3.471063986653579e-18,2.004256308110271e-17,1.0,-7.299999967000001,0.0,16.119999868800004,0.0
0.1,3.0,7.0,3.0,7.0,14.0,3.1772467770494952e-21,3.0514270233644125,2.995258616911128,-158.26155354481065,0.0,31.681062332951843,0.0
0.1,3.0,7.0,3.0,7.0,14.0,7.7786240926519415e-25,1.5040921799693372,1.4847771326810528,-38.852579284463,0.0,-11.096257162681171,0.0
0.1,3.0,7.0,5.0,0.5,6.0,2.898802034120765e-18,1.710481459200838e-17,1.0,-7.299999967000001,0.0,18.1199998688,0.0
0.1,3.0,7.0,5.0,0.5,8.0,2.9995816874487396e-18,1.71423495666642e-17,1.0,-7.2999999670000015,0.0,18.1199998688,0.0
0.1,3.0,7.0,5.0,0.5,10.0,3.0606455044358995e-18,1.716457673690411e-17,1.0,-7.299999967000001,0.0,18.1199998688,0.0
0.1,3.0,7.0,5.0,0.5,12.0,3.1015992165634e-18,1.717926994612489e-17,1.0,-7.299999967000001,0.0,18.1199998688,0.0
0.1,3.0,7.0,5.0,0.5,14.0,3.130969711778167e-18,1.7189704002371635e-17,1.0,-7.2999999670000015,0.0,18.1199998688,0.0
0.1,3.0,7.0,5.0,1.0,6.0,2.9434765080411054e-18,1.7121557554787066e-17,1.0,-7.299999967000001,0.0,18.1199998688,0.0
0.1,3.0,7.0,5.0,1.0,8.0,3.033482133890577e-18,1.7154714262460642e-17,1.0,-7.299999967000001,0.0,18.1199998688,0.0
0.1,3.0,7.0,5.0,1.0,10.0,3.087951460239311e-18,1.717437386407919e-17,1.0,-7.299999967000001,0.0,18.1199998688,0.0
0.1,3.0,7.0,5.0,1.0,12.0,3.1244546304785464e-18,1.7187384587934036e-17,1.0,-7.299999967000001,0.0,18.1199998688,0.0
0.1,3.0,7.0,5.0,1.0,14.0,3.150621868771202e-18,1.7196628331279316e-17,1.0,-7.299999967000001,0.0,18.1199998688,0.0
0.1,3.0,7.0,5.0,3.0,6.0,3.124637850984227e-18,1.718732420374932e-17,1.0,-7.299999967000001,0.0,18.1199998688,0.0
0.1,3.0,7.0,5.0,3.0,8.0,3.170437600730369e-18,1.7203490621641056e-17,1.0,-7.299999967000001,0.0,18.1199998688,0.0
0.1,3.0,7.0,5.0,3.0,10.0,3.198028106664499e-18,1.7213128930138524e-17,1.0,-7.299999967000001,0.0,18.1199998688,0.0
0.1,3.0,7.0,5.0,3.0,12.0,3.2164687542528732e-18,1.7219531308079684e-17,1.0,-7.2999999670000015,0.0,18.1199998688,0.0
0.1,3.0,7.0,5.0,3.0,14.0,3.229661561240058e-18,1.722409155479669e-17,1.0,-7.2999999670000015,0.0,18.1199998688,0.0
0.1,3.0,7.0,5.0,5.0,6.0,3.309601122817795e-18,1.725113291620166e-17,1.0,-7.299999966999998,0.0,18.1199998688,0.0
0.1,3.0,7.0,5.0,5.0,8.0,3.3095031019152076e-18,1.7251159385981262e-17,1.0,-7.299999966999999,0.0,18.1199998688,0.0
0.1,3.0,7.0,5.0,5.0,10.0,3.3094449924771758e-18,1.7251175929593513e-17,1.0,-7.299999967000001,0.0,18.1199998688,0.0
0.1,3.0,7.0,5.0,5.0,12.0,3.3094060115908092e-18,1.7251185855760864e-17,1.0,-7.299999967000001,0.0,18.1199998688,0.0
0.1,3.0,7.0,5.0,5.0,14.0,3.309378714630595e-18,1.7251193300386377e-17,1.0,-7.299999967000001,0.0,18.1199998688,0.0
0.1,3.0,7.0,5.0,7.0,6.0,3.4981646982675005e-18,1.7312947296197135e-17,1.0,-7.299999966999998,0.0,18.119999868799997,0.0
0.1,3.0,7.0,5.0,7.0,6.0,0.8058689371859703,5.959166581382869e-25,0.242337798758547,3.9039042279760405,0.0,12.933063601833968,0.0
0.1,3.0,7.0,5.0,7.0,8.0,3.450595712588684e-18,1.7297707320591458e-17,1.0,-7.299999966999999,0.0,18.1199998688,0.0
0.1,3.0,7.0,5.0,7.0,10.0,3.422159104285489e-18,1.7288504109096193e-17,1.0,-7.299999966999999,0.0,18.1199998688,0.0
0.1,3.0,7.0,5.0,7.0,12.0,3.403245412784311e-18,1.72823432678939e-17,1.0,-7.2999999670000015,0.0,18.1199998688,0.0
0.1,3.0,7.0,5.0,7.0,14.0,3.389757922703904e-18,1.7277928604964703e-17,1.0,-7.299999967000001,0.0,18.1199998688,0.0
0.1,3.0,7.0,7.0,0.5,6.0,2.7224063888792912e-18,1.2916132029488377e-17,1.0,-7.2999999670000015,0.0,20.1199998688,0.0
0.1,3.0,7.0,7.0,0.5,8.0,2.8651488112845044e-18,1.3011981169377653e-17,1.0,-7.299999967000001,0.0,20.1199998688,0.0
0.1,3.0,7.0,7.0,0.5,10.0,2.952087768410512e-18,1.3069098404264746e-17,1.0,-7.2999999670000015,0.0,20.119999868799997,0.0
0.1,3.0,7.0,7.0,0.5,12.0,3.0105724362477317e-18,1.3107009746099276e-17,1.0,-7.299999967000001,0.0,20.119999868799997,0.0
0.1,3.0,7.0,7.0,0.5,14.0,3.0526006559909385e-18,1.3134006853341476e-17,1.0,-7.2999999670000015,0.0,20.119999868799997,0.0
0.1,3.0,7.0,7.0,1.0,6.0,2.7660514365273094e-18,1.294569132867796e-17,1.0,-7.299999967000001,0.0,20.119999868799997,0.0
0.1,3.0,7.0,7.0,1.0,8.0,2.8984880156807245e-18,1.30339734203236e-17,1.0,-7.299999967000001,0.0,20.1199998688,0.0
0.1,3.0,7.0,7.0,1.0,10.0,2.9790403112972103e-18,1.3086601546026368e-17,1.0,-7.299999967000001,0.0,20.1199998688,0.0
0.1,3.0,7.0,7.0,1.0,12.0,3.0331855896409767e-18,1.3121547445364896e-17,1.0,-7.299999967000001,0.0,20.1199998688,0.0
0.1,3.0,7.0,7.0,1.0,14.0,3.0720756929353104e-18,1.314643689640631e-17,1.0,-7.2999999670000015,0.0,20.1199998688,0.0
0.1,3.0,7.0,7.0,3.0,6.0,2.943218634485142e-18,1.3063170000814578e-17,1.0,-7.299999967000001,0.0,20.1199998688,0.0
0.1,3.0,7.0,7.0,3.0,8.0,3.033249799536026e-18,1.3121495332986305e-17,1.0,-7.299999967000001,0.0,20.1199998688,0.0
0.1,3.0,7.0,7.0,3.0,10.0,3.08773360154548e-18,1.3156336593977345e-17,1.0,-7.299999966999999,0.0,20.1199998688,0.0
0.1,3.0,7.0,7.0,3.0,12.0,3.124247835325408e-18,1.317949641035791e-17,1.0,-7.299999967000001,0.0,20.1199998688,0.0
0.1,3.0,7.0,7.0,3.0,14.0,3.1504215876653876e-18,1.3196007348974775e-17,1.0,-7.299999967000001,0.0,20.1199998688,0.0
0.1,3.0,7.0,7.0,5.0,6.0,3.124380287620993e-18,1.3179397975865017e-17,1.0,-7.299999966999998,0.0,20.119999868799997,0.0
0.1,3.0,7.0,7.0,5.0,8.0,3.1702045425927824e-18,1.3208301734419151e-17,1.0,-7.299999966999999,0.0,20.119999868799997,0.0
0.1,3.0,7.0,7.0,5.0,10.0,3.197809420790055e-18,1.3225603871291923e-17,1.0,-7.299999967000001,0.0,20.119999868799997,0.0
0.1,3.0,7.0,7.0,5.0,12.0,3.2162591673651676e-18,1.3237121947731417e-17,1.0,-7.299999967000001,0.0,20.119999868799997,0.0
0.1,3.0,7.0,7.0,5.0,14.0,3.229459522375442e-18,1.3245339159936519e-17,1.0,-7.299999966999999,0.0,20.119999868799997,0.0
0.1,3.0,7.0,7.0,7.0,6.0,3.309342008490913e-18,1.3294327277353747e-17,1.0,-7.299999966999996,0.0,20.1199998688,0.0
0.1,3.0,7.0,7.0,7.0,6.0,0.8058689371859704,1.5266784423101816e-25,0.24233779875854689,3.903904227976042,0.0,13.050518819248245,0.0
0.1,3.0,7.0,7.0,7.0,8.0,3.309269009801855e-18,1.32943702907456e-17,1.0,-7.299999966999999,0.0,20.1199998688,0.0
0.1,3.0,7.0,7.0,7.0,10.0,3.309225582819696e-18,1.3294397587705814e-17,1.0,-7.299999967000001,0.0,20.119999868799997,0.0
0.1,3.0,7.0,7.0,7.0,12.0,3.30919652810068e-18,1.3294415372088984e-17,1.0,-7.2999999670000015,0.0,20.1199998688,0.0
0.1,3.0,7.0,7.0,7.0,14.0,3.3091750214047538e-18,1.3294427366207866e-17,1.0,-7.299999967000001,0.0,20.1199998688,0.0
0.1,3.0,7.0,9.0,0.5,6.0,2.550301846463013e-18,9.409113706931992e-18,1.0,-7.299999967000001,0.0,22.119999868799997,0.0
0.1,3.0,7.0,9.0,0.5,8.0,2.7330736066611985e-18,9.552998052172835e-18,1.0,-7.2999999670000015,0.0,22.1199998688,0.0
0.1,3.0,7.0,9.0,0.5,10.0,2.845028366667188e-18,9.63908811519521e-18,1.0,-7.299999967000001,0.0,22.119999868799997,0.0
0.1,3.0,7.0,9.0,0.5,12.0,2.9205893510699523e-18,9.696372026975732e-18,1.0,-7.2999999670000015,0.0,22.1199998688,0.0
0.1,3.0,7.0,9.0,0.5,14.0,2.975005944654636e-18,9.737233094874626e-18,1.0,-7.2999999670000015,0.0,22.1199998688,0.0
0.1,3.0,7.0,9.0,1.0,6.0,2.592871869507442e-18,9.442996679183389e-18,1.0,-7.299999967000001,0.0,22.119999868799997,0.0
0.1,3.0,7.0,9.0,1.0,8.0,2.7658308894964875e-18,9.578329217661352e-18,1.0,-7.299999967000001,0.0,22.1199998688,0.0
0.1,3.0,7.0,9.0,1.0,10.0,2.8716176738673988e-18,9.659308545269068e-18,1.0,-7.299999967000001,0.0,22.1199998688,0.0
0.1,3.0,7.0,9.0,1.0,12.0,2.9429562114358096e-18,9.713196467044754e-18,1.0,-7.2999999670000015,0.0,22.1199998688,0.0
0.1,3.0,7.0,9.0,1.0,14.0,2.9943034479600388e-18,9.751638445242237e-18,1.0,-7.299999967000001,0.0,22.119999868800004,0.0
0.1,3.0,7.0,9.0,3.0,6.0,2.7658532233730264e-18,9.578265524754186e-18,1.0,-7.2999999670000015,0.0,22.1199998688,0.0
0.1,3.0,7.0,9.0,3.0,8.0,2.8983161689084666e-18,9.679483480409237e-18,1.0,-7.2999999670000015,0.0,22.1199998688,0.0
0.1,3.0,7.0,9.0,3.0,10.0,2.978884387751744e-18,9.740077769001196e-18,1.0,-7.299999967000001,0.0,22.1199998688,0.0
0.1,3.0,7.0,9.0,3.0,12.0,3.03304052284105e-18,9.780415231572345e-18,1.0,-7.299999967000001,0.0,22.1199998688,0.0
0.1,3.0,7.0,9.0,3.0,14.0,3.071937553773014e-18,9.809197394576434e-18,1.0,-7.299999967000001,0.0,22.1199998688,0.0
0.1,3.0,7.0,9.0,5.0,6.0,2.9430181465841745e-18,9.713088933565122e-18,1.0,-7.299999966999996,0.0,22.1199998688,0.0
0.1,3.0,7.0,9.0,5.0,8.0,3.033074850836471e-18,9.780364773554979e-18,1.0,-7.299999966999999,0.0,22.119999868800004,0.0
0.1,3.0,7.0,9.0,5.0,10.0,3.087575610048482e-18,9.82066418581795e-18,1.0,-7.299999967000001,0.0,22.1199998688,0.0
0.1,3.0,7.0,9.0,5.0,12.0,3.1240992530078783e-18,9.847503301563152e-18,1.0,-7.299999967000001,0.0,22.119999868799997,0.0
0.1,3.0,7.0,9.0,5.0,14.0,3.150282104334596e-18,9.866659150188655e-18,1.0,-7.299999967000001,0.0,22.1199998688,0.0
0.1,3.0,7.0,9.0,7.0,6.0,3.124176077407269e-18,9.847408589383014e-18,1.0,-7.299999966999999,0.0,22.119999868799997,0.0
0.1,3.0,7.0,9.0,7.0,6.0,0.8058689371859703,3.355116025649547e-25,0.242337798758547,3.9039042279760405,0.0,13.167974036662523,0.0
0.1,3.0,7.0,9.0,7.0,8.0,3.1700276293392726e-18,9.88095076322204e-18,1.0,-7.299999966999998,0.0,22.1199998688,0.0
0.1,3.0,7.0,9.0,7.0,10.0,3.1976492579439496e-18,9.901057455961672e-18,1.0,-7.299999967000001,0.0,22.1199998688,0.0
0.1,3.0,7.0,9.0,7.0,12.0,3.2161106884452143e-18,9.914453232391662e-18,1.0,-7.299999967000001,0.0,22.1199998688,0.0
0.1,3.0,7.0,9.0,7.0,14.0,3.2293185914785782e-18,9.924018748995226e-18,1.0,-7.299999967000001,0.0,22.1199998688,0.0
0.1,4.0,1.0,3.0,0.5,6.0,8.888063709330854e-21,-1.6368174146341509e-25,1.0,-1.3999999560000005,0.0,16.1199998688,0.0
0.1,4.0,1.0,3.0,0.5,8.0,8.925623383890569e-21,-1.6360423587947712e-25,1.0,-1.3999999560000005,0.0,16.1199998688,0.0
0.1,4.0,1.0,3.0,0.5,10.0,8.948216158267707e-21,-1.635561615865773e-25,1.0,-1.3999999560000007,0.0,16.1199998688,0.0
0.1,4.0,1.0,3.0,0.5,12.0,8.963302763359486e-21,-1.635245054612674e-25,1.0,-1.3999999560000005,0.0,16.1199998688,0.0
0.1,4.0,1.0,3.0,0.5,12.0,4.533663740990841e-27,2.496834734271887,2.5585459225666414,-70.65951450840667,0.0,15.092865427213175,0.0
0.1,4.0,1.0,3.0,0.5,12.0,2.4527632452035342e-23,1.6387677623491244,1.671389944728689,-30.639965243848984,0.0,-8.03477993184918,0.0
0.1,4.0,1.0,3.0,0.5,14.0,8.97408998816539e-21,-1.635016038431127e-25,1.0,-1.3999999560000007,0.0,16.1199998688,0.0
0.1,4.0,1.0,3.0,0.5,14.0,2.0198999310527676e-21,3.051427023364413,2.995258616911129,-104.53210844072848,0.0,31.681065585205815,0.0
0.1,4.0,1.0,3.0,0.5,14.0,2.2726143934940137e-24,1.5040921799693372,1.4847771326810528,-25.725200471067584,0.0,-11.096257162681171,0.0
0.1,4.0,1.0,3.0,1.0,6.0,8.918435182348e-21,-1.6362200682025997e-25,1.0,-1.3999999560000005,0.0,16.1199998688,0.0
0.1,4.0,1.0,3.0,1.0,8.0,8.948466927683146e-21,-1.6355834636150622e-25,1.0,-1.3999999560000005,0.0,16.1199998688,0.0
0.1,4.0,1.0,3.0,1.0,10.0,8.966522376081845e-21,-1.635197538069086e-25,1.0,-1.3999999560000005,0.0,16.1199998688,0.0
0.1,4.0,1.0,3.0,1.0,12.0,8.978574858049075e-21,-1.6349383233060111e-25,1.0,-1.3999999560000005,0.0,16.1199998688,0.0
0.1,4.0,1.0,3.0,1.0,12.0,4.522300754318957e-27,2.496834734271887,2.5585459225666414,-70.65951450840667,0.0,15.092865427213175,0.0
0.1,4.0,1.0,3.0,1.0,12.0,2.2192632571573735e-23,1.6387677623491244,1.671389944728689,-30.63996524384898,0.0,-8.03477993184918,0.0
0.1,4.0,1.0,3.0,1.0,14.0,8.987190632772831e-21,-1.6347479181679892e-25,1.0,-1.3999999560000005,0.0,16.1199998688,0.0
0.1,4.0,1.0,3.0,1.0,14.0,1.8955401114213822e-21,3.0514270233644116,2.9952586169111273,-104.5321084407284,0.0,31.681065585205783,0.0
0.1,4.0,1.0,3.0,1.0,14.0,2.429810311646952e-24,1.5040921799693374,1.484777132681053,-25.72520047106759,0.0,-11.096257563451841,0.0
0.1,4.0,1.0,3.0,3.0,6.0,9.04070120105386e-21,-1.6337546621696303e-25,1.0,-1.3999999560000005,0.0,16.1199998688,0.0
0.1,4.0,1.0,3.0,3.0,6.0,0.4747240934590814,3.1165188664768658e-18,0.8873185175447267,0.6858197418357751,0.0,15.315233729499507,0.0
0.1,4.0,1.0,3.0,3.0,6.0,0.8792788831682211,-5.412267484245865e-24,0.6134343228072228,-1.3676931968305612,0.0,13.676787671748558,0.0
0.1,4.0,1.0,3.0,3.0,8.0,9.040280542553873e-21,-1.6337211972109166e-25,1.0,-1.3999999560000007,0.0,16.1199998688,0.0
0.1,4.0,1.0,3.0,3.0,8.0,0.5211548409751002,-1.5528246029667795e-21,0.8981491118980818,0.4861714865743599,0.0,15.33902959788882,0.0
0.1,4.0,1.0,3.0,3.0,8.0,0.7827944090719212,6.122480371619293e-26,0.7702123424221532,-0.7499001772205215,0.0,14.446233381771306,0.0
0.1,4.0,1.0,3.0,3.0,10.0,9.040028712909377e-21,-1.633698116866463e-25,1.0,-1.3999999560000005,0.0,16.1199998688,0.0
0.1,4.0,1.0,3.0,3.0,10.0,0.5853027603847627,-4.9216645080792986e-30,0.8972262036057931,0.20354293464737092,0.0,15.281535752338215,0.0
0.1,4.0,1.0,3.0,3.0,10.0,0.6817371141782228,4.58422482808942e-33,0.8605703521455846,-0.23852458229471335,0.0,14.997817397068367,0.0
0.1,4.0,1.0,3.0,3.0,12.0,9.039860186976473e-21,-1.6336816617210182e-25,1.0,-1.3999999560000005,0.0,16.1199998688,0.0
0.1,4.0,1.0,3.0,3.0,12.0,4.470390008969921e-27,2.496834734271887,2.5585459225666414,-70.65951450840667,0.0,15.092865427213175,0.0
0.1,4.0,1.0,3.0,3.0,12.0,1.3076467598418338e-23,1.6387677623491241,1.671389944728689,-30.639965243848973,0.0,-8.03478022295281,0.0
0.1,4.0,1.0,3.0,3.0,14.0,9.039740229631781e-21,-1.6336724788870434e-25,1.0,-1.3999999560000005,0.0,16.1199998688,0.0
0.1,4.0,1.0,3.0,3.0,14.0,1.4719275103597654e-21,3.051427023364412,2.995258616911128,-104.53210844072844,0.0,31.681062332951832,0.0
0.1,4.0,1.0,3.0,3.0,14.0,3.0701835342477603e-24,1.5040921799693374,1.484777132681053,-25.725200471067595,0.0,-11.096257563451841,0.0
0.1,4.0,1.0,3.0,5.0,6.0,9.164218946378802e-21,-1.631139711528339e-25,1.0,-1.399999956,0.0,16.1199998688,0.0
0.1,4.0,1.0,3.0,5.0,6.0,0.4134387096594992,-2.346507438220325e-24,0.8575570277959069,0.9402896855656452,0.0,15.199722677249214,0.0
0.1,4.0,1.0,3.0,5.0,6.0,0.9906916557567559,-2.5944092489668087e-31,0.1821083693449479,-2.8969368335031884,0.0,12.49320247533474,0.0
0.1,4.0,1.0,3.0,5.0,8.0,9.132798149518193e-21,-1.6317673798009347e-25,1.0,-1.399999956,0.0,16.1199998688,0.0
0.1,4.0,1.0,3.0,5.0,8.0,0.44604152309495515,-3.671494916294014e-25,0.8756543497969579,0.8064936051535121,0.0,15.273086239914598,0.0
0.1,4.0,1.0,3.0,5.0,8.0,0.9405409292008821,-6.4478098290873055e-25,0.44711422531121336,-1.949745519779266,0.0,13.065116502995416,0.0
0.1,4.0,1.0,3.0,5.0,10.0,9.113984182960132e-21,-1.632148313336495e-25,1.0,-1.3999999560000005,0.0,16.1199998688,0.0
0.1,4.0,1.0,3.0,5.0,10.0,0.4747240934590813,3.2521649064069866e-18,0.8873185175447267,0.6858197523767674,0.0,15.31523372949951,0.0
0.1,4.0,1.0,3.0,5.0,10.0,0.879278883168221,1.8796661730891548e-29,0.613434322807223,-1.3676931773066474,0.0,13.676787671748555,0.0
0.1,4.0,1.0,3.0,5.0,12.0,9.101457475682006e-21,-1.6323949248140138e-25,1.0,-1.3999999560000003,0.0,16.1199998688,0.0
0.1,4.0,1.0,3.0,5.0,12.0,4.422668546435916e-27,2.4968347342718866,2.5585459225666405,-70.65951450840666,0.0,15.092864540159281,0.0
0.1,4.0,1.0,3.0,5.0,12.0,4.427942130891125e-24,1.6387677623491237,1.6713899447286886,-30.639965243848952,0.0,-8.034779931849172,0.0
0.1,4.0,1.0,3.0,5.0,12.0,0.5022102445627237,-1.2512105857201006e-23,0.8949103626067705,0.5681872593607616,0.0,15.335954344092565,0.0
0.1,4.0,1.0,3.0,5.0,12.0,0.820203881829505,4.015332283193676e-26,0.7196939967632547,-0.9660400337160636,0.0,14.176054753982744,0.0
0.1,4.0,1.0,3.0,5.0,14.0,9.09251838158308e-21,-1.632573127259908e-25,1.0,-1.3999999560000003,0.0,16.1199998688,0.0
0.1,4.0,1.0,3.0,5.0,14.0,1.1251490022118145e-21,3.051427023364412,2.995258616911128,-104.53210844072844,0.0,31.681062332951832,0.0
0.1,4.0,1.0,3.0,5.0,14.0,3.729896865231419e-24,1.5040921799693374,1.484777132681053,-25.72520047106759,0.0,-11.096257563451841,0.0
0.1,4.0,1.0,3.0,5.0,14.0,0.5312205967226136,5.144337406136355e-29,0.8992159562920251,0.44231451231048824,0.0,15.336943338387618,0.0
0.1,4.0,1.0,3.0,5.0,14.0,0.7643354951664105,-6.187664729889475e-31,0.7913540181531136,-0.6501425005154049,0.0,14.566408940554487,0.0
0.1,4.0,1.0,3.0,7.0,6.0,9.288995082619752e-21,-1.6283702858980685e-25,1.0,-1.3999999560000003,0.0,16.1199998688,0.0
0.1,4.0,1.0,3.0,7.0,6.0,0.37895955271577114,2.1694219144493555e-21,0.8324546003063731,1.0764350677497512,0.0,15.092670199993773,0.0
0.1,4.0,1.0,3.0,7.0,8.0,9.226022222443906e-21,-1.6297340908177275e-25,1.0,-1.3999999560000003,0.0,16.1199998688,0.0
0.1,4.0,1.0,3.0,7.0,8.0,0.40823762300872024,4.861465768951216e-24,0.8541742877651662,0.9612241855658268,0.0,15.185514122375928,0.0
0.1,4.0,1.0,3.0,7.0,8.0,0.995005425598144,1.4399044603855158e-28,0.13371867765147427,-3.078910647863098,0.0,12.441015433300963,0.0
0.1,4.0,1.0,3.0,7.0,10.0,9.188392825201943e-21,-1.6305354625638673e-25,1.0,-1.3999999560000005,0.0,16.1199998688,0.0
0.1,4.0,1.0,3.0,7.0,10.0,0.4327467143501288,-3.728045359383059e-24,0.8689111968534176,0.8615459024340748,0.0,15.246440280953898,0.0
0.1,4.0,1.0,3.0,7.0,10.0,0.9649566218941042,-1.1790073654855414e-25,0.348201102503903,-2.295492833042851,0.0,12.794687343373212,0.0
0.1,4.0,1.0,3.0,7.0,12.0,9.163370005827039e-21,-1.6310662488565404e-25,1.0,-1.3999999560000007,0.0,16.1199998688,0.0
0.1,4.0,1.0,3.0,7.0,12.0,4.372377122984121e-27,2.496834734271888,2.5585459225666423,-70.65951450840672,0.0,15.092863653105407,0.0
0.1,4.0,1.0,3.0,7.0,12.0,-3.8084689891132426e-24,1.6387677623491241,1.671389944728689,-30.639965243848973,0.0,-8.03478022295281,0.0
0.1,4.0,1.0,3.0,7.0,12.0,0.4545014494634423,6.113107504276659e-18,0.8794999189207842,0.7711530866910932,0.0,15.287697230947362,0.0
0.1,4.0,1.0,3.0,7.0,12.0,0.9232278711524156,6.849740528992944e-31,0.5027960071243043,-1.7566263227072554,0.0,13.24767256360669,0.0
0.1,4.0,1.0,3.0,7.0,14.0,9.145527764442916e-21,-1.6314357500719507e-25,1.0,-1.3999999560000005,0.0,16.1199998688,0.0
0.1,4.0,1.0,3.0,7.0,14.0,8.286362565606649e-22,3.0514270233644125,2.995258616911128,-104.53210844072845,0.0,31.681062332951843,0.0
0.1,4.0,1.0,3.0,7.0,14.0,4.4099071928759624e-24,1.5040921799693374,1.484777132681053,-25.725200471067595,0.0,-11.096257563451841,0.0
0.1,4.0,1.0,3.0,7.0,14.0,0.4747240934590814,3.294559360366401e-18,0.8873185175447267,0.6858197365652787,0.0,15.315233729499507,0.0
0.1,4.0,1.0,3.0,7.0,14.0,0.879278883168221,2.7835244606138223e-28,0.613434322807223,-1.3676931870686042,0.0,13.676787671748555,0.0
0.1,4.0,1.0,5.0,0.5,6.0,8.769971610472503e-21,-1.2384120583225835e-25,1.0,-1.3999999560000003,0.0,18.1199998688,0.0
0.1,4.0,1.0,5.0,0.5,8.0,8.836980106334617e-21,-1.2411419792778348e-25,1.0,-1.3999999560000007,0.0,18.1199998688,0.0
0.1,4.0,1.0,5.0,0.5,10.0,8.877369481759345e-21,-1.2427584970210766e-25,1.0,-1.3999999560000005,0.0,18.1199998688,0.0
0.1,4.0,1.0,5.0,0.5,12.0,8.904372506089423e-21,-1.2438270337691018e-25,1.0,-1.3999999560000005,0.0,18.1199998688,0.0
0.1,4.0,1.0,5.0,0.5,14.0,8.92369831084634e-21,-1.2445859426118277e-25,1.0,-1.3999999560000005,0.0,18.1199998688,0.0
0.1,4.0,1.0,5.0,1.0,6.0,8.80003536462774e-21,-1.239582777209738e-25,1.0,-1.3999999560000005,0.0,18.1199998688,0.0
0.1,4.0,1.0,5.0,1.0,8.0,8.859649469639321e-21,-1.242005566264898e-25,1.0,-1.3999999560000005,0.0,18.1199998688,0.0
0.1,4.0,1.0,5.0,1.0,10.0,8.895563719190265e-21,-1.243441508816554e-25,1.0,-1.3999999560000005,0.0,18.1199998688,0.0
0.1,4.0,1.0,5.0,1.0,12.0,8.919567204057879e-21,-1.244392548430532e-25,1.0,-1.3999999560000007,0.0,18.1199998688,0.0
0.1,4.0,1.0,5.0,1.0,14.0,8.936742106981508e-21,-1.2450683803591769e-25,1.0,-1.3999999560000005,0.0,18.1199998688,0.0
0.1,4.0,1.0,5.0,3.0,6.0,8.921062177514807e-21,-1.24418137406399e-25,1.0,-1.3999999560000005,0.0,18.1199998688,0.0
0.1,4.0,1.0,5.0,3.0,6.0,0.47472409345908134,1.3815211332165947e-25,0.8873185175447267,0.6858197576472639,0.0,16.88990203265505,0.0
0.1,4.0,1.0,5.0,3.0,6.0,0.8792788831682216,-5.9355438404283754e-21,0.6134343228072225,-1.367693187068606,0.0,14.429391008544469,0.0
0.1,4.0,1.0,5.0,3.0,8.0,8.950764444048835e-21,-1.245416280344331e-25,1.0,-1.3999999560000003,0.0,18.1199998688,0.0
0.1,4.0,1.0,5.0,3.0,8.0,0.5211548409751002,-4.9109335323780706e-21,0.8981491118980818,0.4861714865743599,0.0,16.952373252295445,0.0
0.1,4.0,1.0,5.0,3.0,8.0,0.7827944090719212,2.1927463830453545e-28,0.7702123424221532,-0.7499001772205215,0.0,15.63268748661015,0.0
0.1,4.0,1.0,5.0,3.0,10.0,8.968620670359086e-21,-1.2461530024740976e-25,1.0,-1.3999999560000003,0.0,18.1199998688,0.0
0.1,4.0,1.0,5.0,3.0,10.0,0.5853027603847631,-2.4361429794350913e-29,0.897226203605793,0.20354293464737092,0.0,16.89156547321194,0.0
0.1,4.0,1.0,5.0,3.0,10.0,0.6817371141782228,1.8791733077494295e-34,0.8605703521455846,-0.23852458229471335,0.0,16.47898005905232,0.0
0.1,4.0,1.0,5.0,3.0,12.0,8.980540472232945e-21,-1.2466416956419061e-25,1.0,-1.3999999560000003,0.0,18.1199998688,0.0
0.1,4.0,1.0,5.0,3.0,14.0,8.98906168462227e-21,-1.2469860827308417e-25,1.0,-1.3999999560000007,0.0,18.1199998688,0.0
0.1,4.0,1.0,5.0,5.0,6.0,9.043331427394935e-21,-1.248640502775389e-25,1.0,-1.399999956,0.0,18.1199998688,0.0
0.1,4.0,1.0,5.0,5.0,6.0,0.4134387096594993,-5.363116223647099e-24,0.8575570277959068,0.9402896947458295,0.0,16.67053078909351,0.0
0.1,4.0,1.0,5.0,5.0,6.0,0.9906916557567559,-8.606471687100334e-23,0.1821083693449479,-2.8969368335031884,0.0,12.559529391705693,0.0
0.1,4.0,1.0,5.0,5.0,8.0,9.04257810940666e-21,-1.2487445646221441e-25,1.0,-1.3999999560000003,0.0,18.1199998688,0.0
0.1,4.0,1.0,5.0,5.0,8.0,0.44604152309495515,-1.8592854343702093e-25,0.8756543497969579,0.8064936051535121,0.0,16.806627320551264,0.0
0.1,4.0,1.0,5.0,5.0,8.0,0.9405409292008823,-5.824001584246315e-21,0.44711422531121303,-1.9497455276108437,0.0,13.464938763946707,0.0
0.1,4.0,1.0,5.0,5.0,10.0,9.04212574500917e-21,-1.2488092450533964e-25,1.0,-1.3999999560000005,0.0,18.1199998688,0.0
0.1,4.0,1.0,5.0,5.0,10.0,0.4747240934590814,1.7542354777015306e-25,0.8873185175447267,0.6858197418357751,0.0,16.88990203265505,0.0
0.1,4.0,1.0,5.0,5.0,10.0,0.8792788831682211,-9.013626268896828e-24,0.6134343228072229,-1.3676931870686047,0.0,14.42939100854447,0.0
0.1,4.0,1.0,5.0,5.0,12.0,9.04182463995709e-21,-1.248851923660964e-25,1.0,-1.3999999560000003,0.0,18.1199998688,0.0
0.1,4.0,1.0,5.0,5.0,12.0,0.5022102445627239,-4.5743407520621226e-23,0.8949103626067705,0.56818727051207,0.0,16.93768345829453,0.0
0.1,4.0,1.0,5.0,5.0,12.0,0.820203881829505,3.425983622403989e-27,0.7196939967632547,-0.9660400337160636,0.0,15.21197365193688,0.0
0.1,4.0,1.0,5.0,5.0,14.0,9.041609060048912e-21,-1.2488817524639427e-25,1.0,-1.3999999560000005,0.0,18.1199998688,0.0
0.1,4.0,1.0,5.0,5.0,14.0,0.5312205967226137,1.0615872705620704e-28,0.8992159562920251,0.4423145182082218,0.0,16.954122010487982,0.0
0.1,4.0,1.0,5.0,5.0,14.0,0.7643354951664104,-1.0868404182868731e-31,0.7913540181531136,-0.6501425090012334,0.0,15.818891304648643,0.0
0.1,4.0,1.0,5.0,7.0,6.0,9.166851343665088e-21,-1.2529677438041965e-25,1.0,-1.3999999560000003,0.0,18.1199998688,0.0
0.1,4.0,1.0,5.0,7.0,6.0,0.378959552715771,5.5520978657154014e-21,0.8324546003063733,1.0764350677497503,0.0,16.478631523136265,0.0
0.1,4.0,1.0,5.0,7.0,8.0,9.135095817345176e-21,-1.2520024985309487e-25,1.0,-1.3999999560000003,0.0,18.1199998688,0.0
0.1,4.0,1.0,5.0,7.0,8.0,0.40823762300872013,9.42638984894467e-24,0.8541742877651664,0.9612241900981744,0.0,16.644741550134185,0.0
0.1,4.0,1.0,5.0,7.0,8.0,0.995005425598144,1.159331585324384e-22,0.13371867765147427,-3.078910647863098,0.0,12.47677680280668,0.0
0.1,4.0,1.0,5.0,7.0,10.0,9.116081618956708e-21,-1.2514196042777002e-25,1.0,-1.3999999560000005,0.0,18.1199998688,0.0
0.1,4.0,1.0,5.0,7.0,10.0,0.4327467143501287,-5.323400133905229e-24,0.8689111968534177,0.8615459168474355,0.0,16.756453616988377,0.0
0.1,4.0,1.0,5.0,7.0,10.0,0.9649566218941042,2.0050269543309028e-28,0.348201102503903,-2.295492833042851,0.0,13.03717535894308,0.0
0.1,4.0,1.0,5.0,7.0,12.0,9.103421474278742e-21,-1.251031151911637e-25,1.0,-1.3999999560000005,0.0,18.1199998688,0.0
0.1,4.0,1.0,5.0,7.0,12.0,0.45450144946344206,-1.7200580290053365e-18,0.8794999189207843,0.7711530866910926,0.0,16.834737445710694,0.0
0.1,4.0,1.0,5.0,7.0,12.0,0.9232278711524157,-5.9612203314458055e-25,0.5027960071243043,-1.7566263175823114,0.0,13.753280213166974,0.0
0.1,4.0,1.0,5.0,7.0,14.0,9.094387060538916e-21,-1.2507508597712508e-25,1.0,-1.3999999560000005,0.0,18.1199998688,0.0
0.1,4.0,1.0,5.0,7.0,14.0,0.47472409345908134,1.9453308998303778e-25,0.8873185175447267,0.6858197523767675,0.0,16.88990203265505,0.0
0.1,4.0,1.0,5.0,7.0,14.0,0.879278883168221,1.0933493573777858e-29,0.613434322807223,-1.3676931870686042,0.0,14.42939100854447,0.0
0.1,4.0,1.0,7.0,0.5,6.0,8.652994317223636e-21,-8.42109956177243e-26,1.0,-1.3999999560000003,0.0,20.1199998688,0.0
0.1,4.0,1.0,7.0,0.5,8.0,8.748889813962338e-21,-8.483807840761678e-26,1.0,-1.3999999560000003,0.0,20.1199998688,0.0
0.1,4.0,1.0,7.0,0.5,10.0,8.806810733170502e-21,-8.521181358741688e-26,1.0,-1.3999999560000003,0.0,20.1199998688,0.0
0.1,4.0,1.0,7.0,0.5,12.0,8.845583764154869e-21,-8.545987490499791e-26,1.0,-1.3999999560000005,0.0,20.1199998688,0.0
0.1,4.0,1.0,7.0,0.5,14.0,8.873358534263967e-21,-8.563640564370044e-26,1.0,-1.3999999560000007,0.0,20.1199998688,0.0
0.1,4.0,1.0,7.0,1.0,6.0,8.682751564207315e-21,-8.439531327637798e-26,1.0,-1.3999999560000003,0.0,20.1199998688,0.0
0.1,4.0,1.0,7.0,1.0,8.0,8.771386157982422e-21,-8.497505670823742e-26,1.0,-1.3999999560000005,0.0,20.1199998688,0.0
0.1,4.0,1.0,7.0,1.0,10.0,8.824892990218204e-21,-8.532092599285817e-26,1.0,-1.3999999560000005,0.0,20.1199998688,0.0
0.1,4.0,1.0,7.0,1.0,12.0,8.860700812966702e-21,-8.555049376074122e-26,1.0,-1.3999999560000005,0.0,20.1199998688,0.0
0.1,4.0,1.0,7.0,1.0,14.0,8.886345431439763e-21,-8.571382802746481e-26,1.0,-1.3999999560000003,0.0,20.1199998688,0.0
0.1,4.0,1.0,7.0,3.0,6.0,8.80254815797902e-21,-8.512807723492283e-26,1.0,-1.3999999560000005,0.0,20.1199998688,0.0
0.1,4.0,1.0,7.0,3.0,6.0,0.47472409345908123,1.776204341791514e-24,0.8873185175447268,0.6858197471062708,0.0,18.4645703358106,0.0
0.1,4.0,1.0,7.0,3.0,6.0,0.879278883168221,3.631049709534542e-27,0.613434322807223,-1.3676931870686042,0.0,15.181994345340383,0.0
0.1,4.0,1.0,7.0,3.0,8.0,8.86180501628562e-21,-8.552117494401182e-26,1.0,-1.3999999560000007,0.0,20.1199998688,0.0
0.1,4.0,1.0,7.0,3.0,8.0,0.5211548409751002,-9.23665253334943e-21,0.8981491118980818,0.4861714865743599,0.0,18.565716906702075,0.0
0.1,4.0,1.0,7.0,3.0,8.0,0.7827944090719211,3.0306177937677426e-27,0.7702123424221532,-0.7499001685297575,0.0,16.81914159144899,0.0
0.1,4.0,1.0,7.0,3.0,10.0,8.897503938363874e-21,-8.575571777412721e-26,1.0,-1.3999999560000005,0.0,20.1199998688,0.0
0.1,4.0,1.0,7.0,3.0,10.0,0.5853027603847629,-6.357507987190633e-29,0.8972262036057931,0.20354292814920485,0.0,18.50159519408567,0.0
0.1,4.0,1.0,7.0,3.0,10.0,0.6817371141782227,1.0578533098326412e-33,0.8605703521455847,-0.23852458229471352,0.0,17.96014272103627,0.0
0.1,4.0,1.0,7.0,3.0,12.0,8.9213629291572e-21,-8.591168882548742e-26,1.0,-1.3999999560000005,0.0,20.1199998688,0.0
0.1,4.0,1.0,7.0,3.0,14.0,8.938435747168807e-21,-8.602301219850487e-26,1.0,-1.3999999560000005,0.0,20.1199998688,0.0
0.1,4.0,1.0,7.0,5.0,6.0,8.923578252527453e-21,-8.585299418450228e-26,1.0,-1.399999956,0.0,20.1199998688,0.0
0.1,4.0,1.0,7.0,5.0,6.0,0.4134387096594992,-9.708522401822892e-24,0.8575570277959069,0.9402896855656452,0.0,18.141338900937814,0.0
0.1,4.0,1.0,7.0,5.0,6.0,0.9906916557567561,-1.3288718198032742e-22,0.18210836934494756,-2.8969368293786073,0.0,12.625856308076644,0.0
0.1,4.0,1.0,7.0,5.0,8.0,8.952919889720938e-21,-8.60623520139209e-26,1.0,-1.3999999560000005,0.0,20.1199998688,0.0
0.1,4.0,1.0,7.0,5.0,8.0,0.4460415230949551,2.555147280955683e-25,0.8756543497969579,0.8064936150576237,0.0,18.34016840118793,0.0
0.1,4.0,1.0,7.0,5.0,8.0,0.9405409292008821,-1.3780265829444595e-23,0.44711422531121336,-1.949745519779266,0.0,13.864761024898002,0.0
0.1,4.0,1.0,7.0,5.0,10.0,8.970560435148813e-21,-8.618754670476981e-26,1.0,-1.3999999560000005,0.0,20.1199998688,0.0
0.1,4.0,1.0,7.0,5.0,10.0,0.4747240934590813,2.049925369444977e-24,0.8873185175447267,0.6858197523767674,0.0,18.464570335810595,0.0
0.1,4.0,1.0,7.0,5.0,10.0,0.879278883168221,-3.4607984875407656e-22,0.613434322807223,-1.3676931773066474,0.0,15.181994345340382,0.0
0.1,4.0,1.0,7.0,5.0,12.0,8.982335288564504e-21,-8.627093947136177e-26,1.0,-1.3999999560000005,0.0,20.1199998688,0.0
0.1,4.0,1.0,7.0,5.0,12.0,0.5022102445627239,-9.809775657236403e-23,0.8949103626067705,0.56818727051207,0.0,18.539412572496495,0.0
0.1,4.0,1.0,7.0,5.0,12.0,0.820203881829505,9.344804105382324e-27,0.7196939967632547,-0.9660400337160636,0.0,16.247892549891013,0.0
0.1,4.0,1.0,7.0,5.0,14.0,8.990753204351456e-21,-8.633052620309716e-26,1.0,-1.3999999560000007,0.0,20.1199998688,0.0
0.1,4.0,1.0,7.0,5.0,14.0,0.5312205967226136,1.1837061249006347e-28,0.8992159562920251,0.44231451231048824,0.0,18.571300682588344,0.0
0.1,4.0,1.0,7.0,5.0,14.0,0.7643354951664104,1.2656953455953473e-30,0.7913540181531136,-0.6501425090012334,0.0,17.0713736687428,0.0
0.1,4.0,1.0,7.0,7.0,6.0,9.04585022871087e-21,-8.65695448944033e-26,1.0,-1.3999999560000003,0.0,20.1199998688,0.0
0.1,4.0,1.0,7.0,7.0,6.0,0.378959552715771,9.516497266540209e-21,0.8324546003063733,1.0764350677497503,0.0,17.86459284627875,0.0
0.1,4.0,1.0,7.0,7.0,8.0,9.044734665794917e-21,-8.659884830369314e-26,1.0,-1.3999999560000003,0.0,20.1199998688,0.0
0.1,4.0,1.0,7.0,7.0,8.0,0.4082376230087202,1.4943787346915142e-23,0.8541742877651664,0.9612242036952191,0.0,18.103968977892443,0.0
0.1,4.0,1.0,7.0,7.0,8.0,0.995005425598144,-4.706311650851095e-26,0.13371867765147427,-3.078910647863098,0.0,12.512538172312402,0.0
0.1,4.0,1.0,7.0,7.0,10.0,9.044065358337604e-21,-8.661632034014863e-26,1.0,-1.3999999560000005,0.0,20.1199998688,0.0
0.1,4.0,1.0,7.0,7.0,10.0,0.4327467143501287,-6.049636231481526e-24,0.8689111968534177,0.8615459168474355,0.0,18.266466953022857,0.0
0.1,4.0,1.0,7.0,7.0,10.0,0.9649566218941042,-2.1474541681725784e-29,0.348201102503903,-2.295492833042851,0.0,13.279663374512946,0.0
0.1,4.0,1.0,7.0,7.0,12.0,9.043619052391866e-21,-8.662810857215223e-26,1.0,-1.3999999560000007,0.0,20.1199998688,0.0
0.1,4.0,1.0,7.0,7.0,12.0,0.4545014494634421,-1.902912248770836e-18,0.8794999189207843,0.7711530917370726,0.0,18.38177766047403,0.0
0.1,4.0,1.0,7.0,7.0,12.0,0.9232278711524157,-1.0499551215140587e-22,0.5027960071243043,-1.7566263175823114,0.0,14.258887862727267,0.0
0.1,4.0,1.0,7.0,7.0,14.0,9.043300377829706e-21,-8.663647327108669e-26,1.0,-1.3999999560000003,0.0,20.1199998688,0.0
0.1,4.0,1.0,7.0,7.0,14.0,0.47472409345908134,2.174390018829905e-24,0.8873185175447267,0.6858197523767675,0.0,18.464570335810595,0.0
0.1,4.0,1.0,7.0,7.0,14.0,0.8792788831682213,-7.117928147058408e-21,0.6134343228072228,-1.367693182187627,0.0,15.181994345340382,0.0
0.1,4.0,1.0,9.0,0.5,6.0,8.53714581451038e-21,-5.579311350887332e-26,1.0,-1.3999999560000003,0.0,22.1199998688,0.0
0.1,4.0,1.0,9.0,0.5,8.0,8.661380426138889e-21,-5.664895979830408e-26,1.0,-1.3999999560000003,0.0,22.1199998688,0.0
0.1,4.0,1.0,9.0,0.5,10.0,8.736573385447107e-21,-5.716107073349246e-26,1.0,-1.3999999560000005,0.0,22.1199998688,0.0
0.1,4.0,1.0,9.0,0.5,12.0,8.786975210672841e-21,-5.750178622958203e-26,1.0,-1.3999999560000003,0.0,22.1199998688,0.0
0.1,4.0,1.0,9.0,0.5,14.0,8.82311049273854e-21,-5.774491562576148e-26,1.0,-1.3999999560000003,0.0,22.1199998688,0.0
0.1,4.0,1.0,9.0,1.0,6.0,8.566599078677398e-21,-5.598405482579174e-26,1.0,-1.3999999560000005,0.0,22.1199998688,0.0
0.1,4.0,1.0,9.0,1.0,8.0,8.683704407206626e-21,-5.67916388515601e-26,1.0,-1.3999999560000005,0.0,22.1199998688,0.0
0.1,4.0,1.0,9.0,1.0,10.0,8.754545530134215e-21,-5.727491630436508e-26,1.0,-1.3999999560000005,0.0,22.1199998688,0.0
0.1,4.0,1.0,9.0,1.0,12.0,8.802015317147423e-21,-5.759640793812176e-26,1.0,-1.3999999560000003,0.0,22.1199998688,0.0
0.1,4.0,1.0,9.0,1.0,14.0,8.836040541442063e-21,-5.782598495046854e-26,1.0,-1.3999999560000005,0.0,22.1199998688,0.0
0.1,4.0,1.0,9.0,3.0,6.0,8.685173834191999e-21,-5.674567229639143e-26,1.0,-1.3999999560000005,0.0,22.1199998688,0.0
0.1,4.0,1.0,9.0,3.0,6.0,0.4747240934590814,5.348091085808194e-24,0.8873185175447267,0.6858197418357751,0.0,20.03923863896614,0.0
0.1,4.0,1.0,9.0,3.0,6.0,0.8792788831682211,7.227072699689383e-28,0.6134343228072228,-1.3676931968305612,0.0,15.934597682136294,0.0
0.1,4.0,1.0,9.0,3.0,8.0,8.773432248600399e-21,-5.736093758014515e-26,1.0,-1.3999999560000003,0.0,22.1199998688,0.0
0.1,4.0,1.0,9.0,3.0,8.0,0.5211548409751001,-1.3947102001779403e-20,0.8981491118980818,0.48617148657435977,0.0,20.1790605611087,0.0
0.1,4.0,1.0,9.0,3.0,8.0,0.7827944090719212,1.8646101838506929e-25,0.7702123424221532,-0.7499001772205215,0.0,18.005595696287834,0.0
0.1,4.0,1.0,9.0,3.0,10.0,8.826711888895477e-21,-5.772948353430309e-26,1.0,-1.3999999560000003,0.0,22.1199998688,0.0
0.1,4.0,1.0,9.0,3.0,10.0,0.5853027603847631,-1.2198658207183697e-28,0.897226203605793,0.20354293464737092,0.0,20.1116249149594,0.0
0.1,4.0,1.0,9.0,3.0,10.0,0.6817371141782231,-4.1292034304159556e-27,0.8605703521455845,-0.2385245822947138,0.0,19.44130538302022,0.0
0.1,4.0,1.0,9.0,3.0,12.0,8.862367291095312e-21,-5.797482852029056e-26,1.0,-1.3999999560000005,0.0,22.1199998688,0.0
0.1,4.0,1.0,9.0,3.0,14.0,8.887902302078758e-21,-5.814983700396505e-26,1.0,-1.3999999560000005,0.0,22.1199998688,0.0
0.1,4.0,1.0,9.0,5.0,6.0,8.804974820341225e-21,-5.750413740485814e-26,1.0,-1.3999999560000003,0.0,22.1199998688,0.0
0.1,4.0,1.0,9.0,5.0,6.0,0.41343870965949925,-1.5510323583217716e-23,0.8575570277959069,0.9402896763854618,0.0,19.612147012782117,0.0
0.1,4.0,1.0,9.0,5.0,6.0,0.9906916557567559,1.4595903582713396e-24,0.1821083693449479,-2.8969368335031884,0.0,12.692183224447597,0.0
0.1,4.0,1.0,9.0,5.0,8.0,8.863851813722968e-21,-5.792853840889122e-26,1.0,-1.3999999560000003,0.0,22.1199998688,0.0
0.1,4.0,1.0,9.0,5.0,8.0,0.4460415230949552,8.62868236170967e-25,0.8756543497969578,0.8064936249617355,0.0,19.873709481824598,0.0
0.1,4.0,1.0,9.0,5.0,8.0,0.9405409292008821,1.3599863891435157e-24,0.44711422531121336,-1.949745519779266,0.0,14.264583285849294,0.0
0.1,4.0,1.0,9.0,5.0,10.0,8.899321675837895e-21,-5.818277502824594e-26,1.0,-1.3999999560000005,0.0,22.1199998688,0.0
0.1,4.0,1.0,9.0,5.0,10.0,0.47472409345908134,6.256968598896238e-24,0.8873185175447267,0.6858197576472639,0.0,20.03923863896614,0.0
0.1,4.0,1.0,9.0,5.0,10.0,0.879278883168221,3.377953866634136e-27,0.613434322807223,-1.3676931773066474,0.0,15.934597682136298,0.0
0.1,4.0,1.0,9.0,5.0,12.0,8.923028498518048e-21,-5.835213206309162e-26,1.0,-1.3999999560000007,0.0,22.1199998688,0.0
0.1,4.0,1.0,9.0,5.0,12.0,0.5022102445627237,-1.702793592817589e-22,0.8949103626067705,0.5681872593607616,0.0,20.14114168669846,0.0
0.1,4.0,1.0,9.0,5.0,12.0,0.820203881829505,2.242642190393917e-27,0.7196939967632547,-0.9660400337160636,0.0,17.28381144784515,0.0
0.1,4.0,1.0,9.0,5.0,14.0,8.939991860501333e-21,-5.847303578202443e-26,1.0,-1.3999999560000007,0.0,22.1199998688,0.0
0.1,4.0,1.0,9.0,5.0,14.0,0.5312205967226137,7.653778758994936e-29,0.8992159562920251,0.4423145182082218,0.0,20.18847935468871,0.0
0.1,4.0,1.0,9.0,5.0,14.0,0.7643354951664106,5.407796041908774e-26,0.7913540181531136,-0.6501425005154049,0.0,18.323856032836957,0.0
0.1,4.0,1.0,9.0,7.0,6.0,8.92600779265424e-21,-5.825913738016891e-26,1.0,-1.399999956,0.0,22.1199998688,0.0
0.1,4.0,1.0,9.0,7.0,6.0,0.3789595527157711,1.3354103571561597e-20,0.8324546003063732,1.0764350509205658,0.0,19.250554169421235,0.0
0.1,4.0,1.0,9.0,7.0,8.0,8.954967747387342e-21,-5.849397141089189e-26,1.0,-1.3999999560000003,0.0,22.1199998688,0.0
0.1,4.0,1.0,9.0,7.0,8.0,0.4082376230087202,2.1042358986930243e-23,0.8541742877651664,0.9612242036952191,0.0,19.563196405650707,0.0
0.1,4.0,1.0,9.0,7.0,8.0,0.995005425598144,2.610006625049576e-26,0.13371867765147427,-3.078910647863098,0.0,12.54829954181812,0.0
0.1,4.0,1.0,9.0,7.0,10.0,8.97237877846801e-21,-5.86347014230442e-26,1.0,-1.3999999560000003,0.0,22.1199998688,0.0
0.1,4.0,1.0,9.0,7.0,10.0,0.43274671435012885,-5.894446189395338e-24,0.8689111968534176,0.8615459216518898,0.0,19.77648028905733,0.0
0.1,4.0,1.0,9.0,7.0,10.0,0.9649566218941042,4.378120831560987e-25,0.348201102503903,-2.295492833042851,0.0,13.522151390082813,0.0
0.1,4.0,1.0,9.0,7.0,12.0,8.984000555002764e-21,-5.872856816704573e-26,1.0,-1.3999999560000003,0.0,22.1199998688,0.0
0.1,4.0,1.0,9.0,7.0,12.0,0.45450144946344223,-1.354367554782756e-26,0.8794999189207842,0.7711530967830527,0.0,19.928817875237364,0.0
0.1,4.0,1.0,9.0,7.0,12.0,0.9232278711524159,-1.4040648737748013e-20,0.5027960071243038,-1.7566263227072563,0.0,14.764495512287548,0.0
0.1,4.0,1.0,9.0,7.0,14.0,8.992308812813003e-21,-5.879560131431809e-26,1.0,-1.3999999560000005,0.0,22.1199998688,0.0
0.1,4.0,1.0,9.0,7.0,14.0,0.47472409345908134,6.639776763790123e-24,0.8873185175447267,0.6858197523767675,0.0,20.03923863896614,0.0
0.1,4.0,1.0,9.0,7.0,14.0,0.879278883168221,2.4190752001888355e-28,0.613434322807223,-1.3676931870686042,0.0,15.934597682136298,0.0
0.1,4.0,3.0,3.0,0.5,6.0,3.08019871508522e-24,-1.6367613007392912e-25,1.0,-3.399999956,0.0,16.1199998688,0.0
0.1,4.0,3.0,3.0,0.5,8.0,3.139147874645864e-24,-1.6359898194258884e-25,1.0,-3.399999956,0.0,16.1199998688,0.0
0.1,4.0,3.0,3.0,0.5,10.0,3.1748419570624648e-24,-1.6355194919260294e-25,1.0,-3.399999956,0.0,16.1199998688,0.0
0.1,4.0,3.0,3.0,0.5,12.0,3.1987769336991952e-24,-1.6352026225241393e-25,1.0,-3.399999956,0.0,16.1199998688,0.0
0.1,4.0,3.0,3.0,0.5,12.0,4.094839832790232e-27,2.496834734271887,2.5585459225666414,-83.75182898417144,0.0,15.092865427213175,0.0
0.1,4.0,3.0,3.0,0.5,12.0,1.7957986211580273e-23,1.6387677623491241,1.671389944728689,-36.22705393852931,0.0,-8.03478022295281,0.0
0.1,4.0,3.0,3.0,0.5,14.0,3.2159375673123402e-24,-1.6349746848633612e-25,1.0,-3.399999956,0.0,16.1199998688,0.0
0.1,4.0,3.0,3.0,0.5,14.0,2.831031301017706e-21,3.051427023364412,2.995258616911128,-122.47525680508916,0.0,31.681062332951832,0.0
0.1,4.0,3.0,3.0,0.5,14.0,1.3282340967588844e-24,1.5040921799693372,1.4847771326810528,-30.13432673853272,0.0,-11.096257162681171,0.0
0.1,4.0,3.0,3.0,1.0,6.0,3.1273551436699084e-24,-1.636146020048098e-25,1.0,-3.399999956,0.0,16.1199998688,0.0
0.1,4.0,3.0,3.0,1.0,8.0,3.1748814494115324e-24,-1.6355200157789743e-25,1.0,-3.399999956,0.0,16.1199998688,0.0
0.1,4.0,3.0,3.0,1.0,10.0,3.203606931806637e-24,-1.6351393903922052e-25,1.0,-3.399999956,0.0,16.1199998688,0.0
0.1,4.0,3.0,3.0,1.0,12.0,3.2228451785251015e-24,-1.6348836268955905e-25,1.0,-3.399999956,0.0,16.1199998688,0.0
0.1,4.0,3.0,3.0,1.0,12.0,4.08761066215098e-27,2.4968347342718866,2.5585459225666405,-83.75182898417142,0.0,15.092864540159281,0.0
0.1,4.0,3.0,3.0,1.0,12.0,1.6525405341368053e-23,1.6387677623491244,1.671389944728689,-36.22705393852932,0.0,-8.03477993184918,0.0
0.1,4.0,3.0,3.0,1.0,14.0,3.236629536767707e-24,-1.6346998469565773e-25,1.0,-3.399999956,0.0,16.1199998688,0.0
0.1,4.0,3.0,3.0,1.0,14.0,2.715495010518075e-21,3.0514270233644116,2.9952586169111273,-122.47525680508907,0.0,31.681065585205783,0.0
0.1,4.0,3.0,3.0,1.0,14.0,1.4108795039248164e-24,1.5040921799693374,1.484777132681053,-30.134326738532724,0.0,-11.096257563451841,0.0
0.1,4.0,3.0,3.0,3.0,6.0,3.320354943816693e-24,-1.6335844099625465e-25,1.0,-3.399999956,0.0,16.1199998688,0.0
0.1,4.0,3.0,3.0,3.0,8.0,3.320287841335943e-24,-1.6335833622566567e-25,1.0,-3.399999956,0.0,16.1199998688,0.0
0.1,4.0,3.0,3.0,3.0,10.0,3.320248940632554e-24,-1.6335826843293163e-25,1.0,-3.399999956,0.0,16.1199998688,0.0
0.1,4.0,3.0,3.0,3.0,12.0,3.3202224644884226e-24,-1.633582314550767e-25,1.0,-3.399999956,0.0,16.1199998688,0.0
0.1,4.0,3.0,3.0,3.0,12.0,4.059544470257414e-27,2.4968347342718866,2.5585459225666405,-83.75182898417142,0.0,15.092864540159281,0.0
0.1,4.0,3.0,3.0,3.0,12.0,1.0960685852630409e-23,1.638767762349124,1.6713899447286886,-36.2270539385293,0.0,-8.034779931849176,0.0
0.1,4.0,3.0,3.0,3.0,14.0,3.320203137396245e-24,-1.6335819755870968e-25,1.0,-3.399999956,0.0,16.1199998688,0.0
0.1,4.0,3.0,3.0,3.0,14.0,2.295211326745844e-21,3.0514270233644125,2.995258616911128,-122.47525680508919,0.0,31.681062332951843,0.0
0.1,4.0,3.0,3.0,3.0,14.0,1.744504755176113e-24,1.5040921799693374,1.484777132681053,-30.134326738532724,0.0,-11.096257563451841,0.0
0.1,4.0,3.0,3.0,5.0,6.0,3.520468938125794e-24,-1.6308596659069856e-25,1.0,-3.3999999559999985,0.0,16.1199998688,0.0
0.1,4.0,3.0,3.0,5.0,6.0,0.9262009976112124,-2.6949583219031526e-40,0.28512642668666244,-0.3415498376306996,0.0,12.72908337328307,0.0
0.1,4.0,3.0,3.0,5.0,6.0,0.887071841165917,-1.2925522223788668e-29,0.34425295717542514,0.31685871441135177,0.0,12.893226790343851,0.0
0.1,4.0,3.0,3.0,5.0,8.0,3.469696519062992e-24,-1.6315550344689863e-25,1.0,-3.3999999559999994,0.0,16.1199998688,0.0
0.1,4.0,3.0,3.0,5.0,10.0,3.439450507273074e-24,-1.6319674608109972e-25,1.0,-3.399999956,0.0,16.1199998688,0.0
0.1,4.0,3.0,3.0,5.0,12.0,3.419377054071207e-24,-1.632240357380397e-25,1.0,-3.399999956,0.0,16.1199998688,0.0
0.1,4.0,3.0,3.0,5.0,12.0,4.0317355826044175e-27,2.496834734271888,2.5585459225666423,-83.75182898417151,0.0,15.092863653105407,0.0
0.1,4.0,3.0,3.0,5.0,12.0,5.607867024809612e-24,1.6387677623491246,1.671389944728689,-36.22705393852933,0.0,-8.03477993184918,0.0
0.1,4.0,3.0,3.0,5.0,14.0,3.4050836340257006e-24,-1.632434429489033e-25,1.0,-3.399999956,0.0,16.1199998688,0.0
0.1,4.0,3.0,3.0,5.0,14.0,1.9083727200258914e-21,3.0514270233644116,2.9952586169111273,-122.4752568050891,0.0,31.681065585205783,0.0
0.1,4.0,3.0,3.0,5.0,14.0,2.087588054250557e-24,1.5040921799693374,1.484777132681053,-30.134326738532724,0.0,-11.096257563451841,0.0
0.1,4.0,3.0,3.0,7.0,6.0,3.727850461435663e-24,-1.627970555286251e-25,1.0,-3.3999999559999985,0.0,16.1199998688,0.0
0.1,4.0,3.0,3.0,7.0,6.0,0.6503674214384735,-7.642443050360856e-22,0.5065259199867163,2.4772833412184534,0.0,13.576701832332455,0.0
0.1,4.0,3.0,3.0,7.0,8.0,3.623170591465098e-24,-1.6294346010076555e-25,1.0,-3.3999999559999994,0.0,16.1199998688,0.0
0.1,4.0,3.0,3.0,7.0,8.0,0.9765463199415397,7.03355244838791e-33,0.16556262438255642,-1.6745183525020468,0.0,12.496537207483708,0.0
0.1,4.0,3.0,3.0,7.0,8.0,0.8130317978043118,2.041001562262451e-27,0.42160688378920264,1.2154284944389568,0.0,13.16410164103705,0.0
0.1,4.0,3.0,3.0,7.0,10.0,3.561246933253705e-24,-1.6302932576140611e-25,1.0,-3.399999956,0.0,16.1199998688,0.0
0.1,4.0,3.0,3.0,7.0,12.0,3.5203303944293144e-24,-1.6308574164208106e-25,1.0,-3.399999956,0.0,16.1199998688,0.0
0.1,4.0,3.0,3.0,7.0,12.0,4.005297957071825e-27,2.4968347342718866,2.5585459225666405,-83.75182898417142,0.0,15.092864540159281,0.0
0.1,4.0,3.0,3.0,7.0,12.0,4.850179634587832e-25,1.638767762349124,1.6713899447286886,-36.2270539385293,0.0,-8.034779931849176,0.0
0.1,4.0,3.0,3.0,7.0,14.0,3.491282563746814e-24,-1.6312563458457712e-25,1.0,-3.399999956,0.0,16.1199998688,0.0
0.1,4.0,3.0,3.0,7.0,14.0,1.5919854253503782e-21,3.0514270233644125,2.995258616911128,-122.47525680508919,0.0,31.681062332951843,0.0
0.1,4.0,3.0,3.0,7.0,14.0,2.440039471004953e-24,1.5040921799693372,1.4847771326810528,-30.13432673853272,0.0,-11.096257162681171,0.0
0.1,4.0,3.0,5.0,0.5,6.0,2.896579654392871e-24,-1.2384925467868193e-25,1.0,-3.3999999560000007,0.0,18.1199998688,0.0
0.1,4.0,3.0,5.0,0.5,8.0,2.999279187668492e-24,-1.2412104499392177e-25,1.0,-3.399999956,0.0,18.1199998688,0.0
0.1,4.0,3.0,5.0,0.5,10.0,3.0619352046227694e-24,-1.242819818630506e-25,1.0,-3.399999956,0.0,18.1199998688,0.0
0.1,4.0,3.0,5.0,0.5,12.0,3.1041413831157763e-24,-1.2438838255913018e-25,1.0,-3.399999956,0.0,18.1199998688,0.0
0.1,4.0,3.0,5.0,0.5,14.0,3.1345038011930212e-24,-1.244639437241963e-25,1.0,-3.399999956,0.0,18.1199998688,0.0
0.1,4.0,3.0,5.0,1.0,6.0,2.942024353420843e-24,-1.239703818054883e-25,1.0,-3.399999956,0.0,18.1199998688,0.0
0.1,4.0,3.0,5.0,1.0,8.0,3.0340421183940925e-24,-1.2421049442500285e-25,1.0,-3.399999956,0.0,18.1199998688,0.0
0.1,4.0,3.0,5.0,1.0,10.0,3.0900744647576818e-24,-1.243528714924436e-25,1.0,-3.399999956,0.0,18.1199998688,0.0
0.1,4.0,3.0,5.0,1.0,12.0,3.1277756065323912e-24,-1.2444707565937137e-25,1.0,-3.399999956,0.0,18.1199998688,0.0
0.1,4.0,3.0,5.0,1.0,14.0,3.1548738167914448e-24,-1.2451401173977454e-25,1.0,-3.399999956,0.0,18.1199998688,0.0
0.1,4.0,3.0,5.0,3.0,6.0,3.1280787263352224e-24,-1.2444611115365523e-25,1.0,-3.399999956,0.0,18.1199998688,0.0
0.1,4.0,3.0,5.0,3.0,8.0,3.1755227440236705e-24,-1.2456331246486294e-25,1.0,-3.399999956,0.0,18.1199998688,0.0
0.1,4.0,3.0,5.0,3.0,10.0,3.2041965067256767e-24,-1.2463320061068487e-25,1.0,-3.399999956,0.0,18.1199998688,0.0
0.1,4.0,3.0,5.0,3.0,12.0,3.2233996491338587e-24,-1.2467960473713691e-25,1.0,-3.399999956,0.0,18.1199998688,0.0
0.1,4.0,3.0,5.0,3.0,14.0,3.2371585173084644e-24,-1.2471267218391006e-25,1.0,-3.399999956,0.0,18.1199998688,0.0
0.1,4.0,3.0,5.0,5.0,6.0,3.3210959307257286e-24,-1.249075639683304e-25,1.0,-3.3999999559999985,0.0,18.1199998688,0.0
0.1,4.0,3.0,5.0,5.0,6.0,0.9262009976112124,1.9562912690412933e-38,0.28512642668666244,-0.3415498376306996,0.0,12.89167753167328,0.0
0.1,4.0,3.0,5.0,5.0,6.0,0.8870718411659166,1.6913789721396966e-30,0.3442529571754256,0.3168587094871137,0.0,13.130246987391905,0.0
0.1,4.0,3.0,5.0,5.0,8.0,3.3209386022789436e-24,-1.2490804468044453e-25,1.0,-3.3999999559999994,0.0,18.1199998688,0.0
0.1,4.0,3.0,5.0,5.0,10.0,3.3208442347931565e-24,-1.249083435847719e-25,1.0,-3.399999956,0.0,18.1199998688,0.0
0.1,4.0,3.0,5.0,5.0,12.0,3.320781668262611e-24,-1.2490854696297402e-25,1.0,-3.399999956,0.0,18.1199998688,0.0
0.1,4.0,3.0,5.0,5.0,14.0,3.32073675249482e-24,-1.2490866714100255e-25,1.0,-3.399999956,0.0,18.1199998688,0.0
0.1,4.0,3.0,5.0,7.0,6.0,3.5212245682653825e-24,-1.253544814045293e-25,1.0,-3.3999999559999985,0.0,18.1199998688,0.0
0.1,4.0,3.0,5.0,7.0,6.0,0.6503674214384735,-5.458415218479153e-21,0.5065259199867163,2.4772833412184534,0.0,14.089838847569238,0.0
0.1,4.0,3.0,5.0,7.0,8.0,3.4703575351977606e-24,-1.252446109530619e-25,1.0,-3.3999999559999994,0.0,18.1199998688,0.0
0.1,4.0,3.0,5.0,7.0,8.0,0.9765463199415398,1.782781416178845e-31,0.1655626243825562,-1.6745183525020468,0.0,12.551359172668587,0.0
0.1,4.0,3.0,5.0,7.0,8.0,0.8130317978043118,3.3686901074904472e-28,0.42160688378920264,1.2154284944389568,0.0,13.519606369953937,0.0
0.1,4.0,3.0,5.0,7.0,10.0,3.44005467611886e-24,-1.2517826651833765e-25,1.0,-3.399999956,0.0,18.1199998688,0.0
0.1,4.0,3.0,5.0,7.0,12.0,3.419943258985929e-24,-1.2513384070712449e-25,1.0,-3.399999956,0.0,18.1199998688,0.0
0.1,4.0,3.0,5.0,7.0,14.0,3.405621538555448e-24,-1.251020243444432e-25,1.0,-3.399999956,0.0,18.1199998688,0.0
0.1,4.0,3.0,7.0,0.5,6.0,2.7197942492034185e-24,-8.422397638554947e-26,1.0,-3.3999999560000007,0.0,20.1199998688,0.0
0.1,4.0,3.0,7.0,0.5,8.0,2.8633105550508226e-24,-8.484903926011628e-26,1.0,-3.3999999560000007,0.0,20.1199998688,0.0
0.1,4.0,3.0,7.0,0.5,10.0,2.951544918470729e-24,-8.52215372225201e-26,1.0,-3.399999956,0.0,20.1199998688,0.0
0.1,4.0,3.0,7.0,0.5,12.0,3.0112650416548068e-24,-8.546877270134098e-26,1.0,-3.399999956,0.0,20.1199998688,0.0
0.1,4.0,3.0,7.0,0.5,14.0,3.05436440790775e-24,-8.564483813536895e-26,1.0,-3.399999956,0.0,20.1199998688,0.0
0.1,4.0,3.0,7.0,1.0,6.0,2.7635652565614477e-24,-8.441640606112891e-26,1.0,-3.3999999560000007,0.0,20.1199998688,0.0
0.1,4.0,3.0,7.0,1.0,8.0,2.897117361707392e-24,-8.499218515879082e-26,1.0,-3.3999999560000007,0.0,20.1199998688,0.0
0.1,4.0,3.0,7.0,1.0,10.0,2.9790683247576967e-24,-8.533545828984654e-26,1.0,-3.399999956,0.0,20.1199998688,0.0
0.1,4.0,3.0,7.0,1.0,12.0,3.0344679060676855e-24,-8.556338978764884e-26,1.0,-3.399999956,0.0,20.1199998688,0.0
0.1,4.0,3.0,7.0,1.0,14.0,3.0744171042070486e-24,-8.572572873377717e-26,1.0,-3.399999956,0.0,20.1199998688,0.0
0.1,4.0,3.0,7.0,3.0,6.0,2.94282810407565e-24,-8.518104030839348e-26,1.0,-3.399999956,0.0,20.1199998688,0.0
0.1,4.0,3.0,7.0,3.0,8.0,3.034736907636366e-24,-8.556181052509444e-26,1.0,-3.399999956,0.0,20.1199998688,0.0
0.1,4.0,3.0,7.0,3.0,10.0,3.0907013626582996e-24,-8.57892859626859e-26,1.0,-3.399999956,0.0,20.1199998688,0.0
0.1,4.0,3.0,7.0,3.0,12.0,3.1283571942347654e-24,-8.594051460415106e-26,1.0,-3.399999956,0.0,20.1199998688,0.0
0.1,4.0,3.0,7.0,3.0,14.0,3.1554232091081246e-24,-8.604833432541367e-26,1.0,-3.399999956,0.0,20.1199998688,0.0
0.1,4.0,3.0,7.0,5.0,6.0,3.128901360347948e-24,-8.593731293821151e-26,1.0,-3.3999999559999985,0.0,20.1199998688,0.0
0.1,4.0,3.0,7.0,5.0,6.0,0.9262009976112131,5.911659288797509e-37,0.2851264266866612,-0.3415498581964935,0.0,13.054271690063484,0.0
0.1,4.0,3.0,7.0,5.0,6.0,0.8870718411659169,-1.7854998958237656e-27,0.34425295717542526,0.31685872918406566,0.0,13.367267184439953,0.0
0.1,4.0,3.0,7.0,5.0,8.0,3.1762265065587408e-24,-8.612664879992828e-26,1.0,-3.3999999559999994,0.0,20.1199998688,0.0
0.1,4.0,3.0,7.0,5.0,10.0,3.204830455070635e-24,-8.624001057719887e-26,1.0,-3.399999956,0.0,20.1199998688,0.0
0.1,4.0,3.0,7.0,5.0,12.0,3.223986709558763e-24,-8.631547929762765e-26,1.0,-3.399999956,0.0,20.1199998688,0.0
0.1,4.0,3.0,7.0,5.0,14.0,3.2377118046258638e-24,-8.63693221358969e-26,1.0,-3.399999956,0.0,20.1199998688,0.0
0.1,4.0,3.0,7.0,7.0,6.0,3.32193375031088e-24,-8.668492658699957e-26,1.0,-3.3999999559999985,0.0,20.1199998688,0.0
0.1,4.0,3.0,7.0,7.0,6.0,0.6503674214384735,-1.990507554325859e-20,0.5065259199867163,2.4772833412184534,0.0,14.602975862806012,0.0
0.1,4.0,3.0,7.0,7.0,8.0,3.321654345639012e-24,-8.668657518303196e-26,1.0,-3.3999999559999994,0.0,20.1199998688,0.0
0.1,4.0,3.0,7.0,7.0,8.0,0.9765463199415397,1.2876419426746345e-30,0.16556262438255642,-1.6745183525020468,0.0,12.606181137853463,0.0
0.1,4.0,3.0,7.0,7.0,8.0,0.8130317978043118,-1.5984525449167035e-21,0.42160688378920264,1.2154284944389568,0.0,13.875111098870823,0.0
0.1,4.0,3.0,7.0,7.0,10.0,3.321486515481426e-24,-8.668758745181073e-26,1.0,-3.399999956,0.0,20.1199998688,0.0
0.1,4.0,3.0,7.0,7.0,12.0,3.321374940967144e-24,-8.668823918650391e-26,1.0,-3.399999956,0.0,20.1199998688,0.0
0.1,4.0,3.0,7.0,7.0,14.0,3.3212948222814574e-24,-8.66887106541543e-26,1.0,-3.399999956,0.0,20.1199998688,0.0
0.1,4.0,3.0,9.0,0.5,6.0,2.549664562078929e-24,-5.580740082757276e-26,1.0,-3.3999999560000007,0.0,22.1199998688,0.0
0.1,4.0,3.0,9.0,0.5,8.0,2.7311573221569647e-24,-5.666090056395928e-26,1.0,-3.3999999560000007,0.0,22.1199998688,0.0
0.1,4.0,3.0,9.0,0.5,10.0,2.8436236190406106e-24,-5.717157398503717e-26,1.0,-3.3999999560000007,0.0,22.1199998688,0.0
0.1,4.0,3.0,9.0,0.5,12.0,2.9201120654489057e-24,-5.751138660516881e-26,1.0,-3.399999956,0.0,22.1199998688,0.0
0.1,4.0,3.0,9.0,0.5,14.0,2.975495179287498e-24,-5.775377182201775e-26,1.0,-3.399999956,0.0,22.1199998688,0.0
0.1,4.0,3.0,9.0,1.0,6.0,2.5917979681534293e-24,-5.600786394213623e-26,1.0,-3.3999999560000007,0.0,22.1199998688,0.0
0.1,4.0,3.0,9.0,1.0,8.0,2.7640245461716094e-24,-5.681072866916887e-26,1.0,-3.3999999560000007,0.0,22.1199998688,0.0
0.1,4.0,3.0,9.0,1.0,10.0,2.870536866069293e-24,-5.729117731607153e-26,1.0,-3.3999999560000007,0.0,22.1199998688,0.0
0.1,4.0,3.0,9.0,1.0,12.0,2.9428896352262572e-24,-5.761090017576728e-26,1.0,-3.399999956,0.0,22.1199998688,0.0
0.1,4.0,3.0,9.0,1.0,14.0,2.995233859642712e-24,-5.783896571829371e-26,1.0,-3.399999956,0.0,22.1199998688,0.0
0.1,4.0,3.0,9.0,3.0,6.0,2.7644206529536435e-24,-5.680801079683135e-26,1.0,-3.3999999560000007,0.0,22.1199998688,0.0
0.1,4.0,3.0,9.0,3.0,8.0,2.897845973360977e-24,-5.74090211175087e-26,1.0,-3.3999999560000007,0.0,22.1199998688,0.0
0.1,4.0,3.0,9.0,3.0,10.0,2.9797174586750804e-24,-5.776886649054988e-26,1.0,-3.399999956,0.0,22.1199998688,0.0
0.1,4.0,3.0,9.0,3.0,12.0,3.0350633481397077e-24,-5.800841365703276e-26,1.0,-3.399999956,0.0,22.1199998688,0.0
0.1,4.0,3.0,9.0,3.0,14.0,3.074974335828974e-24,-5.817935303592075e-26,1.0,-3.399999956,0.0,22.1199998688,0.0
0.1,4.0,3.0,9.0,5.0,6.0,2.943703542465219e-24,-5.760524102321869e-26,1.0,-3.3999999559999985,0.0,22.1199998688,0.0
0.1,4.0,3.0,9.0,5.0,6.0,0.9262009976112128,6.245850385716147e-36,0.2851264266866619,-0.3415498633379418,0.0,13.216865848453697,0.0
0.1,4.0,3.0,9.0,5.0,6.0,0.887071841165917,-4.878765831418243e-27,0.34425295717542514,0.31685871441135177,0.0,13.604287381488003,0.0
0.1,4.0,3.0,9.0,5.0,8.0,3.035475380051266e-24,-5.800553554732387e-26,1.0,-3.3999999559999994,0.0,22.1199998688,0.0
0.1,4.0,3.0,9.0,5.0,10.0,3.0913584837923487e-24,-5.824536775143852e-26,1.0,-3.399999956,0.0,22.1199998688,0.0
0.1,4.0,3.0,9.0,5.0,12.0,3.1289578625102846e-24,-5.840510746251391e-26,1.0,-3.399999956,0.0,22.1199998688,0.0
0.1,4.0,3.0,9.0,5.0,14.0,3.1559844343383828e-24,-5.85191271374535e-26,1.0,-3.399999956,0.0,22.1199998688,0.0
0.1,4.0,3.0,9.0,7.0,6.0,3.1297938578545926e-24,-5.839923876878737e-26,1.0,-3.3999999559999985,0.0,22.1199998688,0.0
0.1,4.0,3.0,9.0,7.0,6.0,0.6503674214384735,-5.128869976340043e-20,0.5065259199867163,2.4772833412184534,0.0,15.116112878042792,0.0
0.1,4.0,3.0,9.0,7.0,8.0,3.1769775514443178e-24,-5.860015794356167e-26,1.0,-3.3999999559999994,0.0,22.1199998688,0.0
0.1,4.0,3.0,9.0,7.0,8.0,0.9765463199415398,5.54831471605068e-30,0.1655626243825562,-1.6745183525020468,0.0,12.661003103038343,0.0
0.1,4.0,3.0,9.0,7.0,8.0,0.8130317978043118,9.889044174274957e-27,0.42160688378920264,1.2154284944389568,0.0,14.230615827787707,0.0
0.1,4.0,3.0,9.0,7.0,10.0,3.2054953169023166e-24,-5.872063333567485e-26,1.0,-3.399999956,0.0,22.1199998688,0.0
0.1,4.0,3.0,9.0,7.0,12.0,3.2245933435948778e-24,-5.880091379947669e-26,1.0,-3.399999956,0.0,22.1199998688,0.0
0.1,4.0,3.0,9.0,7.0,14.0,3.238277910932973e-24,-5.885822947462165e-26,1.0,-3.399999956,0.0,22.1199998688,0.0
0.1,4.0,5.0,3.0,0.5,6.0,2.0290584088789996e-17,2.0110190059262594e-17,1.0,-5.399999956,0.0,16.1199998688,0.0
0.1,4.0,5.0,3.0,0.5,8.0,2.0313600389334284e-17,2.0100712223803962e-17,1.0,-5.399999956,0.0,16.1199998688,0.0
0.1,4.0,5.0,3.0,0.5,10.0,2.0325581273326502e-17,2.0094933540044666e-17,1.0,-5.399999956,0.0,16.1199998688,0.0
0.1,4.0,5.0,3.0,0.5,12.0,2.0332800078532253e-17,2.0091041655262604e-17,1.0,-5.399999956,0.0,16.1199998688,0.0
0.1,4.0,5.0,3.0,0.5,12.0,3.7030101559766265e-27,2.496834734271887,2.5585459225666414,-96.84414345993622,0.0,15.092865427213175,0.0
0.1,4.0,5.0,3.0,0.5,12.0,1.3934513182749043e-23,1.6387677623491244,1.671389944728689,-41.81414263320966,0.0,-8.03477993184918,0.0
0.1,4.0,5.0,3.0,0.5,14.0,2.033757456502791e-17,2.0088241648889112e-17,1.0,-5.399999956,0.0,16.119999868800004,0.0
0.1,4.0,5.0,3.0,0.5,14.0,3.503490364932104e-21,3.051427023364411,2.995258616911127,-140.41840516944984,0.0,31.68106341703647,0.0
0.1,4.0,5.0,3.0,0.5,14.0,8.775069800777336e-25,1.5040921799693374,1.484777132681053,-34.54345300599787,0.0,-11.096257563451841,0.0
0.1,4.0,5.0,3.0,1.0,6.0,2.0309300704510234e-17,2.0102623838199572e-17,1.0,-5.399999956,0.0,16.1199998688,0.0
0.1,4.0,5.0,3.0,1.0,8.0,2.0325581273326502e-17,2.0094933540044666e-17,1.0,-5.399999956,0.0,16.1199998688,0.0
0.1,4.0,5.0,3.0,1.0,10.0,2.0334168235265415e-17,2.0090257488041904e-17,1.0,-5.399999956,0.0,16.119999868800004,0.0
0.1,4.0,5.0,3.0,1.0,12.0,2.0339395189556138e-17,2.0087118337617265e-17,1.0,-5.399999956,0.0,16.119999868800004,0.0
0.1,4.0,5.0,3.0,1.0,12.0,3.6981984126035695e-27,2.496834734271887,2.5585459225666414,-96.84414345993622,0.0,15.092865427213175,0.0
0.1,4.0,5.0,3.0,1.0,12.0,1.2968267436658224e-23,1.6387677623491244,1.671389944728689,-41.81414263320967,0.0,-8.03477993184918,0.0
0.1,4.0,5.0,3.0,1.0,14.0,2.0342885891741112e-17,2.008486178890622e-17,1.0,-5.399999956,0.0,16.1199998688,0.0
0.1,4.0,5.0,3.0,1.0,14.0,3.4030121543139194e-21,3.0514270233644116,2.9952586169111273,-140.4184051694498,0.0,31.681065585205783,0.0
0.1,4.0,5.0,3.0,1.0,14.0,9.265055960913395e-25,1.5040921799693376,1.484777132681053,-34.543453005997875,0.0,-11.096257563451847,0.0
0.1,4.0,5.0,3.0,3.0,6.0,2.0359495678441177e-17,2.0071113219944977e-17,1.0,-5.399999956,0.0,16.119999868800004,0.0
0.1,4.0,5.0,3.0,3.0,8.0,2.0359495678441177e-17,2.007111073840314e-17,1.0,-5.399999956,0.0,16.1199998688,0.0
0.1,4.0,5.0,3.0,3.0,10.0,2.0359495678441177e-17,2.0071111565583752e-17,1.0,-5.399999956,0.0,16.1199998688,0.0
0.1,4.0,5.0,3.0,3.0,12.0,2.0359495678441177e-17,2.0071113219944977e-17,1.0,-5.399999956,0.0,16.119999868800004,0.0
0.1,4.0,5.0,3.0,3.0,12.0,3.6805183757140946e-27,2.4968347342718866,2.5585459225666405,-96.84414345993618,0.0,15.092864540159281,0.0
0.1,4.0,5.0,3.0,3.0,12.0,9.18095885246663e-24,1.6387677623491244,1.671389944728689,-41.81414263320967,0.0,-8.03477993184918,0.0
0.1,4.0,5.0,3.0,3.0,14.0,2.0359495678441177e-17,2.0071111565583752e-17,1.0,-5.399999956,0.0,16.1199998688,0.0
0.1,4.0,5.0,3.0,3.0,14.0,2.9831202504216574e-21,3.051427023364412,2.995258616911128,-140.4184051694499,0.0,31.681062332951832,0.0
0.1,4.0,5.0,3.0,3.0,14.0,1.1266619916740958e-24,1.5040921799693374,1.484777132681053,-34.54345300599787,0.0,-11.096257563451841,0.0
0.1,4.0,5.0,3.0,5.0,6.0,2.0368696408394604e-17,2.0037589244079428e-17,1.0,-5.3999999559999985,0.0,16.119999868800004,0.0
0.1,4.0,5.0,3.0,5.0,8.0,2.0370351596800322e-17,2.0046160489586702e-17,1.0,-5.399999955999998,0.0,16.1199998688,0.0
0.1,4.0,5.0,3.0,5.0,10.0,2.0370067046669604e-17,2.0051242687270228e-17,1.0,-5.399999956,0.0,16.1199998688,0.0
0.1,4.0,5.0,3.0,5.0,12.0,2.0369348226717296e-17,2.0054604349279644e-17,1.0,-5.399999956,0.0,16.1199998688,0.0
0.1,4.0,5.0,3.0,5.0,12.0,3.663055583722347e-27,2.496834734271887,2.5585459225666414,-96.84414345993622,0.0,15.092865427213175,0.0
0.1,4.0,5.0,3.0,5.0,12.0,5.536458546808101e-24,1.6387677623491244,1.671389944728689,-41.81414263320966,0.0,-8.03477993184918,0.0
0.1,4.0,5.0,3.0,5.0,14.0,2.0368577294386396e-17,2.0056993246888697e-17,1.0,-5.399999956,0.0,16.1199998688,0.0
0.1,4.0,5.0,3.0,5.0,14.0,2.608076237572688e-21,3.051427023364413,2.995258616911129,-140.41840516944995,0.0,31.681065585205815,0.0
0.1,4.0,5.0,3.0,5.0,14.0,1.3309572446037074e-24,1.5040921799693376,1.484777132681053,-34.543453005997875,0.0,-11.096257563451847,0.0
0.1,4.0,5.0,3.0,7.0,6.0,2.033484073310342e-17,2.00020370213519e-17,1.0,-5.3999999559999985,0.0,16.119999868800004,0.0
0.1,4.0,5.0,3.0,7.0,6.0,0.7371593102320407,-2.0448643810315728e-22,0.3660288432279256,3.5373047290001773,0.0,13.119812363014601,0.0
0.1,4.0,5.0,3.0,7.0,8.0,2.0357278834399534e-17,2.0020067077163717e-17,1.0,-5.3999999559999985,0.0,16.119999868800004,0.0
0.1,4.0,5.0,3.0,7.0,10.0,2.0365434835239307e-17,2.003064340847582e-17,1.0,-5.399999956,0.0,16.119999868800004,0.0
0.1,4.0,5.0,3.0,7.0,12.0,2.036869558121399e-17,2.003759007126004e-17,1.0,-5.399999956,0.0,16.1199998688,0.0
0.1,4.0,5.0,3.0,7.0,12.0,3.645415606175715e-27,2.496834734271887,2.5585459225666414,-96.84414345993622,0.0,15.092865427213175,0.0
0.1,4.0,5.0,3.0,7.0,12.0,2.0253763138973386e-24,1.6387677623491246,1.671389944728689,-41.81414263320967,0.0,-8.03477993184918,0.0
0.1,4.0,5.0,3.0,7.0,14.0,2.036996861217671e-17,2.004250186973738e-17,1.0,-5.399999956,0.0,16.1199998688,0.0
0.1,4.0,5.0,3.0,7.0,14.0,2.2770892858649704e-21,3.0514270233644125,2.995258616911128,-140.4184051694499,0.0,31.681062332951843,0.0
0.1,4.0,5.0,3.0,7.0,14.0,1.540861101354214e-24,1.5040921799693372,1.4847771326810528,-34.54345300599786,0.0,-11.096257162681171,0.0
0.1,4.0,5.0,5.0,0.5,6.0,2.0192022210081853e-17,1.710484023460737e-17,1.0,-5.399999956,0.0,18.1199998688,0.0
0.1,4.0,5.0,5.0,0.5,8.0,2.0252089584623616e-17,1.7142370246179513e-17,1.0,-5.399999956,0.0,18.1199998688,0.0
0.1,4.0,5.0,5.0,0.5,10.0,2.0282443804381862e-17,1.7164594107696975e-17,1.0,-5.399999956,0.0,18.1199998688,0.0
0.1,4.0,5.0,5.0,0.5,12.0,2.030026292913748e-17,1.7179286489737142e-17,1.0,-5.399999956,0.0,18.119999868800004,0.0
0.1,4.0,5.0,5.0,0.5,14.0,2.0311792999695856e-17,1.7189719718803273e-17,1.0,-5.399999956,0.0,18.1199998688,0.0
0.1,4.0,5.0,5.0,1.0,6.0,2.0220165376062745e-17,1.7121595605095244e-17,1.0,-5.399999956,0.0,18.1199998688,0.0
0.1,4.0,5.0,5.0,1.0,8.0,2.026948684726683e-17,1.7154744868143306e-17,1.0,-5.399999956,0.0,18.1199998688,0.0
0.1,4.0,5.0,5.0,1.0,10.0,2.0294539666479225e-17,1.717440033385879e-17,1.0,-5.399999956,0.0,18.1199998688,0.0
0.1,4.0,5.0,5.0,1.0,12.0,2.0309317248122485e-17,1.718740526744935e-17,1.0,-5.399999956,0.0,18.1199998688,0.0
0.1,4.0,5.0,5.0,1.0,14.0,2.0318919987853613e-17,1.7196647356433405e-17,1.0,-5.399999956,0.0,18.1199998688,0.0
0.1,4.0,5.0,5.0,3.0,6.0,2.0309319729664322e-17,1.7187404440268737e-17,1.0,-5.399999956,0.0,18.1199998688,0.0
0.1,4.0,5.0,5.0,3.0,8.0,2.032559698975814e-17,1.7203551833006385e-17,1.0,-5.399999956,0.0,18.1199998688,0.0
0.1,4.0,5.0,5.0,3.0,10.0,2.0334180642974604e-17,1.7213181042517115e-17,1.0,-5.399999956,0.0,18.1199998688,0.0
0.1,4.0,5.0,5.0,3.0,12.0,2.0339407597265326e-17,1.7219574321471537e-17,1.0,-5.399999956,0.0,18.1199998688,0.0
0.1,4.0,5.0,5.0,3.0,14.0,2.0342895817908462e-17,1.7224128777924254e-17,1.0,-5.399999956,0.0,18.1199998688,0.0
0.1,4.0,5.0,5.0,5.0,6.0,2.0359504777427915e-17,1.7251247067126193e-17,1.0,-5.399999955999999,0.0,18.1199998688,0.0
0.1,4.0,5.0,5.0,5.0,8.0,2.035950312306669e-17,1.725124623994558e-17,1.0,-5.399999955999998,0.0,18.1199998688,0.0
0.1,4.0,5.0,5.0,5.0,10.0,2.0359503950247302e-17,1.7251247067126193e-17,1.0,-5.399999956,0.0,18.1199998688,0.0
0.1,4.0,5.0,5.0,5.0,12.0,2.035950312306669e-17,1.7251247067126193e-17,1.0,-5.399999956,0.0,18.1199998688,0.0
0.1,4.0,5.0,5.0,5.0,14.0,2.0359502295886077e-17,1.7251247067126193e-17,1.0,-5.399999956,0.0,18.1199998688,0.0
0.1,4.0,5.0,5.0,7.0,6.0,2.036869227249154e-17,1.7313083780998207e-17,1.0,-5.399999955999998,0.0,18.1199998688,0.0
0.1,4.0,5.0,5.0,7.0,6.0,0.7371593102320406,1.5501381529312674e-22,0.3660288432279257,3.5373047208160644,0.0,13.387766591164153,0.0
0.1,4.0,5.0,5.0,7.0,8.0,2.037035076961971e-17,1.7297814026890478e-17,1.0,-5.3999999559999985,0.0,18.1199998688,0.0
0.1,4.0,5.0,5.0,7.0,10.0,2.0370067873850217e-17,1.7288592617421737e-17,1.0,-5.399999956,0.0,18.1199998688,0.0
0.1,4.0,5.0,5.0,7.0,12.0,2.0369350708259133e-17,1.728241854132964e-17,1.0,-5.399999956,0.0,18.1199998688,0.0
0.1,4.0,5.0,5.0,7.0,14.0,2.0368580603108846e-17,1.7277996433774932e-17,1.0,-5.399999956,0.0,18.1199998688,0.0
0.1,4.0,5.0,7.0,0.5,6.0,2.0057085891117303e-17,1.2916157672087366e-17,1.0,-5.399999956,0.0,20.119999868799997,0.0
0.1,4.0,5.0,7.0,0.5,8.0,2.0169507180988772e-17,1.3012001848892967e-17,1.0,-5.399999956,0.0,20.119999868799997,0.0
0.1,4.0,5.0,7.0,0.5,10.0,2.0225586717797417e-17,1.3069114947876997e-17,1.0,-5.399999956,0.0,20.119999868799997,0.0
0.1,4.0,5.0,7.0,0.5,12.0,2.0258092434328913e-17,1.3107025462530915e-17,1.0,-5.399999956,0.0,20.1199998688,0.0
0.1,4.0,5.0,7.0,0.5,14.0,2.0278877001580533e-17,1.313401967464097e-17,1.0,-5.399999956,0.0,20.1199998688,0.0
0.1,4.0,5.0,7.0,1.0,6.0,2.0094158471810704e-17,1.29457335148892e-17,1.0,-5.399999956,0.0,20.1199998688,0.0
0.1,4.0,5.0,7.0,1.0,8.0,2.0192107409684946e-17,1.3034003198825652e-17,1.0,-5.399999956,0.0,20.1199998688,0.0
0.1,4.0,5.0,7.0,1.0,10.0,2.0241082292212373e-17,1.3086627602215663e-17,1.0,-5.399999956,0.0,20.1199998688,0.0
0.1,4.0,5.0,7.0,1.0,12.0,2.0269540614006647e-17,1.3121568538470516e-17,1.0,-5.399999956,0.0,20.1199998688,0.0
0.1,4.0,5.0,7.0,1.0,14.0,2.0287779946513442e-17,1.3146455921560399e-17,1.0,-5.399999956,0.0,20.1199998688,0.0
0.1,4.0,5.0,7.0,3.0,6.0,2.022025802029135e-17,1.3063262645043184e-17,1.0,-5.399999956,0.0,20.1199998688,0.0
0.1,4.0,5.0,7.0,3.0,8.0,2.026955136735461e-17,1.3121561507435309e-17,1.0,-5.399999956,0.0,20.119999868799997,0.0
0.1,4.0,5.0,7.0,3.0,10.0,2.0294590951677203e-17,1.3156388706355935e-17,1.0,-5.399999956,0.0,20.1199998688,0.0
0.1,4.0,5.0,7.0,3.0,12.0,2.0309360261514338e-17,1.317953983734007e-17,1.0,-5.399999956,0.0,20.1199998688,0.0
0.1,4.0,5.0,7.0,3.0,14.0,2.031895472943934e-17,1.319604457210234e-17,1.0,-5.399999955999999,0.0,20.119999868800004,0.0
0.1,4.0,5.0,7.0,5.0,6.0,2.03093776323072e-17,1.3179524534498737e-17,1.0,-5.399999955999999,0.0,20.1199998688,0.0
0.1,4.0,5.0,7.0,5.0,8.0,2.032563834878877e-17,1.3208393137876838e-17,1.0,-5.399999955999998,0.0,20.1199998688,0.0
0.1,4.0,5.0,7.0,5.0,10.0,2.033421538456033e-17,1.3225676249595521e-17,1.0,-5.399999956,0.0,20.1199998688,0.0
0.1,4.0,5.0,7.0,5.0,12.0,2.0339436548586766e-17,1.3237182331916134e-17,1.0,-5.399999956,0.0,20.1199998688,0.0
0.1,4.0,5.0,7.0,5.0,14.0,2.034292146050745e-17,1.3245390445134497e-17,1.0,-5.399999956,0.0,20.119999868799997,0.0
0.1,4.0,5.0,7.0,7.0,6.0,2.0359527938485066e-17,1.3294469552419106e-17,1.0,-5.399999955999999,0.0,20.1199998688,0.0
0.1,4.0,5.0,7.0,7.0,6.0,0.7371593102320406,1.0082109768810874e-23,0.3660288432279257,3.5373047208160644,0.0,13.6557208193137,0.0
0.1,4.0,5.0,7.0,7.0,8.0,2.0359523802582003e-17,1.329447906499615e-17,1.0,-5.3999999559999985,0.0,20.1199998688,0.0
0.1,4.0,5.0,7.0,7.0,10.0,2.0359522148220778e-17,1.3294485682441051e-17,1.0,-5.399999956,0.0,20.1199998688,0.0
0.1,4.0,5.0,7.0,7.0,12.0,2.0359520493859553e-17,1.3294489818344114e-17,1.0,-5.399999956,0.0,20.119999868799997,0.0
0.1,4.0,5.0,7.0,7.0,14.0,2.0359518839498328e-17,1.3294492299885951e-17,1.0,-5.399999956,0.0,20.1199998688,0.0
0.1,4.0,5.0,9.0,0.5,6.0,1.9887777736159336e-17,9.409131904905468e-18,1.0,-5.399999956,0.0,22.1199998688,0.0
0.1,4.0,5.0,9.0,0.5,8.0,2.0066711791905582e-17,9.553009219111104e-18,1.0,-5.399999956,0.0,22.1199998688,0.0
0.1,4.0,5.0,9.0,0.5,10.0,2.015545420956211e-17,9.639095973411029e-18,1.0,-5.399999956,0.0,22.1199998688,0.0
0.1,4.0,5.0,9.0,0.5,12.0,2.0206548328818897e-17,9.696378230830326e-18,1.0,-5.399999956,0.0,22.1199998688,0.0
0.1,4.0,5.0,9.0,0.5,14.0,2.023899448834629e-17,9.737238057958302e-18,1.0,-5.399999956,0.0,22.1199998688,0.0
0.1,4.0,5.0,9.0,1.0,6.0,1.9933289213462004e-17,9.443023976143603e-18,1.0,-5.399999956,0.0,22.1199998688,0.0
0.1,4.0,5.0,9.0,1.0,8.0,2.0094304882779126e-17,9.578345761273603e-18,1.0,-5.399999956,0.0,22.1199998688,0.0
0.1,4.0,5.0,9.0,1.0,10.0,2.01742403084538e-17,9.659319298617032e-18,1.0,-5.399999956,0.0,22.1199998688,0.0
0.1,4.0,5.0,9.0,1.0,12.0,2.022032584910158e-17,9.713205566031492e-18,1.0,-5.399999956,0.0,22.1199998688,0.0
0.1,4.0,5.0,9.0,1.0,14.0,2.024963120384311e-17,9.751645476277444e-18,1.0,-5.399999956,0.0,22.1199998688,0.0
0.1,4.0,5.0,9.0,3.0,6.0,2.0094353686435267e-17,9.578320945855227e-18,1.0,-5.399999956,0.0,22.119999868800004,0.0
0.1,4.0,5.0,9.0,3.0,8.0,2.0192237277041117e-17,9.67951532686282e-18,1.0,-5.399999956,0.0,22.1199998688,0.0
0.1,4.0,5.0,9.0,3.0,10.0,2.0241179899524654e-17,9.740100102877735e-18,1.0,-5.399999956,0.0,22.1199998688,0.0
0.1,4.0,5.0,9.0,3.0,12.0,2.0269618368984227e-17,9.780430948003983e-18,1.0,-5.399999955999999,0.0,22.119999868800004,0.0
0.1,4.0,5.0,9.0,3.0,14.0,2.0287845293781833e-17,9.809209388695316e-18,1.0,-5.399999956,0.0,22.119999868799997,0.0
0.1,4.0,5.0,9.0,5.0,6.0,2.022040029535671e-17,9.713149731340145e-18,1.0,-5.399999955999998,0.0,22.1199998688,0.0
0.1,4.0,5.0,9.0,5.0,8.0,2.026964814748628e-17,9.780401169501931e-18,1.0,-5.399999955999998,0.0,22.1199998688,0.0
0.1,4.0,5.0,9.0,5.0,10.0,2.029466457075172e-17,9.820688174055714e-18,1.0,-5.399999956,0.0,22.119999868800004,0.0
0.1,4.0,5.0,9.0,5.0,12.0,2.030941981851844e-17,9.847521499536628e-18,1.0,-5.399999956,0.0,22.119999868800004,0.0
0.1,4.0,5.0,9.0,5.0,14.0,2.0319006014637318e-17,9.866672798668762e-18,1.0,-5.399999956,0.0,22.119999868800004,0.0
0.1,4.0,5.0,9.0,7.0,6.0,2.0309466967813357e-17,9.847455325087624e-18,1.0,-5.399999955999999,0.0,22.1199998688,0.0
0.1,4.0,5.0,9.0,7.0,6.0,0.7371593102320407,5.8009367555034926e-21,0.3660288432279256,3.5373047290001773,0.0,13.923675047463245,0.0
0.1,4.0,5.0,9.0,7.0,8.0,2.0325702868876548e-17,9.88097847377256e-18,1.0,-5.399999955999999,0.0,22.1199998688,0.0
0.1,4.0,5.0,9.0,7.0,10.0,2.0334265842577697e-17,9.901076894706067e-18,1.0,-5.399999956,0.0,22.1199998688,0.0
0.1,4.0,5.0,9.0,7.0,12.0,2.0339478734798006e-17,9.914467294462076e-18,1.0,-5.399999955999999,0.0,22.1199998688,0.0
0.1,4.0,5.0,9.0,7.0,14.0,2.034295951081563e-17,9.924030329523801e-18,1.0,-5.399999956,0.0,22.1199998688,0.0
0.1,4.0,7.0,3.0,0.5,6.0,8.684811821908869e-18,2.011019833106872e-17,1.0,-7.399999956000001,0.0,16.1199998688,0.0
0.1,4.0,7.0,3.0,0.5,8.0,8.784664102372595e-18,2.0100719668429475e-17,1.0,-7.399999956000001,0.0,16.1199998688,0.0
0.1,4.0,7.0,3.0,0.5,10.0,8.844533780747958e-18,2.0094940157489567e-17,1.0,-7.399999956000001,0.0,16.1199998688,0.0
0.1,4.0,7.0,3.0,0.5,12.0,8.884426220149553e-18,2.0091048272707505e-17,1.0,-7.399999956,0.0,16.1199998688,0.0
0.1,4.0,7.0,3.0,0.5,12.0,3.3639786930304306e-27,2.496834734271887,2.5585459225666414,-109.93645793570099,0.0,15.092865427213175,0.0
0.1,4.0,7.0,3.0,0.5,12.0,1.1267786247589328e-23,1.638767762349124,1.6713899447286886,-47.401231327889974,0.0,-8.034779931849176,0.0
0.1,4.0,7.0,3.0,0.5,14.0,8.912909564157357e-18,2.0088248266334013e-17,1.0,-7.399999956,0.0,16.1199998688,0.0
0.1,4.0,7.0,3.0,0.5,14.0,4.054007335360987e-21,3.0514270233644125,2.995258616911128,-158.36155353381065,0.0,31.681062332951843,0.0
0.1,4.0,7.0,3.0,0.5,14.0,6.290025815129525e-25,1.5040921799693374,1.484777132681053,-38.952579273463,0.0,-11.096257563451841,0.0
0.1,4.0,7.0,3.0,1.0,6.0,8.764738562187111e-18,2.0102634591547535e-17,1.0,-7.399999956,0.0,16.1199998688,0.0
0.1,4.0,7.0,3.0,1.0,8.0,8.844560664117866e-18,2.0094943466212017e-17,1.0,-7.399999956000001,0.0,16.1199998688,0.0
0.1,4.0,7.0,3.0,1.0,10.0,8.89242629744386e-18,2.0090268241389867e-17,1.0,-7.399999956000001,0.0,16.1199998688,0.0
0.1,4.0,7.0,3.0,1.0,12.0,8.924320313912373e-18,2.0087125782242778e-17,1.0,-7.399999956000001,0.0,16.1199998688,0.0
0.1,4.0,7.0,3.0,1.0,12.0,3.361716880903742e-27,2.4968347342718866,2.5585459225666405,-109.93645793570094,0.0,15.092864540159281,0.0
0.1,4.0,7.0,3.0,1.0,12.0,1.0568276461659079e-23,1.6387677623491246,1.671389944728689,-47.40123132789002,0.0,-8.03477993184918,0.0
0.1,4.0,7.0,3.0,1.0,14.0,8.947093216561417e-18,2.0084869233531734e-17,1.0,-7.399999956,0.0,16.119999868799997,0.0
0.1,4.0,7.0,3.0,1.0,14.0,3.943215216480032e-21,3.051427023364412,2.995258616911128,-158.36155353381065,0.0,31.681062332951832,0.0
0.1,4.0,7.0,3.0,1.0,14.0,6.616668464078258e-25,1.5040921799693372,1.4847771326810528,-38.952579273463,0.0,-11.096257162681171,0.0
0.1,4.0,7.0,3.0,3.0,6.0,9.083799288446525e-18,2.0071138035363353e-17,1.0,-7.399999956000001,0.0,16.1199998688,0.0
0.1,4.0,7.0,3.0,3.0,8.0,9.083748003248546e-18,2.0071133072279678e-17,1.0,-7.399999956,0.0,16.119999868800004,0.0
0.1,4.0,7.0,3.0,3.0,10.0,9.083721947059251e-18,2.0071128109196003e-17,1.0,-7.399999956,0.0,16.1199998688,0.0
0.1,4.0,7.0,3.0,3.0,12.0,9.08370085395363e-18,2.007112728201539e-17,1.0,-7.399999956,0.0,16.1199998688,0.0
0.1,4.0,7.0,3.0,3.0,12.0,3.349284617926734e-27,2.4968347342718875,2.5585459225666414,-109.93645793570103,0.0,15.092863653105397,0.0
0.1,4.0,7.0,3.0,3.0,12.0,7.807245938445623e-24,1.6387677623491241,1.671389944728689,-47.401231327889995,0.0,-8.03478022295281,0.0
0.1,4.0,7.0,3.0,3.0,14.0,9.08368761906383e-18,2.007112397329294e-17,1.0,-7.399999956,0.0,16.1199998688,0.0
0.1,4.0,7.0,3.0,3.0,14.0,3.549115353386799e-21,3.0514270233644125,2.995258616911128,-158.36155353381065,0.0,31.681062332951843,0.0
0.1,4.0,7.0,3.0,3.0,14.0,7.930495594125091e-25,1.5040921799693374,1.484777132681053,-38.952579273462995,0.0,-11.096257563451841,0.0
0.1,4.0,7.0,3.0,5.0,6.0,9.401379981794927e-18,2.003762564002638e-17,1.0,-7.399999955999998,0.0,16.1199998688,0.0
0.1,4.0,7.0,3.0,5.0,8.0,9.322104232658764e-18,2.0046189440908142e-17,1.0,-7.3999999559999985,0.0,16.1199998688,0.0
0.1,4.0,7.0,3.0,5.0,10.0,9.274481790432861e-18,2.005126584832738e-17,1.0,-7.399999956,0.0,16.1199998688,0.0
0.1,4.0,7.0,3.0,5.0,12.0,9.24271309182715e-18,2.0054625028794957e-17,1.0,-7.399999956,0.0,16.1199998688,0.0
0.1,4.0,7.0,3.0,5.0,12.0,3.3358462491467774e-27,2.496834734271887,2.5585459225666414,-109.93645793570099,0.0,15.092865427213175,0.0
0.1,4.0,7.0,3.0,5.0,12.0,5.141517701191917e-24,1.638767762349124,1.6713899447286886,-47.40123132788997,0.0,-8.034779931849176,0.0
0.1,4.0,7.0,3.0,5.0,14.0,9.220006984012569e-18,2.0057011444862173e-17,1.0,-7.399999956,0.0,16.119999868800004,0.0
0.1,4.0,7.0,3.0,5.0,14.0,3.1874282071672866e-21,3.0514270233644116,2.9952586169111273,-158.36155353381054,0.0,31.681065585205783,0.0
0.1,4.0,7.0,3.0,5.0,14.0,9.276647285839486e-25,1.5040921799693374,1.484777132681053,-38.952579273463,0.0,-11.096257563451841,0.0
0.1,4.0,7.0,3.0,7.0,6.0,9.71686584024204e-18,2.0002084170646814e-17,1.0,-7.399999955999998,0.0,16.1199998688,0.0
0.1,4.0,7.0,3.0,7.0,6.0,0.7784100425091012,7.406400413487077e-26,0.29309077334114253,4.378906531944204,0.0,12.929324049286652,0.0
0.1,4.0,7.0,3.0,7.0,8.0,9.55936982443133e-18,2.002010678183312e-17,1.0,-7.3999999559999985,0.0,16.1199998688,0.0
0.1,4.0,7.0,3.0,7.0,10.0,9.464580716497041e-18,2.0030674841339097e-17,1.0,-7.399999956,0.0,16.119999868800004,0.0
0.1,4.0,7.0,3.0,7.0,12.0,9.401276170628052e-18,2.0037616541039642e-17,1.0,-7.399999956,0.0,16.1199998688,0.0
0.1,4.0,7.0,3.0,7.0,12.0,3.32359887544443e-27,2.496834734271887,2.5585459225666414,-109.93645793570099,0.0,15.092865427213175,0.0
0.1,4.0,7.0,3.0,7.0,12.0,2.5547962501788114e-24,1.6387677623491244,1.671389944728689,-47.40123132789001,0.0,-8.03477993184918,0.0
0.1,4.0,7.0,3.0,7.0,14.0,9.356008298015781e-18,2.004252751233637e-17,1.0,-7.399999956,0.0,16.119999868799997,0.0
0.1,4.0,7.0,3.0,7.0,14.0,2.8488092218390604e-21,3.0514270233644116,2.9952586169111273,-158.36155353381056,0.0,31.681065585205783,0.0
0.1,4.0,7.0,3.0,7.0,14.0,1.0653223370515993e-24,1.5040921799693374,1.484777132681053,-38.952579273463,0.0,-11.096257563451841,0.0
0.1,4.0,7.0,5.0,0.5,6.0,8.364442909510703e-18,1.7104831962801244e-17,1.0,-7.399999956,0.0,18.1199998688,0.0
0.1,4.0,7.0,5.0,0.5,8.0,8.54452426476656e-18,1.7142364455915225e-17,1.0,-7.399999956000001,0.0,18.1199998688,0.0
0.1,4.0,7.0,5.0,0.5,10.0,8.652504215134079e-18,1.7164587490252075e-17,1.0,-7.399999956,0.0,18.1199998688,0.0
0.1,4.0,7.0,5.0,0.5,12.0,8.724448869296338e-18,1.717928235383408e-17,1.0,-7.399999956000001,0.0,18.1199998688,0.0
0.1,4.0,7.0,5.0,0.5,14.0,8.775812235842512e-18,1.718971558290021e-17,1.0,-7.399999956,0.0,18.1199998688,0.0
0.1,4.0,7.0,5.0,1.0,6.0,8.444500551120882e-18,1.712158154302483e-17,1.0,-7.399999956,0.0,18.1199998688,0.0
0.1,4.0,7.0,5.0,1.0,8.0,8.604530221147841e-18,1.7154734941975955e-17,1.0,-7.399999956,0.0,18.1199998688,0.0
0.1,4.0,7.0,5.0,1.0,10.0,8.700478002325164e-18,1.7174392062052666e-17,1.0,-7.3999999559999985,0.0,18.1199998688,0.0
0.1,4.0,7.0,5.0,1.0,12.0,8.764405415195406e-18,1.718739865000445e-17,1.0,-7.399999956,0.0,18.1199998688,0.0
0.1,4.0,7.0,5.0,1.0,14.0,8.81004717344455e-18,1.7196640738988504e-17,1.0,-7.399999956,0.0,18.1199998688,0.0
0.1,4.0,7.0,5.0,3.0,6.0,8.764452978080627e-18,1.718737962485036e-17,1.0,-7.399999956,0.0,18.1199998688,0.0
0.1,4.0,7.0,5.0,3.0,8.0,8.84430196338129e-18,1.7203532807852296e-17,1.0,-7.3999999559999985,0.0,18.1199998688,0.0
0.1,4.0,7.0,5.0,3.0,10.0,8.892178350055247e-18,1.721316615326609e-17,1.0,-7.399999956,0.0,18.1199998688,0.0
0.1,4.0,7.0,5.0,3.0,12.0,8.924083119871723e-18,1.721956191376235e-17,1.0,-7.399999956,0.0,18.1199998688,0.0
0.1,4.0,7.0,5.0,3.0,14.0,8.9468647079172e-18,1.722411802457629e-17,1.0,-7.399999956000001,0.0,18.1199998688,0.0
0.1,4.0,7.0,5.0,5.0,6.0,9.083518874218869e-18,1.725121397990169e-17,1.0,-7.399999955999998,0.0,18.1199998688,0.0
0.1,4.0,7.0,5.0,5.0,8.0,9.083491163668349e-18,1.7251222251707816e-17,1.0,-7.3999999559999985,0.0,18.1199998688,0.0
0.1,4.0,7.0,5.0,5.0,10.0,9.083475033646404e-18,1.725122638761088e-17,1.0,-7.399999956,0.0,18.1199998688,0.0
0.1,4.0,7.0,5.0,5.0,12.0,9.08346428029844e-18,1.725123052351394e-17,1.0,-7.399999956,0.0,18.1199998688,0.0
0.1,4.0,7.0,5.0,5.0,14.0,9.083456835672928e-18,1.7251231350694554e-17,1.0,-7.399999956,0.0,18.1199998688,0.0
0.1,4.0,7.0,5.0,7.0,6.0,9.401102876289722e-18,1.731304903941248e-17,1.0,-7.399999955999998,0.0,18.1199998688,0.0
0.1,4.0,7.0,5.0,7.0,6.0,0.7784100425091013,5.859267377979778e-26,0.2930907733411424,4.378906583796731,0.0,13.101128452122069,0.0
0.1,4.0,7.0,5.0,7.0,8.0,9.321849047439791e-18,1.7297786729930264e-17,1.0,-7.399999955999998,0.0,18.1199998688,0.0
0.1,4.0,7.0,5.0,7.0,10.0,9.27423859933277e-18,1.7288568629183973e-17,1.0,-7.399999956,0.0,18.1199998688,0.0
0.1,4.0,7.0,5.0,7.0,12.0,9.242476931762266e-18,1.728239868899494e-17,1.0,-7.399999956,0.0,18.1199998688,0.0
0.1,4.0,7.0,5.0,7.0,14.0,9.21977909575381e-18,1.7277977408620844e-17,1.0,-7.399999956,0.0,18.1199998688,0.0
0.1,4.0,7.0,7.0,0.5,6.0,8.044030776925531e-18,1.2916154363364916e-17,1.0,-7.399999956,0.0,20.1199998688,0.0
0.1,4.0,7.0,7.0,0.5,8.0,8.304230778361743e-18,1.3011999780941435e-17,1.0,-7.399999956,0.0,20.119999868799997,0.0
0.1,4.0,7.0,7.0,0.5,10.0,8.460345195754335e-18,1.3069113707106078e-17,1.0,-7.399999956,0.0,20.119999868799997,0.0
0.1,4.0,7.0,7.0,0.5,12.0,8.564382803322427e-18,1.3107023394579383e-17,1.0,-7.399999956,0.0,20.119999868800004,0.0
0.1,4.0,7.0,7.0,0.5,14.0,8.638662174763616e-18,1.3134019261050664e-17,1.0,-7.399999956,0.0,20.1199998688,0.0
0.1,4.0,7.0,7.0,1.0,6.0,8.124075804031369e-18,1.2945726483853993e-17,1.0,-7.399999956,0.0,20.119999868800004,0.0
0.1,4.0,7.0,7.0,1.0,8.0,8.364278300568805e-18,1.303399906292259e-17,1.0,-7.399999956,0.0,20.119999868799997,0.0
0.1,4.0,7.0,7.0,1.0,10.0,8.508368200191867e-18,1.308662470708352e-17,1.0,-7.399999956,0.0,20.119999868799997,0.0
0.1,4.0,7.0,7.0,1.0,12.0,8.604382776203653e-18,1.3121566470518984e-17,1.0,-7.399999956,0.0,20.119999868799997,0.0
0.1,4.0,7.0,7.0,1.0,14.0,8.672932267541688e-18,1.3146453853608867e-17,1.0,-7.399999956,0.0,20.1199998688,0.0
0.1,4.0,7.0,7.0,3.0,6.0,8.444332840251687e-18,1.3063251478104915e-17,1.0,-7.399999956,0.0,20.119999868799997,0.0
0.1,4.0,7.0,7.0,3.0,8.0,8.604382982998806e-18,1.3121556130761327e-17,1.0,-7.399999956,0.0,20.119999868799997,0.0
0.1,4.0,7.0,7.0,3.0,10.0,8.700345033041696e-18,1.3156385397633485e-17,1.0,-7.399999956,0.0,20.1199998688,0.0
0.1,4.0,7.0,7.0,3.0,12.0,8.76427989053745e-18,1.3179537769388538e-17,1.0,-7.399999956,0.0,20.1199998688,0.0
0.1,4.0,7.0,7.0,3.0,14.0,8.80992661187027e-18,1.3196043744921728e-17,1.0,-7.399999956000001,0.0,20.119999868799997,0.0
0.1,4.0,7.0,7.0,5.0,6.0,8.764283199259901e-18,1.3179519985005368e-17,1.0,-7.399999955999998,0.0,20.119999868799997,0.0
0.1,4.0,7.0,7.0,5.0,8.0,8.844152450485571e-18,1.3208392724286532e-17,1.0,-7.3999999559999985,0.0,20.119999868800004,0.0
0.1,4.0,7.0,7.0,5.0,10.0,8.892044346796013e-18,1.3225676249595521e-17,1.0,-7.399999956,0.0,20.1199998688,0.0
0.1,4.0,7.0,7.0,5.0,12.0,8.923955940852543e-18,1.323718274550644e-17,1.0,-7.399999956,0.0,20.1199998688,0.0
0.1,4.0,7.0,7.0,5.0,14.0,8.94674352595746e-18,1.3245392099495722e-17,1.0,-7.399999956,0.0,20.119999868799997,0.0
0.1,4.0,7.0,7.0,7.0,6.0,9.083348475012683e-18,1.3294480305767069e-17,1.0,-7.399999955999998,0.0,20.1199998688,0.0
0.1,4.0,7.0,7.0,7.0,6.0,0.7784100425091013,-9.616586650773653e-22,0.2930907733411424,4.378906583796731,0.0,13.272932854957487,0.0
0.1,4.0,7.0,7.0,7.0,8.0,9.083342684748395e-18,1.3294486509621663e-17,1.0,-7.3999999559999985,0.0,20.1199998688,0.0
0.1,4.0,7.0,7.0,7.0,10.0,9.083340616796864e-18,1.3294492713476257e-17,1.0,-7.399999956,0.0,20.1199998688,0.0
0.1,4.0,7.0,7.0,7.0,12.0,9.08333772166472e-18,1.3294495195018095e-17,1.0,-7.399999956000001,0.0,20.119999868799997,0.0
0.1,4.0,7.0,7.0,7.0,14.0,9.083335240122882e-18,1.329449684937932e-17,1.0,-7.399999956,0.0,20.119999868799997,0.0
0.1,4.0,7.0,9.0,0.5,6.0,7.724159413665816e-18,9.409133972857e-18,1.0,-7.399999956000001,0.0,22.119999868799997,0.0
0.1,4.0,7.0,9.0,0.5,8.0,8.064016494500578e-18,9.55301294142386e-18,1.0,-7.399999956,0.0,22.1199998688,0.0
0.1,4.0,7.0,9.0,0.5,10.0,8.2681702531478e-18,9.639100522904398e-18,1.0,-7.399999956,0.0,22.1199998688,0.0
0.1,4.0,7.0,9.0,0.5,12.0,8.404281582172482e-18,9.696382366733389e-18,1.0,-7.3999999559999985,0.0,22.1199998688,0.0
0.1,4.0,7.0,9.0,0.5,14.0,8.501480680821444e-18,9.73724384822259e-18,1.0,-7.399999956,0.0,22.119999868800004,0.0
0.1,4.0,7.0,9.0,1.0,6.0,7.804049137611647e-18,9.443029352817585e-18,1.0,-7.399999956,0.0,22.1199998688,0.0
0.1,4.0,7.0,9.0,1.0,8.0,8.124050368227533e-18,9.578351551537891e-18,1.0,-7.399999956,0.0,22.119999868799997,0.0
0.1,4.0,7.0,9.0,1.0,10.0,8.316208767221817e-18,9.659327570423157e-18,1.0,-7.399999956,0.0,22.1199998688,0.0
0.1,4.0,7.0,9.0,1.0,12.0,8.44430864521877e-18,9.713213424247312e-18,1.0,-7.399999956,0.0,22.119999868799997,0.0
0.1,4.0,7.0,9.0,1.0,14.0,8.535777036583965e-18,9.751652507312651e-18,1.0,-7.399999956,0.0,22.1199998688,0.0
0.1,4.0,7.0,9.0,3.0,6.0,8.124033617820129e-18,9.578343279731766e-18,1.0,-7.399999956,0.0,22.1199998688,0.0
0.1,4.0,7.0,9.0,3.0,8.0,8.36424045705578e-18,9.679539315100584e-18,1.0,-7.399999956,0.0,22.1199998688,0.0
0.1,4.0,7.0,9.0,3.0,10.0,8.508333045015833e-18,9.740122023163968e-18,1.0,-7.399999956,0.0,22.119999868799997,0.0
0.1,4.0,7.0,9.0,3.0,12.0,8.604350102569457e-18,9.78045121392899e-18,1.0,-7.3999999559999985,0.0,22.1199998688,0.0
0.1,4.0,7.0,9.0,3.0,14.0,8.672900007497799e-18,9.809229241030017e-18,1.0,-7.399999956,0.0,22.1199998688,0.0
0.1,4.0,7.0,9.0,5.0,6.0,8.444285897751924e-18,9.713202670899348e-18,1.0,-7.3999999559999985,0.0,22.1199998688,0.0
0.1,4.0,7.0,9.0,5.0,8.0,8.604339556016647e-18,9.780446664435622e-18,1.0,-7.3999999559999985,0.0,22.119999868799997,0.0
0.1,4.0,7.0,9.0,5.0,10.0,8.700306362348059e-18,9.820728705905729e-18,1.0,-7.3999999559999985,0.0,22.1199998688,0.0
0.1,4.0,7.0,9.0,5.0,12.0,8.764244321771111e-18,9.847556654712661e-18,1.0,-7.399999956000001,0.0,22.119999868800004,0.0
0.1,4.0,7.0,9.0,5.0,14.0,8.809893731440922e-18,9.866704645122345e-18,1.0,-7.399999956,0.0,22.1199998688,0.0
0.1,4.0,7.0,9.0,7.0,6.0,8.764231293676463e-18,9.847550037267761e-18,1.0,-7.399999955999998,0.0,22.1199998688,0.0
0.1,4.0,7.0,9.0,7.0,6.0,0.7784100425091013,9.362795708741143e-22,0.2930907733411424,4.378906583796731,0.0,13.444737257792905,0.0
0.1,4.0,7.0,9.0,7.0,8.0,8.844107369142187e-18,9.881054987979221e-18,1.0,-7.3999999559999985,0.0,22.1199998688,0.0
0.1,4.0,7.0,9.0,7.0,10.0,8.892002987765385e-18,9.901139760432621e-18,1.0,-7.399999956,0.0,22.119999868800004,0.0
0.1,4.0,7.0,9.0,7.0,12.0,8.923919338110438e-18,9.914521474792198e-18,1.0,-7.399999956,0.0,22.119999868799997,0.0
0.1,4.0,7.0,9.0,7.0,14.0,8.946708370781427e-18,9.924077478818717e-18,1.0,-7.399999956,0.0,22.1199998688,0.0
0.1,4.5,1.0,3.0,0.5,6.0,1.8185372906264205e-20,-1.6368315586636625e-25,1.0,-1.4499999505000005,0.0,16.1199998688,0.0
0.1,4.5,1.0,3.0,0.5,8.0,1.8253059746774162e-20,-1.6360526817792731e-25,1.0,-1.4499999505000005,0.0,16.1199998688,0.0
0.1,4.5,1.0,3.0,0.5,10.0,1.8293763252922237e-20,-1.635584788654864e-25,1.0,-1.4499999505000005,0.0,16.1199998688,0.0
0.1,4.5,1.0,3.0,0.5,12.0,1.8320937630462703e-20,-1.6352603387927127e-25,1.0,-1.4499999505000005,0.0,16.1199998688,0.0
0.1,4.5,1.0,3.0,0.5,12.0,5.053929833935743e-27,2.496834734271887,2.5585459225666414,-70.70951450290667,0.0,15.092865427213175,0.0
0.1,4.5,1.0,3.0,0.5,12.0,2.7949906696388587e-23,1.6387677623491244,1.671389944728689,-30.689965238348986,0.0,-8.03477993184918,0.0
0.1,4.5,1.0,3.0,0.5,14.0,1.8340365772567133e-20,-1.6350312609814075e-25,1.0,-1.4499999505000005,0.0,16.1199998688,0.0
0.1,4.5,1.0,3.0,0.5,14.0,1.7940456964959793e-21,3.0514270233644125,2.995258616911128,-104.58210843522843,0.0,31.681062332951843,0.0
0.1,4.5,1.0,3.0,0.5,14.0,2.6616734922008697e-24,1.5040921799693372,1.4847771326810528,-25.775200465567586,0.0,-11.096257162681171,0.0
0.1,4.5,1.0,3.0,1.0,6.0,1.8240200783904532e-20,-1.6362421008411635e-25,1.0,-1.4499999505000005,0.0,16.1199998688,0.0
0.1,4.5,1.0,3.0,1.0,6.0,0.5282984731937149,2.0151204534465887e-26,0.9534834538701983,0.2805949540067742,0.0,15.640858494396406,0.0
0.1,4.5,1.0,3.0,1.0,6.0,0.6541284856366819,1.3272264328615438e-36,0.9286859873797768,-0.34810741428772934,0.0,15.390738642232861,0.0
0.1,4.5,1.0,3.0,1.0,8.0,1.8294285087566484e-20,-1.6356075300356473e-25,1.0,-1.4499999505000005,0.0,16.1199998688,0.0
0.1,4.5,1.0,3.0,1.0,10.0,1.8326792922132713e-20,-1.6352204027093859e-25,1.0,-1.4499999505000005,0.0,16.1199998688,0.0
0.1,4.5,1.0,3.0,1.0,12.0,1.8348489449547324e-20,-1.6349599861660256e-25,1.0,-1.4499999505000005,0.0,16.1199998688,0.0
0.1,4.5,1.0,3.0,1.0,12.0,5.040432916885477e-27,2.4968347342718866,2.5585459225666405,-70.70951450290666,0.0,15.092864540159281,0.0
0.1,4.5,1.0,3.0,1.0,12.0,2.5327521632711344e-23,1.638767762349124,1.6713899447286886,-30.689965238348957,0.0,-8.034779931849176,0.0
0.1,4.5,1.0,3.0,1.0,14.0,1.8363998379213322e-20,-1.6347675164311033e-25,1.0,-1.4499999505000005,0.0,16.1199998688,0.0
0.1,4.5,1.0,3.0,1.0,14.0,1.6846454059308727e-21,3.051427023364412,2.995258616911128,-104.58210843522842,0.0,31.681062332951832,0.0
0.1,4.5,1.0,3.0,1.0,14.0,2.8382260848156687e-24,1.5040921799693376,1.484777132681053,-25.775200465567597,0.0,-11.096257563451847,0.0
0.1,4.5,1.0,3.0,3.0,6.0,1.8460756599481523e-20,-1.633818603043784e-25,1.0,-1.4499999505000005,0.0,16.1199998688,0.0
0.1,4.5,1.0,3.0,3.0,6.0,0.41803389263933155,-1.771752208057673e-24,0.912623832302404,0.8154630275434281,0.0,15.489329918466535,0.0
0.1,4.5,1.0,3.0,3.0,6.0,0.9028554757747896,-4.509558469006196e-24,0.5924259949317392,-1.9013678165744194,0.0,13.569696019711555,0.0
0.1,4.5,1.0,3.0,3.0,8.0,1.8459882061971108e-20,-1.6337673887147028e-25,1.0,-1.4499999505000005,0.0,16.1199998688,0.0
0.1,4.5,1.0,3.0,3.0,8.0,0.44205185103065553,1.2744282856483782e-24,0.9267213103751392,0.7011038110297632,0.0,15.55183374925052,0.0
0.1,4.5,1.0,3.0,3.0,8.0,0.835179944348208,5.479381071641624e-28,0.7384279227094466,-1.3709806935648503,0.0,14.239658360724274,0.0
0.1,4.5,1.0,3.0,3.0,10.0,1.845935830881714e-20,-1.6337405181401187e-25,1.0,-1.4499999505000005,0.0,16.1199998688,0.0
0.1,4.5,1.0,3.0,3.0,10.0,0.46171940409990053,1.1116915021743999e-23,0.9360445575632899,0.6063083351288296,0.0,15.590781352021013,0.0
0.1,4.5,1.0,3.0,3.0,10.0,0.783730415584797,2.485509906619958e-25,0.8157299907061845,-1.0473764894273352,0.0,14.66171343242112,0.0
0.1,4.5,1.0,3.0,3.0,12.0,1.845900903907363e-20,-1.6337188552801043e-25,1.0,-1.4499999505000005,0.0,16.1199998688,0.0
0.1,4.5,1.0,3.0,3.0,12.0,4.985523883799019e-27,2.4968347342718875,2.5585459225666414,-70.7095145029067,0.0,15.092863653105397,0.0
0.1,4.5,1.0,3.0,3.0,12.0,1.524165728042207e-23,1.6387677623491246,1.671389944728689,-30.689965238348986,0.0,-8.03477993184918,0.0
0.1,4.5,1.0,3.0,3.0,12.0,0.47900384983634275,1.271473953240595e-22,0.9426388279604906,0.5223503222540858,0.0,15.615914679499234,0.0
0.1,4.5,1.0,3.0,3.0,12.0,0.7435520409840978,-5.931188554559834e-31,0.8617825905870956,-0.8187907665575073,0.0,14.938884037254818,0.0
0.1,4.5,1.0,3.0,3.0,14.0,1.8458759935732424e-20,-1.6337099497800414e-25,1.0,-1.4499999505000005,0.0,16.1199998688,0.0
0.1,4.5,1.0,3.0,3.0,14.0,1.2897635986648356e-21,3.051427023364413,2.995258616911129,-104.5821084352285,0.0,31.681065585205815,0.0
0.1,4.5,1.0,3.0,3.0,14.0,3.563167563038885e-24,1.5040921799693376,1.484777132681053,-25.775200465567593,0.0,-11.096257563451847,0.0
0.1,4.5,1.0,3.0,3.0,14.0,0.4951211348426958,-5.682148697552816e-30,0.9474689418211603,0.44363133645646974,0.0,15.631684801702868,0.0
0.1,4.5,1.0,3.0,3.0,14.0,0.7104718081654302,-8.447968622094102e-29,0.8918349592433166,-0.6402348395350024,0.0,15.132578711639171,0.0
0.1,4.5,1.0,3.0,5.0,6.0,1.868330817003985e-20,-1.6312359155809211e-25,1.0,-1.4499999505000003,0.0,16.1199998688,0.0
0.1,4.5,1.0,3.0,5.0,6.0,0.3772166089135644,3.2510661843713174e-22,0.8814230249664592,1.0046568023727382,0.0,15.345423161793288,0.0
0.1,4.5,1.0,3.0,5.0,6.0,0.9919205295561326,-1.9343975662216328e-28,0.18007805253756792,-3.3545507373409778,0.0,12.489193494470529,0.0
0.1,4.5,1.0,3.0,5.0,8.0,1.8626602677227354e-20,-1.6318463891509732e-25,1.0,-1.4499999505000003,0.0,16.1199998688,0.0
0.1,4.5,1.0,3.0,5.0,8.0,0.4,5.217965521263593e-24,0.9,0.9000000037075992,0.0,15.431599868800001,0.0
0.1,4.5,1.0,3.0,5.0,8.0,0.9504707495023331,-2.2982209417370042e-24,0.4353783464627957,-2.4424255205953567,0.0,13.020150744717984,0.0
0.1,4.5,1.0,3.0,5.0,10.0,1.8592642025930972e-20,-1.632204550490871e-25,1.0,-1.4499999505000005,0.0,16.1199998688,0.0
0.1,4.5,1.0,3.0,5.0,10.0,0.41803389263933144,-1.5218820200950181e-24,0.912623832302404,0.8154630461078621,0.0,15.489329918466536,0.0
0.1,4.5,1.0,3.0,5.0,10.0,0.9028554757747895,1.2151108426257906e-29,0.5924259949317392,-1.9013678165744192,0.0,13.569696019711555,0.0
0.1,4.5,1.0,3.0,5.0,12.0,1.8570027744050114e-20,-1.6324434890634915e-25,1.0,-1.4499999505000005,0.0,16.1199998688,0.0
0.1,4.5,1.0,3.0,5.0,12.0,4.929274403471268e-27,2.4968347342718866,2.5585459225666405,-70.70951450290666,0.0,15.092864540159281,0.0
0.1,4.5,1.0,3.0,5.0,12.0,5.615002271697336e-24,1.6387677623491237,1.6713899447286886,-30.689965238348954,0.0,-8.034779931849172,0.0
0.1,4.5,1.0,3.0,5.0,12.0,0.4331236841719765,3.150394479682325e-25,0.9218349475872059,0.7438182277360778,0.0,15.530517747494196,0.0
0.1,4.5,1.0,3.0,5.0,12.0,0.8600926397809829,2.736695750868476e-27,0.6917669379144085,-1.547473868576499,0.0,14.008202439710418,0.0
0.1,4.5,1.0,3.0,5.0,14.0,1.8553886614943785e-20,-1.6326171925370356e-25,1.0,-1.4499999505000005,0.0,16.1199998688,0.0
0.1,4.5,1.0,3.0,5.0,14.0,9.513736228128386e-22,3.051427023364411,2.995258616911127,-104.58210843522838,0.0,31.68106341703647,0.0
0.1,4.5,1.0,3.0,5.0,14.0,4.308755503303998e-24,1.5040921799693376,1.484777132681053,-25.775200465567597,0.0,-11.096257563451847,0.0
0.1,4.5,1.0,3.0,5.0,14.0,0.44625282045249715,1.7322119603419572e-24,0.9288780072279255,0.6809318609303228,0.0,15.561078156711426,0.0
0.1,4.5,1.0,3.0,5.0,14.0,0.823738595644512,1.1615685628771807e-25,0.7576624021591454,-1.2949611294076164,0.0,14.340033313010448,0.0
0.1,4.5,1.0,3.0,7.0,6.0,1.8907863371566794e-20,-1.628509415077251e-25,1.0,-1.4499999505000003,0.0,16.1199998688,0.0
0.1,4.5,1.0,3.0,7.0,6.0,0.35104543923086706,8.307982029514974e-20,0.8562282828610756,1.1209844737083554,0.0,15.22818813961413,0.0
0.1,4.5,1.0,3.0,7.0,8.0,1.879444945769012e-20,-1.6298331606540668e-25,1.0,-1.4499999505000005,0.0,16.1199998688,0.0
0.1,4.5,1.0,3.0,7.0,8.0,0.37339253679210105,9.887266536807094e-22,0.8780057617844645,1.0219417574217469,0.0,15.329509951946443,0.0
0.1,4.5,1.0,3.0,7.0,8.0,0.9956360975685545,-6.976826246067574e-27,0.13262016606615235,-3.5330943616541766,0.0,12.4392086774439,0.0
0.1,4.5,1.0,3.0,7.0,10.0,1.8726646900751697e-20,-1.6306173685125422e-25,1.0,-1.4499999505000007,0.0,16.1199998688,0.0
0.1,4.5,1.0,3.0,7.0,10.0,0.39097246442733485,-2.6977762908480366e-25,0.8929983724417314,0.9417876241028933,0.0,15.399222142074859,0.0
0.1,4.5,1.0,3.0,7.0,10.0,0.9703210550403415,2.399407526078073e-25,0.34093393510177905,-2.771825473558654,0.0,12.771980730219546,0.0
0.1,4.5,1.0,3.0,7.0,12.0,1.8681545867399362e-20,-1.6311334561078797e-25,1.0,-1.4499999505000005,0.0,16.1199998688,0.0
0.1,4.5,1.0,3.0,7.0,12.0,4.876816694018026e-27,2.4968347342718875,2.5585459225666414,-70.7095145029067,0.0,15.092863653105397,0.0
0.1,4.5,1.0,3.0,7.0,12.0,-3.517018016792098e-24,1.638767762349124,1.6713899447286886,-30.689965238348965,0.0,-8.034779931849176,0.0
0.1,4.5,1.0,3.0,7.0,12.0,0.4055352670509179,2.212802811748737e-24,0.904065669187132,0.8741936384593327,0.0,15.450304520320005,0.0
0.1,4.5,1.0,3.0,7.0,12.0,0.9367061956264104,1.5709687129459847e-30,0.48817254346047323,-2.2606304443344327,0.0,13.185647477641574,0.0
0.1,4.5,1.0,3.0,7.0,14.0,1.8649380840228106e-20,-1.6314969792367427e-25,1.0,-1.4499999505000005,0.0,16.1199998688,0.0
0.1,4.5,1.0,3.0,7.0,14.0,6.815762260077377e-22,3.051427023364413,2.995258616911129,-104.58210843522848,0.0,31.681065585205815,0.0
0.1,4.5,1.0,3.0,7.0,14.0,5.077188855384312e-24,1.5040921799693376,1.484777132681053,-25.775200465567597,0.0,-11.096257563451847,0.0
0.1,4.5,1.0,3.0,7.0,14.0,0.41803389263933144,-1.4203374531403505e-24,0.912623832302404,0.8154630414667535,0.0,15.489329918466535,0.0
0.1,4.5,1.0,3.0,7.0,14.0,0.9028554757747895,1.6562076686475568e-28,0.5924259949317392,-1.9013678065507094,0.0,13.569696019711555,0.0
0.1,4.5,1.0,5.0,0.5,6.0,1.7972396920648458e-20,-1.238390919315514e-25,1.0,-1.4499999505000005,0.0,18.1199998688,0.0
0.1,4.5,1.0,5.0,0.5,8.0,1.8093291608800232e-20,-1.2411264485787633e-25,1.0,-1.4499999505000005,0.0,18.1199998688,0.0
0.1,4.5,1.0,5.0,0.5,10.0,1.816612086315737e-20,-1.2427407476507091e-25,1.0,-1.4499999505000005,0.0,18.1199998688,0.0
0.1,4.5,1.0,5.0,0.5,12.0,1.8214797190837008e-20,-1.2438107635129316e-25,1.0,-1.4499999505000005,0.0,18.1199998688,0.0
0.1,4.5,1.0,5.0,0.5,14.0,1.8249625816321074e-20,-1.24457062761691e-25,1.0,-1.4499999505000005,0.0,18.1199998688,0.0
0.1,4.5,1.0,5.0,1.0,6.0,1.8026732852006515e-20,-1.2395501442527604e-25,1.0,-1.4499999505000005,0.0,18.1199998688,0.0
0.1,4.5,1.0,5.0,1.0,6.0,0.5282984731937154,-1.663415739761303e-25,0.9534834538701982,0.28059495400677487,0.0,17.459119888004892,0.0
0.1,4.5,1.0,5.0,1.0,6.0,0.6541284856366816,-5.67644635094709e-31,0.9286859873797769,-0.3481074215500142,0.0,17.115653968543967,0.0
0.1,4.5,1.0,5.0,1.0,8.0,1.8134237553992586e-20,-1.2419792195432589e-25,1.0,-1.4499999505000005,0.0,18.1199998688,0.0
0.1,4.5,1.0,5.0,1.0,10.0,1.819897200998955e-20,-1.2434206779582756e-25,1.0,-1.4499999505000005,0.0,18.1199998688,0.0
0.1,4.5,1.0,5.0,1.0,12.0,1.8242225013609103e-20,-1.244372364684715e-25,1.0,-1.4499999505000005,0.0,18.1199998688,0.0
0.1,4.5,1.0,5.0,1.0,14.0,1.8273167142294198e-20,-1.245049983876348e-25,1.0,-1.4499999505000005,0.0,18.1199998688,0.0
0.1,4.5,1.0,5.0,3.0,6.0,1.82453092704219e-20,-1.2441054770167415e-25,1.0,-1.4499999505000007,0.0,18.1199998688,0.0
0.1,4.5,1.0,5.0,3.0,6.0,0.41803389263933166,-3.648669139719783e-24,0.9126238323024038,0.8154630321845372,0.0,17.15509443703919,0.0
0.1,4.5,1.0,5.0,3.0,6.0,0.9028554757747895,1.653437146200183e-27,0.5924259949317392,-1.9013678115625643,0.0,14.271633138653279,0.0
0.1,4.5,1.0,5.0,3.0,8.0,1.8298718460610277e-20,-1.2453586257055158e-25,1.0,-1.4499999505000005,0.0,18.1199998688,0.0
0.1,4.5,1.0,5.0,3.0,8.0,0.4420518510306556,1.112006287257867e-24,0.9267213103751392,0.7011038012142403,0.0,17.26945852345735,0.0
0.1,4.5,1.0,5.0,3.0,8.0,0.8351799443482081,2.5798006048428686e-30,0.7384279227094466,-1.3709806935648507,0.0,15.330209954798251,0.0
0.1,4.5,1.0,5.0,3.0,10.0,1.8330820378909116e-20,-1.2461018805896537e-25,1.0,-1.4499999505000005,0.0,18.1199998688,0.0
0.1,4.5,1.0,5.0,3.0,10.0,0.46171940409990037,5.502714922979659e-24,0.9360445575632899,0.6063083505071748,0.0,17.34314017950872,0.0
0.1,4.5,1.0,5.0,3.0,10.0,0.7837304155847967,8.054911408089605e-26,0.8157299907061846,-1.0473764720250232,0.0,15.992544267896148,0.0
0.1,4.5,1.0,5.0,3.0,12.0,1.835224558865943e-20,-1.2465975687350203e-25,1.0,-1.4499999505000005,0.0,18.1199998688,0.0
0.1,4.5,1.0,5.0,3.0,12.0,0.47900384983634275,-2.5157492919782723e-23,0.9426388279604906,0.5223503222540858,0.0,17.393050599456686,0.0
0.1,4.5,1.0,5.0,3.0,12.0,0.7435520409840978,-2.9510721025204233e-31,0.8617825905870956,-0.8187907665575073,0.0,16.424222504132832,0.0
0.1,4.5,1.0,5.0,3.0,14.0,1.8367561051766143e-20,-1.2469541585160835e-25,1.0,-1.4499999505000005,0.0,18.1199998688,0.0
0.1,4.5,1.0,5.0,3.0,14.0,0.4951211348426959,5.320058257443037e-30,0.9474689418211603,0.4436313529473167,0.0,17.427079593134284,0.0
0.1,4.5,1.0,5.0,3.0,14.0,0.71047180816543,1.1778364320979393e-28,0.8918349592433167,-0.6402348553106453,0.0,16.723317900696227,0.0
0.1,4.5,1.0,5.0,5.0,6.0,1.8465866701586026e-20,-1.248530863435515e-25,1.0,-1.4499999505000003,0.0,18.1199998688,0.0
0.1,4.5,1.0,5.0,5.0,6.0,0.3772166089135645,8.025972328785422e-22,0.8814230249664591,1.0046568023727387,0.0,16.899236259675334,0.0
0.1,4.5,1.0,5.0,5.0,6.0,0.9919205295561327,7.34614285539201e-21,0.1800780525375677,-3.3545507380292614,0.0,12.554049704481974,0.0
0.1,4.5,1.0,5.0,5.0,8.0,1.8464314930143922e-20,-1.2486614260783048e-25,1.0,-1.4499999505000005,0.0,18.1199998688,0.0
0.1,4.5,1.0,5.0,5.0,8.0,0.4000000000000001,9.142830246688904e-24,0.8999999999999999,0.9000000081484918,0.0,17.0515998688,0.0
0.1,4.5,1.0,5.0,5.0,8.0,0.9504707495023331,1.5789983168091635e-26,0.4353783464627957,-2.4424255205953567,0.0,13.39925935385534,0.0
0.1,4.5,1.0,5.0,5.0,10.0,1.8463382837341862e-20,-1.24873951098197e-25,1.0,-1.4499999505000005,0.0,18.1199998688,0.0
0.1,4.5,1.0,5.0,5.0,10.0,0.4180338926393314,-2.9488368575907184e-24,0.912623832302404,0.8154630600311875,0.0,17.15509443703919,0.0
0.1,4.5,1.0,5.0,5.0,10.0,0.9028554757747895,-7.416925056720866e-24,0.5924259949317392,-1.9013678165744192,0.0,14.271633138653279,0.0
0.1,4.5,1.0,5.0,5.0,12.0,1.8462761846037272e-20,-1.248789523530766e-25,1.0,-1.4499999505000005,0.0,18.1199998688,0.0
0.1,4.5,1.0,5.0,5.0,12.0,0.43312368417197644,1.9689745556814883e-26,0.9218349475872059,0.743818198884244,0.0,17.23007708868041,0.0
0.1,4.5,1.0,5.0,5.0,12.0,0.8600926397809828,5.420296189101497e-28,0.6917669379144085,-1.5474738781254453,0.0,14.965285432493374,0.0
0.1,4.5,1.0,5.0,5.0,14.0,1.8462317458601255e-20,-1.248827579906467e-25,1.0,-1.4499999505000005,0.0,18.1199998688,0.0
0.1,4.5,1.0,5.0,5.0,14.0,0.4462528204524972,1.4048722295239452e-24,0.9288780072279255,0.68093185102152,0.0,17.28670686133487,0.0
0.1,4.5,1.0,5.0,5.0,14.0,0.823738595644512,1.7572720991485657e-25,0.7576624021591454,-1.2949611294076164,0.0,15.48813794430158,0.0
0.1,4.5,1.0,5.0,7.0,6.0,1.868841907993792e-20,-1.2528203254225333e-25,1.0,-1.4499999505,0.0,18.1199998688,0.0
0.1,4.5,1.0,5.0,7.0,6.0,0.3510454392308671,2.3368926023832217e-19,0.8562282828610756,1.1209844854005178,0.0,16.694441884356582,0.0
0.1,4.5,1.0,5.0,7.0,8.0,1.8631033222993663e-20,-1.251891010298328e-25,1.0,-1.4499999505000003,0.0,18.1199998688,0.0
0.1,4.5,1.0,5.0,7.0,8.0,0.37339253679210116,2.4473461689218178e-21,0.8780057617844644,1.0219417657127277,0.0,16.871298187399876,0.0
0.1,4.5,1.0,5.0,7.0,8.0,0.9956360975685545,-2.5470002819198967e-28,0.13262016606615235,-3.5330943616541766,0.0,12.474384894338728,0.0
0.1,4.5,1.0,5.0,7.0,10.0,1.8596664333023385e-20,-1.2513246636351617e-25,1.0,-1.4499999505000005,0.0,18.1199998688,0.0
0.1,4.5,1.0,5.0,7.0,10.0,0.3909724644273349,8.456350396804934e-25,0.8929983724417314,0.9417876023995618,0.0,16.99411432844202,0.0
0.1,4.5,1.0,5.0,7.0,10.0,0.9703210550403415,9.54342938203706e-26,0.34093393510177905,-2.771825473558654,0.0,13.004452626427513,0.0
0.1,4.5,1.0,5.0,7.0,12.0,1.857377822860725e-20,-1.2509501395944564e-25,1.0,-1.4499999505000005,0.0,18.1199998688,0.0
0.1,4.5,1.0,5.0,7.0,12.0,0.405535267050918,3.453012308132794e-24,0.904065669187132,0.874193647464025,0.0,17.084973988725558,0.0
0.1,4.5,1.0,5.0,7.0,12.0,0.9367061956264106,8.666124165461789e-24,0.488172543460473,-2.260630441734551,0.0,13.66227234201891,0.0
0.1,4.5,1.0,5.0,7.0,14.0,1.8557442623199678e-20,-1.2506806018468795e-25,1.0,-1.4499999505000005,0.0,18.1199998688,0.0
0.1,4.5,1.0,5.0,7.0,14.0,0.4180338926393316,-2.674801468866525e-24,0.9126238323024038,0.81546305539008,0.0,17.15509443703919,0.0
0.1,4.5,1.0,5.0,7.0,14.0,0.9028554757747895,2.1967984869861983e-29,0.5924259949317392,-1.9013678065507094,0.0,14.271633138653279,0.0
0.1,4.5,1.0,7.0,0.5,6.0,1.7761169202259975e-20,-8.420731323967063e-26,1.0,-1.4499999505000005,0.0,20.1199998688,0.0
0.1,4.5,1.0,7.0,0.5,8.0,1.793436519172306e-20,-8.483507395690354e-26,1.0,-1.4499999505000005,0.0,20.1199998688,0.0
0.1,4.5,1.0,7.0,0.5,10.0,1.803889448707948e-20,-8.520898170002665e-26,1.0,-1.4499999505000005,0.0,20.1199998688,0.0
0.1,4.5,1.0,7.0,0.5,12.0,1.8108836889176742e-20,-8.545730340333616e-26,1.0,-1.4499999505000005,0.0,20.1199998688,0.0
0.1,4.5,1.0,7.0,0.5,14.0,1.815891968643063e-20,-8.563420237984407e-26,1.0,-1.4499999505000005,0.0,20.1199998688,0.0
0.1,4.5,1.0,7.0,1.0,6.0,1.7815015610716462e-20,-8.438960790151072e-26,1.0,-1.4499999505000007,0.0,20.1199998688,0.0
0.1,4.5,1.0,7.0,1.0,6.0,0.5282984731937148,-4.579902453171822e-25,0.9534834538701983,0.2805949540067742,0.0,19.27738128161338,0.0
0.1,4.5,1.0,7.0,1.0,6.0,0.6541284856366818,-6.032514079922748e-29,0.9286859873797769,-0.34810739250087397,0.0,18.84056929485507,0.0
0.1,4.5,1.0,7.0,1.0,8.0,1.797503507346391e-20,-8.497047145422583e-26,1.0,-1.4499999505000005,0.0,20.1199998688,0.0
0.1,4.5,1.0,7.0,1.0,10.0,1.807156701055917e-20,-8.531699863651558e-26,1.0,-1.4499999505000005,0.0,20.1199998688,0.0
0.1,4.5,1.0,7.0,1.0,12.0,1.8136139604920157e-20,-8.554697162005892e-26,1.0,-1.4499999505000005,0.0,20.1199998688,0.0
0.1,4.5,1.0,7.0,1.0,14.0,1.818236922685971e-20,-8.571080971005597e-26,1.0,-1.4499999505000005,0.0,20.1199998688,0.0
0.1,4.5,1.0,7.0,3.0,6.0,1.803162565764151e-20,-8.511380994589481e-26,1.0,-1.4499999505000005,0.0,20.1199998688,0.0
0.1,4.5,1.0,7.0,3.0,6.0,0.4180338926393316,-5.873902476486346e-24,0.9126238323024038,0.8154630461078628,0.0,18.820858955611836,0.0
0.1,4.5,1.0,7.0,3.0,6.0,0.9028554757747895,-5.81502489619209e-23,0.5924259949317392,-1.9013678115625643,0.0,14.973570257595002,0.0
0.1,4.5,1.0,7.0,3.0,8.0,1.8138404658081874e-20,-8.551009237273984e-26,1.0,-1.4499999505000005,0.0,20.1199998688,0.0
0.1,4.5,1.0,7.0,3.0,8.0,0.44205185103065553,8.675922803980765e-25,0.9267213103751392,0.7011038110297632,0.0,18.987083297664178,0.0
0.1,4.5,1.0,7.0,3.0,8.0,0.8351799443482084,-1.411435606371242e-20,0.7384279227094463,-1.3709806842924916,0.0,16.42076154887222,0.0
0.1,4.5,1.0,7.0,3.0,10.0,1.820270139093975e-20,-8.574677529620943e-26,1.0,-1.4499999505000005,0.0,20.1199998688,0.0
0.1,4.5,1.0,7.0,3.0,10.0,0.46171940409990053,-3.668843764332744e-24,0.9360445575632899,0.6063083351288296,0.0,19.095499006996437,0.0
0.1,4.5,1.0,7.0,3.0,10.0,0.7837304155847965,8.320350283706765e-25,0.8157299907061847,-1.0473764981284894,0.0,17.32337510337117,0.0
0.1,4.5,1.0,7.0,3.0,12.0,1.824566268010744e-20,-8.590378172750775e-26,1.0,-1.4499999505000005,0.0,20.1199998688,0.0
0.1,4.5,1.0,7.0,3.0,12.0,0.47900384983634287,-2.429330731548232e-22,0.9426388279604906,0.522350338208119,0.0,19.17018651941414,0.0
0.1,4.5,1.0,7.0,3.0,12.0,0.7435520409840978,7.910499954367063e-30,0.8617825905870956,-0.8187907665575073,0.0,17.90956097101084,0.0
0.1,4.5,1.0,7.0,3.0,14.0,1.827639619610387e-20,-8.601607268772926e-26,1.0,-1.4499999505000005,0.0,20.1199998688,0.0
0.1,4.5,1.0,7.0,3.0,14.0,0.4951211348426958,1.3388980337786804e-29,0.9474689418211603,0.44363133645646974,0.0,19.222474384565704,0.0
0.1,4.5,1.0,7.0,3.0,14.0,0.71047180816543,4.640839277205662e-26,0.8918349592433167,-0.6402348553106453,0.0,18.314057089753284,0.0
0.1,4.5,1.0,7.0,5.0,6.0,1.8250205408205358e-20,-8.583012800345856e-26,1.0,-1.4499999505000005,0.0,20.1199998688,0.0
0.1,4.5,1.0,7.0,5.0,6.0,0.3772166089135644,1.3029681204762766e-21,0.8814230249664592,1.0046568023727382,0.0,18.453049357557383,0.0
0.1,4.5,1.0,7.0,5.0,6.0,0.9919205295561326,-1.260214072168137e-23,0.18007805253756792,-3.3545507373409778,0.0,12.618905914493421,0.0
0.1,4.5,1.0,7.0,5.0,8.0,1.8302884353009215e-20,-8.604498937028626e-26,1.0,-1.4499999505000003,0.0,20.1199998688,0.0
0.1,4.5,1.0,7.0,5.0,8.0,0.4,1.3582747877766963e-23,0.9,0.9000000037075992,0.0,18.6715998688,0.0
0.1,4.5,1.0,7.0,5.0,8.0,0.950470749502333,1.157623449460499e-26,0.43537834646279583,-2.4424255232334424,0.0,13.778367962992698,0.0
0.1,4.5,1.0,7.0,5.0,10.0,1.833454743745281e-20,-8.617340421600218e-26,1.0,-1.4499999505000005,0.0,20.1199998688,0.0
0.1,4.5,1.0,7.0,5.0,10.0,0.4180338926393315,-4.491387551092496e-24,0.912623832302404,0.8154630507489709,0.0,18.820858955611836,0.0
0.1,4.5,1.0,7.0,5.0,10.0,0.9028554757747895,-4.3990306090621595e-21,0.5924259949317392,-1.9013678165744192,0.0,14.973570257595002,0.0
0.1,4.5,1.0,7.0,5.0,12.0,1.8355680326906084e-20,-8.625903876504942e-26,1.0,-1.4499999505000005,0.0,20.1199998688,0.0
0.1,4.5,1.0,7.0,5.0,12.0,0.4331236841719766,-2.14110722535558e-25,0.9218349475872057,0.7438182133101613,0.0,18.929636429866623,0.0
0.1,4.5,1.0,7.0,5.0,12.0,0.8600926397809829,1.2370394981253973e-26,0.6917669379144085,-1.547473868576499,0.0,15.922368425276327,0.0
0.1,4.5,1.0,7.0,5.0,14.0,1.8370785763685393e-20,-8.632006917387111e-26,1.0,-1.4499999505000005,0.0,20.1199998688,0.0
0.1,4.5,1.0,7.0,5.0,14.0,0.4462528204524972,9.148979762571748e-25,0.9288780072279255,0.68093185102152,0.0,19.012335565958313,0.0
0.1,4.5,1.0,7.0,5.0,14.0,0.8237385956445121,2.6702630041673687e-24,0.7576624021591454,-1.294961120262281,0.0,16.636242575592714,0.0
0.1,4.5,1.0,7.0,7.0,6.0,1.8470765262750184e-20,-8.653840954055036e-26,1.0,-1.4499999505000003,0.0,20.1199998688,0.0
0.1,4.5,1.0,7.0,7.0,6.0,0.35104543923086706,4.429318049334019e-19,0.8562282828610756,1.1209844737083554,0.0,18.160695629099035,0.0
0.1,4.5,1.0,7.0,7.0,8.0,1.846847961085251e-20,-8.657520250620794e-26,1.0,-1.4499999505000005,0.0,20.1199998688,0.0
0.1,4.5,1.0,7.0,7.0,8.0,0.37339253679210105,4.097770561592262e-21,0.8780057617844645,1.0219417574217469,0.0,18.413086422853315,0.0
0.1,4.5,1.0,7.0,7.0,8.0,0.9956360975685546,1.0193494956475818e-23,0.13262016606615212,-3.533094361654178,0.0,12.509561111233554,0.0
0.1,4.5,1.0,7.0,7.0,10.0,1.8467108280298422e-20,-8.659730139676181e-26,1.0,-1.4499999505000005,0.0,20.1199998688,0.0
0.1,4.5,1.0,7.0,7.0,10.0,0.39097246442733485,1.4096162910965246e-24,0.8929983724417314,0.9417876241028933,0.0,18.589006514809185,0.0
0.1,4.5,1.0,7.0,7.0,10.0,0.9703210550403419,-8.973954995762933e-20,0.3409339351017784,-2.7718254735586565,0.0,13.236924522635478,0.0
0.1,4.5,1.0,7.0,7.0,12.0,1.846619385798064e-20,-8.661185680490951e-26,1.0,-1.4499999505000005,0.0,20.1199998688,0.0
0.1,4.5,1.0,7.0,7.0,12.0,0.405535267050918,4.647355410031232e-24,0.904065669187132,0.874193647464025,0.0,18.719643457131113,0.0
0.1,4.5,1.0,7.0,7.0,12.0,0.9367061956264106,-6.125905140266481e-21,0.488172543460473,-2.260630441734551,0.0,14.138897206396244,0.0
0.1,4.5,1.0,7.0,7.0,14.0,1.8465540453959175e-20,-8.662236621943005e-26,1.0,-1.4499999505000005,0.0,20.1199998688,0.0
0.1,4.5,1.0,7.0,7.0,14.0,0.4180338926393316,-3.9642238556075685e-24,0.9126238323024038,0.81546305539008,0.0,18.820858955611843,0.0
0.1,4.5,1.0,7.0,7.0,14.0,0.9028554757747895,2.412857949253551e-27,0.5924259949317392,-1.9013678065507094,0.0,14.973570257594998,0.0
0.1,4.5,1.0,9.0,0.5,6.0,1.7551722971609196e-20,-5.578919231550655e-26,1.0,-1.4499999505000005,0.0,22.1199998688,0.0
0.1,4.5,1.0,9.0,0.5,8.0,1.7776339868369815e-20,-5.664569188037444e-26,1.0,-1.4499999505000005,0.0,22.1199998688,0.0
0.1,4.5,1.0,9.0,0.5,10.0,1.7912151171554623e-20,-5.715815410518468e-26,1.0,-1.4499999505000005,0.0,22.1199998688,0.0
0.1,4.5,1.0,9.0,0.5,12.0,1.800312649865125e-20,-5.74993426096686e-26,1.0,-1.4499999505000005,0.0,22.1199998688,0.0
0.1,4.5,1.0,9.0,0.5,14.0,1.80683232145169e-20,-5.774246892436013e-26,1.0,-1.4499999505000005,0.0,22.1199998688,0.0
0.1,4.5,1.0,9.0,1.0,6.0,1.7605082482493206e-20,-5.597748971579731e-26,1.0,-1.4499999505000005,0.0,22.1199998688,0.0
0.1,4.5,1.0,9.0,1.0,6.0,0.5282984731937149,-8.110868886622908e-25,0.9534834538701983,0.2805949540067742,0.0,21.09564267522187,0.0
0.1,4.5,1.0,9.0,1.0,6.0,0.6541284856366816,2.87120034705472e-32,0.9286859873797769,-0.3481074215500142,0.0,20.56548462116617,0.0
0.1,4.5,1.0,9.0,1.0,8.0,1.7816733181788182e-20,-5.678638645541577e-26,1.0,-1.4499999505000005,0.0,22.1199998688,0.0
0.1,4.5,1.0,9.0,1.0,10.0,1.794464587947539e-20,-5.727039422085566e-26,1.0,-1.4499999505000005,0.0,22.1199998688,0.0
0.1,4.5,1.0,9.0,1.0,12.0,1.8030307439514448e-20,-5.759260692278351e-26,1.0,-1.4499999505000005,0.0,22.1199998688,0.0
0.1,4.5,1.0,9.0,1.0,14.0,1.809168137329872e-20,-5.78223811503566e-26,1.0,-1.4499999505000005,0.0,22.1199998688,0.0
0.1,4.5,1.0,9.0,3.0,6.0,1.781973847677981e-20,-5.672861009782811e-26,1.0,-1.4499999505000005,0.0,22.1199998688,0.0
0.1,4.5,1.0,9.0,3.0,6.0,0.41803389263933155,-8.361931906229967e-24,0.912623832302404,0.8154630275434281,0.0,20.486623474184494,0.0
0.1,4.5,1.0,9.0,3.0,6.0,0.9028554757747895,-7.11456147567496e-26,0.5924259949317392,-1.9013678115625643,0.0,15.675507376536725,0.0
0.1,4.5,1.0,9.0,3.0,8.0,1.797899709896139e-20,-5.734792445669691e-26,1.0,-1.4499999505000005,0.0,22.1199998688,0.0
0.1,4.5,1.0,9.0,3.0,8.0,0.44205185103065553,5.585427334018728e-25,0.9267213103751392,0.7011038110297632,0.0,20.70470807187101,0.0
0.1,4.5,1.0,9.0,3.0,8.0,0.8351799443482084,-1.6125780776122082e-21,0.7384279227094463,-1.3709806842924916,0.0,17.5113131429462,0.0
0.1,4.5,1.0,9.0,3.0,10.0,1.807506909859447e-20,-5.77188308305947e-26,1.0,-1.4499999505000005,0.0,22.1199998688,0.0
0.1,4.5,1.0,9.0,3.0,10.0,0.4617194040999005,-1.5205927009011442e-23,0.9360445575632899,0.6063083453810599,0.0,20.847857834484145,0.0
0.1,4.5,1.0,9.0,3.0,10.0,0.7837304155847968,4.402058207136056e-27,0.8157299907061845,-1.0473764807261792,0.0,18.654205938846196,0.0
0.1,4.5,1.0,9.0,3.0,12.0,1.8139333519709667e-20,-5.79657365902091e-26,1.0,-1.4499999505000005,0.0,22.1199998688,0.0
0.1,4.5,1.0,9.0,3.0,12.0,0.47900384983634264,-4.895713186963864e-22,0.9426388279604906,0.5223503382081187,0.0,20.947322439371597,0.0
0.1,4.5,1.0,9.0,3.0,12.0,0.7435520409840977,2.1123711796199164e-25,0.8617825905870957,-0.818790758302421,0.0,19.394899437888856,0.0
0.1,4.5,1.0,9.0,3.0,14.0,1.81853437247216e-20,-5.81419499356568e-26,1.0,-1.4499999505000005,0.0,22.1199998688,0.0
0.1,4.5,1.0,9.0,3.0,14.0,0.4951211348426959,1.661386501791178e-29,0.9474689418211603,0.4436313529473167,0.0,21.017869175997124,0.0
0.1,4.5,1.0,9.0,3.0,14.0,0.7104718081654302,-6.209158526544826e-31,0.8918349592433166,-0.6402348395350024,0.0,19.90479627881034,0.0
0.1,4.5,1.0,9.0,5.0,6.0,1.8036353269492062e-20,-5.747654576210287e-26,1.0,-1.4499999505000003,0.0,22.1199998688,0.0
0.1,4.5,1.0,9.0,5.0,6.0,0.3772166089135644,1.7264555892656636e-21,0.8814230249664592,1.0046568023727382,0.0,20.006862455439425,0.0
0.1,4.5,1.0,9.0,5.0,6.0,0.9919205295561326,1.1488208972865278e-24,0.18007805253756792,-3.3545507373409778,0.0,12.683762124504865,0.0
0.1,4.5,1.0,9.0,5.0,8.0,1.8142365168966416e-20,-5.790768906168526e-26,1.0,-1.4499999505000003,0.0,22.1199998688,0.0
0.1,4.5,1.0,9.0,5.0,8.0,0.4,1.8330493825204234e-23,0.9,0.9000000037075992,0.0,20.291599868800002,0.0
0.1,4.5,1.0,9.0,5.0,8.0,0.950470749502333,-1.181168670069187e-27,0.43537834646279583,-2.4424255232334424,0.0,14.157476572130056,0.0
0.1,4.5,1.0,9.0,5.0,10.0,1.8206201358516936e-20,-5.816578678539249e-26,1.0,-1.4499999505000005,0.0,22.1199998688,0.0
0.1,4.5,1.0,9.0,5.0,10.0,0.41803389263933155,-6.0796886765268255e-24,0.912623832302404,0.8154630275434281,0.0,20.486623474184494,0.0
0.1,4.5,1.0,9.0,5.0,10.0,0.9028554757747895,-9.22146843767154e-23,0.5924259949317392,-1.9013678165744192,0.0,15.675507376536725,0.0
0.1,4.5,1.0,9.0,5.0,12.0,1.8248853262748485e-20,-5.833777387017022e-26,1.0,-1.4499999505000005,0.0,22.1199998688,0.0
0.1,4.5,1.0,9.0,5.0,12.0,0.4331236841719765,-3.6487649370159605e-25,0.9218349475872059,0.7438182277360778,0.0,20.62919577105284,0.0
0.1,4.5,1.0,9.0,5.0,12.0,0.8600926397809833,-2.9712844186890816e-20,0.6917669379144082,-1.5474738685765004,0.0,16.879451418059286,0.0
0.1,4.5,1.0,9.0,5.0,14.0,1.8279368270585058e-20,-5.846058811160786e-26,1.0,-1.4499999505000005,0.0,22.1199998688,0.0
0.1,4.5,1.0,9.0,5.0,14.0,0.4462528204524973,3.1061433888337108e-25,0.9288780072279255,0.6809318609303233,0.0,20.73796427058176,0.0
0.1,4.5,1.0,9.0,5.0,14.0,0.823738595644512,3.9264692712991287e-28,0.7576624021591454,-1.2949611294076164,0.0,17.784347206883847,0.0
0.1,4.5,1.0,9.0,7.0,6.0,1.82549357463592e-20,-5.822125202704688e-26,1.0,-1.4499999505,0.0,22.1199998688,0.0
0.1,4.5,1.0,9.0,7.0,6.0,0.3510454392308671,6.862994111495441e-19,0.8562282828610756,1.1209844854005178,0.0,19.626949373841487,0.0
0.1,4.5,1.0,9.0,7.0,8.0,1.8306846378506695e-20,-5.846524732132932e-26,1.0,-1.4499999505000005,0.0,22.1199998688,0.0
0.1,4.5,1.0,9.0,7.0,8.0,0.3733925367921011,5.6646785405277715e-21,0.8780057617844645,1.021941778149197,0.0,19.954874658306757,0.0
0.1,4.5,1.0,9.0,7.0,8.0,0.9956360975685546,1.00837408965046e-22,0.13262016606615212,-3.533094361654178,0.0,12.544737328128381,0.0
0.1,4.5,1.0,9.0,7.0,10.0,1.8338046193339646e-20,-5.861152093023356e-26,1.0,-1.4499999505000005,0.0,22.1199998688,0.0
0.1,4.5,1.0,9.0,7.0,10.0,0.3909724644273349,1.0262111803645172e-24,0.8929983724417314,0.9417876023995618,0.0,20.183898701176346,0.0
0.1,4.5,1.0,9.0,7.0,10.0,0.9703210550403415,1.804713898165718e-24,0.34093393510177905,-2.771825473558654,0.0,13.46939641884345,0.0
0.1,4.5,1.0,9.0,7.0,12.0,1.8358871010521327e-20,-5.870900842253053e-26,1.0,-1.4499999505000005,0.0,22.1199998688,0.0
0.1,4.5,1.0,9.0,7.0,12.0,0.405535267050918,5.712747068234877e-24,0.904065669187132,0.874193647464025,0.0,20.354312925536668,0.0
0.1,4.5,1.0,9.0,7.0,12.0,0.9367061956264104,-5.322823772406352e-24,0.48817254346047323,-2.2606304443344327,0.0,14.615522070773581,0.0
0.1,4.5,1.0,9.0,7.0,14.0,1.8373755717708467e-20,-5.87786592937833e-26,1.0,-1.4499999505000005,0.0,22.1199998688,0.0
0.1,4.5,1.0,9.0,7.0,14.0,0.4180338926393314,-5.2336832789772825e-24,0.912623832302404,0.815463055390079,0.0,20.486623474184498,0.0
0.1,4.5,1.0,9.0,7.0,14.0,0.9028554757747898,-2.331802032727168e-20,0.592425994931739,-1.9013678215862744,0.0,15.675507376536721,0.0
0.1,4.5,3.0,3.0,0.5,6.0,9.482255893568678e-24,-1.63676237926006e-25,1.0,-3.4499999505000005,0.0,16.1199998688,0.0
0.1,4.5,3.0,3.0,0.5,8.0,9.617761883917338e-24,-1.6359909287615363e-25,1.0,-3.4499999505000005,0.0,16.1199998688,0.0
0.1,4.5,3.0,3.0,0.5,10.0,9.699684595886474e-24,-1.6355204163724027e-25,1.0,-3.4499999505000005,0.0,16.1199998688,0.0
0.1,4.5,3.0,3.0,0.5,12.0,9.754559831213524e-24,-1.6352035777853917e-25,1.0,-3.4499999505000005,0.0,16.1199998688,0.0
0.1,4.5,3.0,3.0,0.5,12.0,4.572230102941207e-27,2.496834734271887,2.5585459225666414,-83.80182897867144,0.0,15.092865427213175,0.0
0.1,4.5,3.0,3.0,0.5,12.0,2.041042223728032e-23,1.638767762349124,1.6713899447286886,-36.2770539330293,0.0,-8.034779931849176,0.0
0.1,4.5,3.0,3.0,0.5,14.0,9.793881490502784e-24,-1.63497576338413e-25,1.0,-3.4499999505000005,0.0,16.1199998688,0.0
0.1,4.5,3.0,3.0,0.5,14.0,2.6145369705211245e-21,3.0514270233644116,2.9952586169111273,-122.52525679958909,0.0,31.681065585205783,0.0
0.1,4.5,3.0,3.0,0.5,14.0,1.5428015019658314e-24,1.5040921799693376,1.484777132681053,-30.184326733032734,0.0,-11.096257563451847,0.0
0.1,4.5,3.0,3.0,1.0,6.0,9.590737382849116e-24,-1.6361481462747565e-25,1.0,-3.4499999505000005,0.0,16.1199998688,0.0
0.1,4.5,3.0,3.0,1.0,8.0,9.699821561861143e-24,-1.6355214948931716e-25,1.0,-3.4499999505000005,0.0,16.1199998688,0.0
0.1,4.5,3.0,3.0,1.0,10.0,9.765668767696073e-24,-1.6351408695064025e-25,1.0,-3.4499999505000005,0.0,16.1199998688,0.0
0.1,4.5,3.0,3.0,1.0,12.0,9.809732960139908e-24,-1.634884890305634e-25,1.0,-3.4499999505000005,0.0,16.1199998688,0.0
0.1,4.5,3.0,3.0,1.0,12.0,4.564193582469268e-27,2.4968347342718875,2.5585459225666414,-83.80182897867148,0.0,15.092863653105397,0.0
0.1,4.5,3.0,3.0,1.0,12.0,1.8815700474330785e-23,1.638767762349124,1.6713899447286886,-36.2770539330293,0.0,-8.034779931849176,0.0
0.1,4.5,3.0,3.0,1.0,14.0,9.841290749007596e-24,-1.6347012028112582e-25,1.0,-3.4499999505000005,0.0,16.1199998688,0.0
0.1,4.5,3.0,3.0,1.0,14.0,2.506898477725528e-21,3.0514270233644125,2.995258616911128,-122.52525679958917,0.0,31.681062332951843,0.0
0.1,4.5,3.0,3.0,1.0,14.0,1.635458934525602e-24,1.5040921799693376,1.484777132681053,-30.184326733032734,0.0,-11.096257563451847,0.0
0.1,4.5,3.0,3.0,3.0,6.0,1.0032987991888441e-23,-1.6335889705646548e-25,1.0,-3.4499999505000005,0.0,16.1199998688,0.0
0.1,4.5,3.0,3.0,3.0,8.0,1.0032754094630043e-23,-1.6335866594487215e-25,1.0,-3.4499999505000005,0.0,16.1199998688,0.0
0.1,4.5,3.0,3.0,3.0,10.0,1.0032616931440147e-23,-1.6335856117428318e-25,1.0,-3.4499999505000005,0.0,16.1199998688,0.0
0.1,4.5,3.0,3.0,3.0,12.0,1.0032525029144689e-23,-1.6335849646303705e-25,1.0,-3.4499999505000005,0.0,16.1199998688,0.0
0.1,4.5,3.0,3.0,3.0,12.0,4.534589728108103e-27,2.4968347342718866,2.5585459225666405,-83.80182897867142,0.0,15.092864540159281,0.0
0.1,4.5,3.0,3.0,3.0,12.0,1.262181392658145e-23,1.638767762349124,1.6713899447286886,-36.2770539330293,0.0,-8.034779931849176,0.0
0.1,4.5,3.0,3.0,3.0,14.0,1.0032458469005811e-23,-1.6335843175179091e-25,1.0,-3.4499999505000005,0.0,16.1199998688,0.0
0.1,4.5,3.0,3.0,3.0,14.0,2.089534159904241e-21,3.051427023364411,2.995258616911127,-122.52525679958909,0.0,31.68106341703647,0.0
0.1,4.5,3.0,3.0,3.0,14.0,2.0114328029671046e-24,1.5040921799693376,1.484777132681053,-30.184326733032734,0.0,-11.096257563451847,0.0
0.1,4.5,3.0,3.0,5.0,6.0,1.0488736602661776e-23,-1.6308671231077303e-25,1.0,-3.449999950499999,0.0,16.1199998688,0.0
0.1,4.5,3.0,3.0,5.0,6.0,0.9552709860879072,-8.034151038674941e-35,0.2395477859488646,-1.298316915387373,0.0,12.6168677279816,0.0
0.1,4.5,3.0,3.0,5.0,6.0,0.8172598121589609,6.853895871054287e-27,0.44340533285825,0.9957781597806825,0.0,13.215568671999533,0.0
0.1,4.5,3.0,3.0,5.0,8.0,1.0373280892725892e-23,-1.6315607352216217e-25,1.0,-3.4499999504999996,0.0,16.1199998688,0.0
0.1,4.5,3.0,3.0,5.0,10.0,1.0304422210385281e-23,-1.631971898153589e-25,1.0,-3.4499999505000005,0.0,16.1199998688,0.0
0.1,4.5,3.0,3.0,5.0,12.0,1.0258687999405093e-23,-1.6322441476105276e-25,1.0,-3.4499999505000005,0.0,16.1199998688,0.0
0.1,4.5,3.0,3.0,5.0,12.0,4.502856565600423e-27,2.496834734271888,2.5585459225666423,-83.80182897867151,0.0,15.092863653105407,0.0
0.1,4.5,3.0,3.0,5.0,12.0,6.667885455564958e-24,1.6387677623491237,1.6713899447286886,-36.27705393302929,0.0,-8.034779931849172,0.0
0.1,4.5,3.0,3.0,5.0,14.0,1.0226103015031194e-23,-1.6324378499406143e-25,1.0,-3.4499999505000005,0.0,16.1199998688,0.0
0.1,4.5,3.0,3.0,5.0,14.0,1.739084229994519e-21,3.0514270233644116,2.9952586169111273,-122.5252567995891,0.0,31.681065585205783,0.0
0.1,4.5,3.0,3.0,5.0,14.0,2.3992786336017307e-24,1.5040921799693376,1.484777132681053,-30.184326733032734,0.0,-11.096257563451847,0.0
0.1,4.5,3.0,3.0,7.0,6.0,1.0958232988253237e-23,-1.6279812172344231e-25,1.0,-3.449999950499999,0.0,16.1199998688,0.0
0.1,4.5,3.0,3.0,7.0,6.0,0.6256747474121924,-1.8639406811108628e-20,0.543286295525804,2.551385568511442,0.0,13.715792887251963,0.0
0.1,4.5,3.0,3.0,7.0,8.0,1.0721505296927274e-23,-1.6294424279869495e-25,1.0,-3.449999950499999,0.0,16.1199998688,0.0
0.1,4.5,3.0,3.0,7.0,8.0,0.9812199321783407,5.010052347014803e-28,0.157556514108941,-2.2153049687380126,0.0,12.482005543289471,0.0
0.1,4.5,3.0,3.0,7.0,8.0,0.7706540273999338,-2.4681666428961247e-28,0.48033082379572933,1.4649262009996091,0.0,13.372661323503525,0.0
0.1,4.5,3.0,3.0,7.0,10.0,1.058114268441562e-23,-1.6302994514047623e-25,1.0,-3.4499999504999996,0.0,16.1199998688,0.0
0.1,4.5,3.0,3.0,7.0,12.0,1.0488257764092307e-23,-1.6308625008758638e-25,1.0,-3.4499999505000005,0.0,16.1199998688,0.0
0.1,4.5,3.0,3.0,7.0,12.0,4.474186402076297e-27,2.4968347342718875,2.5585459225666414,-83.80182897867148,0.0,15.092863653105397,0.0
0.1,4.5,3.0,3.0,7.0,12.0,9.664345796700062e-25,1.638767762349124,1.6713899447286886,-36.2770539330293,0.0,-8.034779931849176,0.0
0.1,4.5,3.0,3.0,7.0,14.0,1.0422248348733741e-23,-1.6312612762264288e-25,1.0,-3.4499999505000005,0.0,16.1199998688,0.0
0.1,4.5,3.0,3.0,7.0,14.0,1.437858412777021e-21,3.051427023364412,2.995258616911128,-122.52525679958914,0.0,31.681062332951832,0.0
0.1,4.5,3.0,3.0,7.0,14.0,2.79736151220341e-24,1.5040921799693374,1.484777132681053,-30.184326733032727,0.0,-11.096257563451841,0.0
0.1,4.5,3.0,5.0,0.5,6.0,9.058534148078797e-24,-1.2384900507816114e-25,1.0,-3.4499999504999996,0.0,18.1199998688,0.0
0.1,4.5,3.0,5.0,0.5,8.0,9.295933455857943e-24,-1.2412082312679218e-25,1.0,-3.4499999505000005,0.0,18.1199998688,0.0
0.1,4.5,3.0,5.0,0.5,10.0,9.440348939877782e-24,-1.242817908108001e-25,1.0,-3.4499999505000005,0.0,18.1199998688,0.0
0.1,4.5,3.0,5.0,0.5,12.0,9.537454266044029e-24,-1.2438819766985552e-25,1.0,-3.4499999505000005,0.0,18.1199998688,0.0
0.1,4.5,3.0,5.0,0.5,14.0,9.607224674375848e-24,-1.2446376807938537e-25,1.0,-3.4499999505000005,0.0,18.1199998688,0.0
0.1,4.5,3.0,5.0,1.0,6.0,9.163753697516147e-24,-1.2397000894545106e-25,1.0,-3.4499999505000005,0.0,18.1199998688,0.0
0.1,4.5,3.0,5.0,1.0,8.0,9.376144832700815e-24,-1.2421019243918757e-25,1.0,-3.4499999505000005,0.0,18.1199998688,0.0
0.1,4.5,3.0,5.0,1.0,10.0,9.5051441996956e-24,-1.2435258799555578e-25,1.0,-3.4499999505000005,0.0,18.1199998688,0.0
0.1,4.5,3.0,5.0,1.0,12.0,9.591802246463551e-24,-1.244468291403385e-25,1.0,-3.4499999505000005,0.0,18.1199998688,0.0
0.1,4.5,3.0,5.0,1.0,14.0,9.654021579602982e-24,-1.2451378679115704e-25,1.0,-3.4499999505000005,0.0,18.1199998688,0.0
0.1,4.5,3.0,5.0,3.0,6.0,9.592790491962567e-24,-1.2444518978876983e-25,1.0,-3.4499999505000005,0.0,18.1199998688,0.0
0.1,4.5,3.0,5.0,3.0,8.0,9.701615924597682e-24,-1.245626037226434e-25,1.0,-3.4499999505000005,0.0,18.1199998688,0.0
0.1,4.5,3.0,5.0,3.0,10.0,9.767304372175435e-24,-1.246325966390543e-25,1.0,-3.4499999505000005,0.0,18.1199998688,0.0
0.1,4.5,3.0,5.0,3.0,12.0,9.811262265612292e-24,-1.2467909012865577e-25,1.0,-3.4499999505000005,0.0,18.1199998688,0.0
0.1,4.5,3.0,5.0,3.0,14.0,9.842741957250363e-24,-1.2471221920518714e-25,1.0,-3.4499999505000005,0.0,18.1199998688,0.0
0.1,4.5,3.0,5.0,5.0,6.0,1.0035077289995919e-23,-1.249061372394276e-25,1.0,-3.449999950499999,0.0,18.1199998688,0.0
0.1,4.5,3.0,5.0,5.0,6.0,0.9552709860879071,-1.134369221781289e-33,0.23954778594886472,-1.2983169153873728,0.0,12.731634011487607,0.0
0.1,4.5,3.0,5.0,5.0,6.0,0.8172598121589609,-9.464766044572327e-27,0.44340533285825,0.9957781597806825,0.0,13.608785250413803,0.0
0.1,4.5,3.0,5.0,5.0,8.0,1.0034569756611022e-23,-1.2490695691521194e-25,1.0,-3.4499999504999996,0.0,18.1199998688,0.0
0.1,4.5,3.0,5.0,5.0,10.0,1.0034265749339673e-23,-1.2490743146435023e-25,1.0,-3.4499999505000005,0.0,18.1199998688,0.0
0.1,4.5,3.0,5.0,5.0,12.0,1.0034062814871804e-23,-1.2490777042802045e-25,1.0,-3.4499999505000005,0.0,18.1199998688,0.0
0.1,4.5,3.0,5.0,5.0,14.0,1.003391756585763e-23,-1.2490801386556542e-25,1.0,-3.4499999505000005,0.0,18.1199998688,0.0
0.1,4.5,3.0,5.0,7.0,6.0,1.0490858441281594e-23,-1.2535257396351239e-25,1.0,-3.449999950499999,0.0,18.1199998688,0.0
0.1,4.5,3.0,5.0,7.0,6.0,0.6256747474121924,-8.417850678790196e-20,0.543286295525804,2.551385568511442,0.0,14.306112885064266,0.0
0.1,4.5,3.0,5.0,7.0,8.0,1.0375119530280736e-23,-1.2524316881671955e-25,1.0,-3.4499999504999996,0.0,18.1199998688,0.0
0.1,4.5,3.0,5.0,7.0,8.0,0.9812199321783407,6.540722665765163e-28,0.157556514108941,-2.2153049687380126,0.0,12.531653653565794,0.0
0.1,4.5,3.0,5.0,7.0,8.0,0.7706540273999339,-2.1015759701611458e-22,0.4803308237957291,1.4649262181115668,0.0,13.834096724080092,0.0
0.1,4.5,3.0,5.0,7.0,10.0,1.0306086213857232e-23,-1.2517707090102818e-25,1.0,-3.4499999505000005,0.0,18.1199998688,0.0
0.1,4.5,3.0,5.0,7.0,12.0,1.0260238505514305e-23,-1.2513283306057758e-25,1.0,-3.4499999505000005,0.0,18.1199998688,0.0
0.1,4.5,3.0,5.0,7.0,14.0,1.0227572761505234e-23,-1.2510113379443692e-25,1.0,-3.4499999505000005,0.0,18.1199998688,0.0
0.1,4.5,3.0,7.0,0.5,6.0,8.647883334750363e-24,-8.422354805872983e-26,1.0,-3.4499999504999996,0.0,20.1199998688,0.0
0.1,4.5,3.0,7.0,0.5,8.0,8.981546254109884e-24,-8.484868642975047e-26,1.0,-3.4499999504999996,0.0,20.1199998688,0.0
0.1,4.5,3.0,7.0,0.5,10.0,9.18580285285514e-24,-8.52212013403378e-26,1.0,-3.4499999505000005,0.0,20.1199998688,0.0
0.1,4.5,3.0,7.0,0.5,12.0,9.323683807566581e-24,-8.54684707155257e-26,1.0,-3.4499999505000005,0.0,20.1199998688,0.0
0.1,4.5,3.0,7.0,0.5,14.0,9.423015299207361e-24,-8.564455001624927e-26,1.0,-3.4499999505000005,0.0,20.1199998688,0.0
0.1,4.5,3.0,7.0,1.0,6.0,8.749901883849552e-24,-8.441571580783684e-26,1.0,-3.4499999504999996,0.0,20.1199998688,0.0
0.1,4.5,3.0,7.0,1.0,8.0,9.059932305425688e-24,-8.499162586873497e-26,1.0,-3.4499999504999996,0.0,20.1199998688,0.0
0.1,4.5,3.0,7.0,1.0,10.0,9.249424386253601e-24,-8.533496987401264e-26,1.0,-3.4499999505000005,0.0,20.1199998688,0.0
0.1,4.5,3.0,7.0,1.0,12.0,9.377211274037061e-24,-8.556295375710943e-26,1.0,-3.4499999505000005,0.0,20.1199998688,0.0
0.1,4.5,3.0,7.0,1.0,14.0,9.469206457866899e-24,-8.57253327625806e-26,1.0,-3.4499999505000005,0.0,20.1199998688,0.0
0.1,4.5,3.0,7.0,3.0,6.0,9.16598045463636e-24,-8.517928694177211e-26,1.0,-3.4499999505000005,0.0,20.1199998688,0.0
0.1,4.5,3.0,7.0,3.0,8.0,9.378046480520464e-24,-8.556045621115754e-26,1.0,-3.4499999505000005,0.0,20.1199998688,0.0
0.1,4.5,3.0,7.0,3.0,10.0,9.506846068491001e-24,-8.578817046406211e-26,1.0,-3.4499999505000005,0.0,20.1199998688,0.0
0.1,4.5,3.0,7.0,3.0,12.0,9.593371586626875e-24,-8.593956396513051e-26,1.0,-3.4499999505000005,0.0,20.1199998688,0.0
0.1,4.5,3.0,7.0,3.0,14.0,9.655495664812001e-24,-8.604747613103046e-26,1.0,-3.4499999505000005,0.0,20.1199998688,0.0
0.1,4.5,3.0,7.0,5.0,6.0,9.595057086558493e-24,-8.593447488784546e-26,1.0,-3.449999950499999,0.0,20.1199998688,0.0
0.1,4.5,3.0,7.0,5.0,6.0,0.9552709860879071,-6.197192993223653e-33,0.23954778594886472,-1.2983169153873728,0.0,12.846400294993616,0.0
0.1,4.5,3.0,7.0,5.0,6.0,0.8172598121589609,-6.382530391251841e-27,0.44340533285825,0.9957781597806825,0.0,14.002001828828075,0.0
0.1,4.5,3.0,7.0,5.0,8.0,9.703537096724734e-24,-8.612448097318288e-26,1.0,-3.4499999504999996,0.0,20.1199998688,0.0
0.1,4.5,3.0,7.0,5.0,10.0,9.769020933505196e-24,-8.623823564016212e-26,1.0,-3.4499999505000005,0.0,20.1199998688,0.0
0.1,4.5,3.0,7.0,5.0,12.0,9.81284077628364e-24,-8.631397553152707e-26,1.0,-3.4499999505000005,0.0,20.1199998688,0.0
0.1,4.5,3.0,7.0,5.0,14.0,9.844222649169463e-24,-8.636800171832702e-26,1.0,-3.4499999505000005,0.0,20.1199998688,0.0
0.1,4.5,3.0,7.0,7.0,6.0,1.0037376227888959e-23,-8.668101463809653e-26,1.0,-3.449999950499999,0.0,20.1199998688,0.0
0.1,4.5,3.0,7.0,7.0,6.0,0.6256747474121924,-2.1351669031771784e-19,0.543286295525804,2.551385568511442,0.0,14.896432882876567,0.0
0.1,4.5,3.0,7.0,7.0,8.0,1.0036515679248976e-23,-8.668360462868574e-26,1.0,-3.4499999504999996,0.0,20.1199998688,0.0
0.1,4.5,3.0,7.0,7.0,8.0,0.9812199321783407,-2.709028467214641e-27,0.157556514108941,-2.2153049687380126,0.0,12.581301763842115,0.0
0.1,4.5,3.0,7.0,7.0,8.0,0.7706540273999339,-5.243432061487049e-23,0.4803308237957291,1.4649262181115668,0.0,14.295532124656658,0.0
0.1,4.5,3.0,7.0,7.0,10.0,1.0035999172571283e-23,-8.668516694305662e-26,1.0,-3.4499999505000005,0.0,20.1199998688,0.0
0.1,4.5,3.0,7.0,7.0,12.0,1.0035653355671956e-23,-8.66861822933233e-26,1.0,-3.4499999505000005,0.0,20.1199998688,0.0
0.1,4.5,3.0,7.0,7.0,14.0,1.0035408217145659e-23,-8.668694188009337e-26,1.0,-3.4499999505000005,0.0,20.1199998688,0.0
0.1,4.5,3.0,9.0,0.5,6.0,8.249999840742479e-24,-5.580691857471469e-26,1.0,-3.4499999505000005,0.0,22.1199998688,0.0
0.1,4.5,3.0,9.0,0.5,8.0,8.674453057506725e-24,-5.666048610383525e-26,1.0,-3.4499999504999996,0.0,22.1199998688,0.0
0.1,4.5,3.0,9.0,0.5,10.0,8.935963603031112e-24,-5.717121961392741e-26,1.0,-3.4499999504999996,0.0,22.1199998688,0.0
0.1,4.5,3.0,9.0,0.5,12.0,9.11319116475794e-24,-5.751105226373047e-26,1.0,-3.4499999505000005,0.0,22.1199998688,0.0
0.1,4.5,3.0,9.0,0.5,14.0,9.24121076650844e-24,-5.775346213248269e-26,1.0,-3.4499999505000005,0.0,22.1199998688,0.0
0.1,4.5,3.0,9.0,1.0,6.0,8.348879808122633e-24,-5.600706275527937e-26,1.0,-3.4499999505000005,0.0,22.1199998688,0.0
0.1,4.5,3.0,9.0,1.0,8.0,8.751042971148954e-24,-5.681008309745151e-26,1.0,-3.4499999504999996,0.0,22.1199998688,0.0
0.1,4.5,3.0,9.0,1.0,10.0,8.998420974948693e-24,-5.729060878155195e-26,1.0,-3.4499999504999996,0.0,22.1199998688,0.0
0.1,4.5,3.0,9.0,1.0,12.0,9.165906597534108e-24,-5.761039789323778e-26,1.0,-3.4499999505000005,0.0,22.1199998688,0.0
0.1,4.5,3.0,9.0,1.0,14.0,9.286805151893178e-24,-5.783851736180265e-26,1.0,-3.4499999505000005,0.0,22.1199998688,0.0
0.1,4.5,3.0,9.0,3.0,6.0,8.752244702130445e-24,-5.680586145901342e-26,1.0,-3.4499999504999996,0.0,22.1199998688,0.0
0.1,4.5,3.0,9.0,3.0,8.0,9.06190347161261e-24,-5.740735095106093e-26,1.0,-3.4499999504999996,0.0,22.1199998688,0.0
0.1,4.5,3.0,9.0,3.0,10.0,9.251164218980066e-24,-5.776749985066134e-26,1.0,-3.4499999505000005,0.0,22.1199998688,0.0
0.1,4.5,3.0,9.0,3.0,12.0,9.378795996988037e-24,-5.800723806939471e-26,1.0,-3.4499999505000005,0.0,22.1199998688,0.0
0.1,4.5,3.0,9.0,3.0,14.0,9.470681036113983e-24,-5.817832535970243e-26,1.0,-3.4499999505000005,0.0,22.1199998688,0.0
0.1,4.5,3.0,9.0,5.0,6.0,9.16836291317774e-24,-5.760172042328035e-26,1.0,-3.449999950499999,0.0,22.1199998688,0.0
0.1,4.5,3.0,9.0,5.0,6.0,0.9552709860879072,-2.1493324988242177e-32,0.2395477859488646,-1.298316915387373,0.0,12.961166578499618,0.0
0.1,4.5,3.0,9.0,5.0,6.0,0.8172598121589608,1.5852040944982867e-25,0.44340533285825,0.9957781325604624,0.0,14.395218407242345,0.0
0.1,4.5,3.0,9.0,5.0,8.0,9.380037368230015e-24,-5.800284078614568e-26,1.0,-3.4499999504999996,0.0,22.1199998688,0.0
0.1,4.5,3.0,9.0,5.0,10.0,9.508602565904088e-24,-5.824316756907006e-26,1.0,-3.4499999505000005,0.0,22.1199998688,0.0
0.1,4.5,3.0,9.0,5.0,12.0,9.594965578693488e-24,-5.840323854009588e-26,1.0,-3.4499999505000005,0.0,22.1199998688,0.0
0.1,4.5,3.0,9.0,5.0,14.0,9.656977835845298e-24,-5.851750165258044e-26,1.0,-3.4499999505000005,0.0,22.1199998688,0.0
0.1,4.5,3.0,9.0,7.0,6.0,9.597473860549251e-24,-5.839431917333743e-26,1.0,-3.449999950499999,0.0,22.1199998688,0.0
0.1,4.5,3.0,9.0,7.0,6.0,0.6256747474121924,-3.976404352218559e-19,0.543286295525804,2.551385568511442,0.0,15.486752880688874,0.0
0.1,4.5,3.0,9.0,7.0,8.0,9.705552537729961e-24,-5.85964170172377e-26,1.0,-3.4499999504999996,0.0,22.1199998688,0.0
0.1,4.5,3.0,9.0,7.0,8.0,0.9812199321783407,-1.783920113268283e-26,0.157556514108941,-2.2153049687380126,0.0,12.630949874118437,0.0
0.1,4.5,3.0,9.0,7.0,8.0,0.7706540273999338,-4.70619781107342e-22,0.48033082379572933,1.4649262009996091,0.0,14.75696752523323,0.0
0.1,4.5,3.0,9.0,7.0,10.0,9.77079261649071e-24,-5.871759652933854e-26,1.0,-3.4499999505000005,0.0,22.1199998688,0.0
0.1,4.5,3.0,9.0,7.0,12.0,9.814448869238932e-24,-5.879834846079076e-26,1.0,-3.4499999505000005,0.0,22.1199998688,0.0
0.1,4.5,3.0,9.0,7.0,14.0,9.845713990710783e-24,-5.885601388481363e-26,1.0,-3.4499999505000005,0.0,22.1199998688,0.0
0.1,4.5,5.0,3.0,0.5,6.0,2.0323197338801125e-17,2.011018840490137e-17,1.0,-5.4499999505000005,0.0,16.1199998688,0.0
0.1,4.5,5.0,3.0,0.5,8.0,2.0140247321180934e-17,2.0100713050984574e-17,1.0,-5.4499999505000005,0.0,16.1199998688,0.0
0.1,4.5,5.0,3.0,0.5,10.0,2.0026811080697862e-17,2.0094932712864054e-17,1.0,-5.4499999505000005,0.0,16.119999868800004,0.0
0.1,4.5,5.0,3.0,0.5,12.0,1.9949644228533402e-17,2.0091041655262604e-17,1.0,-5.4499999505000005,0.0,16.1199998688,0.0
0.1,4.5,5.0,3.0,0.5,12.0,4.1387679837057715e-27,2.496834734271887,2.5585459225666414,-96.89414345443622,0.0,15.092865427213175,0.0
0.1,4.5,5.0,3.0,0.5,12.0,1.5805509811925082e-23,1.6387677623491241,1.671389944728689,-41.86414262770966,0.0,-8.03478022295281,0.0
0.1,4.5,5.0,3.0,0.5,14.0,1.9893768178155445e-17,2.0088241648889112e-17,1.0,-5.4499999505000005,0.0,16.119999868800004,0.0
0.1,4.5,5.0,3.0,0.5,14.0,3.300306856831664e-21,3.0514270233644116,2.9952586169111273,-140.46840516394983,0.0,31.681065585205783,0.0
0.1,4.5,5.0,3.0,0.5,14.0,1.0122218415460705e-24,1.5040921799693374,1.484777132681053,-34.59345300049787,0.0,-11.096257563451841,0.0
0.1,4.5,5.0,3.0,1.0,6.0,2.0177442324604993e-17,2.0102622183838347e-17,1.0,-5.449999950500001,0.0,16.119999868800004,0.0
0.1,4.5,5.0,3.0,1.0,8.0,2.0026809426336637e-17,2.0094932712864054e-17,1.0,-5.449999950500001,0.0,16.119999868800004,0.0
0.1,4.5,5.0,3.0,1.0,10.0,1.9934060972973516e-17,2.0090260796764354e-17,1.0,-5.4499999505,0.0,16.119999868800004,0.0
0.1,4.5,5.0,3.0,1.0,12.0,1.987123908699195e-17,2.0087117510436653e-17,1.0,-5.4499999505000005,0.0,16.119999868800004,0.0
0.1,4.5,5.0,3.0,1.0,12.0,4.133994758931602e-27,2.4968347342718875,2.5585459225666414,-96.89414345443626,0.0,15.092863653105397,0.0
0.1,4.5,5.0,3.0,1.0,12.0,1.472888507025393e-23,1.638767762349124,1.6713899447286886,-41.86414262770964,0.0,-8.034779931849176,0.0
0.1,4.5,5.0,3.0,1.0,14.0,1.9825874020657705e-17,2.008486178890622e-17,1.0,-5.449999950500001,0.0,16.1199998688,0.0
0.1,4.5,5.0,3.0,1.0,14.0,3.1867189644155077e-21,3.051427023364412,2.995258616911128,-140.46840516394988,0.0,31.681062332951832,0.0
0.1,4.5,5.0,3.0,1.0,14.0,1.0680848293340702e-24,1.5040921799693374,1.484777132681053,-34.59345300049787,0.0,-11.096257563451841,0.0
0.1,4.5,5.0,3.0,3.0,6.0,1.9545061091946978e-17,2.007111073840314e-17,1.0,-5.4499999505000005,0.0,16.1199998688,0.0
0.1,4.5,5.0,3.0,3.0,8.0,1.9545075154017392e-17,2.0071111565583752e-17,1.0,-5.4499999505000005,0.0,16.1199998688,0.0
0.1,4.5,5.0,3.0,3.0,10.0,1.9545073499656167e-17,2.007111073840314e-17,1.0,-5.4499999505000005,0.0,16.1199998688,0.0
0.1,4.5,5.0,3.0,3.0,12.0,1.9545076808378617e-17,2.0071111565583752e-17,1.0,-5.4499999505000005,0.0,16.1199998688,0.0
0.1,4.5,5.0,3.0,3.0,12.0,4.1157985728170316e-27,2.496834734271888,2.5585459225666423,-96.8941434544363,0.0,15.092863653105407,0.0
0.1,4.5,5.0,3.0,3.0,12.0,1.0520840677706329e-23,1.6387677623491241,1.671389944728689,-41.864142627709654,0.0,-8.03478022295281,0.0
0.1,4.5,5.0,3.0,3.0,14.0,1.954508094428168e-17,2.0071111565583752e-17,1.0,-5.4499999505,0.0,16.1199998688,0.0
0.1,4.5,5.0,3.0,3.0,14.0,2.7769462905363822e-21,3.0514270233644125,2.995258616911128,-140.4684051639499,0.0,31.681062332951843,0.0
0.1,4.5,5.0,3.0,3.0,14.0,1.2935183004723708e-24,1.5040921799693376,1.484777132681053,-34.593453000497874,0.0,-11.096257563451847,0.0
0.1,4.5,5.0,3.0,5.0,6.0,1.8831378758422964e-17,2.003759007126004e-17,1.0,-5.449999950499999,0.0,16.1199998688,0.0
0.1,4.5,5.0,3.0,5.0,8.0,1.901760275690764e-17,2.0046160489586702e-17,1.0,-5.449999950499999,0.0,16.1199998688,0.0
0.1,4.5,5.0,3.0,5.0,10.0,1.9126824512169754e-17,2.0051242687270228e-17,1.0,-5.4499999505000005,0.0,16.1199998688,0.0
0.1,4.5,5.0,3.0,5.0,12.0,1.9198597319559755e-17,2.0054604349279644e-17,1.0,-5.4499999505,0.0,16.1199998688,0.0
0.1,4.5,5.0,3.0,5.0,12.0,4.095486945251546e-27,2.4968347342718875,2.5585459225666414,-96.89414345443626,0.0,15.092863653105397,0.0
0.1,4.5,5.0,3.0,5.0,12.0,6.4379230353621705e-24,1.6387677623491244,1.671389944728689,-41.86414262770966,0.0,-8.03477993184918,0.0
0.1,4.5,5.0,3.0,5.0,14.0,1.9249357257849072e-17,2.0056993246888697e-17,1.0,-5.4499999505000005,0.0,16.1199998688,0.0
0.1,4.5,5.0,3.0,5.0,14.0,2.432381136761864e-21,3.0514270233644116,2.9952586169111273,-140.46840516394983,0.0,31.681065585205783,0.0
0.1,4.5,5.0,3.0,5.0,14.0,1.5242394076507547e-24,1.5040921799693376,1.484777132681053,-34.593453000497874,0.0,-11.096257563451847,0.0
0.1,4.5,5.0,3.0,7.0,6.0,1.8033253692066474e-17,2.000204033007435e-17,1.0,-5.449999950499999,0.0,16.119999868800004,0.0
0.1,4.5,5.0,3.0,7.0,6.0,0.7199442676746282,-1.6431169809922327e-20,0.3952936266828505,3.6795778462402136,0.0,13.205214408755648,0.0
0.1,4.5,5.0,3.0,7.0,8.0,1.844308280809771e-17,2.002007121306678e-17,1.0,-5.449999950499999,0.0,16.1199998688,0.0
0.1,4.5,5.0,3.0,7.0,10.0,1.8678628277786472e-17,2.003064340847582e-17,1.0,-5.4499999505000005,0.0,16.119999868800004,0.0
0.1,4.5,5.0,3.0,7.0,12.0,1.883139695639644e-17,2.003759007126004e-17,1.0,-5.4499999505000005,0.0,16.1199998688,0.0
0.1,4.5,5.0,3.0,7.0,12.0,4.07660975030864e-27,2.496834734271887,2.5585459225666414,-96.89414345443622,0.0,15.092865427213175,0.0
0.1,4.5,5.0,3.0,7.0,12.0,2.5266682313117984e-24,1.6387677623491241,1.671389944728689,-41.86414262770966,0.0,-8.03478022295281,0.0
0.1,4.5,5.0,3.0,7.0,14.0,1.8938454807176116e-17,2.004250186973738e-17,1.0,-5.449999950500001,0.0,16.1199998688,0.0
0.1,4.5,5.0,3.0,7.0,14.0,2.1120610991056728e-21,3.051427023364412,2.995258616911128,-140.4684051639499,0.0,31.681062332951832,0.0
0.1,4.5,5.0,3.0,7.0,14.0,1.7612165762379938e-24,1.5040921799693376,1.484777132681053,-34.593453000497874,0.0,-11.096257563451847,0.0
0.1,4.5,5.0,5.0,0.5,6.0,2.08578604169758e-17,1.710483692588492e-17,1.0,-5.4499999505000005,0.0,18.1199998688,0.0
0.1,4.5,5.0,5.0,0.5,8.0,2.0566246163826356e-17,1.7142366937457063e-17,1.0,-5.4499999505000005,0.0,18.1199998688,0.0
0.1,4.5,5.0,5.0,0.5,10.0,2.037975664036505e-17,1.716459245333575e-17,1.0,-5.4499999505000005,0.0,18.1199998688,0.0
0.1,4.5,5.0,5.0,0.5,12.0,2.0250559300490393e-17,1.7179284835375917e-17,1.0,-5.4499999505000005,0.0,18.1199998688,0.0
0.1,4.5,5.0,5.0,0.5,14.0,2.015586614550716e-17,1.718971889162266e-17,1.0,-5.4499999505000005,0.0,18.1199998688,0.0
0.1,4.5,5.0,5.0,1.0,6.0,2.073116695281534e-17,1.7121590642011568e-17,1.0,-5.449999950500001,0.0,18.119999868799997,0.0
0.1,4.5,5.0,5.0,1.0,8.0,2.0463697274565707e-17,1.7154740732240243e-17,1.0,-5.4499999505000005,0.0,18.119999868799997,0.0
0.1,4.5,5.0,5.0,1.0,10.0,2.0294041703750468e-17,1.7174395370775116e-17,1.0,-5.449999950500001,0.0,18.1199998688,0.0
0.1,4.5,5.0,5.0,1.0,12.0,2.0177069266148732e-17,1.7187403613088125e-17,1.0,-5.4499999505000005,0.0,18.1199998688,0.0
0.1,4.5,5.0,5.0,1.0,14.0,2.0091602483717915e-17,1.7196644874891567e-17,1.0,-5.4499999505000005,0.0,18.1199998688,0.0
0.1,4.5,5.0,5.0,3.0,6.0,2.017693939879256e-17,1.7187394514101387e-17,1.0,-5.449999950500001,0.0,18.1199998688,0.0
0.1,4.5,5.0,5.0,3.0,8.0,2.0026348686735445e-17,1.7203541906839034e-17,1.0,-5.4499999505000005,0.0,18.1199998688,0.0
0.1,4.5,5.0,5.0,3.0,10.0,1.9933630839054988e-17,1.7213173597891602e-17,1.0,-5.4499999505,0.0,18.1199998688,0.0
0.1,4.5,5.0,5.0,3.0,12.0,1.9870827978227512e-17,1.7219567704026637e-17,1.0,-5.4499999505,0.0,18.1199998688,0.0
0.1,4.5,5.0,5.0,3.0,14.0,1.9825481109866743e-17,1.7224122987659966e-17,1.0,-5.4499999505000005,0.0,18.1199998688,0.0
0.1,4.5,5.0,5.0,5.0,6.0,1.9544505226575343e-17,1.725122638761088e-17,1.0,-5.449999950499998,0.0,18.1199998688,0.0
0.1,4.5,5.0,5.0,5.0,8.0,1.9544579672830473e-17,1.7251231350694554e-17,1.0,-5.449999950499999,0.0,18.1199998688,0.0
0.1,4.5,5.0,5.0,5.0,10.0,1.9544623513402938e-17,1.725123631377823e-17,1.0,-5.4499999505000005,0.0,18.1199998688,0.0
0.1,4.5,5.0,5.0,5.0,12.0,1.9544654119085602e-17,1.7251237968139454e-17,1.0,-5.4499999505000005,0.0,18.1199998688,0.0
0.1,4.5,5.0,5.0,5.0,14.0,1.954467314423969e-17,1.7251237968139454e-17,1.0,-5.4499999505000005,0.0,18.1199998688,0.0
0.1,4.5,5.0,5.0,7.0,6.0,1.8830770780672738e-17,1.7313054829676767e-17,1.0,-5.449999950499998,0.0,18.1199998688,0.0
0.1,4.5,5.0,5.0,7.0,6.0,0.7199442676746282,3.4540125889039872e-19,0.3952936266828505,3.6795778462402136,0.0,13.517728511347814,0.0
0.1,4.5,5.0,5.0,7.0,8.0,1.9017079978760506e-17,1.729779252019455e-17,1.0,-5.449999950499999,0.0,18.1199998688,0.0
0.1,4.5,5.0,5.0,7.0,10.0,1.912634722895631e-17,1.7288575246628873e-17,1.0,-5.4499999505000005,0.0,18.119999868799997,0.0
0.1,4.5,5.0,5.0,7.0,12.0,1.919815477793204e-17,1.728240530643984e-17,1.0,-5.4499999505,0.0,18.1199998688,0.0
0.1,4.5,5.0,5.0,7.0,14.0,1.924893539573667e-17,1.727798319888513e-17,1.0,-5.449999950500001,0.0,18.1199998688,0.0
0.1,4.5,5.0,7.0,0.5,6.0,2.131798211425026e-17,1.2916149813871547e-17,1.0,-5.449999950500001,0.0,20.1199998688,0.0
0.1,4.5,5.0,7.0,0.5,8.0,2.094928041827516e-17,1.3011994404267454e-17,1.0,-5.4499999505000005,0.0,20.119999868799997,0.0
0.1,4.5,5.0,7.0,0.5,10.0,2.07047865087198e-17,1.3069109571203015e-17,1.0,-5.449999950500001,0.0,20.1199998688,0.0
0.1,4.5,5.0,7.0,0.5,12.0,2.0531875982194165e-17,1.3107018017905402e-17,1.0,-5.449999950500001,0.0,20.1199998688,0.0
0.1,4.5,5.0,7.0,0.5,14.0,2.040344378438612e-17,1.313401305719607e-17,1.0,-5.4499999505000005,0.0,20.1199998688,0.0
0.1,4.5,5.0,7.0,1.0,6.0,2.1209583403697635e-17,1.2945720279999399e-17,1.0,-5.4499999505,0.0,20.1199998688,0.0
0.1,4.5,5.0,7.0,1.0,8.0,2.0857301242881714e-17,1.3033990377526158e-17,1.0,-5.4499999505000005,0.0,20.1199998688,0.0
0.1,4.5,5.0,7.0,1.0,10.0,2.0625943788634308e-17,1.30866168488677e-17,1.0,-5.4499999505,0.0,20.119999868799997,0.0
0.1,4.5,5.0,7.0,1.0,12.0,2.0463205102101237e-17,1.3121559853074084e-17,1.0,-5.4499999505,0.0,20.119999868799997,0.0
0.1,4.5,5.0,7.0,1.0,14.0,2.0342746925398203e-17,1.3146445995393048e-17,1.0,-5.4499999505000005,0.0,20.1199998688,0.0
0.1,4.5,5.0,7.0,3.0,6.0,2.073042497180588e-17,1.3063226249096232e-17,1.0,-5.4499999505000005,0.0,20.1199998688,0.0
0.1,4.5,5.0,7.0,3.0,8.0,2.0463029739811376e-17,1.3121530901752645e-17,1.0,-5.4499999505,0.0,20.1199998688,0.0
0.1,4.5,5.0,7.0,3.0,10.0,2.029342379983289e-17,1.3156362236576334e-17,1.0,-5.4499999505000005,0.0,20.1199998688,0.0
0.1,4.5,5.0,7.0,3.0,12.0,2.0176486103816882e-17,1.3179517089873224e-17,1.0,-5.449999950500001,0.0,20.119999868799997,0.0
0.1,4.5,5.0,7.0,3.0,14.0,2.0091047445526892e-17,1.3196024719767639e-17,1.0,-5.4499999505000005,0.0,20.119999868800004,0.0
0.1,4.5,5.0,7.0,5.0,6.0,2.0176108909457558e-17,1.3179459600820652e-17,1.0,-5.449999950499999,0.0,20.119999868799997,0.0
0.1,4.5,5.0,7.0,5.0,8.0,2.002562821242191e-17,1.320834185267886e-17,1.0,-5.449999950499999,0.0,20.1199998688,0.0
0.1,4.5,5.0,7.0,5.0,10.0,1.9932972403287396e-17,1.3225634890564893e-17,1.0,-5.4499999505,0.0,20.1199998688,0.0
0.1,4.5,5.0,7.0,5.0,12.0,1.9870219173296673e-17,1.3237146349559487e-17,1.0,-5.4499999505000005,0.0,20.1199998688,0.0
0.1,4.5,5.0,7.0,5.0,14.0,1.9824904564979793e-17,1.3245359839451833e-17,1.0,-5.449999950500001,0.0,20.1199998688,0.0
0.1,4.5,5.0,7.0,7.0,6.0,1.9543591191998472e-17,1.3294373185877744e-17,1.0,-5.449999950499999,0.0,20.1199998688,0.0
0.1,4.5,5.0,7.0,7.0,6.0,0.719944267674628,4.7154518712185015e-28,0.39529362668285073,3.6795778622261865,0.0,13.830242613939976,0.0
0.1,4.5,5.0,7.0,7.0,8.0,1.9543800468693448e-17,1.3294406273102246e-17,1.0,-5.449999950499999,0.0,20.119999868800004,0.0
0.1,4.5,5.0,7.0,7.0,10.0,1.9543927027327168e-17,1.3294426539027253e-17,1.0,-5.4499999505000005,0.0,20.1199998688,0.0
0.1,4.5,5.0,7.0,7.0,12.0,1.954401139974965e-17,1.3294439773917054e-17,1.0,-5.4499999505000005,0.0,20.1199998688,0.0
0.1,4.5,5.0,7.0,7.0,14.0,1.954407012957314e-17,1.3294449286494098e-17,1.0,-5.449999950500001,0.0,20.1199998688,0.0
0.1,4.5,5.0,9.0,0.5,6.0,2.170669827232669e-17,9.409118256425361e-18,1.0,-5.4499999505000005,0.0,22.1199998688,0.0
0.1,4.5,5.0,9.0,0.5,8.0,2.12907438838595e-17,9.552997224992222e-18,1.0,-5.4499999505000005,0.0,22.119999868799997,0.0
0.1,4.5,5.0,9.0,0.5,10.0,2.100264597549402e-17,9.639085220063066e-18,1.0,-5.4499999505,0.0,22.119999868800004,0.0
0.1,4.5,5.0,9.0,0.5,12.0,2.0794055840426522e-17,9.696367891072669e-18,1.0,-5.449999950500001,0.0,22.119999868800004,0.0
0.1,4.5,5.0,9.0,0.5,14.0,2.0636812941883254e-17,9.737228545381257e-18,1.0,-5.4499999505000005,0.0,22.1199998688,0.0
0.1,4.5,5.0,9.0,1.0,6.0,2.161584488974693e-17,9.443001642267064e-18,1.0,-5.4499999505,0.0,22.1199998688,0.0
0.1,4.5,5.0,9.0,1.0,8.0,2.120901099471375e-17,9.578325908938902e-18,1.0,-5.4499999505000005,0.0,22.119999868800004,0.0
0.1,4.5,5.0,9.0,1.0,10.0,2.093050755427327e-17,9.659302341414474e-18,1.0,-5.449999950500001,0.0,22.1199998688,0.0
0.1,4.5,5.0,9.0,1.0,12.0,2.0730108161631273e-17,9.713189436009548e-18,1.0,-5.449999950500001,0.0,22.1199998688,0.0
0.1,4.5,5.0,9.0,1.0,14.0,2.0579620019970113e-17,9.751630587026418e-18,1.0,-5.4499999505000005,0.0,22.1199998688,0.0
0.1,4.5,5.0,9.0,3.0,6.0,2.120872313586058e-17,9.57825725294806e-18,1.0,-5.4499999505000005,0.0,22.1199998688,0.0
0.1,4.5,5.0,9.0,3.0,8.0,2.085651211257734e-17,9.679464041664842e-18,1.0,-5.4499999505000005,0.0,22.1199998688,0.0
0.1,4.5,5.0,9.0,3.0,10.0,2.062521256097281e-17,9.740057089485882e-18,1.0,-5.4499999505000005,0.0,22.1199998688,0.0
0.1,4.5,5.0,9.0,3.0,12.0,2.046251606065098e-17,9.780392897695806e-18,1.0,-5.4499999505000005,0.0,22.1199998688,0.0
0.1,4.5,5.0,9.0,3.0,14.0,2.03420942798949e-17,9.809177128651426e-18,1.0,-5.4499999505000005,0.0,22.1199998688,0.0
0.1,4.5,5.0,9.0,5.0,6.0,2.0729448071502455e-17,9.713040543499288e-18,1.0,-5.449999950499998,0.0,22.119999868800004,0.0
0.1,4.5,5.0,9.0,5.0,8.0,2.0462167817613096e-17,9.780314315537613e-18,1.0,-5.449999950499999,0.0,22.1199998688,0.0
0.1,4.5,5.0,9.0,5.0,10.0,2.029264542287648e-17,9.82061869088426e-18,1.0,-5.449999950500001,0.0,22.1199998688,0.0
0.1,4.5,5.0,9.0,5.0,12.0,2.0175761493600285e-17,9.847460288171299e-18,1.0,-5.449999950500001,0.0,22.119999868799997,0.0
0.1,4.5,5.0,9.0,5.0,14.0,2.0090365021521536e-17,9.866619445519252e-18,1.0,-5.4499999505,0.0,22.1199998688,0.0
0.1,4.5,5.0,9.0,7.0,6.0,2.0175015376687763e-17,9.847294024868176e-18,1.0,-5.449999950499998,0.0,22.1199998688,0.0
0.1,4.5,5.0,9.0,7.0,6.0,0.719944267674628,2.999818050269809e-21,0.39529362668285073,3.6795778622261865,0.0,14.142756716532135,0.0
0.1,4.5,5.0,9.0,7.0,8.0,2.0024692671149113e-17,9.880856878222515e-18,1.0,-5.449999950499999,0.0,22.119999868800004,0.0
0.1,4.5,5.0,9.0,7.0,10.0,1.993214108677178e-17,9.900976805851948e-18,1.0,-5.4499999505000005,0.0,22.1199998688,0.0
0.1,4.5,5.0,9.0,7.0,12.0,1.9869454858410674e-17,9.914382922039595e-18,1.0,-5.4499999505,0.0,22.1199998688,0.0
0.1,4.5,5.0,9.0,7.0,14.0,1.9824191535291773e-17,9.923955883268672e-18,1.0,-5.4499999505,0.0,22.1199998688,0.0
0.1,4.5,7.0,3.0,0.5,6.0,1.2555991652853202e-17,2.0110193367985045e-17,1.0,-7.4499999505000005,0.0,16.1199998688,0.0
0.1,4.5,7.0,3.0,0.5,8.0,1.2663061084161454e-17,2.0100716359707025e-17,1.0,-7.4499999505000005,0.0,16.1199998688,0.0
0.1,4.5,7.0,3.0,0.5,10.0,1.2726942174917393e-17,2.009493767594773e-17,1.0,-7.4499999505000005,0.0,16.1199998688,0.0
0.1,4.5,7.0,3.0,0.5,12.0,1.2769375299570444e-17,2.0091045791165667e-17,1.0,-7.4499999505000005,0.0,16.1199998688,0.0
0.1,4.5,7.0,3.0,0.5,12.0,3.76404210554228e-27,2.496834734271887,2.5585459225666414,-109.98645793020098,0.0,15.092865427213175,0.0
0.1,4.5,7.0,3.0,0.5,12.0,1.2767098439496004e-23,1.6387677623491244,1.671389944728689,-47.45123132239001,0.0,-8.03477993184918,0.0
0.1,4.5,7.0,3.0,0.5,14.0,1.2799607923778645e-17,2.00882474391534e-17,1.0,-7.4499999505000005,0.0,16.1199998688,0.0
0.1,4.5,7.0,3.0,0.5,14.0,3.862293688117618e-21,3.051427023364412,2.995258616911128,-158.41155352831063,0.0,31.681062332951832,0.0
0.1,4.5,7.0,3.0,0.5,14.0,7.223937533221919e-25,1.5040921799693374,1.484777132681053,-39.00257926796299,0.0,-11.096257563451841,0.0
0.1,4.5,7.0,3.0,1.0,6.0,1.264172271948973e-17,2.0102628801283247e-17,1.0,-7.449999950499999,0.0,16.119999868800004,0.0
0.1,4.5,7.0,3.0,1.0,8.0,1.2726951687494437e-17,2.0094939330308954e-17,1.0,-7.449999950499999,0.0,16.119999868800004,0.0
0.1,4.5,7.0,3.0,1.0,10.0,1.2777856795981257e-17,2.0090263278306192e-17,1.0,-7.4499999505000005,0.0,16.1199998688,0.0
0.1,4.5,7.0,3.0,1.0,12.0,1.2811690550986207e-17,2.0087124127881553e-17,1.0,-7.4499999505000005,0.0,16.119999868800004,0.0
0.1,4.5,7.0,3.0,1.0,12.0,3.7609452101917056e-27,2.4968347342718875,2.5585459225666414,-109.98645793020103,0.0,15.092863653105397,0.0
0.1,4.5,7.0,3.0,1.0,12.0,1.1989898476175969e-23,1.6387677623491244,1.671389944728689,-47.451231322389994,0.0,-8.03477993184918,0.0
0.1,4.5,7.0,3.0,1.0,14.0,1.2835807828925803e-17,2.0084865924809283e-17,1.0,-7.449999950500001,0.0,16.119999868799997,0.0
0.1,4.5,7.0,3.0,1.0,14.0,3.771912897086262e-21,3.0514270233644116,2.9952586169111273,-158.41155352831052,0.0,31.681065585205783,0.0
0.1,4.5,7.0,3.0,1.0,14.0,7.590107043902882e-25,1.5040921799693374,1.484777132681053,-39.00257926796299,0.0,-11.096257563451841,0.0
0.1,4.5,7.0,3.0,3.0,6.0,1.2979711199320734e-17,2.0071126454834778e-17,1.0,-7.4499999505000005,0.0,16.119999868800004,0.0
0.1,4.5,7.0,3.0,3.0,8.0,1.2979688451853889e-17,2.0071122318931715e-17,1.0,-7.449999950499999,0.0,16.1199998688,0.0
0.1,4.5,7.0,3.0,3.0,10.0,1.297967728491562e-17,2.0071121491751102e-17,1.0,-7.449999950500001,0.0,16.1199998688,0.0
0.1,4.5,7.0,3.0,3.0,12.0,1.2979668599519188e-17,2.0071121491751102e-17,1.0,-7.4499999505000005,0.0,16.1199998688,0.0
0.1,4.5,7.0,3.0,3.0,12.0,3.745813563804644e-27,2.4968347342718866,2.5585459225666405,-109.98645793020094,0.0,15.092864540159281,0.0
0.1,4.5,7.0,3.0,3.0,12.0,8.905068950361875e-24,1.6387677623491244,1.671389944728689,-47.451231322389994,0.0,-8.03477993184918,0.0
0.1,4.5,7.0,3.0,3.0,14.0,1.29796628092549e-17,2.0071118183028652e-17,1.0,-7.4499999505000005,0.0,16.1199998688,0.0
0.1,4.5,7.0,3.0,3.0,14.0,3.382719572118661e-21,3.051427023364412,2.995258616911128,-158.4115535283106,0.0,31.681062332951832,0.0
0.1,4.5,7.0,3.0,3.0,14.0,9.073205974839777e-25,1.5040921799693374,1.484777132681053,-39.002579267963,0.0,-11.096257563451841,0.0
0.1,4.5,7.0,3.0,5.0,6.0,1.3309113544393439e-17,2.003760909641413e-17,1.0,-7.449999950499998,0.0,16.119999868800004,0.0
0.1,4.5,7.0,3.0,5.0,8.0,1.322759572220695e-17,2.0046177033198953e-17,1.0,-7.449999950499999,0.0,16.1199998688,0.0
0.1,4.5,7.0,3.0,5.0,10.0,1.3178407427081484e-17,2.005125592216003e-17,1.0,-7.449999950499999,0.0,16.1199998688,0.0
0.1,4.5,7.0,3.0,5.0,12.0,1.31455005279529e-17,2.0054614275446994e-17,1.0,-7.449999950500001,0.0,16.119999868799997,0.0
0.1,4.5,7.0,3.0,5.0,12.0,3.733358189668303e-27,2.496834734271887,2.5585459225666414,-109.98645793020098,0.0,15.092865427213175,0.0
0.1,4.5,7.0,3.0,5.0,12.0,5.9269431171706915e-24,1.638767762349124,1.6713899447286886,-47.45123132238998,0.0,-8.034779931849176,0.0
0.1,4.5,7.0,3.0,5.0,14.0,1.3121940356155858e-17,2.0057003173056047e-17,1.0,-7.4499999505000005,0.0,16.1199998688,0.0
0.1,4.5,7.0,3.0,5.0,14.0,3.0141492169151993e-21,3.0514270233644116,2.9952586169111273,-158.41155352831052,0.0,31.681065585205783,0.0
0.1,4.5,7.0,3.0,5.0,14.0,1.0591684331299702e-24,1.5040921799693376,1.484777132681053,-39.002579267963014,0.0,-11.096257563451847,0.0
0.1,4.5,7.0,3.0,7.0,6.0,1.3628983873677388e-17,2.000206018240905e-17,1.0,-7.449999950499998,0.0,16.119999868800004,0.0
0.1,4.5,7.0,3.0,7.0,6.0,0.7652070575225313,-8.46928039711677e-27,0.3168678523039944,4.5788515556844915,0.0,12.987914614018342,0.0
0.1,4.5,7.0,3.0,7.0,8.0,1.3470277279040208e-17,2.0020086102317806e-17,1.0,-7.449999950499999,0.0,16.119999868800004,0.0
0.1,4.5,7.0,3.0,7.0,10.0,1.3373843736048163e-17,2.0030657470546233e-17,1.0,-7.4499999505000005,0.0,16.119999868800004,0.0
0.1,4.5,7.0,3.0,7.0,12.0,1.3309068463050054e-17,2.003760330614984e-17,1.0,-7.449999950499999,0.0,16.1199998688,0.0
0.1,4.5,7.0,3.0,7.0,12.0,3.720200236288249e-27,2.4968347342718866,2.5585459225666405,-109.98645793020094,0.0,15.092864540159281,0.0
0.1,4.5,7.0,3.0,7.0,12.0,3.048926888295675e-24,1.638767762349124,1.6713899447286886,-47.45123132238997,0.0,-8.034779931849176,0.0
0.1,4.5,7.0,3.0,7.0,14.0,1.3262567677734773e-17,2.0042514277446568e-17,1.0,-7.4499999505000005,0.0,16.119999868799997,0.0
0.1,4.5,7.0,3.0,7.0,14.0,2.7063968315735587e-21,3.051427023364411,2.995258616911127,-158.41155352831046,0.0,31.68106341703647,0.0
0.1,4.5,7.0,3.0,7.0,14.0,1.2144225701647071e-24,1.5040921799693376,1.484777132681053,-39.002579267963014,0.0,-11.096257563451847,0.0
0.1,4.5,7.0,5.0,0.5,6.0,1.220837809941453e-17,1.7104836098704307e-17,1.0,-7.449999950500001,0.0,18.1199998688,0.0
0.1,4.5,7.0,5.0,0.5,8.0,1.2404670540315202e-17,1.7142367764637675e-17,1.0,-7.449999950499999,0.0,18.1199998688,0.0
0.1,4.5,7.0,5.0,0.5,10.0,1.2521384483975515e-17,1.7164590798974525e-17,1.0,-7.449999950499999,0.0,18.119999868799997,0.0
0.1,4.5,7.0,5.0,0.5,12.0,1.2598731247923205e-17,1.7179284835375917e-17,1.0,-7.449999950500001,0.0,18.1199998688,0.0
0.1,4.5,7.0,5.0,0.5,14.0,1.2653745789693188e-17,1.718971889162266e-17,1.0,-7.449999950500001,0.0,18.1199998688,0.0
0.1,4.5,7.0,5.0,1.0,6.0,1.2295883468464984e-17,1.7121589814830956e-17,1.0,-7.4499999505000005,0.0,18.1199998688,0.0
0.1,4.5,7.0,5.0,1.0,8.0,1.2469612903797046e-17,1.7154740732240243e-17,1.0,-7.4499999505000005,0.0,18.119999868799997,0.0
0.1,4.5,7.0,5.0,1.0,10.0,1.2572991455212086e-17,1.717439702513634e-17,1.0,-7.4499999505000005,0.0,18.1199998688,0.0
0.1,4.5,7.0,5.0,1.0,12.0,1.2641536190261599e-17,1.7187404440268737e-17,1.0,-7.4499999505000005,0.0,18.1199998688,0.0
0.1,4.5,7.0,5.0,1.0,14.0,1.2690312135851707e-17,1.7196644874891567e-17,1.0,-7.4499999505000005,0.0,18.1199998688,0.0
0.1,4.5,7.0,5.0,3.0,6.0,1.2641539498984049e-17,1.7187394514101387e-17,1.0,-7.4499999505000005,0.0,18.1199998688,0.0
0.1,4.5,7.0,5.0,3.0,8.0,1.2726792868816827e-17,1.7203544388380872e-17,1.0,-7.4499999505000005,0.0,18.1199998688,0.0
0.1,4.5,7.0,5.0,3.0,10.0,1.2777704594748547e-17,1.7213174425072214e-17,1.0,-7.449999950499999,0.0,18.1199998688,0.0
0.1,4.5,7.0,5.0,3.0,12.0,1.2811547448740235e-17,1.7219571012749087e-17,1.0,-7.4499999505000005,0.0,18.1199998688,0.0
0.1,4.5,7.0,5.0,3.0,14.0,1.2835670930534425e-17,1.7224126296382416e-17,1.0,-7.4499999505000005,0.0,18.1199998688,0.0
0.1,4.5,7.0,5.0,5.0,6.0,1.2979533355489035e-17,1.725123631377823e-17,1.0,-7.449999950499998,0.0,18.1199998688,0.0
0.1,4.5,7.0,5.0,5.0,8.0,1.2979529219585973e-17,1.7251237968139454e-17,1.0,-7.449999950499999,0.0,18.1199998688,0.0
0.1,4.5,7.0,5.0,5.0,10.0,1.2979527565224747e-17,1.7251241276861905e-17,1.0,-7.4499999505000005,0.0,18.1199998688,0.0
0.1,4.5,7.0,5.0,5.0,12.0,1.2979526324453829e-17,1.7251242104042517e-17,1.0,-7.4499999505000005,0.0,18.1199998688,0.0
0.1,4.5,7.0,5.0,5.0,14.0,1.2979524256502297e-17,1.725124293122313e-17,1.0,-7.4499999505000005,0.0,18.119999868799997,0.0
0.1,4.5,7.0,5.0,7.0,6.0,1.3308939422874496e-17,1.731307468201147e-17,1.0,-7.449999950499998,0.0,18.1199998688,0.0
0.1,4.5,7.0,5.0,7.0,6.0,0.7652070575225312,4.648563627784392e-19,0.3168678523039946,4.578851547188985,0.0,13.188725085665837,0.0
0.1,4.5,7.0,5.0,7.0,8.0,1.3227439385071178e-17,1.7297807409445577e-17,1.0,-7.449999950499998,0.0,18.1199998688,0.0
0.1,4.5,7.0,5.0,7.0,10.0,1.3178259775342144e-17,1.7288585172796224e-17,1.0,-7.449999950499999,0.0,18.1199998688,0.0
0.1,4.5,7.0,5.0,7.0,12.0,1.314535949365846e-17,1.7282412751065353e-17,1.0,-7.4499999505000005,0.0,18.1199998688,0.0
0.1,4.5,7.0,5.0,7.0,14.0,1.3121804284945093e-17,1.7277991470691257e-17,1.0,-7.4499999505000005,0.0,18.1199998688,0.0
0.1,4.5,7.0,7.0,0.5,6.0,1.1854376643695418e-17,1.2916159326448591e-17,1.0,-7.4499999505000005,0.0,20.1199998688,0.0
0.1,4.5,7.0,7.0,0.5,8.0,1.2142453045364973e-17,1.3012003089663886e-17,1.0,-7.449999950499999,0.0,20.1199998688,0.0
0.1,4.5,7.0,7.0,0.5,10.0,1.2313306373707188e-17,1.3069117015828528e-17,1.0,-7.4499999505000005,0.0,20.119999868799997,0.0
0.1,4.5,7.0,7.0,0.5,12.0,1.2426317443355408e-17,1.3107025462530915e-17,1.0,-7.4499999505000005,0.0,20.1199998688,0.0
0.1,4.5,7.0,7.0,0.5,14.0,1.2506582500504185e-17,1.3134022156182808e-17,1.0,-7.4499999505000005,0.0,20.1199998688,0.0
0.1,4.5,7.0,7.0,1.0,6.0,1.1943432562804102e-17,1.2945734755660119e-17,1.0,-7.4499999505000005,0.0,20.119999868799997,0.0
0.1,4.5,7.0,7.0,1.0,8.0,1.2208349148093091e-17,1.3034004439596571e-17,1.0,-7.4499999505000005,0.0,20.119999868799997,0.0
0.1,4.5,7.0,7.0,1.0,10.0,1.2365556477870019e-17,1.3086629256576888e-17,1.0,-7.4499999505000005,0.0,20.1199998688,0.0
0.1,4.5,7.0,7.0,1.0,12.0,1.24695835388853e-17,1.3121570606422047e-17,1.0,-7.449999950500001,0.0,20.1199998688,0.0
0.1,4.5,7.0,7.0,1.0,14.0,1.2543494608158751e-17,1.3146458816692543e-17,1.0,-7.4499999505000005,0.0,20.1199998688,0.0
0.1,4.5,7.0,7.0,3.0,6.0,1.2295843763795581e-17,1.3063270503259003e-17,1.0,-7.449999950500001,0.0,20.119999868799997,0.0
0.1,4.5,7.0,7.0,3.0,8.0,1.2469578989391931e-17,1.3121569365651128e-17,1.0,-7.4499999505000005,0.0,20.119999868799997,0.0
0.1,4.5,7.0,7.0,3.0,10.0,1.2572959608758503e-17,1.315639491021053e-17,1.0,-7.449999950500001,0.0,20.1199998688,0.0
0.1,4.5,7.0,7.0,3.0,12.0,1.2641507652530466e-17,1.3179546041194664e-17,1.0,-7.449999950499999,0.0,20.1199998688,0.0
0.1,4.5,7.0,7.0,3.0,14.0,1.2690282770939961e-17,1.319605118954724e-17,1.0,-7.4499999505000005,0.0,20.119999868800004,0.0
0.1,4.5,7.0,7.0,5.0,6.0,1.2641497726363115e-17,1.3179544800423745e-17,1.0,-7.449999950499998,0.0,20.119999868799997,0.0
0.1,4.5,7.0,7.0,5.0,8.0,1.2726753164147424e-17,1.3208410922260008e-17,1.0,-7.449999950499998,0.0,20.119999868799997,0.0
0.1,4.5,7.0,7.0,5.0,10.0,1.2777671093933738e-17,1.3225691552436853e-17,1.0,-7.4499999505000005,0.0,20.1199998688,0.0
0.1,4.5,7.0,7.0,5.0,12.0,1.2811515188696345e-17,1.3237194326035016e-17,1.0,-7.4499999505000005,0.0,20.119999868799997,0.0
0.1,4.5,7.0,7.0,5.0,14.0,1.2835640324851761e-17,1.3245402439253379e-17,1.0,-7.4499999505000005,0.0,20.119999868799997,0.0
0.1,4.5,7.0,7.0,7.0,6.0,1.2979487860555345e-17,1.3294508429907896e-17,1.0,-7.449999950499998,0.0,20.119999868799997,0.0
0.1,4.5,7.0,7.0,7.0,6.0,0.7652070575225312,1.0806553002486353e-22,0.3168678523039946,4.578851547188985,0.0,13.389535557313327,0.0
0.1,4.5,7.0,7.0,7.0,8.0,1.2979490755687489e-17,1.3294508843498202e-17,1.0,-7.449999950499999,0.0,20.119999868800004,0.0
0.1,4.5,7.0,7.0,7.0,10.0,1.2979492410048714e-17,1.3294509670678815e-17,1.0,-7.449999950500001,0.0,20.1199998688,0.0
0.1,4.5,7.0,7.0,7.0,12.0,1.2979492410048714e-17,1.3294510084269121e-17,1.0,-7.449999950500001,0.0,20.1199998688,0.0
0.1,4.5,7.0,7.0,7.0,14.0,1.2979494064409939e-17,1.3294509257088509e-17,1.0,-7.4499999505000005,0.0,20.119999868800004,0.0
0.1,4.5,7.0,9.0,0.5,6.0,1.1494888085382935e-17,9.40913728157945e-18,1.0,-7.449999950500001,0.0,22.1199998688,0.0
0.1,4.5,7.0,9.0,0.5,8.0,1.1876783312128254e-17,9.553015836556004e-18,1.0,-7.4499999505000005,0.0,22.119999868800004,0.0
0.1,4.5,7.0,9.0,0.5,10.0,1.2102892718979318e-17,9.639102177265623e-18,1.0,-7.4499999505000005,0.0,22.119999868800004,0.0
0.1,4.5,7.0,9.0,0.5,12.0,1.2252230252408417e-17,9.696384021094614e-18,1.0,-7.4499999505000005,0.0,22.119999868799997,0.0
0.1,4.5,7.0,9.0,0.5,14.0,1.235816975499992e-17,9.73724384822259e-18,1.0,-7.4499999505000005,0.0,22.119999868800004,0.0
0.1,4.5,7.0,9.0,1.0,6.0,1.158527121578446e-17,9.443033902310954e-18,1.0,-7.4499999505000005,0.0,22.1199998688,0.0
0.1,4.5,7.0,9.0,1.0,8.0,1.1943538441922509e-17,9.57835610103126e-18,1.0,-7.4499999505000005,0.0,22.1199998688,0.0
0.1,4.5,7.0,9.0,1.0,10.0,1.2155733843689818e-17,9.659329224784382e-18,1.0,-7.449999950499999,0.0,22.1199998688,0.0
0.1,4.5,7.0,9.0,1.0,12.0,1.2295929790579287e-17,9.713214251427924e-18,1.0,-7.4499999505000005,0.0,22.119999868800004,0.0
0.1,4.5,7.0,9.0,1.0,14.0,1.2395409426177058e-17,9.751654575264182e-18,1.0,-7.4499999505000005,0.0,22.119999868800004,0.0
0.1,4.5,7.0,9.0,3.0,6.0,1.1943544232186797e-17,9.578354033079729e-18,1.0,-7.4499999505000005,0.0,22.1199998688,0.0
0.1,4.5,7.0,9.0,3.0,8.0,1.2208436829238022e-17,9.679545518955178e-18,1.0,-7.4499999505000005,0.0,22.119999868799997,0.0
0.1,4.5,7.0,9.0,3.0,10.0,1.2365630096944536e-17,9.740126572657337e-18,1.0,-7.449999950500001,0.0,22.1199998688,0.0
0.1,4.5,7.0,9.0,3.0,12.0,1.2469648886153692e-17,9.780453281880522e-18,1.0,-7.4499999505000005,0.0,22.1199998688,0.0
0.1,4.5,7.0,9.0,3.0,14.0,1.2543552924391936e-17,9.809231308981548e-18,1.0,-7.4499999505000005,0.0,22.119999868799997,0.0
0.1,4.5,7.0,9.0,5.0,6.0,1.229594716137215e-17,9.713213837837618e-18,1.0,-7.449999950499998,0.0,22.119999868800004,0.0
0.1,4.5,7.0,9.0,5.0,8.0,1.2469656744369511e-17,9.78045245469991e-18,1.0,-7.449999950499998,0.0,22.119999868800004,0.0
0.1,4.5,7.0,9.0,5.0,10.0,1.2573028264749344e-17,9.82073408257971e-18,1.0,-7.4499999505000005,0.0,22.1199998688,0.0
0.1,4.5,7.0,9.0,5.0,12.0,1.2641569277486101e-17,9.847560377025418e-18,1.0,-7.449999950500001,0.0,22.1199998688,0.0
0.1,4.5,7.0,9.0,5.0,14.0,1.2690338192041002e-17,9.866707540254489e-18,1.0,-7.4499999505000005,0.0,22.119999868800004,0.0
0.1,4.5,7.0,9.0,7.0,6.0,1.264158830264019e-17,9.847558722664193e-18,1.0,-7.449999950499998,0.0,22.1199998688,0.0
0.1,4.5,7.0,9.0,7.0,6.0,0.7652070575225312,9.290407762107047e-21,0.3168678523039946,4.578851547188985,0.0,13.590346028960822,0.0
0.1,4.5,7.0,9.0,7.0,8.0,1.2726827196812248e-17,9.881060778243509e-18,1.0,-7.449999950499999,0.0,22.1199998688,0.0
0.1,4.5,7.0,9.0,7.0,10.0,1.2777734373250599e-17,9.901143482745378e-18,1.0,-7.4499999505000005,0.0,22.1199998688,0.0
0.1,4.5,7.0,9.0,7.0,12.0,1.2811571850568305e-17,9.914523956334036e-18,1.0,-7.4499999505000005,0.0,22.1199998688,0.0
0.1,4.5,7.0,9.0,7.0,14.0,1.2835692850820658e-17,9.924079546770248e-18,1.0,-7.449999950499999,0.0,22.1199998688,0.0
0.1,5.0,1.0,3.0,0.5,6.0,3.3704290737769295e-20,-1.6368555634544893e-25,1.0,-1.4999999450000006,0.0,16.1199998688,0.0
0.1,5.0,1.0,3.0,0.5,6.0,0.45357000956283783,6.271188921118114e-23,0.9828561872020972,0.5047771355945708,0.0,15.865781665318954,0.0
0.1,5.0,1.0,3.0,0.5,6.0,0.6832624570926101,-6.529323632323912e-32,0.9610960345606474,-0.7609706033918995,0.0,15.545649418643153,0.0
0.1,5.0,1.0,3.0,0.5,8.0,3.381644923946874e-20,-1.6360748376773534e-25,1.0,-1.4999999450000006,0.0,16.1199998688,0.0
0.1,5.0,1.0,3.0,0.5,8.0,0.46171614074469125,2.0763627450072701e-22,0.9866761378359893,0.46020616396955566,0.0,15.882834743702947,0.0
0.1,5.0,1.0,3.0,0.5,8.0,0.6658957272615731,-8.215018818913682e-30,0.9722864300259237,-0.6639626378476827,0.0,15.627893906344603,0.0
0.1,5.0,1.0,3.0,0.5,10.0,3.38838794035728e-20,-1.635594002303718e-25,1.0,-1.4999999450000006,0.0,16.1199998688,0.0
0.1,5.0,1.0,3.0,0.5,10.0,0.4672768734004779,4.438704733770455e-22,0.9890826161792536,0.4297388121870776,0.0,15.893275853136942,0.0
0.1,5.0,1.0,3.0,0.5,10.0,0.6548016411693715,1.1157297112044232e-36,0.9785617405360949,-0.6023282890135139,0.0,15.675462868857299,0.0
0.1,5.0,1.0,3.0,0.5,12.0,3.3928889257226266e-20,-1.6352746368966198e-25,1.0,-1.4999999450000006,0.0,16.1199998688,0.0
0.1,5.0,1.0,3.0,0.5,12.0,5.563463104486563e-27,2.4968347342718866,2.5585459225666405,-70.75951449740666,0.0,15.092864540159281,0.0
0.1,5.0,1.0,3.0,0.5,12.0,3.139021114559156e-23,1.6387677623491241,1.671389944728689,-30.73996523284897,0.0,-8.03478022295281,0.0
0.1,5.0,1.0,3.0,0.5,12.0,0.4713506612282591,-5.67962082046126e-30,0.9907428564233202,0.4073999493384921,0.0,15.900307221539682,0.0
0.1,5.0,1.0,3.0,0.5,12.0,0.6470403340211439,1.1500199913359762e-35,0.9825557835895753,-0.5593304698161166,0.0,15.706438188946828,0.0
0.1,5.0,1.0,3.0,0.5,14.0,3.396106872370753e-20,-1.6350483324244345e-25,1.0,-1.4999999450000006,0.0,16.1199998688,0.0
0.1,5.0,1.0,3.0,0.5,14.0,1.5839353585589747e-21,3.051427023364412,2.995258616911128,-104.63210842972843,0.0,31.681062332951832,0.0
0.1,5.0,1.0,3.0,0.5,14.0,3.0761244457249797e-24,1.5040921799693372,1.4847771326810528,-25.825200460067585,0.0,-11.096257162681171,0.0
0.1,5.0,1.0,3.0,0.5,14.0,0.4744802371538425,-6.416279808313667e-30,0.9919595894482298,0.3902293875781748,0.0,15.905354043462223,0.0
0.1,5.0,1.0,3.0,0.5,14.0,0.6412780356224571,7.092266531542686e-35,0.9853129457510073,-0.5274606696578599,0.0,15.728208907954452,0.0
0.1,5.0,1.0,3.0,1.0,6.0,3.379528908698258e-20,-1.6362789862514584e-25,1.0,-1.4999999450000006,0.0,16.1199998688,0.0
0.1,5.0,1.0,3.0,1.0,6.0,0.4292010812452414,4.568832589955985e-24,0.969297738642986,0.6375087892655531,0.0,15.802296146790075,0.0
0.1,5.0,1.0,3.0,1.0,6.0,0.7442152093449632,3.4978916065143883e-26,0.9076906203632721,-1.110225754762846,0.0,15.181853010099312,0.0
0.1,5.0,1.0,3.0,1.0,8.0,3.3884851987027404e-20,-1.6356325825323639e-25,1.0,-1.4999999450000003,0.0,16.1199998688,0.0
0.1,5.0,1.0,3.0,1.0,8.0,0.44014127828470556,9.852649064143807e-24,0.9757844568937382,0.5780501816654681,0.0,15.833109772557151,0.0
0.1,5.0,1.0,3.0,1.0,8.0,0.7150742118333058,-1.2859498538214564e-31,0.9360836089463721,-0.9410788376984709,0.0,15.370372402576718,0.0
0.1,5.0,1.0,3.0,1.0,10.0,3.393867587823821e-20,-1.6352435754984767e-25,1.0,-1.4999999450000006,0.0,16.1199998688,0.0
0.1,5.0,1.0,3.0,1.0,10.0,0.44781781640051727,2.5826980631812523e-23,0.9799459203314272,0.5361976660747841,0.0,15.852481699575188,0.0
0.1,5.0,1.0,3.0,1.0,10.0,0.6963814859789322,-5.747530351622388e-30,0.9515052825985775,-0.8348016981740046,0.0,15.477225868468468,0.0
0.1,5.0,1.0,3.0,1.0,12.0,3.3974596034779614e-20,-1.6349822345087432e-25,1.0,-1.4999999450000006,0.0,16.1199998688,0.0
0.1,5.0,1.0,3.0,1.0,12.0,5.5488553110443746e-27,2.496834734271887,2.5585459225666414,-70.75951449740668,0.0,15.092865427213175,0.0
0.1,5.0,1.0,3.0,1.0,12.0,2.8541798499906774e-23,1.6387677623491241,1.671389944728689,-30.739965232848967,0.0,-8.03478022295281,0.0
0.1,5.0,1.0,3.0,1.0,12.0,0.4535700095628378,5.992758729126367e-23,0.9828561872020972,0.5047771154520156,0.0,15.865781665318954,0.0
0.1,5.0,1.0,3.0,1.0,12.0,0.6832624570926107,-5.412995078960291e-29,0.9610960345606474,-0.7609706185633751,0.0,15.54564941864315,0.0
0.1,5.0,1.0,3.0,1.0,14.0,3.400026771433717e-20,-1.6347942021164128e-25,1.0,-1.4999999450000006,0.0,16.1199998688,0.0
0.1,5.0,1.0,3.0,1.0,14.0,1.4857343180060119e-21,3.051427023364411,2.995258616911127,-104.63210842972839,0.0,31.68106341703647,0.0
0.1,5.0,1.0,3.0,1.0,14.0,3.2740352501334113e-24,1.5040921799693376,1.484777132681053,-25.825200460067595,0.0,-11.096257563451847,0.0
0.1,5.0,1.0,3.0,1.0,14.0,0.45807458878411506,1.182233747793106e-22,0.985011976507876,0.48014047722333014,0.0,15.875469727013451,0.0
0.1,5.0,1.0,3.0,1.0,14.0,0.6734897984077144,2.2657848224430317e-36,0.9676008208171955,-0.7062933562088941,0.0,15.593098417804475,0.0
0.1,5.0,1.0,3.0,3.0,6.0,3.416113697591704e-20,-1.6338858102951233e-25,1.0,-1.4999999450000006,0.0,16.1199998688,0.0
0.1,5.0,1.0,3.0,3.0,6.0,0.3770272242470799,-2.9106380801702826e-25,0.928925236088271,0.9162470167038438,0.0,15.603515500935588,0.0
0.1,5.0,1.0,3.0,3.0,6.0,0.918213104175719,-1.8027623696849563e-23,0.5784423476599951,-2.4055938778633195,0.0,13.499881192036009,0.0
0.1,5.0,1.0,3.0,3.0,8.0,3.4159506848498945e-20,-1.6338190036372124e-25,1.0,-1.4999999450000006,0.0,16.1199998688,0.0
0.1,5.0,1.0,3.0,3.0,8.0,0.39218399817620514,2.4054913569646053e-24,0.9423218918404473,0.8363344956528058,0.0,15.67009337889043,0.0
0.1,5.0,1.0,3.0,3.0,8.0,0.8644652804082885,3.752162981682362e-28,0.7197624171132322,-1.911625312449523,0.0,14.121171516502823,0.0
0.1,5.0,1.0,3.0,3.0,10.0,3.415852962023133e-20,-1.6337857235677734e-25,1.0,-1.4999999450000006,0.0,16.1199998688,0.0
0.1,5.0,1.0,3.0,3.0,10.0,0.4032454728796095,1.5824719610347152e-24,0.95121792658063,0.7773905327484316,0.0,15.714117385910612,0.0
0.1,5.0,1.0,3.0,3.0,10.0,0.8255382290049417,4.06811508962153e-26,0.7955459897354153,-1.6240632033370621,0.0,14.514360242166328,0.0
0.1,5.0,1.0,3.0,3.0,12.0,3.415787732692602e-20,-1.633759068697343e-25,1.0,-1.4999999450000006,0.0,16.1199998688,0.0
0.1,5.0,1.0,3.0,3.0,12.0,5.491380939271993e-27,2.4968347342718875,2.5585459225666414,-70.75951449740671,0.0,15.092863653105397,0.0
0.1,5.0,1.0,3.0,3.0,12.0,1.745374316551938e-23,1.638767762349124,1.6713899447286886,-30.739965232848967,0.0,-8.034779931849176,0.0
0.1,5.0,1.0,3.0,3.0,12.0,0.4118021954878817,2.8270345151532982e-24,0.9576047379478401,0.731493194062524,0.0,15.745530395546062,0.0
0.1,5.0,1.0,3.0,3.0,12.0,0.7969118167913715,-6.750275115735536e-33,0.8412328890645688,-1.4334290407323547,0.0,14.773067541362886,0.0
0.1,5.0,1.0,3.0,3.0,14.0,3.4157412643676636e-20,-1.633741411771613e-25,1.0,-1.4999999450000006,0.0,16.1199998688,0.0
0.1,5.0,1.0,3.0,3.0,14.0,1.0948018134887752e-21,3.0514270233644125,2.995258616911128,-104.63210842972845,0.0,31.681062332951843,0.0
0.1,5.0,1.0,3.0,3.0,14.0,4.082495207329413e-24,1.5040921799693374,1.484777132681053,-25.825200460067588,0.0,-11.096257563451841,0.0
0.1,5.0,1.0,3.0,3.0,14.0,0.4186861060190052,3.2756932385409595e-24,0.9624361309914233,0.69440431698686,0.0,15.769129226536934,0.0
0.1,5.0,1.0,3.0,3.0,14.0,0.7751319778083807,-9.011844568227334e-32,0.8712508036383289,-1.2963786500198191,0.0,14.952619865885662,0.0
0.1,5.0,1.0,3.0,5.0,6.0,3.4529950476984155e-20,-1.631347711962333e-25,1.0,-1.4999999450000003,0.0,16.1199998688,0.0
0.1,5.0,1.0,3.0,5.0,6.0,0.3479558768876006,1.692645106793377e-20,0.8991055897828174,1.0658833333312911,0.0,15.455578217263264,0.0
0.1,5.0,1.0,3.0,5.0,6.0,0.9928610990338326,-7.963870388502487e-26,0.1785223650211084,-3.8103871863227488,0.0,12.486138433376931,0.0
0.1,5.0,1.0,3.0,5.0,8.0,3.443582960173784e-20,-1.6319272165788792e-25,1.0,-1.4999999450000006,0.0,16.1199998688,0.0
0.1,5.0,1.0,3.0,5.0,8.0,0.3646379876908391,2.437045223221442e-22,0.9168994612079847,0.980679673306229,0.0,15.54372269676073,0.0
0.1,5.0,1.0,3.0,5.0,8.0,0.957464976880928,-1.0467247439957877e-23,0.4270380112790024,-2.9226283666940205,0.0,12.988697263385713,0.0
0.1,5.0,1.0,3.0,5.0,10.0,3.437944742830051e-20,-1.6322790916834386e-25,1.0,-1.4999999450000006,0.0,16.1199998688,0.0
0.1,5.0,1.0,3.0,5.0,10.0,0.3770272242470799,-6.820569409814775e-25,0.928925236088271,0.9162470167038438,0.0,15.603515500935588,0.0
0.1,5.0,1.0,3.0,5.0,10.0,0.9182131041757186,6.226071468734796e-29,0.5784423476599956,-2.40559387276621,0.0,13.499881192036014,0.0
0.1,5.0,1.0,3.0,5.0,12.0,3.4341899769670104e-20,-1.6325098334982157e-25,1.0,-1.4999999450000003,0.0,16.1199998688,0.0
0.1,5.0,1.0,3.0,5.0,12.0,5.432584609185784e-27,2.4968347342718875,2.5585459225666414,-70.75951449740671,0.0,15.092863653105397,0.0
0.1,5.0,1.0,3.0,5.0,12.0,6.901339374134254e-24,1.638767762349124,1.6713899447286886,-30.73996523284896,0.0,-8.034779931849176,0.0
0.1,5.0,1.0,3.0,5.0,12.0,0.3867458360644781,4.771697046418752e-24,0.9376781909528282,0.8651298806265718,0.0,15.647037505297929,0.0
0.1,5.0,1.0,3.0,5.0,12.0,0.8839631882794211,4.208113691358859e-27,0.6744204507362004,-2.0738017023065654,0.0,13.906299422421148,0.0
0.1,5.0,1.0,3.0,5.0,14.0,3.431509758301561e-20,-1.6326719197623354e-25,1.0,-1.4999999450000003,0.0,16.1199998688,0.0
0.1,5.0,1.0,3.0,5.0,14.0,7.821990316744055e-22,3.051427023364412,2.995258616911128,-104.63210842972845,0.0,31.681062332951832,0.0
0.1,5.0,1.0,3.0,5.0,14.0,4.914641304850354e-24,1.5040921799693376,1.484777132681053,-25.8252004600676,0.0,-11.096257563451847,0.0
0.1,5.0,1.0,3.0,5.0,14.0,0.3946563197363835,1.6934477298898493e-24,0.9443737104614762,0.8232016710261713,0.0,15.680267311908505,0.0
0.1,5.0,1.0,3.0,5.0,14.0,0.8556383287697492,6.87624043323187e-26,0.7385296608357538,-1.8427443707296534,0.0,14.214511505854201,0.0
0.1,5.0,1.0,3.0,7.0,6.0,3.4901742918777774e-20,-1.6286636127323184e-25,1.0,-1.4999999450000003,0.0,16.1199998688,0.0
0.1,5.0,1.0,3.0,7.0,6.0,0.3276192579451175,-9.833281954223136e-27,0.8747765587940723,1.1667322867341539,0.0,15.33627451239618,0.0
0.1,5.0,1.0,3.0,7.0,8.0,3.4713823881815135e-20,-1.6299502263798064e-25,1.0,-1.4999999450000006,0.0,16.1199998688,0.0
0.1,5.0,1.0,3.0,7.0,8.0,0.34505678430029113,3.0320018586414963e-20,0.8958188386572996,1.080480277147453,0.0,15.43936654743011,0.0
0.1,5.0,1.0,3.0,7.0,8.0,0.9961248967257151,-5.8524899688757215e-25,0.13176829135778545,-3.9863396710504437,0.0,12.437812557313206,0.0
0.1,5.0,1.0,3.0,7.0,10.0,3.460143859207177e-20,-1.630713233601454e-25,1.0,-1.4999999450000006,0.0,16.1199998688,0.0
0.1,5.0,1.0,3.0,7.0,10.0,0.358155073484576,1.7344815484678036e-21,0.9102074603360806,1.0140216975927105,0.0,15.51050918942394,0.0
0.1,5.0,1.0,3.0,7.0,10.0,0.9742325126535885,-8.334010738378635e-32,0.335609707902073,-3.2411078508405278,0.0,12.755546045267964,0.0
0.1,5.0,1.0,3.0,7.0,12.0,3.45266672000313e-20,-1.6312141294613902e-25,1.0,-1.4999999450000003,0.0,16.1199998688,0.0
0.1,5.0,1.0,3.0,7.0,12.0,5.3733114188453446e-27,2.4968347342718884,2.558545922566643,-70.75951449740677,0.0,15.092865427213196,0.0
0.1,5.0,1.0,3.0,7.0,12.0,-3.096647648250436e-24,1.6387677623491244,1.671389944728689,-30.73996523284898,0.0,-8.03477993184918,0.0
0.1,5.0,1.0,3.0,7.0,12.0,0.368523602294915,4.7317429573417763e-23,0.9207777068217546,0.9605678604237976,0.0,15.562995487307957,0.0
0.1,5.0,1.0,3.0,7.0,12.0,0.9459892669599568,8.231646891802674e-30,0.47797751229799545,-2.7479560106560155,0.0,13.143164562617198,0.0
0.1,5.0,1.0,3.0,7.0,14.0,3.4473331821980104e-20,-1.6315655423427629e-25,1.0,-1.4999999450000006,0.0,16.1199998688,0.0
0.1,5.0,1.0,3.0,7.0,14.0,5.342261975642767e-22,3.051427023364411,2.995258616911127,-104.63210842972839,0.0,31.68106341703647,0.0
0.1,5.0,1.0,3.0,7.0,14.0,5.77269911652509e-24,1.5040921799693376,1.484777132681053,-25.825200460067595,0.0,-11.096257563451847,0.0
0.1,5.0,1.0,3.0,7.0,14.0,0.37702722424707985,-8.426835412555122e-25,0.928925236088271,0.9162470250755298,0.0,15.603515500935586,0.0
0.1,5.0,1.0,3.0,7.0,14.0,0.9182131041757186,7.085401894833366e-28,0.5784423476599956,-2.40559387276621,0.0,13.499881192036014,0.0
0.1,5.0,1.0,5.0,0.5,6.0,3.335116357803032e-20,-1.2383696262340488e-25,1.0,-1.4999999450000006,0.0,18.1199998688,0.0
0.1,5.0,1.0,5.0,0.5,6.0,0.4535700095628378,5.548463116519392e-23,0.9828561872020972,0.5047771154520156,0.0,17.797794234761845,0.0
0.1,5.0,1.0,5.0,0.5,6.0,0.6832624570926102,-6.533568932467794e-35,0.9610960345606474,-0.7609706033918998,0.0,17.393060593939556,0.0
0.1,5.0,1.0,5.0,0.5,8.0,3.3551670462146685e-20,-1.2411094695803736e-25,1.0,-1.4999999450000006,0.0,18.1199998688,0.0
0.1,5.0,1.0,5.0,0.5,8.0,0.46171614074469114,1.7137921755481063e-22,0.9866761378359893,0.4602061639695552,0.0,17.829894345652836,0.0
0.1,5.0,1.0,5.0,0.5,8.0,0.6658957272615729,2.1486475676533524e-30,0.9722864300259239,-0.6639626230618269,0.0,17.518575710369717,0.0
0.1,5.0,1.0,5.0,0.5,10.0,3.367240874126906e-20,-1.2427250012474838e-25,1.0,-1.4999999450000006,0.0,18.1199998688,0.0
0.1,5.0,1.0,5.0,0.5,10.0,0.46727687340047724,3.478462408494985e-22,0.9890826161792537,0.42973881737489195,0.0,17.849844696392935,0.0
0.1,5.0,1.0,5.0,0.5,10.0,0.6548016411693718,-3.048157960411067e-36,0.9785617405360949,-0.6023282599344798,0.0,17.59062902893936,0.0
0.1,5.0,1.0,5.0,0.5,12.0,3.375308247895481e-20,-1.2437989305993533e-25,1.0,-1.4999999450000003,0.0,18.1199998688,0.0
0.1,5.0,1.0,5.0,0.5,12.0,0.4713506612282589,-3.743923740532816e-30,0.9907428564233202,0.40739996503762277,0.0,17.863450036647365,0.0
0.1,5.0,1.0,5.0,0.5,12.0,0.6470403340211439,-1.7528512868967087e-34,0.9825557835895753,-0.5593304698161166,0.0,17.637269924677476,0.0
0.1,5.0,1.0,5.0,0.5,14.0,3.381079852151956e-20,-1.2445571923296178e-25,1.0,-1.4999999450000006,0.0,18.1199998688,0.0
0.1,5.0,1.0,5.0,0.5,14.0,0.4744802371538424,-3.8535148907808814e-30,0.9919595894482298,0.39022938231038595,0.0,17.873321697658824,0.0
0.1,5.0,1.0,5.0,0.5,14.0,0.6412780356224571,-3.4959530764531076e-33,0.9853129457510073,-0.5274606696578599,0.0,17.669892110083506,0.0
0.1,5.0,1.0,5.0,1.0,6.0,3.3441428854581604e-20,-1.2395165560345302e-25,1.0,-1.4999999450000003,0.0,18.1199998688,0.0
0.1,5.0,1.0,5.0,1.0,6.0,0.42920108124524153,4.877377783662816e-24,0.969297738642986,0.6375087940306425,0.0,17.68137235906689,0.0
0.1,5.0,1.0,5.0,1.0,6.0,0.7442152093449625,2.8268274907806002e-28,0.9076906203632723,-1.1102257465003955,0.0,16.829657534690238,0.0
0.1,5.0,1.0,5.0,1.0,8.0,3.361965840770872e-20,-1.24195493741852e-25,1.0,-1.4999999450000006,0.0,18.1199998688,0.0
0.1,5.0,1.0,5.0,1.0,8.0,0.4401412782847057,9.395879272928664e-24,0.9757844568937382,0.5780501865520183,0.0,17.73742038518797,0.0
0.1,5.0,1.0,5.0,1.0,8.0,0.7150742118333059,-2.1119561957554342e-33,0.936083608946372,-0.9410788138817153,0.0,17.122877448452844,0.0
0.1,5.0,1.0,5.0,1.0,10.0,3.3726939451850944e-20,-1.2434007099166122e-25,1.0,-1.4999999450000006,0.0,18.1199998688,0.0
0.1,5.0,1.0,5.0,1.0,10.0,0.44781781640051754,2.3134678037244637e-23,0.9799459203314272,0.5361976760183381,0.0,17.7730697131236,0.0
0.1,5.0,1.0,5.0,1.0,10.0,0.696381485978932,6.687804521263213e-30,0.9515052825985775,-0.8348016904426164,0.0,17.287950474094465,0.0
0.1,5.0,1.0,5.0,1.0,12.0,3.379860205034902e-20,-1.2443520576793813e-25,1.0,-1.4999999450000003,0.0,18.1199998688,0.0
0.1,5.0,1.0,5.0,1.0,12.0,0.45357000956283766,5.1609131876103146e-23,0.9828561872020973,0.504777125523293,0.0,17.797794234761845,0.0
0.1,5.0,1.0,5.0,1.0,12.0,0.6832624570926106,4.380610954978863e-28,0.9610960345606474,-0.7609706109776375,0.0,17.393060593939552,0.0
0.1,5.0,1.0,5.0,1.0,14.0,3.3849861398933165e-20,-1.2450342066582437e-25,1.0,-1.4999999450000006,0.0,18.1199998688,0.0
0.1,5.0,1.0,5.0,1.0,14.0,0.45807458878411517,9.886748917835524e-23,0.985011976507876,0.4801404670520313,0.0,17.81596691474136,0.0
0.1,5.0,1.0,5.0,1.0,14.0,0.6734897984077144,-6.269922711336699e-35,0.9676008208171955,-0.7062933562088941,0.0,17.465601114696696,0.0
0.1,5.0,1.0,5.0,3.0,6.0,3.3804326479461185e-20,-1.2440301962670753e-25,1.0,-1.4999999450000006,0.0,18.1199998688,0.0
0.1,5.0,1.0,5.0,3.0,6.0,0.37702722424707996,1.1761113677393257e-24,0.928925236088271,0.9162470376330598,0.0,17.32931968941889,0.0
0.1,5.0,1.0,5.0,3.0,6.0,0.9182131041757186,2.4643205480378975e-25,0.5784423476599956,-2.40559387276621,0.0,14.169072291168828,0.0
0.1,5.0,1.0,5.0,3.0,8.0,3.3892646993000044e-20,-1.245297427355603e-25,1.0,-1.4999999450000006,0.0,18.1199998688,0.0
0.1,5.0,1.0,5.0,3.0,8.0,0.39218399817620503,3.2609857651278256e-24,0.9423218918404475,0.8363344869445709,0.0,17.44603447457395,0.0
0.1,5.0,1.0,5.0,3.0,8.0,0.8644652804082885,2.4920567694212196e-30,0.7197624171132322,-1.911625312449523,0.0,15.157287390680189,0.0
0.1,5.0,1.0,5.0,3.0,10.0,3.394572165567751e-20,-1.246056120494175e-25,1.0,-1.4999999450000006,0.0,18.1199998688,0.0
0.1,5.0,1.0,5.0,3.0,10.0,0.4032454728796095,1.6779296772446975e-24,0.95121792658063,0.7773905327484316,0.0,17.52374847360732,0.0
0.1,5.0,1.0,5.0,3.0,10.0,0.8255382290049417,3.4477555670905065e-26,0.7955459897354153,-1.6240632033370621,0.0,15.780147085734528,0.0
0.1,5.0,1.0,5.0,3.0,12.0,3.3981141182155796e-20,-1.2465564925011665e-25,1.0,-1.4999999450000006,0.0,18.1199998688,0.0
0.1,5.0,1.0,5.0,3.0,12.0,0.41180219548788155,3.162818139145086e-24,0.9576047379478402,0.7314932077782916,0.0,17.579544063826365,0.0
0.1,5.0,1.0,5.0,3.0,12.0,0.7969118167913717,2.6399876566125376e-24,0.8412328890645688,-1.4334290407323556,0.0,16.18841308865073,0.0
0.1,5.0,1.0,5.0,3.0,14.0,3.4006456220853543e-20,-1.2469167492528438e-25,1.0,-1.4999999450000006,0.0,18.1199998688,0.0
0.1,5.0,1.0,5.0,3.0,14.0,0.41868610601900524,3.498828560647125e-24,0.9624361309914233,0.6944043030418114,0.0,17.621695839012414,0.0
0.1,5.0,1.0,5.0,3.0,14.0,0.7751319778083807,-5.545475003817738e-31,0.8712508036383289,-1.2963786500198191,0.0,16.47077579156653,0.0
0.1,5.0,1.0,5.0,5.0,6.0,3.417017335865369e-20,-1.2484200531302347e-25,1.0,-1.4999999450000006,0.0,18.1199998688,0.0
0.1,5.0,1.0,5.0,5.0,6.0,0.3479558768876006,4.183169568527225e-20,0.8991055897828174,1.0658833333312911,0.0,17.072359940420682,0.0
0.1,5.0,1.0,5.0,5.0,6.0,0.9928610990338326,-1.0929380107903427e-26,0.1785223650211084,-3.8103871863227488,0.0,12.549878903002393,0.0
0.1,5.0,1.0,5.0,5.0,8.0,3.416729438238109e-20,-1.2485744664894558e-25,1.0,-1.4999999450000003,0.0,18.1199998688,0.0
0.1,5.0,1.0,5.0,5.0,8.0,0.3646379876908392,6.030691295080536e-22,0.9168994612079846,0.9806796733062296,0.0,17.225131940687717,0.0
0.1,5.0,1.0,5.0,5.0,8.0,0.9574649768809276,4.613528659984902e-24,0.427038011279003,-2.922628364036519,0.0,13.353420189539971,0.0
0.1,5.0,1.0,5.0,5.0,10.0,3.4165566309993e-20,-1.248670177503972e-25,1.0,-1.4999999450000006,0.0,18.1199998688,0.0
0.1,5.0,1.0,5.0,5.0,10.0,0.37702722424707996,3.3322767768101687e-25,0.928925236088271,0.9162470376330598,0.0,17.32931968941889,0.0
0.1,5.0,1.0,5.0,5.0,10.0,0.918213104175719,5.3826712808494045e-22,0.5784423476599951,-2.405593867669106,0.0,14.169072291168824,0.0
0.1,5.0,1.0,5.0,5.0,12.0,3.416441399246975e-20,-1.2487313142241267e-25,1.0,-1.4999999450000006,0.0,18.1199998688,0.0
0.1,5.0,1.0,5.0,5.0,12.0,0.38674583606447804,7.323572243273143e-24,0.9376781909528282,0.8651298935077956,0.0,17.40551828487506,0.0
0.1,5.0,1.0,5.0,5.0,12.0,0.8839631882794211,1.8942890339238924e-27,0.6744204507362004,-2.0738017023065654,0.0,14.815985311163589,0.0
0.1,5.0,1.0,5.0,5.0,14.0,3.4163591254721817e-20,-1.2487725753472553e-25,1.0,-1.4999999450000006,0.0,18.1199998688,0.0
0.1,5.0,1.0,5.0,5.0,14.0,0.3946563197363835,2.1252819976695062e-24,0.9443737104614762,0.8232016710261713,0.0,17.46395072193006,0.0
0.1,5.0,1.0,5.0,5.0,14.0,0.8556383287697491,2.622557848867389e-25,0.7385296608357539,-1.842744351730665,0.0,15.30536362572255,0.0
0.1,5.0,1.0,5.0,7.0,6.0,3.453898484023688e-20,-1.252670904073728e-25,1.0,-1.4999999450000006,0.0,18.1199998688,0.0
0.1,5.0,1.0,5.0,7.0,6.0,0.32761925794511754,-3.1908985274534585e-26,0.8747765587940723,1.1667322830968496,0.0,16.866742568027377,0.0
0.1,5.0,1.0,5.0,7.0,8.0,3.4443610471323057e-20,-1.2517753004272692e-25,1.0,-1.4999999450000003,0.0,18.1199998688,0.0
0.1,5.0,1.0,5.0,7.0,8.0,0.3450567843002911,7.748811328162108e-20,0.8958188386572996,1.0804802733165528,0.0,17.044349330816736,0.0
0.1,5.0,1.0,5.0,7.0,8.0,0.996124896725715,-1.2259047919298208e-25,0.13176829135778567,-3.9863396682856407,0.0,12.472538322527907,0.0
0.1,5.0,1.0,5.0,7.0,10.0,3.4386479069352387e-20,-1.2512343144096106e-25,1.0,-1.4999999450000006,0.0,18.1199998688,0.0
0.1,5.0,1.0,5.0,7.0,10.0,0.3581550734845759,4.157842937991792e-21,0.9102074603360806,1.014021717474311,0.0,17.16746443112686,0.0
0.1,5.0,1.0,5.0,7.0,10.0,0.9742325126535885,1.815068442034223e-23,0.335609707902073,-3.2411078508405278,0.0,12.980813797344194,0.0
0.1,5.0,1.0,5.0,7.0,12.0,3.4348430780658865e-20,-1.250870637206352e-25,1.0,-1.4999999450000003,0.0,18.1199998688,0.0
0.1,5.0,1.0,5.0,7.0,12.0,0.36852360229491504,1.3783342820848455e-22,0.9207777068217546,0.9605678645152317,0.0,17.258658658067816,0.0
0.1,5.0,1.0,5.0,7.0,12.0,0.9459892669599571,8.073130055046299e-22,0.4779775122979951,-2.7479560237842553,0.0,13.600089567142355,0.0
0.1,5.0,1.0,5.0,7.0,14.0,3.432127316483491e-20,-1.250609727624926e-25,1.0,-1.4999999450000006,0.0,18.1199998688,0.0
0.1,5.0,1.0,5.0,7.0,14.0,0.3770272242470799,1.9362704933702442e-26,0.928925236088271,0.9162470167038438,0.0,17.32931968941889,0.0
0.1,5.0,1.0,5.0,7.0,14.0,0.9182131041757186,2.3136852994293516e-31,0.5784423476599956,-2.40559387276621,0.0,14.169072291168828,0.0
0.1,5.0,1.0,7.0,0.5,6.0,3.3000590863498424e-20,-8.420365551352025e-26,1.0,-1.4999999450000006,0.0,20.1199998688,0.0
0.1,5.0,1.0,7.0,0.5,6.0,0.45357000956283794,4.8308068476419826e-23,0.9828561872020972,0.5047771305589323,0.0,19.729806804204735,0.0
0.1,5.0,1.0,7.0,0.5,6.0,0.6832624570926111,5.82967715920262e-25,0.9610960345606473,-0.7609705882204272,0.0,19.240471769235956,0.0
0.1,5.0,1.0,7.0,0.5,8.0,3.3288086108587556e-20,-8.483183839459697e-26,1.0,-1.4999999450000006,0.0,20.1199998688,0.0
0.1,5.0,1.0,7.0,0.5,8.0,0.4617161407446914,1.4072522504851287e-22,0.9866761378359893,0.46020618447387157,0.0,19.77695394760272,0.0
0.1,5.0,1.0,7.0,0.5,8.0,0.665895727261573,-5.4229733520948166e-30,0.9722864300259239,-0.6639626304547548,0.0,19.409257514394827,0.0
0.1,5.0,1.0,7.0,0.5,10.0,3.346149121561028e-20,-8.520609280511007e-26,1.0,-1.4999999450000003,0.0,20.1199998688,0.0
0.1,5.0,1.0,7.0,0.5,10.0,0.4672768734004775,2.7381835967853177e-22,0.9890826161792537,0.429738801811446,0.0,19.806413539648936,0.0
0.1,5.0,1.0,7.0,0.5,10.0,0.6548016411693716,-1.84832345435326e-35,0.9785617405360949,-0.6023282744739967,0.0,19.505795189021423,0.0
0.1,5.0,1.0,7.0,0.5,12.0,3.357747340815887e-20,-8.545486594639855e-26,1.0,-1.4999999450000006,0.0,20.1199998688,0.0
0.1,5.0,1.0,7.0,0.5,12.0,0.47135066122825914,-2.5241866505517933e-30,0.9907428564233202,0.40739997027066677,0.0,19.82659285175504,0.0
0.1,5.0,1.0,7.0,0.5,12.0,0.6470403340211437,1.5997911030502557e-33,0.9825557835895753,-0.5593304841832978,0.0,19.568101660408125,0.0
0.1,5.0,1.0,7.0,0.5,14.0,3.366050529721493e-20,-8.56318635305196e-26,1.0,-1.4999999450000006,0.0,20.1199998688,0.0
0.1,5.0,1.0,7.0,0.5,14.0,0.4744802371538424,-2.3485916335643782e-30,0.9919595894482298,0.39022938231038595,0.0,19.841289351855423,0.0
0.1,5.0,1.0,7.0,0.5,14.0,0.6412780356224572,3.460977042849917e-31,0.9853129457510073,-0.5274606767774765,0.0,19.611575312212562,0.0
0.1,5.0,1.0,7.0,1.0,6.0,3.309012700538134e-20,-8.43837284225765e-26,1.0,-1.4999999450000006,0.0,20.1199998688,0.0
0.1,5.0,1.0,7.0,1.0,6.0,0.4292010812452415,5.099330011626376e-24,0.969297738642986,0.6375087749702852,0.0,19.560448571343706,0.0
0.1,5.0,1.0,7.0,1.0,6.0,0.7442152093449623,1.1160630175592897e-26,0.9076906203632723,-1.1102257547628436,0.0,18.477462059281166,0.0
0.1,5.0,1.0,7.0,1.0,8.0,3.3355660766765903e-20,-8.496565817010881e-26,1.0,-1.4999999450000003,0.0,20.1199998688,0.0
0.1,5.0,1.0,7.0,1.0,8.0,0.4401412782847057,8.818998309145474e-24,0.9757844568937382,0.5780501865520183,0.0,19.64173099781878,0.0
0.1,5.0,1.0,7.0,1.0,8.0,0.7150742118333057,-9.755291847876644e-32,0.9360836089463721,-0.9410788376984707,0.0,18.875382494328974,0.0
0.1,5.0,1.0,7.0,1.0,10.0,3.35157547484699e-20,-8.531285095378734e-26,1.0,-1.4999999450000006,0.0,20.1199998688,0.0
0.1,5.0,1.0,7.0,1.0,10.0,0.44781781640051715,2.041763203152359e-23,0.9799459203314272,0.5361976611030074,0.0,19.693657726672015,0.0
0.1,5.0,1.0,7.0,1.0,10.0,0.696381485978932,1.1692401641617884e-28,0.9515052825985775,-0.8348016904426164,0.0,19.098675079720465,0.0
0.1,5.0,1.0,7.0,1.0,12.0,3.362280617729072e-20,-8.554340171631401e-26,1.0,-1.4999999450000006,0.0,20.1199998688,0.0
0.1,5.0,1.0,7.0,1.0,12.0,0.45357000956283783,4.3931203905850404e-23,0.9828561872020972,0.5047771355945708,0.0,19.72980680420473,0.0
0.1,5.0,1.0,7.0,1.0,12.0,0.6832624570926102,-1.131085316452205e-34,0.9610960345606474,-0.7609706033918998,0.0,19.24047176923596,0.0
0.1,5.0,1.0,7.0,1.0,14.0,3.369943145556733e-20,-8.570748324385602e-26,1.0,-1.4999999450000003,0.0,20.1199998688,0.0
0.1,5.0,1.0,7.0,1.0,14.0,0.45807458878411533,8.210846267990599e-23,0.985011976507876,0.48014047213768124,0.0,19.756464102469266,0.0
0.1,5.0,1.0,7.0,1.0,14.0,0.6734897984077144,-1.8984782482869487e-33,0.9676008208171955,-0.7062933562088941,0.0,19.338103811588915,0.0
0.1,5.0,1.0,7.0,3.0,6.0,3.345009446007102e-20,-8.509912819674276e-26,1.0,-1.4999999450000003,0.0,20.1199998688,0.0
0.1,5.0,1.0,7.0,3.0,6.0,0.3770272242470799,2.7018244908205496e-24,0.928925236088271,0.9162470167038438,0.0,19.055123877902197,0.0
0.1,5.0,1.0,7.0,3.0,6.0,0.9182131041757186,1.0675989125868694e-25,0.5784423476599956,-2.40559387276621,0.0,14.838263390301643,0.0
0.1,5.0,1.0,7.0,3.0,8.0,3.3626993375244986e-20,-8.549880796400969e-26,1.0,-1.4999999450000003,0.0,20.1199998688,0.0
0.1,5.0,1.0,7.0,3.0,8.0,0.3921839981762051,3.965739356014111e-24,0.9423218918404473,0.8363344651739855,0.0,19.221975570257463,0.0
0.1,5.0,1.0,7.0,3.0,8.0,0.8644652804082884,7.12516741298948e-28,0.7197624171132322,-1.9116253316445075,0.0,16.193403264857555,0.0
0.1,5.0,1.0,7.0,3.0,10.0,3.373347349206558e-20,-8.573743068411927e-26,1.0,-1.4999999450000006,0.0,20.1199998688,0.0
0.1,5.0,1.0,7.0,3.0,10.0,0.40324547287960955,1.6597196121085756e-24,0.95121792658063,0.7773905058868873,0.0,19.33337956130402,0.0
0.1,5.0,1.0,7.0,3.0,10.0,0.8255382290049418,1.0994682552898007e-24,0.7955459897354153,-1.6240632033370623,0.0,17.045933929302734,0.0
0.1,5.0,1.0,7.0,3.0,12.0,3.380460153317073e-20,-8.58959670741654e-26,1.0,-1.4999999450000006,0.0,20.1199998688,0.0
0.1,5.0,1.0,7.0,3.0,12.0,0.4118021954878815,3.3819442236118856e-24,0.9576047379478402,0.7314932169221372,0.0,19.413557732106668,0.0
0.1,5.0,1.0,7.0,3.0,12.0,0.7969118167913714,-2.1271706393419362e-31,0.841232889064569,-1.4334290318848557,0.0,17.603758635938576,0.0
0.1,5.0,1.0,7.0,3.0,14.0,3.3855479401242885e-20,-8.600908849537893e-26,1.0,-1.4999999450000006,0.0,20.1199998688,0.0
0.1,5.0,1.0,7.0,3.0,14.0,0.4186861060190052,3.620279416247463e-24,0.9624361309914233,0.69440431698686,0.0,19.474262451487895,0.0
0.1,5.0,1.0,7.0,3.0,14.0,0.7751319778083807,2.5095529213784066e-28,0.8712508036383289,-1.2963786500198191,0.0,17.988931717247397,0.0
0.1,5.0,1.0,7.0,5.0,6.0,3.381299329664095e-20,-8.580695213287978e-26,1.0,-1.4999999450000006,0.0,20.1199998688,0.0
0.1,5.0,1.0,7.0,5.0,6.0,0.34795587688760066,7.185883578929375e-20,0.8991055897828174,1.0658833333312914,0.0,18.6891416635781,0.0
0.1,5.0,1.0,7.0,5.0,6.0,0.9928610990338325,7.601610413744991e-30,0.17852236502110852,-3.8103871863227474,0.0,12.613619372627852,0.0
0.1,5.0,1.0,7.0,5.0,8.0,3.3899975902084556e-20,-8.602684402872222e-26,1.0,-1.4999999450000006,0.0,20.1199998688,0.0
0.1,5.0,1.0,7.0,5.0,8.0,0.3646379876908391,9.8744213569152e-22,0.9168994612079847,0.980679673306229,0.0,18.906541184614703,0.0
0.1,5.0,1.0,7.0,5.0,8.0,0.9574649768809276,5.2668430263282044e-27,0.427038011279003,-2.922628364036519,0.0,13.71814311569422,0.0
0.1,5.0,1.0,7.0,5.0,10.0,3.3952249839388786e-20,-8.61587548224732e-26,1.0,-1.4999999450000006,0.0,20.1199998688,0.0
0.1,5.0,1.0,7.0,5.0,10.0,0.3770272242470798,1.1865728219820108e-24,0.9289252360882712,0.9162470250755295,0.0,19.05512387790219,0.0
0.1,5.0,1.0,7.0,5.0,10.0,0.9182131041757187,2.0779387800728594e-27,0.5784423476599955,-2.405593867669104,0.0,14.83826339030164,0.0
0.1,5.0,1.0,7.0,5.0,12.0,3.3987132385093445e-20,-8.624662345025592e-26,1.0,-1.4999999450000006,0.0,20.1199998688,0.0
0.1,5.0,1.0,7.0,5.0,12.0,0.38674583606447815,9.838197526790611e-24,0.9376781909528282,0.8651298935077959,0.0,19.163999064452202,0.0
0.1,5.0,1.0,7.0,5.0,12.0,0.8839631882794211,5.279305792183672e-25,0.6744204507362004,-2.0738017023065654,0.0,15.725671199906028,0.0
0.1,5.0,1.0,7.0,5.0,14.0,3.401206473158885e-20,-8.630939335900339e-26,1.0,-1.4999999450000006,0.0,20.1199998688,0.0
0.1,5.0,1.0,7.0,5.0,14.0,0.3946563197363833,2.4481251473720486e-24,0.9443737104614762,0.8232016710261707,0.0,19.247634131951614,0.0
0.1,5.0,1.0,7.0,5.0,14.0,0.8556383287697492,3.0974371796874263e-23,0.7385296608357538,-1.8427443707296534,0.0,16.396215745590894,0.0
0.1,5.0,1.0,7.0,7.0,6.0,3.417883956998828e-20,-8.650646221463287e-26,1.0,-1.4999999450000003,0.0,20.1199998688,0.0
0.1,5.0,1.0,7.0,7.0,6.0,0.32761925794511754,-6.539037217063282e-26,0.8747765587940723,1.1667322830968496,0.0,18.397210623658577,0.0
0.1,5.0,1.0,7.0,7.0,8.0,3.417462046418812e-20,-8.655094041114052e-26,1.0,-1.4999999450000003,0.0,20.1199998688,0.0
0.1,5.0,1.0,7.0,7.0,8.0,0.34505678430029113,1.3713885536653466e-19,0.8958188386572996,1.080480277147453,0.0,18.649332114203364,0.0
0.1,5.0,1.0,7.0,7.0,8.0,0.9961248967257151,-2.341159257105766e-24,0.13176829135778545,-3.9863396710504437,0.0,12.507264087742607,0.0
0.1,5.0,1.0,7.0,7.0,10.0,3.417208924304609e-20,-8.657756138520382e-26,1.0,-1.4999999450000006,0.0,20.1199998688,0.0
0.1,5.0,1.0,7.0,7.0,10.0,0.35815507348457587,6.9093697825119e-21,0.9102074603360807,1.0140216975927099,0.0,18.824419672829773,0.0
0.1,5.0,1.0,7.0,7.0,10.0,0.9742325126535885,3.1826805073435604e-27,0.335609707902073,-3.2411078508405278,0.0,13.206081549420423,0.0
0.1,5.0,1.0,7.0,7.0,12.0,3.4170402368129916e-20,-8.659532924449876e-26,1.0,-1.4999999450000006,0.0,20.1199998688,0.0
0.1,5.0,1.0,7.0,7.0,12.0,0.36852360229491493,2.349851733169767e-22,0.9207777068217546,0.9605678686066652,0.0,18.954321828827673,0.0
0.1,5.0,1.0,7.0,7.0,12.0,0.9459892669599568,7.574820560452011e-27,0.47797751229799545,-2.7479560106560155,0.0,14.05701457166752,0.0
0.1,5.0,1.0,7.0,7.0,14.0,3.4169195322592507e-20,-8.66082175676866e-26,1.0,-1.4999999450000003,0.0,20.1199998688,0.0
0.1,5.0,1.0,7.0,7.0,14.0,0.37702722424707996,6.937384795476518e-25,0.928925236088271,0.9162470376330596,0.0,19.05512387790219,0.0
0.1,5.0,1.0,7.0,7.0,14.0,0.9182131041757186,4.914890880719243e-25,0.5784423476599956,-2.40559387276621,0.0,14.83826339030164,0.0
0.1,5.0,1.0,9.0,0.5,6.0,3.265263893422029e-20,-5.57852911518112e-26,1.0,-1.4999999450000006,0.0,22.1199998688,0.0
0.1,5.0,1.0,9.0,0.5,6.0,0.45357000956283783,4.1350775198278246e-23,0.9828561872020972,0.5047771355945708,0.0,21.661819373647624,0.0
0.1,5.0,1.0,9.0,0.5,6.0,0.6832624570926102,-3.464507463808459e-31,0.9610960345606474,-0.7609706033918998,0.0,21.08788294453236,0.0
0.1,5.0,1.0,9.0,0.5,8.0,3.3025800485135684e-20,-5.664248096997116e-26,1.0,-1.4999999450000006,0.0,22.1199998688,0.0
0.1,5.0,1.0,9.0,0.5,8.0,0.4617161407446913,1.145864483272031e-22,0.9866761378359893,0.46020616909563467,0.0,21.724013549552616,0.0
0.1,5.0,1.0,9.0,0.5,8.0,0.6658957272615742,3.169947753072909e-25,0.9722864300259237,-0.6639626156689018,0.0,21.299939318419938,0.0
0.1,5.0,1.0,9.0,0.5,10.0,3.325124415861207e-20,-5.715518971381428e-26,1.0,-1.4999999450000006,0.0,22.1199998688,0.0
0.1,5.0,1.0,9.0,0.5,10.0,0.4672768734004778,2.1542811240797186e-22,0.9890826161792536,0.42973880181144647,0.0,21.76298238290493,0.0
0.1,5.0,1.0,9.0,0.5,10.0,0.6548016411693717,-1.7493061582538681e-31,0.9785617405360949,-0.6023282599344796,0.0,21.42096134910349,0.0
0.1,5.0,1.0,9.0,0.5,12.0,3.34021874547897e-20,-5.749658775947614e-26,1.0,-1.4999999450000003,0.0,22.1199998688,0.0
0.1,5.0,1.0,9.0,0.5,12.0,0.47135066122825914,-1.7253651704392018e-30,0.9907428564233202,0.40739997027066677,0.0,21.789735666862722,0.0
0.1,5.0,1.0,9.0,0.5,12.0,0.6470403340211438,-1.0130784592787776e-29,0.9825557835895753,-0.5593304769997073,0.0,21.498933396138774,0.0
0.1,5.0,1.0,9.0,0.5,14.0,3.351032294257736e-20,-5.77400006525434e-26,1.0,-1.4999999450000006,0.0,22.1199998688,0.0
0.1,5.0,1.0,9.0,0.5,14.0,0.4744802371538424,-1.4309520308266025e-30,0.9919595894482298,0.39022938231038595,0.0,21.80925700605203,0.0
0.1,5.0,1.0,9.0,0.5,14.0,0.6412780356224569,-6.512500084955426e-37,0.9853129457510073,-0.5274606696578593,0.0,21.553258514341614,0.0
0.1,5.0,1.0,9.0,1.0,6.0,3.274144907163491e-20,-5.597070890164911e-26,1.0,-1.4999999450000006,0.0,22.1199998688,0.0
0.1,5.0,1.0,9.0,1.0,6.0,0.4292010812452416,5.256178633765791e-24,0.969297738642986,0.6375087987957323,0.0,21.439524783620513,0.0
0.1,5.0,1.0,9.0,1.0,6.0,0.7442152093449624,-4.673955498756508e-31,0.9076906203632723,-1.1102257630252925,0.0,20.12526658387209,0.0
0.1,5.0,1.0,9.0,1.0,8.0,3.309296387541426e-20,-5.678100309603522e-26,1.0,-1.4999999450000003,0.0,22.1199998688,0.0
0.1,5.0,1.0,9.0,1.0,8.0,0.4401412782847055,8.178838473419528e-24,0.9757844568937382,0.5780501621192684,0.0,21.5460416104496,0.0
0.1,5.0,1.0,9.0,1.0,8.0,0.7150742118333059,2.8220703090028677e-26,0.936083608946372,-0.9410788138817153,0.0,20.627887540205105,0.0
0.1,5.0,1.0,9.0,1.0,10.0,3.3305244350768866e-20,-5.726590911520117e-26,1.0,-1.4999999450000006,0.0,22.1199998688,0.0
0.1,5.0,1.0,9.0,1.0,10.0,0.4478178164005172,1.7796610119490568e-23,0.9799459203314272,0.5361976461876777,0.0,21.614245740220436,0.0
0.1,5.0,1.0,9.0,1.0,10.0,0.6963814859789321,6.7238540767585475e-25,0.9515052825985775,-0.8348016981740043,0.0,20.90939968534646,0.0
0.1,5.0,1.0,9.0,1.0,12.0,3.34473382684206e-20,-5.758852857353328e-26,1.0,-1.4999999450000006,0.0,22.1199998688,0.0
0.1,5.0,1.0,9.0,1.0,12.0,0.4535700095628379,3.69917964710129e-23,0.9828561872020972,0.5047771255232935,0.0,21.661819373647624,0.0
0.1,5.0,1.0,9.0,1.0,12.0,0.6832624570926104,-4.436007347835092e-31,0.9610960345606474,-0.7609706261491114,0.0,21.08788294453236,0.0
0.1,5.0,1.0,9.0,1.0,14.0,3.3549114401352475e-20,-5.781870493527875e-26,1.0,-1.4999999450000006,0.0,22.1199998688,0.0
0.1,5.0,1.0,9.0,1.0,14.0,0.4580745887841152,6.766802617736793e-23,0.985011976507876,0.4801404568807321,0.0,21.69696129019717,0.0
0.1,5.0,1.0,9.0,1.0,14.0,0.6734897984077145,-3.749922805422576e-30,0.9676008208171955,-0.7062933487316555,0.0,21.210606508481142,0.0
0.1,5.0,1.0,9.0,3.0,6.0,3.309850200713505e-20,-5.671107489087045e-26,1.0,-1.4999999450000006,0.0,22.1199998688,0.0
0.1,5.0,1.0,9.0,3.0,6.0,0.37702722424707985,4.05283364286265e-24,0.928925236088271,0.9162470376330591,0.0,20.780928066385492,0.0
0.1,5.0,1.0,9.0,3.0,6.0,0.9182131041757186,-1.0744881488872172e-25,0.5784423476599956,-2.40559387276621,0.0,15.50745448943446,0.0
0.1,5.0,1.0,9.0,3.0,8.0,3.336264717137803e-20,-5.733452922874771e-26,1.0,-1.4999999450000003,0.0,22.1199998688,0.0
0.1,5.0,1.0,9.0,3.0,8.0,0.39218399817620514,4.491434093885904e-24,0.9423218918404473,0.8363344956528058,0.0,20.99791666594099,0.0
0.1,5.0,1.0,9.0,3.0,8.0,0.8644652804082886,-2.7388654053213956e-24,0.7197624171132321,-1.9116253220470163,0.0,17.22951913903492,0.0
0.1,5.0,1.0,9.0,3.0,10.0,3.352190165361758e-20,-5.770782529652049e-26,1.0,-1.4999999450000006,0.0,22.1199998688,0.0
0.1,5.0,1.0,9.0,3.0,10.0,0.4032454728796095,1.5607919186436557e-24,0.95121792658063,0.7773905327484316,0.0,21.143010649000736,0.0
0.1,5.0,1.0,9.0,3.0,10.0,0.8255382290049417,5.151436368865039e-28,0.7955459897354153,-1.6240632033370621,0.0,18.31172077287094,0.0
0.1,5.0,1.0,9.0,3.0,12.0,3.362839186785776e-20,-5.795629337050578e-26,1.0,-1.4999999450000006,0.0,22.1199998688,0.0
0.1,5.0,1.0,9.0,3.0,12.0,0.41180219548788166,3.530593819932886e-24,0.9576047379478401,0.7314931894906009,0.0,21.24757140038697,0.0
0.1,5.0,1.0,9.0,3.0,12.0,0.7969118167913714,1.3820293399066e-26,0.841232889064569,-1.4334290318848557,0.0,19.019104183226418,0.0
0.1,5.0,1.0,9.0,3.0,14.0,3.370461587467999e-20,-5.8133562125563e-26,1.0,-1.4999999450000006,0.0,22.1199998688,0.0
0.1,5.0,1.0,9.0,3.0,14.0,0.418686106019005,3.6874351451089274e-24,0.9624361309914233,0.6944043076901604,0.0,21.326829063963377,0.0
0.1,5.0,1.0,9.0,3.0,14.0,0.7751319778083807,1.3358522990839268e-24,0.8712508036383289,-1.2963786500198191,0.0,19.507087642928266,0.0
0.1,5.0,1.0,9.0,5.0,6.0,3.3458474712482913e-20,-5.744828697721487e-26,1.0,-1.4999999450000003,0.0,22.1199998688,0.0
0.1,5.0,1.0,9.0,5.0,6.0,0.3479558768876006,1.0279691419744425e-19,0.8991055897828174,1.0658833333312911,0.0,20.305923386735518,0.0
0.1,5.0,1.0,9.0,5.0,6.0,0.9928610990338326,-5.551451175719917e-28,0.1785223650211084,-3.8103871863227488,0.0,12.677359842253312,0.0
0.1,5.0,1.0,9.0,5.0,8.0,3.3633974327250536e-20,-5.788597381637631e-26,1.0,-1.4999999450000003,0.0,22.1199998688,0.0
0.1,5.0,1.0,9.0,5.0,8.0,0.36463798769083916,1.3308855418805882e-21,0.9168994612079846,0.9806796854511141,0.0,20.58795042854169,0.0
0.1,5.0,1.0,9.0,5.0,8.0,0.9574649768809276,5.954946545318486e-25,0.427038011279003,-2.922628364036519,0.0,14.082866041848472,0.0
0.1,5.0,1.0,9.0,5.0,10.0,3.373961373291633e-20,-5.8148522749371e-26,1.0,-1.4999999450000003,0.0,22.1199998688,0.0
0.1,5.0,1.0,9.0,5.0,10.0,0.37702722424707996,1.478927434470086e-24,0.928925236088271,0.9162470376330598,0.0,20.780928066385492,0.0
0.1,5.0,1.0,9.0,5.0,10.0,0.9182131041757186,-1.2957448665403329e-27,0.5784423476599956,-2.40559387276621,0.0,15.50745448943446,0.0
0.1,5.0,1.0,9.0,5.0,12.0,3.381018116528602e-20,-5.832311215068959e-26,1.0,-1.4999999450000006,0.0,22.1199998688,0.0
0.1,5.0,1.0,9.0,5.0,12.0,0.386745836064478,1.2227842985448235e-23,0.9376781909528283,0.865129902095278,0.0,20.922479844029343,0.0
0.1,5.0,1.0,9.0,5.0,12.0,0.8839631882794214,-6.31913497564533e-20,0.6744204507362,-2.073801682678641,0.0,16.635357088648465,0.0
0.1,5.0,1.0,9.0,5.0,14.0,3.38606575599554e-20,-5.844775063297056e-26,1.0,-1.4999999450000006,0.0,22.1199998688,0.0
0.1,5.0,1.0,9.0,5.0,14.0,0.39465631973638327,2.6647031618111776e-24,0.9443737104614763,0.8232016666446053,0.0,21.031317541973166,0.0
0.1,5.0,1.0,9.0,5.0,14.0,0.8556383287697492,2.889087798464784e-27,0.7385296608357538,-1.8427443707296534,0.0,17.487067865459245,0.0
0.1,5.0,1.0,9.0,7.0,6.0,3.3821374962691587e-20,-5.818214178248022e-26,1.0,-1.4999999450000003,0.0,22.1199998688,0.0
0.1,5.0,1.0,9.0,7.0,6.0,0.3276192579451175,-1.0595791708166058e-25,0.8747765587940723,1.1667322867341539,0.0,19.927678679289777,0.0
0.1,5.0,1.0,9.0,7.0,8.0,3.390695624824493e-20,-5.843568198556705e-26,1.0,-1.4999999450000003,0.0,22.1199998688,0.0
0.1,5.0,1.0,9.0,7.0,8.0,0.3450567843002912,2.016432881063434e-19,0.8958188386572995,1.0804802771474538,0.0,20.254314897589992,0.0
0.1,5.0,1.0,9.0,7.0,8.0,0.9961248967257151,6.116080644464753e-23,0.13176829135778545,-3.9863396710504437,0.0,12.541989852957306,0.0
0.1,5.0,1.0,9.0,7.0,10.0,3.3958387656858836e-20,-5.858766713231436e-26,1.0,-1.4999999450000006,0.0,22.1199998688,0.0
0.1,5.0,1.0,9.0,7.0,10.0,0.358155073484576,9.58552766970039e-21,0.9102074603360806,1.0140216975927105,0.0,20.481374914532694,0.0
0.1,5.0,1.0,9.0,7.0,10.0,0.9742325126535885,-5.9844935052562296e-21,0.335609707902073,-3.2411078508405278,0.0,13.431349301496654,0.0
0.1,5.0,1.0,9.0,7.0,12.0,3.399270777629251e-20,-5.868879848406611e-26,1.0,-1.4999999450000006,0.0,22.1199998688,0.0
0.1,5.0,1.0,9.0,7.0,12.0,0.368523602294915,3.2015420016125216e-22,0.9207777068217546,0.9605678604237976,0.0,20.649984999587534,0.0
0.1,5.0,1.0,9.0,7.0,12.0,0.9459892669599568,4.2768498421845476e-26,0.47797751229799545,-2.7479560106560155,0.0,14.513939576192682,0.0
0.1,5.0,1.0,9.0,7.0,14.0,3.401723925523032e-20,-5.876117801286409e-26,1.0,-1.4999999450000003,0.0,22.1199998688,0.0
0.1,5.0,1.0,9.0,7.0,14.0,0.37702722424707996,7.389098382719647e-25,0.928925236088271,0.9162470376330596,0.0,20.78092806638549,0.0
0.1,5.0,1.0,9.0,7.0,14.0,0.9182131041757188,-1.2016026243554485e-19,0.5784423476599954,-2.4055938676691047,0.0,15.507454489434455,0.0
0.1,5.0,3.0,3.0,0.5,6.0,2.3289014137400923e-23,-1.6367645363015978e-25,1.0,-3.499999945000001,0.0,16.1199998688,0.0
0.1,5.0,3.0,3.0,0.5,8.0,2.3563425714169294e-23,-1.635992808469162e-25,1.0,-3.499999945000001,0.0,16.1199998688,0.0
0.1,5.0,3.0,3.0,0.5,10.0,2.3729154937949234e-23,-1.6355220495609956e-25,1.0,-3.4999999450000003,0.0,16.1199998688,0.0
0.1,5.0,3.0,3.0,0.5,12.0,2.3840094616417954e-23,-1.63520536504838e-25,1.0,-3.4999999450000003,0.0,16.1199998688,0.0
0.1,5.0,3.0,3.0,0.5,12.0,5.0421754982991585e-27,2.4968347342718866,2.5585459225666405,-83.85182897317142,0.0,15.092864540159281,0.0
0.1,5.0,3.0,3.0,0.5,12.0,2.290105490801117e-23,1.6387677623491237,1.6713899447286886,-36.32705392752929,0.0,-8.034779931849172,0.0
0.1,5.0,3.0,3.0,0.5,14.0,2.3919557758692225e-23,-1.6349772733132064e-25,1.0,-3.4999999450000003,0.0,16.1199998688,0.0
0.1,5.0,3.0,3.0,0.5,14.0,2.4080617036353783e-21,3.0514270233644116,2.9952586169111273,-122.57525679408911,0.0,31.681065585205783,0.0
0.1,5.0,3.0,3.0,0.5,14.0,1.7678394579677768e-24,1.5040921799693374,1.484777132681053,-30.234326727532725,0.0,-11.096257563451841,0.0
0.1,5.0,3.0,3.0,1.0,6.0,2.3508868093964208e-23,-1.6361501492418987e-25,1.0,-3.499999945000001,0.0,16.1199998688,0.0
0.1,5.0,3.0,3.0,1.0,8.0,2.3729536943842587e-23,-1.6355238984537422e-25,1.0,-3.4999999450000003,0.0,16.1199998688,0.0
0.1,5.0,3.0,3.0,1.0,10.0,2.3862633161341024e-23,-1.635142718399149e-25,1.0,-3.4999999450000003,0.0,16.1199998688,0.0
0.1,5.0,3.0,3.0,1.0,12.0,2.3951650592468878e-23,-1.6348868932727762e-25,1.0,-3.4999999450000003,0.0,16.1199998688,0.0
0.1,5.0,3.0,3.0,1.0,12.0,5.0359616779265876e-27,2.496834734271887,2.5585459225666414,-83.85182897317145,0.0,15.092865427213175,0.0
0.1,5.0,3.0,3.0,1.0,12.0,2.1152746659980535e-23,1.6387677623491244,1.671389944728689,-36.32705392752932,0.0,-8.03477993184918,0.0
0.1,5.0,3.0,3.0,1.0,14.0,2.4015380495634195e-23,-1.6347032057784003e-25,1.0,-3.499999945000001,0.0,16.1199998688,0.0
0.1,5.0,3.0,3.0,1.0,14.0,2.290322560078685e-21,3.0514270233644116,2.9952586169111273,-122.57525679408909,0.0,31.681065585205783,0.0
0.1,5.0,3.0,3.0,1.0,14.0,1.8712196795969904e-24,1.5040921799693374,1.484777132681053,-30.234326727532725,0.0,-11.096257563451841,0.0
0.1,5.0,3.0,3.0,3.0,6.0,2.4402803299608396e-23,-1.6335944247982573e-25,1.0,-3.499999945000001,0.0,16.1199998688,0.0
0.1,5.0,3.0,3.0,3.0,8.0,2.4402156236450888e-23,-1.6335917439037747e-25,1.0,-3.499999945000001,0.0,16.1199998688,0.0
0.1,5.0,3.0,3.0,3.0,10.0,2.4401776399925024e-23,-1.6335893711580832e-25,1.0,-3.499999945000001,0.0,16.1199998688,0.0
0.1,5.0,3.0,3.0,3.0,12.0,2.4401521795067864e-23,-1.63358844671171e-25,1.0,-3.499999945000001,0.0,16.1199998688,0.0
0.1,5.0,3.0,3.0,3.0,12.0,5.0017371324428486e-27,2.496834734271887,2.5585459225666414,-83.85182897317145,0.0,15.092865427213175,0.0
0.1,5.0,3.0,3.0,3.0,12.0,1.4326862620291576e-23,1.6387677623491246,1.671389944728689,-36.32705392752933,0.0,-8.03477993184918,0.0
0.1,5.0,3.0,3.0,3.0,14.0,2.4401337004400816e-23,-1.6335873990058202e-25,1.0,-3.499999945000001,0.0,16.1199998688,0.0
0.1,5.0,3.0,3.0,3.0,14.0,1.9025792245637524e-21,3.051427023364412,2.995258616911128,-122.57525679408916,0.0,31.681062332951832,0.0
0.1,5.0,3.0,3.0,3.0,14.0,2.291843075274002e-24,1.5040921799693372,1.4847771326810528,-30.234326727532718,0.0,-11.096257162681171,0.0
0.1,5.0,3.0,3.0,5.0,6.0,2.5320275550866436e-23,-1.6308766757202545e-25,1.0,-3.499999944999999,0.0,16.1199998688,0.0
0.1,5.0,3.0,3.0,5.0,6.0,0.965438879342843,1.151677495211068e-30,0.2232731418776961,-1.929741664949504,0.0,12.579819106439205,0.0
0.1,5.0,3.0,3.0,5.0,6.0,0.7684505341311259,-2.205146904289467e-29,0.5079031471613229,1.3205661338820014,0.0,13.456914684168385,0.0
0.1,5.0,3.0,3.0,5.0,8.0,2.5088026222899413e-23,-1.631567822643817e-25,1.0,-3.4999999450000003,0.0,16.1199998688,0.0
0.1,5.0,3.0,3.0,5.0,10.0,2.49493920046311e-23,-1.6319779686847737e-25,1.0,-3.499999945000001,0.0,16.1199998688,0.0
0.1,5.0,3.0,3.0,5.0,12.0,2.4857273166854368e-23,-1.6322492320655808e-25,1.0,-3.499999945000001,0.0,16.1199998688,0.0
0.1,5.0,3.0,3.0,5.0,12.0,4.966769948372554e-27,2.4968347342718875,2.5585459225666414,-83.8518289731715,0.0,15.092863653105397,0.0
0.1,5.0,3.0,3.0,5.0,12.0,7.776242916009532e-24,1.6387677623491244,1.671389944728689,-36.32705392752933,0.0,-8.03477993184918,0.0
0.1,5.0,3.0,3.0,5.0,14.0,2.479161647092805e-23,-1.6324418558748986e-25,1.0,-3.499999945000001,0.0,16.1199998688,0.0
0.1,5.0,3.0,3.0,5.0,14.0,1.560141799044571e-21,3.0514270233644116,2.9952586169111273,-122.57525679408909,0.0,31.681065585205783,0.0
0.1,5.0,3.0,3.0,5.0,14.0,2.7241780971651514e-24,1.5040921799693376,1.484777132681053,-30.23432672753273,0.0,-11.096257563451847,0.0
0.1,5.0,3.0,3.0,7.0,6.0,2.6261662317681478e-23,-1.6279946833365943e-25,1.0,-3.499999944999999,0.0,16.1199998688,0.0
0.1,5.0,3.0,3.0,7.0,6.0,0.602111274547956,-2.951448671523835e-22,0.5770390152392753,2.615012060398449,0.0,13.85064383379099,0.0
0.1,5.0,3.0,3.0,7.0,8.0,2.5787283178909538e-23,-1.629452381192902e-25,1.0,-3.4999999449999994,0.0,16.1199998688,0.0
0.1,5.0,3.0,3.0,7.0,8.0,0.9842526311816289,-1.827372905107243e-22,0.15234091326053545,-2.724545204257312,0.0,12.472745731288073,0.0
0.1,5.0,3.0,3.0,7.0,8.0,0.731776380362168,2.428858651938999e-21,0.5314404130010382,1.657941339516571,0.0,13.571019070078735,0.0
0.1,5.0,3.0,3.0,7.0,10.0,2.5505564383576106e-23,-1.6303079254965176e-25,1.0,-3.499999945000001,0.0,16.1199998688,0.0
0.1,5.0,3.0,3.0,7.0,12.0,2.5318958350369944e-23,-1.6308694342236636e-25,1.0,-3.499999945000001,0.0,16.1199998688,0.0
0.1,5.0,3.0,3.0,7.0,12.0,4.9354604904526396e-27,2.4968347342718866,2.5585459225666405,-83.85182897317142,0.0,15.092864540159281,0.0
0.1,5.0,3.0,3.0,7.0,12.0,1.522621848364599e-24,1.6387677623491244,1.671389944728689,-36.32705392752932,0.0,-8.03477993184918,0.0
0.1,5.0,3.0,3.0,7.0,14.0,2.5186252027373913e-23,-1.6312668845344269e-25,1.0,-3.499999945000001,0.0,16.1199998688,0.0
0.1,5.0,3.0,3.0,7.0,14.0,1.2666057726876186e-21,3.0514270233644116,2.9952586169111273,-122.57525679408911,0.0,31.681065585205783,0.0
0.1,5.0,3.0,3.0,7.0,14.0,3.1674918934894877e-24,1.5040921799693374,1.484777132681053,-30.234326727532725,0.0,-11.096257563451841,0.0
0.1,5.0,3.0,5.0,0.5,6.0,2.2428755798231073e-23,-1.238487154182975e-25,1.0,-3.499999945000001,0.0,18.1199998688,0.0
0.1,5.0,3.0,5.0,0.5,8.0,2.2911296886358882e-23,-1.2412055811883183e-25,1.0,-3.499999945000001,0.0,18.1199998688,0.0
0.1,5.0,3.0,5.0,0.5,10.0,2.3204271346303235e-23,-1.2428155661771887e-25,1.0,-3.499999945000001,0.0,18.1199998688,0.0
0.1,5.0,3.0,5.0,0.5,12.0,2.3401041063412264e-23,-1.2438800353611713e-25,1.0,-3.499999945000001,0.0,18.1199998688,0.0
0.1,5.0,3.0,5.0,0.5,14.0,2.354230297735587e-23,-1.2446357086415906e-25,1.0,-3.499999945000001,0.0,18.1199998688,0.0
0.1,5.0,3.0,5.0,1.0,6.0,2.264290155728418e-23,-1.2396952515184903e-25,1.0,-3.499999945000001,0.0,18.1199998688,0.0
0.1,5.0,3.0,5.0,1.0,8.0,2.30741710253076e-23,-1.242098103346866e-25,1.0,-3.499999945000001,0.0,18.1199998688,0.0
0.1,5.0,3.0,5.0,1.0,10.0,2.3335667962981372e-23,-1.2435227676527677e-25,1.0,-3.499999945000001,0.0,18.1199998688,0.0
0.1,5.0,3.0,5.0,1.0,12.0,2.3511152635145728e-23,-1.2444653639898695e-25,1.0,-3.499999945000001,0.0,18.1199998688,0.0
0.1,5.0,3.0,5.0,1.0,14.0,2.3637053652327644e-23,-1.2451354027212416e-25,1.0,-3.4999999450000003,0.0,18.1199998688,0.0
0.1,5.0,3.0,5.0,3.0,6.0,2.3513765736894273e-23,-1.2444410818651306e-25,1.0,-3.499999945000001,0.0,18.1199998688,0.0
0.1,5.0,3.0,5.0,3.0,8.0,2.3733770957536135e-23,-1.2456172549858877e-25,1.0,-3.4999999450000003,0.0,18.1199998688,0.0
0.1,5.0,3.0,5.0,3.0,10.0,2.386645992559225e-23,-1.2463190022278642e-25,1.0,-3.4999999450000003,0.0,18.1199998688,0.0
0.1,5.0,3.0,5.0,3.0,12.0,2.3955212102240725e-23,-1.246784799940494e-25,1.0,-3.4999999450000003,0.0,18.1199998688,0.0
0.1,5.0,3.0,5.0,3.0,14.0,2.4018744198534057e-23,-1.2471169227075436e-25,1.0,-3.499999945000001,0.0,18.1199998688,0.0
0.1,5.0,3.0,5.0,5.0,6.0,2.4407771348374252e-23,-1.2490441776917326e-25,1.0,-3.499999944999999,0.0,18.1199998688,0.0
0.1,5.0,3.0,5.0,5.0,6.0,0.9654388793428431,7.041289214250397e-30,0.2232731418776961,-1.929741640832824,0.0,12.679520898207084,0.0
0.1,5.0,3.0,5.0,5.0,6.0,0.7684505341311259,7.529336219622808e-26,0.5079031471613229,1.3205661338820014,0.0,13.972845897961134,0.0
0.1,5.0,3.0,5.0,5.0,8.0,2.440643856787488e-23,-1.2490565344582557e-25,1.0,-3.4999999450000003,0.0,18.1199998688,0.0
0.1,5.0,3.0,5.0,5.0,10.0,2.4405635113042913e-23,-1.2490637143250884e-25,1.0,-3.499999945000001,0.0,18.1199998688,0.0
0.1,5.0,3.0,5.0,5.0,12.0,2.440509987091872e-23,-1.2490685214462296e-25,1.0,-3.499999945000001,0.0,18.1199998688,0.0
0.1,5.0,3.0,5.0,5.0,14.0,2.440471766781014e-23,-1.24907197271269e-25,1.0,-3.499999945000001,0.0,18.1199998688,0.0
0.1,5.0,3.0,5.0,7.0,6.0,2.5325308680656973e-23,-1.2535024435865166e-25,1.0,-3.499999944999999,0.0,18.1199998688,0.0
0.1,5.0,3.0,5.0,7.0,6.0,0.602111274547956,-1.3317164837819373e-21,0.5770390152392753,2.615012060398449,0.0,14.516591884007617,0.0
0.1,5.0,3.0,5.0,7.0,8.0,2.5092345236355498e-23,-1.2524138155373116e-25,1.0,-3.4999999450000003,0.0,18.1199998688,0.0
0.1,5.0,3.0,5.0,7.0,8.0,0.9842526311816289,-6.391481184595563e-22,0.15234091326053545,-2.724545204257312,0.0,12.51916123899418,0.0
0.1,5.0,3.0,5.0,7.0,8.0,0.731776380362168,5.157386300943598e-22,0.5314404130010382,1.657941339516571,0.0,14.135876895220164,0.0
0.1,5.0,3.0,5.0,7.0,10.0,2.495328365269178e-23,-1.2517561643873418e-25,1.0,-3.499999945000001,0.0,18.1199998688,0.0
0.1,5.0,3.0,5.0,7.0,12.0,2.4860875105747607e-23,-1.251315819764857e-25,1.0,-3.499999945000001,0.0,18.1199998688,0.0
0.1,5.0,3.0,5.0,7.0,14.0,2.4795020208518852e-23,-1.2510004911069224e-25,1.0,-3.499999945000001,0.0,18.1199998688,0.0
0.1,5.0,3.0,7.0,0.5,6.0,2.1591425898486698e-23,-8.42230334502487e-26,1.0,-3.499999945000001,0.0,20.1199998688,0.0
0.1,5.0,3.0,7.0,0.5,8.0,2.227218150247145e-23,-8.484826426590666e-26,1.0,-3.4999999450000003,0.0,20.1199998688,0.0
0.1,5.0,3.0,7.0,0.5,10.0,2.2687747313669862e-23,-8.522081461360497e-26,1.0,-3.499999945000001,0.0,20.1199998688,0.0
0.1,5.0,3.0,7.0,0.5,12.0,2.296778445476859e-23,-8.546811326292802e-26,1.0,-3.499999945000001,0.0,20.1199998688,0.0
0.1,5.0,3.0,7.0,0.5,14.0,2.3169283787434872e-23,-8.564421413406697e-26,1.0,-3.499999945000001,0.0,20.1199998688,0.0
0.1,5.0,3.0,7.0,1.0,6.0,2.1799962856503683e-23,-8.441488226535691e-26,1.0,-3.4999999450000003,0.0,20.1199998688,0.0
0.1,5.0,3.0,7.0,1.0,8.0,2.243187100994579e-23,-8.499095872660224e-26,1.0,-3.499999945000001,0.0,20.1199998688,0.0
0.1,5.0,3.0,7.0,1.0,10.0,2.2817090328196483e-23,-8.533439671726119e-26,1.0,-3.499999945000001,0.0,20.1199998688,0.0
0.1,5.0,3.0,7.0,1.0,12.0,2.3076462469022042e-23,-8.556244068937224e-26,1.0,-3.499999945000001,0.0,20.1199998688,0.0
0.1,5.0,3.0,7.0,1.0,14.0,2.3262980938667724e-23,-8.572486745790604e-26,1.0,-3.499999945000001,0.0,20.1199998688,0.0
0.1,5.0,3.0,7.0,3.0,6.0,2.2648136635466452e-23,-8.517719152999262e-26,1.0,-3.499999945000001,0.0,20.1199998688,0.0
0.1,5.0,3.0,7.0,3.0,8.0,2.307860146536655e-23,-8.555881840033284e-26,1.0,-3.499999945000001,0.0,20.1199998688,0.0
0.1,5.0,3.0,7.0,3.0,10.0,2.3339607139911593e-23,-8.5786823853845e-26,1.0,-3.499999945000001,0.0,20.1199998688,0.0
0.1,5.0,3.0,7.0,3.0,12.0,2.351476029328053e-23,-8.593839762195618e-26,1.0,-3.499999945000001,0.0,20.1199998688,0.0
0.1,5.0,3.0,7.0,3.0,14.0,2.3640423666114748e-23,-8.604645769927586e-26,1.0,-3.4999999450000003,0.0,20.1199998688,0.0
0.1,5.0,3.0,7.0,5.0,6.0,2.3519072404203695e-23,-8.593109911783894e-26,1.0,-3.499999944999999,0.0,20.1199998688,0.0
0.1,5.0,3.0,7.0,5.0,6.0,0.9654388793428431,2.675339641714425e-29,0.2232731418776961,-1.929741640832824,0.0,12.779222689974958,0.0
0.1,5.0,3.0,7.0,5.0,6.0,0.7684505341311259,-6.221080085143467e-21,0.5079031471613229,1.3205661338820014,0.0,14.488777111753889,0.0
0.1,5.0,3.0,7.0,5.0,8.0,2.3738240051779438e-23,-8.612188944184971e-26,1.0,-3.4999999449999994,0.0,20.1199998688,0.0
0.1,5.0,3.0,7.0,5.0,10.0,2.3870426515438928e-23,-8.623613406540681e-26,1.0,-3.4999999450000003,0.0,20.1199998688,0.0
0.1,5.0,3.0,7.0,5.0,12.0,2.3958838101391573e-23,-8.631219751300241e-26,1.0,-3.4999999450000003,0.0,20.1199998688,0.0
0.1,5.0,3.0,7.0,5.0,14.0,2.4022126636880418e-23,-8.636645481139569e-26,1.0,-3.499999945000001,0.0,20.1199998688,0.0
0.1,5.0,3.0,7.0,7.0,6.0,2.4413144674430164e-23,-8.667634926539924e-26,1.0,-3.499999944999999,0.0,20.1199998688,0.0
0.1,5.0,3.0,7.0,7.0,6.0,0.602111274547956,-3.3192875317871036e-21,0.5770390152392753,2.615012060398449,0.0,15.182539934224243,0.0
0.1,5.0,3.0,7.0,7.0,8.0,2.4410949077315708e-23,-8.668006862130784e-26,1.0,-3.4999999450000003,0.0,20.1199998688,0.0
0.1,5.0,3.0,7.0,7.0,8.0,0.9842526311816288,-1.6145634070078215e-21,0.15234091326053556,-2.7245452056232367,0.0,12.565576746700286,0.0
0.1,5.0,3.0,7.0,7.0,8.0,0.731776380362168,3.559902309979994e-23,0.5314404130010382,1.657941339516571,0.0,14.70073472036159,0.0
0.1,5.0,3.0,7.0,7.0,10.0,2.440962793251469e-23,-8.66822657221884e-26,1.0,-3.499999945000001,0.0,20.1199998688,0.0
0.1,5.0,3.0,7.0,7.0,12.0,2.4408748944251047e-23,-8.668375870308129e-26,1.0,-3.499999945000001,0.0,20.1199998688,0.0
0.1,5.0,3.0,7.0,7.0,14.0,2.4408120222109586e-23,-8.668480332748312e-26,1.0,-3.499999945000001,0.0,20.1199998688,0.0
0.1,5.0,3.0,9.0,0.5,6.0,2.077653534440656e-23,-5.580634233647533e-26,1.0,-3.499999945000001,0.0,22.1199998688,0.0
0.1,5.0,3.0,9.0,0.5,8.0,2.1645859667529663e-23,-5.66600130954409e-26,1.0,-3.499999945000001,0.0,22.1199998688,0.0
0.1,5.0,3.0,9.0,0.5,10.0,2.2179453269645434e-23,-5.717078666487591e-26,1.0,-3.4999999450000003,0.0,22.1199998688,0.0
0.1,5.0,3.0,9.0,0.5,12.0,2.2540239396293943e-23,-5.75106562925339e-26,1.0,-3.499999945000001,0.0,22.1199998688,0.0
0.1,5.0,3.0,9.0,0.5,14.0,2.2800449504616072e-23,-5.775310005765315e-26,1.0,-3.499999945000001,0.0,22.1199998688,0.0
0.1,5.0,3.0,9.0,1.0,6.0,2.097955658697424e-23,-5.600608746435553e-26,1.0,-3.499999945000001,0.0,22.1199998688,0.0
0.1,5.0,3.0,9.0,1.0,8.0,2.18023905759395e-23,-5.680929577729025e-26,1.0,-3.4999999450000003,0.0,22.1199998688,0.0
0.1,5.0,3.0,9.0,1.0,10.0,2.2306759839745228e-23,-5.728994934313899e-26,1.0,-3.4999999450000003,0.0,22.1199998688,0.0
0.1,5.0,3.0,9.0,1.0,12.0,2.2647497066487544e-23,-5.760980316607096e-26,1.0,-3.499999945000001,0.0,22.1199998688,0.0
0.1,5.0,3.0,9.0,1.0,14.0,2.2893100429073375e-23,-5.783799042736987e-26,1.0,-3.499999945000001,0.0,22.1199998688,0.0
0.1,5.0,3.0,9.0,3.0,6.0,2.1805421773967812e-23,-5.680333001669451e-26,1.0,-3.4999999450000003,0.0,22.1199998688,0.0
0.1,5.0,3.0,9.0,3.0,8.0,2.2436420173570974e-23,-5.740538804326161e-26,1.0,-3.499999945000001,0.0,22.1199998688,0.0
0.1,5.0,3.0,9.0,3.0,10.0,2.2821083344883486e-23,-5.776586358058059e-26,1.0,-3.499999945000001,0.0,22.1199998688,0.0
0.1,5.0,3.0,9.0,3.0,12.0,2.3080079001842028e-23,-5.800585448132266e-26,1.0,-3.499999945000001,0.0,22.1199998688,0.0
0.1,5.0,3.0,9.0,3.0,14.0,2.3266329850425614e-23,-5.81771004682578e-26,1.0,-3.499999945000001,0.0,22.1199998688,0.0
0.1,5.0,3.0,9.0,5.0,6.0,2.2653674439021104e-23,-5.75975804442719e-26,1.0,-3.499999944999999,0.0,22.1199998688,0.0
0.1,5.0,3.0,9.0,5.0,6.0,0.9654388793428431,7.71399747260451e-29,0.2232731418776961,-1.929741640832824,0.0,12.878924481742835,0.0
0.1,5.0,3.0,9.0,5.0,6.0,0.7684505341311259,-7.553069779855875e-21,0.5079031471613229,1.3205661338820014,0.0,15.004708325546643,0.0
0.1,5.0,3.0,9.0,5.0,8.0,2.3083195199632877e-23,-5.799966839434129e-26,1.0,-3.4999999450000003,0.0,22.1199998688,0.0
0.1,5.0,3.0,9.0,5.0,10.0,2.334362658343892e-23,-5.824059914889622e-26,1.0,-3.499999945000001,0.0,22.1199998688,0.0
0.1,5.0,3.0,9.0,5.0,12.0,2.3518392011672942e-23,-5.840104760219114e-26,1.0,-3.499999945000001,0.0,22.1199998688,0.0
0.1,5.0,3.0,9.0,5.0,14.0,2.3643785396862348e-23,-5.851559575230747e-26,1.0,-3.4999999450000003,0.0,22.1199998688,0.0
0.1,5.0,3.0,9.0,7.0,6.0,2.3524678444226648e-23,-5.83885367612724e-26,1.0,-3.499999944999999,0.0,22.1199998688,0.0
0.1,5.0,3.0,9.0,7.0,6.0,0.602111274547956,-6.011733112127226e-21,0.5770390152392753,2.615012060398449,0.0,15.848487984440867,0.0
0.1,5.0,3.0,9.0,7.0,8.0,2.3742875990104196e-23,-5.859203051919636e-26,1.0,-3.4999999449999994,0.0,22.1199998688,0.0
0.1,5.0,3.0,9.0,7.0,8.0,0.9842526311816289,-3.367993394419034e-21,0.15234091326053545,-2.724545204257312,0.0,12.611992254406395,0.0
0.1,5.0,3.0,9.0,7.0,8.0,0.731776380362168,-3.0289894449690597e-21,0.5314404130010382,1.657941339516571,0.0,15.265592545503019,0.0
0.1,5.0,3.0,9.0,7.0,10.0,2.3874476527326333e-23,-5.871404203303318e-26,1.0,-3.4999999450000003,0.0,22.1199998688,0.0
0.1,5.0,3.0,9.0,7.0,12.0,2.3962494274472046e-23,-5.879535017305334e-26,1.0,-3.4999999450000003,0.0,22.1199998688,0.0
0.1,5.0,3.0,9.0,7.0,14.0,2.4025507103074517e-23,-5.885341310901673e-26,1.0,-3.499999945000001,0.0,22.1199998688,0.0
0.1,5.0,5.0,3.0,0.5,6.0,-9.158479126984806e-26,-1.6367597291804566e-25,1.0,-5.499999945000001,0.0,16.1199998688,0.0
0.1,5.0,5.0,3.0,0.5,8.0,-8.563321014073672e-26,-1.635988586830724e-25,1.0,-5.499999945000001,0.0,16.1199998688,0.0
0.1,5.0,5.0,3.0,0.5,10.0,-8.199757055495871e-26,-1.6355181977011068e-25,1.0,-5.499999945000001,0.0,16.1199998688,0.0
0.1,5.0,5.0,3.0,0.5,12.0,-7.954665213740294e-26,-1.635201451558733e-25,1.0,-5.499999945000001,0.0,16.1199998688,0.0
0.1,5.0,5.0,3.0,0.5,12.0,4.5716091831271364e-27,2.4968347342718866,2.5585459225666405,-96.9441434489362,0.0,15.092864540159281,0.0
0.1,5.0,5.0,3.0,0.5,12.0,1.7703720564609436e-23,1.638767762349124,1.6713899447286886,-41.91414262220964,0.0,-8.034779931849176,0.0
0.1,5.0,5.0,3.0,0.5,14.0,-7.778263743455627e-26,-1.6349736679723505e-25,1.0,-5.499999945000001,0.0,16.1199998688,0.0
0.1,5.0,5.0,3.0,0.5,14.0,3.0991969548175752e-21,3.051427023364412,2.995258616911128,-140.5184051584499,0.0,31.681062332951832,0.0
0.1,5.0,5.0,3.0,0.5,14.0,1.1531266973224504e-24,1.5040921799693374,1.484777132681053,-34.643452994997865,0.0,-11.096257563451841,0.0
0.1,5.0,5.0,3.0,1.0,6.0,-8.683330177065911e-26,-1.636144078710714e-25,1.0,-5.499999945000001,0.0,16.1199998688,0.0
0.1,5.0,5.0,3.0,1.0,8.0,-8.199692498324135e-26,-1.635518259330865e-25,1.0,-5.499999945000001,0.0,16.1199998688,0.0
0.1,5.0,5.0,3.0,1.0,10.0,-7.905330438210475e-26,-1.6351378804631288e-25,1.0,-5.499999945000001,0.0,16.1199998688,0.0
0.1,5.0,5.0,3.0,1.0,12.0,-7.70735131105208e-26,-1.6348821477813933e-25,1.0,-5.499999945000001,0.0,16.1199998688,0.0
0.1,5.0,5.0,3.0,1.0,12.0,4.56643690566849e-27,2.4968347342718875,2.5585459225666414,-96.94414344893629,0.0,15.092863653105397,0.0
0.1,5.0,5.0,3.0,1.0,12.0,1.652989080447514e-23,1.6387677623491246,1.671389944728689,-41.91414262220967,0.0,-8.03477993184918,0.0
0.1,5.0,5.0,3.0,1.0,14.0,-7.565067920843826e-26,-1.6346985835465338e-25,1.0,-5.499999945000001,0.0,16.1199998688,0.0
0.1,5.0,5.0,3.0,1.0,14.0,2.988859623714811e-21,3.051427023364411,2.995258616911127,-140.5184051584498,0.0,31.68106341703647,0.0
0.1,5.0,5.0,3.0,1.0,14.0,1.215317927292133e-24,1.5040921799693374,1.484777132681053,-34.643452994997865,0.0,-11.096257563451841,0.0
0.1,5.0,5.0,3.0,3.0,6.0,-6.69579381672921e-26,-1.633579818545559e-25,1.0,-5.499999945000001,0.0,16.1199998688,0.0
0.1,5.0,5.0,3.0,3.0,8.0,-6.695939417033006e-26,-1.6335796336562844e-25,1.0,-5.499999945000001,0.0,16.1199998688,0.0
0.1,5.0,5.0,3.0,3.0,10.0,-6.695997194931337e-26,-1.6335796028414053e-25,1.0,-5.499999945000001,0.0,16.1199998688,0.0
0.1,5.0,5.0,3.0,3.0,12.0,-6.696045343179947e-26,-1.633579541211647e-25,1.0,-5.499999945000001,0.0,16.1199998688,0.0
0.1,5.0,5.0,3.0,3.0,12.0,4.5448464606199314e-27,2.496834734271887,2.5585459225666414,-96.94414344893625,0.0,15.092865427213175,0.0
0.1,5.0,5.0,3.0,3.0,12.0,1.1877671968355607e-23,1.6387677623491246,1.671389944728689,-41.91414262220967,0.0,-8.03477993184918,0.0
0.1,5.0,5.0,3.0,3.0,14.0,-6.696086558080757e-26,-1.633579541211647e-25,1.0,-5.499999945000001,0.0,16.1199998688,0.0
0.1,5.0,5.0,3.0,3.0,14.0,2.5988875857486735e-21,3.0514270233644125,2.995258616911128,-140.51840515844992,0.0,31.681062332951843,0.0
0.1,5.0,5.0,3.0,3.0,14.0,1.4665553344630523e-24,1.5040921799693374,1.484777132681053,-34.643452994997865,0.0,-11.096257563451841,0.0
0.1,5.0,5.0,3.0,5.0,6.0,-4.5657426464421374e-26,-1.6308519005574499e-25,1.0,-5.499999944999999,0.0,16.1199998688,0.0
0.1,5.0,5.0,3.0,5.0,8.0,-5.111996159535831e-26,-1.63154936453123e-25,1.0,-5.499999944999999,0.0,16.1199998688,0.0
0.1,5.0,5.0,3.0,5.0,10.0,-5.435372354261686e-26,-1.631962684504735e-25,1.0,-5.499999945000001,0.0,16.1199998688,0.0
0.1,5.0,5.0,3.0,5.0,12.0,-5.649134092128345e-26,-1.6322363206312336e-25,1.0,-5.499999945000001,0.0,16.1199998688,0.0
0.1,5.0,5.0,3.0,5.0,12.0,4.5232406081318176e-27,2.496834734271887,2.5585459225666414,-96.94414344893625,0.0,15.092865427213175,0.0
0.1,5.0,5.0,3.0,5.0,12.0,7.396602816511015e-24,1.6387677623491248,1.6713899447286895,-41.914142622209674,0.0,-8.034780222952815,0.0
0.1,5.0,5.0,3.0,5.0,14.0,-5.800934888861376e-26,-1.6324304543696279e-25,1.0,-5.499999945000001,0.0,16.1199998688,0.0
0.1,5.0,5.0,3.0,5.0,14.0,2.2410608849855978e-21,3.051427023364412,2.995258616911128,-140.5184051584499,0.0,31.681062332951832,0.0
0.1,5.0,5.0,3.0,5.0,14.0,1.72375613564699e-24,1.5040921799693376,1.484777132681053,-34.64345299499787,0.0,-11.096257563451847,0.0
0.1,5.0,5.0,3.0,7.0,6.0,-2.2886169115055602e-26,-1.627959092151222e-25,1.0,-5.499999944999999,0.0,16.1199998688,0.0
0.1,5.0,5.0,3.0,7.0,6.0,0.7031809460262805,-4.990312146234194e-25,0.4231259833365161,3.804668471748083,0.0,13.291203714411214,0.0
0.1,5.0,5.0,3.0,7.0,8.0,-3.4459914922986456e-26,-1.6294260036563838e-25,1.0,-5.499999944999999,0.0,16.1199998688,0.0
0.1,5.0,5.0,3.0,7.0,10.0,-4.122449810398572e-26,-1.6302863550811404e-25,1.0,-5.499999945000001,0.0,16.1199998688,0.0
0.1,5.0,5.0,3.0,7.0,12.0,-4.5660154351594604e-26,-1.630851654038417e-25,1.0,-5.499999945000001,0.0,16.1199998688,0.0
0.1,5.0,5.0,3.0,7.0,12.0,4.500235760132101e-27,2.496834734271887,2.5585459225666414,-96.94414344893625,0.0,15.092865427213175,0.0
0.1,5.0,5.0,3.0,7.0,12.0,3.0748283472577016e-24,1.638767762349124,1.6713899447286886,-41.914142622209646,0.0,-8.034779931849176,0.0
0.1,5.0,5.0,3.0,7.0,14.0,-4.879250530207347e-26,-1.63125153872463e-25,1.0,-5.499999945000001,0.0,16.1199998688,0.0
0.1,5.0,5.0,3.0,7.0,14.0,1.9485725668849748e-21,3.051427023364411,2.995258616911127,-140.5184051584498,0.0,31.68106341703647,0.0
0.1,5.0,5.0,3.0,7.0,14.0,1.9878367900005863e-24,1.5040921799693374,1.484777132681053,-34.643452994997865,0.0,-11.096257563451841,0.0
0.1,5.0,5.0,5.0,0.5,6.0,1.0971683940233957e-17,1.7104832789981856e-17,1.0,-5.499999945000001,0.0,18.1199998688,0.0
0.1,5.0,5.0,5.0,0.5,8.0,9.967306351221044e-18,1.7142361974373387e-17,1.0,-5.499999945000001,0.0,18.1199998688,0.0
0.1,5.0,5.0,5.0,0.5,10.0,9.344237517899152e-18,1.7164586663071462e-17,1.0,-5.499999945000001,0.0,18.1199998688,0.0
0.1,5.0,5.0,5.0,0.5,12.0,8.920244588239171e-18,1.717927987229224e-17,1.0,-5.499999945000001,0.0,18.1199998688,0.0
0.1,5.0,5.0,5.0,0.5,14.0,8.613130624771708e-18,1.718971227417776e-17,1.0,-5.499999945000001,0.0,18.1199998688,0.0
0.1,5.0,5.0,5.0,1.0,6.0,1.0530330143877713e-17,1.7121582370205443e-17,1.0,-5.499999945,0.0,18.1199998688,0.0
0.1,5.0,5.0,5.0,1.0,8.0,9.622914666268267e-18,1.7154731633253505e-17,1.0,-5.499999945,0.0,18.1199998688,0.0
0.1,5.0,5.0,5.0,1.0,10.0,9.062220214216547e-18,1.7174389580510828e-17,1.0,-5.499999945000001,0.0,18.1199998688,0.0
0.1,5.0,5.0,5.0,1.0,12.0,8.681588092266596e-18,1.7187396995643224e-17,1.0,-5.499999945000001,0.0,18.1199998688,0.0
0.1,5.0,5.0,5.0,1.0,14.0,8.40632885418855e-18,1.7196638257446667e-17,1.0,-5.499999945000001,0.0,18.1199998688,0.0
0.1,5.0,5.0,5.0,3.0,6.0,8.680673230509113e-18,1.718736969868301e-17,1.0,-5.499999945000001,0.0,18.1199998688,0.0
0.1,5.0,5.0,5.0,3.0,8.0,8.197331746259677e-18,1.7203523708865558e-17,1.0,-5.499999945,0.0,18.1199998688,0.0
0.1,5.0,5.0,5.0,3.0,10.0,7.90316315937867e-18,1.7213156227098738e-17,1.0,-5.499999945000001,0.0,18.1199998688,0.0
0.1,5.0,5.0,5.0,3.0,12.0,7.705301556855985e-18,1.7219554469136836e-17,1.0,-5.499999945000001,0.0,18.1199998688,0.0
0.1,5.0,5.0,5.0,3.0,14.0,7.563127407531596e-18,1.722411140713139e-17,1.0,-5.499999945000001,0.0,18.119999868799997,0.0
0.1,5.0,5.0,5.0,5.0,6.0,-6.692993129404082e-26,-1.2490925878668147e-25,1.0,-5.499999944999999,0.0,18.1199998688,0.0
0.1,5.0,5.0,5.0,5.0,8.0,-6.693482777833143e-26,-1.249093543128067e-25,1.0,-5.499999944999999,0.0,18.1199998688,0.0
0.1,5.0,5.0,5.0,5.0,10.0,-6.693777214003041e-26,-1.2490942518702866e-25,1.0,-5.499999945000001,0.0,18.1199998688,0.0
0.1,5.0,5.0,5.0,5.0,12.0,-6.693968959588304e-26,-1.2490945600190777e-25,1.0,-5.499999945000001,0.0,18.1199998688,0.0
0.1,5.0,5.0,5.0,5.0,14.0,-6.694108088767487e-26,-1.2490949606125062e-25,1.0,-5.499999945000001,0.0,18.1199998688,0.0
0.1,5.0,5.0,5.0,7.0,6.0,-4.562814385517493e-26,-1.2535681100939004e-25,1.0,-5.499999944999999,0.0,18.1199998688,0.0
0.1,5.0,5.0,5.0,7.0,6.0,0.7031809460262805,3.871705656997569e-24,0.4231259833365161,3.804668471748083,0.0,13.649274909960202,0.0
0.1,5.0,5.0,5.0,7.0,8.0,-5.109473268345882e-26,-1.2524640746051403e-25,1.0,-5.499999944999999,0.0,18.1199998688,0.0
0.1,5.0,5.0,5.0,7.0,10.0,-5.433077724288745e-26,-1.2517971789914375e-25,1.0,-5.499999945000001,0.0,18.1199998688,0.0
0.1,5.0,5.0,5.0,7.0,12.0,-5.647003243237875e-26,-1.2513507946526472e-25,1.0,-5.499999945000001,0.0,18.1199998688,0.0
0.1,5.0,5.0,5.0,7.0,14.0,-5.798926606152566e-26,-1.2510309053926042e-25,1.0,-5.499999945000001,0.0,18.1199998688,0.0
0.1,5.0,5.0,7.0,0.5,6.0,1.2651724160276108e-17,1.2916135751801134e-17,1.0,-5.499999945,0.0,20.1199998688,0.0
0.1,5.0,5.0,7.0,0.5,8.0,1.1294765798246143e-17,1.3011981996558265e-17,1.0,-5.499999945000001,0.0,20.119999868799997,0.0
0.1,5.0,5.0,7.0,0.5,10.0,1.0439067306894737e-17,1.3069097577084133e-17,1.0,-5.499999945000001,0.0,20.1199998688,0.0
0.1,5.0,5.0,7.0,0.5,12.0,9.850986559122613e-18,1.3107008505328357e-17,1.0,-5.499999945,0.0,20.119999868799997,0.0
0.1,5.0,5.0,7.0,0.5,14.0,9.422202599354725e-18,1.3134003131028719e-17,1.0,-5.499999945,0.0,20.1199998688,0.0
0.1,5.0,5.0,7.0,1.0,6.0,1.2243029108864683e-17,1.2945696291761635e-17,1.0,-5.499999945000001,0.0,20.119999868799997,0.0
0.1,5.0,5.0,7.0,1.0,8.0,1.0969162693726895e-17,1.3033971352372069e-17,1.0,-5.499999945,0.0,20.1199998688,0.0
0.1,5.0,5.0,7.0,1.0,10.0,1.0169226101828914e-17,1.3086599478074836e-17,1.0,-5.499999945000001,0.0,20.119999868799997,0.0
0.1,5.0,5.0,7.0,1.0,12.0,9.62085167782056e-18,1.3121544136642445e-17,1.0,-5.499999945000001,0.0,20.1199998688,0.0
0.1,5.0,5.0,7.0,1.0,14.0,9.221698981955546e-18,1.3146431519732328e-17,1.0,-5.499999945,0.0,20.119999868799997,0.0
0.1,5.0,5.0,7.0,3.0,6.0,1.0526786502133536e-17,1.3063161729008453e-17,1.0,-5.499999945,0.0,20.1199998688,0.0
0.1,5.0,5.0,7.0,3.0,8.0,9.61984417183447e-18,1.3121480443735279e-17,1.0,-5.499999945,0.0,20.1199998688,0.0
0.1,5.0,5.0,7.0,3.0,10.0,9.05945412224817e-18,1.3156320877545706e-17,1.0,-5.499999945000001,0.0,20.1199998688,0.0
0.1,5.0,5.0,7.0,3.0,12.0,8.679022178006457e-18,1.3179481107516578e-17,1.0,-5.499999945000001,0.0,20.119999868800004,0.0
0.1,5.0,5.0,7.0,3.0,14.0,8.403910178077445e-18,1.3195992459723749e-17,1.0,-5.499999945,0.0,20.119999868799997,0.0
0.1,5.0,5.0,7.0,5.0,6.0,8.676944300307724e-18,1.3179354135292551e-17,1.0,-5.499999944999999,0.0,20.1199998688,0.0
0.1,5.0,5.0,7.0,5.0,8.0,8.194155372707474e-18,1.3208262029749748e-17,1.0,-5.499999944999999,0.0,20.119999868799997,0.0
0.1,5.0,5.0,7.0,5.0,10.0,7.900317658071487e-18,1.3225567061754664e-17,1.0,-5.499999945000001,0.0,20.1199998688,0.0
0.1,5.0,5.0,7.0,5.0,12.0,7.702694283565218e-18,1.3237089274097221e-17,1.0,-5.499999945000001,0.0,20.1199998688,0.0
0.1,5.0,5.0,7.0,5.0,14.0,7.560675644195989e-18,1.3245309795024773e-17,1.0,-5.499999945,0.0,20.119999868799997,0.0
0.1,5.0,5.0,7.0,7.0,6.0,6.689087013277439e-18,1.3294223466186871e-17,1.0,-5.499999944999999,0.0,20.1199998688,0.0
0.1,5.0,5.0,7.0,7.0,6.0,0.7031809460262805,-1.5066108069574906e-25,0.4231259833365161,3.804668471748083,0.0,14.007346105509189,0.0
0.1,5.0,5.0,7.0,7.0,8.0,6.690193780937035e-18,1.3294291294997101e-17,1.0,-5.499999944999999,0.0,20.1199998688,0.0
0.1,5.0,5.0,7.0,7.0,10.0,6.690845599259727e-18,1.3294333067618035e-17,1.0,-5.499999945000001,0.0,20.119999868799997,0.0
0.1,5.0,5.0,7.0,7.0,12.0,6.6912922767905055e-18,1.3294360778168555e-17,1.0,-5.499999945000001,0.0,20.119999868799997,0.0
0.1,5.0,5.0,7.0,7.0,14.0,6.6916016423396e-18,1.3294379803322644e-17,1.0,-5.499999945000001,0.0,20.1199998688,0.0
0.1,5.0,5.0,9.0,0.5,6.0,1.4203289996298974e-17,9.409097576910047e-18,1.0,-5.499999945,0.0,22.1199998688,0.0
0.1,5.0,5.0,9.0,0.5,8.0,1.2547836892784348e-17,9.552979027018746e-18,1.0,-5.499999945000001,0.0,22.1199998688,0.0
0.1,5.0,5.0,9.0,0.5,10.0,1.148542265763349e-17,9.639069503631427e-18,1.0,-5.499999945000001,0.0,22.1199998688,0.0
0.1,5.0,5.0,9.0,0.5,12.0,1.074764868876887e-17,9.69635217464103e-18,1.0,-5.499999945000001,0.0,22.1199998688,0.0
0.1,5.0,5.0,9.0,0.5,14.0,1.0205995934418121e-17,9.737214483310844e-18,1.0,-5.499999945,0.0,22.1199998688,0.0
0.1,5.0,5.0,9.0,1.0,6.0,1.3826170083229923e-17,9.442966073500724e-18,1.0,-5.499999945,0.0,22.119999868800004,0.0
0.1,5.0,5.0,9.0,1.0,8.0,1.2240537640859673e-17,9.57829613043685e-18,1.0,-5.499999945,0.0,22.119999868800004,0.0
0.1,5.0,5.0,9.0,1.0,10.0,1.1227512705723132e-17,9.659277112405791e-18,1.0,-5.499999945,0.0,22.1199998688,0.0
0.1,5.0,5.0,9.0,1.0,12.0,1.0525904727600554e-17,9.713166688542702e-18,1.0,-5.499999945,0.0,22.1199998688,0.0
0.1,5.0,5.0,9.0,1.0,14.0,1.001169286289064e-17,9.751609493920798e-18,1.0,-5.499999945000001,0.0,22.1199998688,0.0
0.1,5.0,5.0,9.0,3.0,6.0,1.2238898168885593e-17,9.578162127177616e-18,1.0,-5.499999945000001,0.0,22.119999868800004,0.0
0.1,5.0,5.0,9.0,3.0,8.0,1.0965599199648016e-17,9.6793887682291e-18,1.0,-5.499999945,0.0,22.1199998688,0.0
0.1,5.0,5.0,9.0,3.0,10.0,1.0166048073915485e-17,9.739994223759328e-18,1.0,-5.499999945,0.0,22.119999868799997,0.0
0.1,5.0,5.0,9.0,3.0,12.0,9.617938347703148e-18,9.78033913095599e-18,1.0,-5.499999945,0.0,22.119999868799997,0.0
0.1,5.0,5.0,9.0,3.0,14.0,9.218979212101472e-18,9.809127497814673e-18,1.0,-5.499999945000001,0.0,22.119999868800004,0.0
0.1,5.0,5.0,9.0,5.0,6.0,1.0522420642860481e-17,9.712880070460453e-18,1.0,-5.499999944999999,0.0,22.119999868800004,0.0
0.1,5.0,5.0,9.0,5.0,8.0,9.616158255024933e-18,9.780190652036037e-18,1.0,-5.499999944999999,0.0,22.119999868799997,0.0
0.1,5.0,5.0,9.0,5.0,10.0,9.056188413189811e-18,9.82051529330769e-18,1.0,-5.499999945000001,0.0,22.119999868799997,0.0
0.1,5.0,5.0,9.0,5.0,12.0,8.676042673440041e-18,9.847374261387593e-18,1.0,-5.499999945000001,0.0,22.119999868799997,0.0
0.1,5.0,5.0,9.0,5.0,14.0,8.401142431747843e-18,9.866542931312591e-18,1.0,-5.499999945000001,0.0,22.119999868799997,0.0
0.1,5.0,5.0,9.0,7.0,6.0,8.672353447908054e-18,9.847066136609417e-18,1.0,-5.499999944999999,0.0,22.1199998688,0.0
0.1,5.0,5.0,9.0,7.0,6.0,0.7031809460262805,3.1757466009980994e-18,0.4231259833365161,3.804668471748083,0.0,14.365417301058176,0.0
0.1,5.0,5.0,9.0,7.0,8.0,8.190318909026453e-18,9.880681515932654e-18,1.0,-5.499999944999999,0.0,22.119999868800004,0.0
0.1,5.0,5.0,9.0,7.0,10.0,7.896949378617171e-18,9.900832876425364e-18,1.0,-5.499999945000001,0.0,22.119999868799997,0.0
0.1,5.0,5.0,9.0,7.0,12.0,7.699638678382447e-18,9.914261740079856e-18,1.0,-5.499999945000001,0.0,22.119999868800004,0.0
0.1,5.0,5.0,9.0,7.0,14.0,7.557845032139832e-18,9.92385165851149e-18,1.0,-5.499999945000001,0.0,22.119999868799997,0.0
0.1,5.0,7.0,3.0,0.5,6.0,1.6591676821323866e-17,2.011019171362382e-17,1.0,-7.499999945000001,0.0,16.1199998688,0.0
0.1,5.0,7.0,3.0,0.5,8.0,1.668122491289702e-17,2.0100713878165187e-17,1.0,-7.499999945000001,0.0,16.1199998688,0.0
0.1,5.0,7.0,3.0,0.5,10.0,1.6734063969655988e-17,2.009493436722528e-17,1.0,-7.499999945000001,0.0,16.1199998688,0.0
0.1,5.0,7.0,3.0,0.5,12.0,1.676891060732101e-17,2.0091042482443217e-17,1.0,-7.499999945,0.0,16.1199998688,0.0
0.1,5.0,7.0,3.0,0.5,12.0,4.161222786113371e-27,2.496834734271887,2.5585459225666414,-110.03645792470098,0.0,15.092865427213175,0.0
0.1,5.0,7.0,3.0,0.5,12.0,1.4292331023026432e-23,1.6387677623491244,1.671389944728689,-47.50123131689,0.0,-8.03477993184918,0.0
0.1,5.0,7.0,3.0,0.5,14.0,1.6793613115543986e-17,2.0088243303250337e-17,1.0,-7.499999945000001,0.0,16.119999868800004,0.0
0.1,5.0,7.0,3.0,0.5,14.0,3.658937312193851e-21,3.0514270233644116,2.9952586169111273,-158.4615535228105,0.0,31.681065585205783,0.0
0.1,5.0,7.0,3.0,0.5,14.0,8.194714693567553e-25,1.5040921799693372,1.4847771326810528,-39.052579262463,0.0,-11.096257162681171,0.0
0.1,5.0,7.0,3.0,1.0,6.0,1.6663466172326118e-17,2.010262631974141e-17,1.0,-7.499999945000001,0.0,16.1199998688,0.0
0.1,5.0,7.0,3.0,1.0,8.0,1.673406355606568e-17,2.0094936021586504e-17,1.0,-7.499999945000001,0.0,16.119999868800004,0.0
0.1,5.0,7.0,3.0,1.0,10.0,1.6775845275986347e-17,2.009026245112558e-17,1.0,-7.499999945,0.0,16.1199998688,0.0
0.1,5.0,7.0,3.0,1.0,12.0,1.6803453256110917e-17,2.0087120819159103e-17,1.0,-7.499999945,0.0,16.119999868800004,0.0
0.1,5.0,7.0,3.0,1.0,12.0,4.156320138846939e-27,2.4968347342718866,2.5585459225666405,-110.03645792470097,0.0,15.092864540159281,0.0
0.1,5.0,7.0,3.0,1.0,12.0,1.3424167508725362e-23,1.6387677623491244,1.671389944728689,-47.50123131689,0.0,-8.03477993184918,0.0
0.1,5.0,7.0,3.0,1.0,14.0,1.682305247354475e-17,2.0084863443267446e-17,1.0,-7.499999945000001,0.0,16.1199998688,0.0
0.1,5.0,7.0,3.0,1.0,14.0,3.580105545789127e-21,3.051427023364412,2.995258616911128,-158.46155352281062,0.0,31.681062332951832,0.0
0.1,5.0,7.0,3.0,1.0,14.0,8.603711462792965e-25,1.5040921799693376,1.484777132681053,-39.05257926246301,0.0,-11.096257563451847,0.0
0.1,5.0,7.0,3.0,3.0,6.0,1.693852936859899e-17,2.0071118183028652e-17,1.0,-7.499999945000001,0.0,16.1199998688,0.0
0.1,5.0,7.0,3.0,3.0,8.0,1.693852481910562e-17,2.0071115701486814e-17,1.0,-7.499999945,0.0,16.1199998688,0.0
0.1,5.0,7.0,3.0,3.0,10.0,1.6938523991925007e-17,2.0071116528667427e-17,1.0,-7.499999945000001,0.0,16.119999868800004,0.0
0.1,5.0,7.0,3.0,3.0,12.0,1.6938522337563782e-17,2.0071114874306202e-17,1.0,-7.499999945000001,0.0,16.1199998688,0.0
0.1,5.0,7.0,3.0,3.0,12.0,4.14124241849832e-27,2.4968347342718866,2.5585459225666405,-110.03645792470097,0.0,15.092864540159281,0.0
0.1,5.0,7.0,3.0,3.0,12.0,1.0031817913950772e-23,1.6387677623491246,1.671389944728689,-47.50123131689001,0.0,-8.03477993184918,0.0
0.1,5.0,7.0,3.0,3.0,14.0,1.693852151038317e-17,2.0071114874306202e-17,1.0,-7.499999945000001,0.0,16.1199998688,0.0
0.1,5.0,7.0,3.0,3.0,14.0,3.1847689507448993e-21,3.051427023364412,2.995258616911128,-158.46155352281062,0.0,31.681062332951832,0.0
0.1,5.0,7.0,3.0,3.0,14.0,1.0252080697678188e-24,1.5040921799693374,1.484777132681053,-39.052579262463,0.0,-11.096257563451841,0.0
0.1,5.0,7.0,3.0,5.0,6.0,1.719321455689131e-17,2.0037595861524328e-17,1.0,-7.499999944999998,0.0,16.119999868800004,0.0
0.1,5.0,7.0,3.0,5.0,8.0,1.7131523426807105e-17,2.0046164625489765e-17,1.0,-7.499999944999998,0.0,16.1199998688,0.0
0.1,5.0,7.0,3.0,5.0,10.0,1.7093866443010935e-17,2.0051245168812066e-17,1.0,-7.499999945000001,0.0,16.1199998688,0.0
0.1,5.0,7.0,3.0,5.0,12.0,1.706849722721424e-17,2.0054607658002094e-17,1.0,-7.499999945000001,0.0,16.1199998688,0.0
0.1,5.0,7.0,3.0,5.0,12.0,4.125323451949993e-27,2.496834734271887,2.5585459225666414,-110.03645792470098,0.0,15.092865427213175,0.0
0.1,5.0,7.0,3.0,5.0,12.0,6.750509957916902e-24,1.6387677623491244,1.671389944728689,-47.50123131689,0.0,-8.03477993184918,0.0
0.1,5.0,7.0,3.0,5.0,14.0,1.7050247141359482e-17,2.0056996555611147e-17,1.0,-7.499999945000001,0.0,16.1199998688,0.0
0.1,5.0,7.0,3.0,5.0,14.0,2.8540170669651633e-21,3.051427023364412,2.995258616911128,-158.46155352281062,0.0,31.681062332951832,0.0
0.1,5.0,7.0,3.0,5.0,14.0,1.1943299870858885e-24,1.5040921799693376,1.484777132681053,-39.05257926246301,0.0,-11.096257563451847,0.0
0.1,5.0,7.0,3.0,7.0,6.0,1.7426133728135216e-17,2.0002045293158024e-17,1.0,-7.499999944999998,0.0,16.1199998688,0.0
0.1,5.0,7.0,3.0,7.0,6.0,0.7522982019730935,9.024444710948235e-19,0.33972198452605895,4.758820949065877,0.0,13.047428036438927,0.0
0.1,5.0,7.0,3.0,7.0,8.0,1.7312478284789818e-17,2.0020075348969842e-17,1.0,-7.499999945,0.0,16.119999868800004,0.0
0.1,5.0,7.0,3.0,7.0,10.0,1.7241576498584835e-17,2.0030648371559495e-17,1.0,-7.499999945000001,0.0,16.119999868800004,0.0
0.1,5.0,7.0,3.0,7.0,12.0,1.7193205457904572e-17,2.0037594207163103e-17,1.0,-7.499999945000001,0.0,16.1199998688,0.0
0.1,5.0,7.0,3.0,7.0,12.0,4.110818888352824e-27,2.496834734271887,2.5585459225666414,-110.03645792470098,0.0,15.092865427213175,0.0
0.1,5.0,7.0,3.0,7.0,12.0,3.565191780121682e-24,1.6387677623491244,1.671389944728689,-47.50123131689,0.0,-8.03477993184918,0.0
0.1,5.0,7.0,3.0,7.0,14.0,1.7158121419403748e-17,2.0042506005640443e-17,1.0,-7.499999945000001,0.0,16.1199998688,0.0
0.1,5.0,7.0,3.0,7.0,14.0,2.5255787039611614e-21,3.051427023364413,2.995258616911129,-158.4615535228107,0.0,31.681065585205815,0.0
0.1,5.0,7.0,3.0,7.0,14.0,1.3673582449989994e-24,1.5040921799693374,1.484777132681053,-39.052579262463,0.0,-11.096257563451841,0.0
0.1,5.0,7.0,5.0,0.5,6.0,1.629299844574322e-17,1.7104838580246144e-17,1.0,-7.499999945000001,0.0,18.1199998688,0.0
0.1,5.0,7.0,5.0,0.5,8.0,1.6463199955762742e-17,1.71423694189989e-17,1.0,-7.499999945000001,0.0,18.1199998688,0.0
0.1,5.0,7.0,5.0,0.5,10.0,1.6562587360722214e-17,1.7164593280516362e-17,1.0,-7.499999945000001,0.0,18.1199998688,0.0
0.1,5.0,7.0,5.0,0.5,12.0,1.6627675721582174e-17,1.7179287316917754e-17,1.0,-7.499999945000001,0.0,18.1199998688,0.0
0.1,5.0,7.0,5.0,0.5,14.0,1.6673581350446723e-17,1.7189719718803273e-17,1.0,-7.4999999450000026,0.0,18.1199998688,0.0
0.1,5.0,7.0,5.0,1.0,6.0,1.6369333567801756e-17,1.7121593950734018e-17,1.0,-7.499999945000001,0.0,18.1199998688,0.0
0.1,5.0,7.0,5.0,1.0,8.0,1.6518672342001773e-17,1.7154744040962694e-17,1.0,-7.499999945000001,0.0,18.1199998688,0.0
0.1,5.0,7.0,5.0,1.0,10.0,1.660608299887209e-17,1.7174398679497566e-17,1.0,-7.499999945000001,0.0,18.1199998688,0.0
0.1,5.0,7.0,5.0,1.0,12.0,1.6663420677392428e-17,1.7187406094629962e-17,1.0,-7.499999945000001,0.0,18.1199998688,0.0
0.1,5.0,7.0,5.0,1.0,14.0,1.6703912409147817e-17,1.7196647356433405e-17,1.0,-7.499999945000001,0.0,18.1199998688,0.0
0.1,5.0,7.0,5.0,3.0,6.0,1.6663415300718446e-17,1.7187402785907512e-17,1.0,-7.499999945000001,0.0,18.1199998688,0.0
0.1,5.0,7.0,5.0,3.0,8.0,1.6734021783444747e-17,1.7203551833006385e-17,1.0,-7.499999945000001,0.0,18.1199998688,0.0
0.1,5.0,7.0,5.0,3.0,10.0,1.677580391695572e-17,1.721317938815589e-17,1.0,-7.499999945000001,0.0,18.1199998688,0.0
0.1,5.0,7.0,5.0,3.0,12.0,1.6803415619393046e-17,1.721957514865215e-17,1.0,-7.4999999450000026,0.0,18.1199998688,0.0
0.1,5.0,7.0,5.0,3.0,14.0,1.6823016491188103e-17,1.722413043228548e-17,1.0,-7.499999945000001,0.0,18.1199998688,0.0
0.1,5.0,7.0,5.0,5.0,6.0,1.6938482219304073e-17,1.725124623994558e-17,1.0,-7.499999944999998,0.0,18.1199998688,0.0
0.1,5.0,7.0,5.0,5.0,8.0,1.6938483460074992e-17,1.7251247067126193e-17,1.0,-7.499999945,0.0,18.1199998688,0.0
0.1,5.0,7.0,5.0,5.0,10.0,1.6938484287255605e-17,1.7251247894306805e-17,1.0,-7.499999945000001,0.0,18.1199998688,0.0
0.1,5.0,7.0,5.0,5.0,12.0,1.69384838736653e-17,1.7251247894306805e-17,1.0,-7.499999945000001,0.0,18.1199998688,0.0
0.1,5.0,7.0,5.0,5.0,14.0,1.6938485114436217e-17,1.7251247894306805e-17,1.0,-7.499999945000001,0.0,18.1199998688,0.0
0.1,5.0,7.0,5.0,7.0,6.0,1.7193168234777007e-17,1.7313086262540044e-17,1.0,-7.499999944999997,0.0,18.1199998688,0.0
0.1,5.0,7.0,5.0,7.0,6.0,0.7522982019730935,3.222537177408761e-20,0.33972198452605895,4.758820949065877,0.0,13.278250089979576,0.0
0.1,5.0,7.0,5.0,7.0,8.0,1.7131483308547396e-17,1.729781816279354e-17,1.0,-7.499999944999998,0.0,18.1199998688,0.0
0.1,5.0,7.0,5.0,7.0,10.0,1.7093828806293063e-17,1.7288594271782962e-17,1.0,-7.499999945000001,0.0,18.1199998688,0.0
0.1,5.0,7.0,5.0,7.0,12.0,1.7068460004086675e-17,1.728242102287148e-17,1.0,-7.499999945000001,0.0,18.1199998688,0.0
0.1,5.0,7.0,5.0,7.0,14.0,1.7050211572593142e-17,1.7277996433774932e-17,1.0,-7.499999945,0.0,18.1199998688,0.0
0.1,5.0,7.0,7.0,0.5,6.0,1.5977120503685756e-17,1.2916160980809816e-17,1.0,-7.499999945000001,0.0,20.1199998688,0.0
0.1,5.0,7.0,7.0,0.5,8.0,1.6235118963921658e-17,1.3012004330434804e-17,1.0,-7.499999945,0.0,20.1199998688,0.0
0.1,5.0,7.0,7.0,0.5,10.0,1.638454293772477e-17,1.3069117429418834e-17,1.0,-7.499999945,0.0,20.1199998688,0.0
0.1,5.0,7.0,7.0,0.5,12.0,1.6481824754434986e-17,1.310702711689214e-17,1.0,-7.499999945000001,0.0,20.1199998688,0.0
0.1,5.0,7.0,7.0,0.5,14.0,1.6550139946864516e-17,1.3134022569773114e-17,1.0,-7.499999945000001,0.0,20.1199998688,0.0
0.1,5.0,7.0,7.0,1.0,6.0,1.6057667215833107e-17,1.294573682361165e-17,1.0,-7.499999945,0.0,20.1199998688,0.0
0.1,5.0,7.0,7.0,1.0,8.0,1.629308157739478e-17,1.3034006507548102e-17,1.0,-7.4999999450000026,0.0,20.119999868800004,0.0
0.1,5.0,7.0,7.0,1.0,10.0,1.642967970220995e-17,1.3086630497347807e-17,1.0,-7.499999945000001,0.0,20.1199998688,0.0
0.1,5.0,7.0,7.0,1.0,12.0,1.6518733553367102e-17,1.312157143360266e-17,1.0,-7.499999945000001,0.0,20.1199998688,0.0
0.1,5.0,7.0,7.0,1.0,14.0,1.6581334995715422e-17,1.3146458403102236e-17,1.0,-7.499999945000001,0.0,20.119999868799997,0.0
0.1,5.0,7.0,7.0,3.0,6.0,1.6369421248946687e-17,1.3063273811981454e-17,1.0,-7.499999945000001,0.0,20.119999868799997,0.0
0.1,5.0,7.0,7.0,3.0,8.0,1.6518743065944147e-17,1.312157143360266e-17,1.0,-7.499999945000001,0.0,20.1199998688,0.0
0.1,5.0,7.0,7.0,3.0,10.0,1.6606144210237418e-17,1.3156396564571755e-17,1.0,-7.499999945,0.0,20.1199998688,0.0
0.1,5.0,7.0,7.0,3.0,12.0,1.666347609849347e-17,1.317954645478497e-17,1.0,-7.499999945000001,0.0,20.1199998688,0.0
0.1,5.0,7.0,7.0,3.0,14.0,1.6703963694345796e-17,1.319605118954724e-17,1.0,-7.499999945,0.0,20.119999868800004,0.0
0.1,5.0,7.0,7.0,5.0,6.0,1.6663493469286332e-17,1.3179545627604357e-17,1.0,-7.499999944999998,0.0,20.119999868799997,0.0
0.1,5.0,7.0,7.0,5.0,8.0,1.6734084235580995e-17,1.3208411335850314e-17,1.0,-7.499999945,0.0,20.1199998688,0.0
0.1,5.0,7.0,7.0,5.0,10.0,1.677585933805676e-17,1.3225691138846547e-17,1.0,-7.499999945000001,0.0,20.1199998688,0.0
0.1,5.0,7.0,7.0,5.0,12.0,1.6803464836639493e-17,1.3237194739625322e-17,1.0,-7.499999945000001,0.0,20.119999868799997,0.0
0.1,5.0,7.0,7.0,5.0,14.0,1.68230623997121e-17,1.3245401612072767e-17,1.0,-7.499999945000001,0.0,20.1199998688,0.0
0.1,5.0,7.0,7.0,7.0,6.0,1.6938547566572465e-17,1.3294505121185446e-17,1.0,-7.499999944999998,0.0,20.1199998688,0.0
0.1,5.0,7.0,7.0,7.0,6.0,0.7522982019730935,2.6362951810525076e-19,0.33972198452605895,4.758820949065877,0.0,13.509072143520223,0.0
0.1,5.0,7.0,7.0,7.0,8.0,1.6938538467585727e-17,1.3294506361956365e-17,1.0,-7.499999945,0.0,20.1199998688,0.0
0.1,5.0,7.0,7.0,7.0,10.0,1.6938533090911746e-17,1.3294506361956365e-17,1.0,-7.499999945000001,0.0,20.1199998688,0.0
0.1,5.0,7.0,7.0,7.0,12.0,1.6938530609369908e-17,1.3294507189136977e-17,1.0,-7.499999945000001,0.0,20.119999868799997,0.0
0.1,5.0,7.0,7.0,7.0,14.0,1.6938528541418376e-17,1.3294508843498202e-17,1.0,-7.499999945,0.0,20.119999868800004,0.0
0.1,5.0,7.0,9.0,0.5,6.0,1.5645373101576464e-17,9.40913604080853e-18,1.0,-7.499999945000001,0.0,22.119999868800004,0.0
0.1,5.0,7.0,9.0,0.5,8.0,1.5997546074551528e-17,9.553014595785086e-18,1.0,-7.499999945000001,0.0,22.1199998688,0.0
0.1,5.0,7.0,9.0,0.5,10.0,1.620021318284284e-17,9.639100522904398e-18,1.0,-7.499999945000001,0.0,22.1199998688,0.0
0.1,5.0,7.0,9.0,0.5,12.0,1.6331519833279507e-17,9.696381953143083e-18,1.0,-7.499999945,0.0,22.1199998688,0.0
0.1,5.0,7.0,9.0,0.5,14.0,1.6423379067484133e-17,9.737242607451671e-18,1.0,-7.499999945000001,0.0,22.1199998688,0.0
0.1,5.0,7.0,9.0,1.0,6.0,1.572980466747067e-17,9.443032247949729e-18,1.0,-7.4999999450000026,0.0,22.1199998688,0.0
0.1,5.0,7.0,9.0,1.0,8.0,1.6057858294554607e-17,9.578353205899116e-18,1.0,-7.499999945000001,0.0,22.1199998688,0.0
0.1,5.0,7.0,9.0,1.0,10.0,1.6246917868179115e-17,9.659327156832851e-18,1.0,-7.499999945000001,0.0,22.1199998688,0.0
0.1,5.0,7.0,9.0,1.0,12.0,1.6369546980399795e-17,9.713212183476393e-18,1.0,-7.499999945000001,0.0,22.119999868799997,0.0
0.1,5.0,7.0,9.0,1.0,14.0,1.645541163670525e-17,9.751651266541732e-18,1.0,-7.499999945000001,0.0,22.119999868800004,0.0
0.1,5.0,7.0,9.0,3.0,6.0,1.605790461666891e-17,9.578347002044522e-18,1.0,-7.499999945000001,0.0,22.119999868800004,0.0
0.1,5.0,7.0,9.0,3.0,8.0,1.6293263970719848e-17,9.679537247149053e-18,1.0,-7.499999945000001,0.0,22.119999868799997,0.0
0.1,5.0,7.0,9.0,3.0,10.0,1.642983190344266e-17,9.74011954162213e-18,1.0,-7.499999945000001,0.0,22.1199998688,0.0
0.1,5.0,7.0,9.0,3.0,12.0,1.651886714303603e-17,9.780447491616234e-18,1.0,-7.499999945000001,0.0,22.119999868800004,0.0
0.1,5.0,7.0,9.0,3.0,14.0,1.6581454936904242e-17,9.809225105126954e-18,1.0,-7.499999945,0.0,22.1199998688,0.0
0.1,5.0,7.0,9.0,5.0,6.0,1.636963631590595e-17,9.71319688063506e-18,1.0,-7.499999944999997,0.0,22.1199998688,0.0
0.1,5.0,7.0,9.0,5.0,8.0,1.6518909742837576e-17,9.780438806219802e-18,1.0,-7.499999945,0.0,22.119999868799997,0.0
0.1,5.0,7.0,9.0,5.0,10.0,1.660628607171247e-17,9.820719606918991e-18,1.0,-7.499999945000001,0.0,22.119999868800004,0.0
0.1,5.0,7.0,9.0,5.0,12.0,1.6663601829946577e-17,9.847548382906536e-18,1.0,-7.499999945000001,0.0,22.119999868800004,0.0
0.1,5.0,7.0,9.0,5.0,14.0,1.6704077845270328e-17,9.866696786906526e-18,1.0,-7.4999999450000026,0.0,22.1199998688,0.0
0.1,5.0,7.0,9.0,7.0,6.0,1.6663684961598138e-17,9.847527289800916e-18,1.0,-7.499999945,0.0,22.1199998688,0.0
0.1,5.0,7.0,9.0,7.0,6.0,0.7522982019730935,3.6273697897292263e-20,0.33972198452605895,4.758820949065877,0.0,13.739894197060872,0.0
0.1,5.0,7.0,9.0,7.0,8.0,1.673423685040401e-17,9.881034308463908e-18,1.0,-7.499999945,0.0,22.1199998688,0.0
0.1,5.0,7.0,9.0,7.0,10.0,1.6775991273364463e-17,9.90112321682037e-18,1.0,-7.499999945000001,0.0,22.119999868800004,0.0
0.1,5.0,7.0,9.0,7.0,12.0,1.6803582709876782e-17,9.914506585541172e-18,1.0,-7.499999945,0.0,22.119999868800004,0.0
0.1,5.0,7.0,9.0,7.0,14.0,1.6823170760372344e-17,9.92406383033861e-18,1.0,-7.499999945000001,0.0,22.119999868799997,0.0
0.1,5.5,1.0,3.0,0.5,6.0,5.778050671282196e-20,-1.6368835433647214e-25,1.0,-1.5499999395000004,0.0,16.1199998688,0.0
0.1,5.5,1.0,3.0,0.5,6.0,0.39098809367347487,9.831377429834523e-24,0.9872606925504652,0.7341974541087184,0.0,15.930925843813803,0.0
0.1,5.5,1.0,3.0,0.5,6.0,0.7423480851184645,-5.356191552193972e-34,0.9540766100434124,-1.3954238950831948,0.0,15.44298669948129,0.0
0.1,5.5,1.0,3.0,0.5,8.0,5.795443294766957e-20,-1.6360967162415216e-25,1.0,-1.5499999395000006,0.0,16.1199998688,0.0
0.1,5.5,1.0,3.0,0.5,8.0,0.39443486712421866,1.0411889717579671e-23,0.9902763209747938,0.7134799528647064,0.0,15.946813084791675,0.0
0.1,5.5,1.0,3.0,0.5,8.0,0.7305829316844378,-3.8607345037811953e-32,0.9666405362457108,-1.3222524986679736,0.0,15.5282055968894,0.0
0.1,5.5,1.0,3.0,0.5,10.0,5.805898122617481e-20,-1.6356135697519529e-25,1.0,-1.5499999395000006,0.0,16.1199998688,0.0
0.1,5.5,1.0,3.0,0.5,10.0,0.3966035534051867,1.0045755508424217e-23,0.992135281071319,0.7004247814345139,0.0,15.956599276494913,0.0
0.1,5.5,1.0,3.0,0.5,10.0,0.7234138963328066,-5.165312019850789e-31,0.9738336167296293,-1.2780234693884744,0.0,15.577793135616647,0.0
0.1,5.5,1.0,3.0,0.5,12.0,5.812875742474567e-20,-1.6353019388795114e-25,1.0,-1.5499999395000006,0.0,16.1199998688,0.0
0.1,5.5,1.0,3.0,0.5,12.0,6.0652787885642345e-27,2.496834734271887,2.5585459225666414,-70.80951449190668,0.0,15.092865427213175,0.0
0.1,5.5,1.0,3.0,0.5,12.0,3.4907672502212394e-23,1.6387677623491246,1.671389944728689,-30.78996522734899,0.0,-8.03477993184918,0.0
0.1,5.5,1.0,3.0,0.5,12.0,0.39809510230636175,9.559348015784693e-24,0.9933966787299869,0.6914374127146639,0.0,15.963235766979874,0.0
0.1,5.5,1.0,3.0,0.5,12.0,0.7185864399130627,-2.517614414616572e-30,0.978484730348878,-1.248373843293837,0.0,15.61018578237382,0.0
0.1,5.5,1.0,3.0,0.5,14.0,5.817863867750461e-20,-1.6350634317151985e-25,1.0,-1.5499999395000006,0.0,16.1199998688,0.0
0.1,5.5,1.0,3.0,0.5,14.0,1.3803180653130846e-21,3.051427023364413,2.995258616911129,-104.6821084242285,0.0,31.681065585205815,0.0
0.1,5.5,1.0,3.0,0.5,14.0,3.516147114352734e-24,1.5040921799693374,1.484777132681053,-25.87520045456759,0.0,-11.096257563451841,0.0
0.1,5.5,1.0,3.0,0.5,14.0,0.39918426765899023,9.116965075328518e-24,0.9943089971590555,0.6848704154885233,0.0,15.968033435429975,0.0
0.1,5.5,1.0,3.0,0.5,14.0,0.7151138057319041,-7.188903092849256e-30,0.981736151601844,-1.2271057240691392,0.0,15.632990544076204,0.0
0.1,5.5,1.0,3.0,1.0,6.0,5.79218404967272e-20,-1.6363107872067001e-25,1.0,-1.5499999395000006,0.0,16.1199998688,0.0
0.1,5.5,1.0,3.0,1.0,6.0,0.3788911269547502,-4.8719588022820135e-24,0.9760735856524932,0.8065637500466893,0.0,15.871925522922613,0.0
0.1,5.5,1.0,3.0,1.0,6.0,0.7872903517387382,7.906454911667805e-27,0.8966956503431823,-1.6844502780824124,0.0,15.073517824356875,0.0
0.1,5.5,1.0,3.0,1.0,8.0,5.806065012768412e-20,-1.63566422941321e-25,1.0,-1.5499999395000006,0.0,16.1199998688,0.0
0.1,5.5,1.0,3.0,1.0,8.0,0.38463832627910605,3.737035957816056e-24,0.981506669744651,0.7722541220948856,0.0,15.90058538194804,0.0
0.1,5.5,1.0,3.0,1.0,8.0,0.7652323244822986,-5.602926324104757e-33,0.9268024361959273,-1.5403714083083198,0.0,15.263558558296006,0.0
0.1,5.5,1.0,3.0,1.0,10.0,5.814405602516168e-20,-1.6352736200056092e-25,1.0,-1.5499999395000006,0.0,16.1199998688,0.0
0.1,5.5,1.0,3.0,1.0,10.0,0.38836723568674264,7.80522842668052e-24,0.9849170890245038,0.7499232434252134,0.0,15.918571344338833,0.0
0.1,5.5,1.0,3.0,1.0,10.0,0.7516027316920003,-1.3046431821227666e-31,0.9435093333713123,-1.4535789615369774,0.0,15.372598522224044,0.0
0.1,5.5,1.0,3.0,1.0,12.0,5.819971279997589e-20,-1.6350026339587141e-25,1.0,-1.5499999395000006,0.0,16.1199998688,0.0
0.1,5.5,1.0,3.0,1.0,12.0,6.0504090686496096e-27,2.496834734271887,2.5585459225666414,-70.80951449190668,0.0,15.092865427213175,0.0
0.1,5.5,1.0,3.0,1.0,12.0,3.1784957142564156e-23,1.6387677623491244,1.671389944728689,-30.789965227348983,0.0,-8.03477993184918,0.0
0.1,5.5,1.0,3.0,1.0,12.0,0.39098809367347487,9.421740302769298e-24,0.9872606925504652,0.7341974541087184,0.0,15.930925843813803,0.0
0.1,5.5,1.0,3.0,1.0,12.0,0.7423480851184645,-1.0463167375426286e-30,0.9540766100434124,-1.3954238950831948,0.0,15.44298669948129,0.0
0.1,5.5,1.0,3.0,1.0,14.0,5.82394891610575e-20,-1.6348139852688015e-25,1.0,-1.5499999395000006,0.0,16.1199998688,0.0
0.1,5.5,1.0,3.0,1.0,14.0,1.2726981517695277e-21,3.0514270233644116,2.9952586169111273,-104.68210842422839,0.0,31.681065585205783,0.0
0.1,5.5,1.0,3.0,1.0,14.0,3.735052268462265e-24,1.5040921799693374,1.484777132681053,-25.87520045456759,0.0,-11.096257563451841,0.0
0.1,5.5,1.0,3.0,1.0,14.0,0.39293312886874376,9.967449822313132e-24,0.9889716825883871,0.7225113175555908,0.0,15.939941467300804,0.0
0.1,5.5,1.0,3.0,1.0,14.0,0.7356525635880414,-4.13530684158825e-30,0.9613439504061674,-1.353686653938388,0.0,15.492069767955499,0.0
0.1,5.5,1.0,3.0,3.0,6.0,5.84897747081498e-20,-1.6339566228873185e-25,1.0,-1.5499999395000006,0.0,16.1199998688,0.0
0.1,5.5,1.0,3.0,3.0,6.0,0.34565643786207234,3.82097880845711e-22,0.9402608134822517,1.0016410173038015,0.0,15.683857064864648,0.0
0.1,5.5,1.0,3.0,3.0,6.0,0.9291784180945951,2.2084901042627537e-30,0.5683137336736128,-2.894235597062134,0.0,13.450045694283073,0.0
0.1,5.5,1.0,3.0,3.0,8.0,5.848697711707907e-20,-1.6338802636168835e-25,1.0,-1.5499999395000004,0.0,16.1199998688,0.0
0.1,5.5,1.0,3.0,3.0,8.0,0.35617212629266953,-1.3037982920549518e-24,0.9524280311695595,0.940632472295289,0.0,15.747481980647166,0.0
0.1,5.5,1.0,3.0,3.0,8.0,0.8841490626394841,2.1424856962317657e-27,0.7068551631376456,-2.420969702367295,0.0,14.040460055687996,0.0
0.1,5.5,1.0,3.0,3.0,10.0,5.848530175322122e-20,-1.633835982635602e-25,1.0,-1.5499999395000006,0.0,16.1199998688,0.0
0.1,5.5,1.0,3.0,3.0,10.0,0.3634369936639173,4.668375101888911e-24,0.9603740654909602,0.8980657576755271,0.0,15.789210934013935,0.0
0.1,5.5,1.0,3.0,3.0,10.0,0.8520975534379586,7.959278509291881e-26,0.7821789278275136,-2.1500823163637155,0.0,14.418119516186728,0.0
0.1,5.5,1.0,3.0,3.0,12.0,5.848418336302779e-20,-1.6338080951700074e-25,1.0,-1.549999939500001,0.0,16.1199998688,0.0
0.1,5.5,1.0,3.0,3.0,12.0,5.986146179009252e-27,2.496834734271887,2.5585459225666414,-70.80951449190668,0.0,15.092865427213175,0.0
0.1,5.5,1.0,3.0,3.0,12.0,1.9763643069698666e-23,1.6387677623491244,1.671389944728689,-30.789965227348983,0.0,-8.03477993184918,0.0
0.1,5.5,1.0,3.0,3.0,12.0,0.368792946779034,-5.2529077206299054e-24,0.9659979406015091,0.8664904078785627,0.0,15.818809836719536,0.0
0.1,5.5,1.0,3.0,3.0,12.0,0.8288850621496721,7.6960960531975645e-25,0.8282373884362836,-1.9737594867188448,0.0,14.669514053382663,0.0
0.1,5.5,1.0,3.0,3.0,14.0,5.848338546493203e-20,-1.633790931282343e-25,1.0,-1.5499999395000006,0.0,16.1199998688,0.0
0.1,5.5,1.0,3.0,3.0,14.0,9.026156070087425e-22,3.0514270233644125,2.995258616911128,-104.68210842422846,0.0,31.681062332951843,0.0
0.1,5.5,1.0,3.0,3.0,14.0,4.628155817497123e-24,1.5040921799693374,1.484777132681053,-25.87520045456759,0.0,-11.096257563451841,0.0
0.1,5.5,1.0,3.0,3.0,14.0,0.3729209872843651,-8.780111016392151e-24,0.970199272266326,0.8420518600849323,0.0,15.840947906078037,0.0
0.1,5.5,1.0,3.0,3.0,14.0,0.8114835699785043,-4.387491889483894e-32,0.8588916604974876,-1.8492987881879133,0.0,14.84579038980105,0.0
0.1,5.5,1.0,3.0,5.0,6.0,5.906188097139728e-20,-1.6314648393178308e-25,1.0,-1.5499999395000004,0.0,16.1199998688,0.0
0.1,5.5,1.0,3.0,5.0,6.0,0.3239598900006122,-1.3223335812770625e-27,0.9125416580589927,1.1247447634092829,0.0,15.54053369423555,0.0
0.1,5.5,1.0,3.0,5.0,6.0,0.9936045926708609,-6.980201601613972e-24,0.17729159451947718,-4.265006169820427,0.0,12.483731733195071,0.0
0.1,5.5,1.0,3.0,5.0,8.0,5.891565377601187e-20,-1.6320249305605377e-25,1.0,-1.5499999395,0.0,16.1199998688,0.0
0.1,5.5,1.0,3.0,5.0,8.0,0.3366343546938319,7.166283477769382e-21,0.9291733195249171,1.053329328220773,0.0,15.626230252268362,0.0
0.1,5.5,1.0,3.0,5.0,8.0,0.9626851887835541,8.073765307352303e-33,0.4207732670604829,-3.3952527283768985,0.0,12.965345843817868,0.0
0.1,5.5,1.0,3.0,5.0,10.0,5.882804412081193e-20,-1.6323476547894588e-25,1.0,-1.5499999395000004,0.0,16.1199998688,0.0
0.1,5.5,1.0,3.0,5.0,10.0,0.34565643786207223,3.937118192585113e-22,0.9402608134822517,1.0016410288164732,0.0,15.683857064864648,0.0
0.1,5.5,1.0,3.0,5.0,10.0,0.9291784180945951,8.351737787048781e-28,0.5683137336736129,-2.894235597062134,0.0,13.450045694283073,0.0
0.1,5.5,1.0,3.0,5.0,12.0,5.876969537393587e-20,-1.6325737743723694e-25,1.0,-1.5499999395000006,0.0,16.1199998688,0.0
0.1,5.5,1.0,3.0,5.0,12.0,5.921480384824528e-27,2.496834734271887,2.5585459225666414,-70.80951449190668,0.0,15.092865427213175,0.0
0.1,5.5,1.0,3.0,5.0,12.0,8.297567167251174e-24,1.6387677623491244,1.671389944728689,-30.789965227348983,0.0,-8.03477993184918,0.0
0.1,5.5,1.0,3.0,5.0,12.0,0.352469956276402,-4.4516777722378676e-24,0.9482353874677131,0.9621976161353092,0.0,15.72551696708079,0.0
0.1,5.5,1.0,3.0,5.0,12.0,0.9003826496719544,3.053496175577661e-26,0.6622129517373794,-2.5755153021466177,0.0,13.835668051431782,0.0
0.1,5.5,1.0,3.0,5.0,14.0,5.872804190255306e-20,-1.632729451141634e-25,1.0,-1.5499999395000004,0.0,16.1199998688,0.0
0.1,5.5,1.0,3.0,5.0,14.0,6.129812235801408e-22,3.051427023364412,2.995258616911128,-104.68210842422843,0.0,31.681062332951832,0.0
0.1,5.5,1.0,3.0,5.0,14.0,5.548464615355112e-24,1.5040921799693376,1.484777132681053,-25.875200454567597,0.0,-11.096257563451847,0.0
0.1,5.5,1.0,3.0,5.0,14.0,0.35782753411980955,3.0899777799929856e-24,0.9542712342234774,0.9309611967259067,0.0,15.75715063151024,0.0
0.1,5.5,1.0,3.0,5.0,14.0,0.8768378925809455,2.701346502741744e-25,0.7254126107622165,-2.355665804804843,0.0,14.129725165857876,0.0
0.1,5.5,1.0,3.0,7.0,6.0,5.963817948130882e-20,-1.6288305677473375e-25,1.0,-1.5499999395000004,0.0,16.1199998688,0.0
0.1,5.5,1.0,3.0,7.0,6.0,0.3078100861547382,-9.40889285243711e-26,0.8894617760049814,1.2133116028776705,0.0,15.423313805359252,0.0
0.1,5.5,1.0,3.0,7.0,8.0,5.934668252786323e-20,-1.6300769063478284e-25,1.0,-1.5499999395000006,0.0,16.1199998688,0.0
0.1,5.5,1.0,3.0,7.0,8.0,0.3217016859123093,-2.3578577233842265e-27,0.9094445221210307,1.1373042292687645,0.0,15.524683823955918,0.0
0.1,5.5,1.0,3.0,7.0,8.0,0.9965149675133521,-1.9059920908293513e-31,0.13108817958162988,-4.438931208861439,0.0,12.436701061724253,0.0
0.1,5.5,1.0,3.0,7.0,10.0,5.91722974662696e-20,-1.6308203769361201e-25,1.0,-1.5499999395000004,0.0,16.1199998688,0.0
0.1,5.5,1.0,3.0,7.0,10.0,0.3317763406440812,2.407545563935778e-20,0.9229471218521759,1.0808788623980923,0.0,15.594038138249376,0.0
0.1,5.5,1.0,3.0,7.0,10.0,0.9772188349070136,2.0344833682223957e-29,0.33153034409208526,-3.7058774371703285,0.0,12.743069054001651,0.0
0.1,5.5,1.0,3.0,7.0,12.0,5.905625509310028e-20,-1.6313081764724345e-25,1.0,-1.5499999395000006,0.0,16.1199998688,0.0
0.1,5.5,1.0,3.0,7.0,12.0,5.860211931061704e-27,2.4968347342718875,2.5585459225666414,-70.80951449190671,0.0,15.092863653105397,0.0
0.1,5.5,1.0,3.0,7.0,12.0,-2.572790956287808e-24,1.6387677623491241,1.671389944728689,-30.78996522734897,0.0,-8.03478022295281,0.0
0.1,5.5,1.0,3.0,7.0,12.0,0.33950217659076537,3.2822595873428308e-21,0.9327639920525774,1.0369704730447342,0.0,15.644852184756278,0.0
0.1,5.5,1.0,3.0,7.0,12.0,0.9528233251640051,-9.111623467461007e-29,0.4704078314303216,-3.225516955930753,0.0,13.112024958570256,0.0
0.1,5.5,1.0,3.0,7.0,14.0,5.897347079277249e-20,-1.631650036741283e-25,1.0,-1.5499999395000004,0.0,16.1199998688,0.0
0.1,5.5,1.0,3.0,7.0,14.0,3.8067918077198703e-22,3.051427023364412,2.995258616911128,-104.68210842422843,0.0,31.681062332951832,0.0
0.1,5.5,1.0,3.0,7.0,14.0,6.4939432036855355e-24,1.5040921799693374,1.484777132681053,-25.87520045456759,0.0,-11.096257563451841,0.0
0.1,5.5,1.0,3.0,7.0,14.0,0.34565643786207223,3.987529370545739e-22,0.9402608134822517,1.0016410211413584,0.0,15.683857064864648,0.0
0.1,5.5,1.0,3.0,7.0,14.0,0.9291784180945951,5.803114945261925e-27,0.5683137336736128,-2.894235597062134,0.0,13.450045694283073,0.0
0.1,5.5,1.0,5.0,0.5,6.0,5.723260154094341e-20,-1.2383487953757703e-25,1.0,-1.5499999395000006,0.0,18.1199998688,0.0
0.1,5.5,1.0,5.0,0.5,6.0,0.3909880936734748,9.232705761266413e-24,0.9872606925504652,0.7341974584495577,0.0,17.880293193924253,0.0
0.1,5.5,1.0,5.0,0.5,6.0,0.7423480851184645,8.655490522682054e-28,0.9540766100434124,-1.3954238950831948,0.0,17.263511055145152,0.0
0.1,5.5,1.0,5.0,0.5,8.0,5.754376705605379e-20,-1.241086635754953e-25,1.0,-1.5499999395000006,0.0,18.1199998688,0.0
0.1,5.5,1.0,5.0,0.5,8.0,0.3944348671242187,8.968209771646218e-24,0.9902763209747938,0.7134799397273862,0.0,17.90810746855842,0.0
0.1,5.5,1.0,5.0,0.5,8.0,0.7305829316844378,3.800402715402722e-33,0.9666405362457108,-1.3222524986679736,0.0,17.39699344951619,0.0
0.1,5.5,1.0,5.0,0.5,10.0,5.773107762251213e-20,-1.2427095013632914e-25,1.0,-1.5499999395000004,0.0,18.1199998688,0.0
0.1,5.5,1.0,5.0,0.5,10.0,0.39660355340518677,8.111384160705437e-24,0.992135281071319,0.7004248034504342,0.0,17.925264108387847,0.0
0.1,5.5,1.0,5.0,0.5,10.0,0.7234138963328066,1.2722854255348143e-30,0.9738336167296293,-1.2780234693884744,0.0,17.474496961762068,0.0
0.1,5.5,1.0,5.0,0.5,12.0,5.785620625967085e-20,-1.2437824446390293e-25,1.0,-1.5499999395000006,0.0,18.1199998688,0.0
0.1,5.5,1.0,5.0,0.5,12.0,0.3980951023063617,7.353449561197483e-24,0.9933966787299869,0.6914374171344071,0.0,17.93690968960341,0.0
0.1,5.5,1.0,5.0,0.5,12.0,0.7185864399130626,3.1319786471557577e-29,0.978484730348878,-1.2483738512717486,0.0,17.525050517425655,0.0
0.1,5.5,1.0,5.0,0.5,14.0,5.794571120052725e-20,-1.2445445582291827e-25,1.0,-1.5499999395000006,0.0,18.1199998688,0.0
0.1,5.5,1.0,5.0,0.5,14.0,0.3991842676589903,6.753695772682637e-24,0.9943089971590555,0.6848703977611807,0.0,17.945334199092866,0.0
0.1,5.5,1.0,5.0,0.5,14.0,0.7151138057319042,2.3571712978779226e-28,0.981736151601844,-1.2271057240691396,0.0,17.560602286800204,0.0
0.1,5.5,1.0,5.0,1.0,6.0,5.737290215687652e-20,-1.2394864807125187e-25,1.0,-1.5499999395000006,0.0,18.1199998688,0.0
0.1,5.5,1.0,5.0,1.0,6.0,0.37889112695475013,-7.26406057658327e-24,0.9760735856524932,0.806563741633616,0.0,17.77736481213965,0.0
0.1,5.5,1.0,5.0,1.0,6.0,0.7872903517387382,1.4184883300525174e-28,0.8966956503431823,-1.6844502780824124,0.0,16.68164400304564,0.0
0.1,5.5,1.0,5.0,1.0,8.0,5.76493963643e-20,-1.2419290221051884e-25,1.0,-1.5499999395000006,0.0,18.1199998688,0.0
0.1,5.5,1.0,5.0,1.0,8.0,0.3846383262791062,3.402351167761435e-24,0.981506669744651,0.7722541092838563,0.0,17.82729606745451,0.0
0.1,5.5,1.0,5.0,1.0,8.0,0.7652323244822992,2.0513932177224637e-25,0.9268024361959272,-1.5403713828209653,0.0,16.981484069773416,0.0
0.1,5.5,1.0,5.0,1.0,10.0,5.781577780723232e-20,-1.2433758731240494e-25,1.0,-1.5499999395000006,0.0,18.1199998688,0.0
0.1,5.5,1.0,5.0,1.0,10.0,0.3883672356867427,7.436763133550138e-24,0.9849170890245038,0.7499232261782437,0.0,17.85869468884384,0.0
0.1,5.5,1.0,5.0,1.0,10.0,0.7516027316920004,6.304871122659355e-33,0.9435093333713123,-1.4535789698814443,0.0,17.1530182465416,0.0
0.1,5.5,1.0,5.0,1.0,12.0,5.792690071757894e-20,-1.2443351711256289e-25,1.0,-1.5499999395000006,0.0,18.1199998688,0.0
0.1,5.5,1.0,5.0,1.0,12.0,0.3909880936734748,8.59860516615347e-24,0.9872606925504652,0.7341974584495577,0.0,17.880293193924253,0.0
0.1,5.5,1.0,5.0,1.0,12.0,0.7423480851184645,6.377092870357819e-30,0.9540766100434124,-1.3954238950831948,0.0,17.263511055145152,0.0
0.1,5.5,1.0,5.0,1.0,14.0,5.800637064090156e-20,-1.2450136531338772e-25,1.0,-1.5499999395000006,0.0,18.1199998688,0.0
0.1,5.5,1.0,5.0,1.0,14.0,0.39293312886874376,8.711103042125228e-24,0.9889716825883871,0.7225113175555908,0.0,17.896071445224216,0.0
0.1,5.5,1.0,5.0,1.0,14.0,0.7356525635880413,1.004547665437572e-28,0.9613439504061674,-1.3536866539383874,0.0,17.340434149920572,0.0
0.1,5.5,1.0,5.0,3.0,6.0,5.793667703922291e-20,-1.2439590447112098e-25,1.0,-1.5499999395000006,0.0,18.1199998688,0.0
0.1,5.5,1.0,5.0,3.0,6.0,0.34565643786207223,9.089986403134584e-22,0.9402608134822517,1.0016410173038008,0.0,17.452037859605262,0.0
0.1,5.5,1.0,5.0,3.0,6.0,0.9291784180945951,3.4987413717955755e-23,0.5683137336736128,-2.894235597062134,0.0,14.096006694047157,0.0
0.1,5.5,1.0,5.0,3.0,8.0,5.80733759055894e-20,-1.2452447647272036e-25,1.0,-1.5499999395000006,0.0,18.1199998688,0.0
0.1,5.5,1.0,5.0,3.0,8.0,0.35617212629266953,-1.2854532824002306e-25,0.9524280311695595,0.940632472295289,0.0,17.561720289762214,0.0
0.1,5.5,1.0,5.0,3.0,8.0,0.8841490626394841,-1.716002467020778e-28,0.7068551631376456,-2.420969702367295,0.0,15.03974849899669,0.0
0.1,5.5,1.0,5.0,3.0,10.0,5.815551154768294e-20,-1.2460156913727825e-25,1.0,-1.5499999395000006,0.0,18.1199998688,0.0
0.1,5.5,1.0,5.0,3.0,10.0,0.3634369936639172,6.478730415558801e-24,0.9603740654909602,0.898065785920255,0.0,17.633847625349212,0.0
0.1,5.5,1.0,5.0,3.0,10.0,0.8520975534379586,1.6183060847509203e-25,0.7821789278275136,-2.1500823163637155,0.0,15.641727266461526,0.0
0.1,5.5,1.0,5.0,3.0,12.0,5.821031771587115e-20,-1.2465196379057507e-25,1.0,-1.5499999395000006,0.0,18.1199998688,0.0
0.1,5.5,1.0,5.0,3.0,12.0,0.3687929467790341,-8.177096471325574e-24,0.9659979406015091,0.8664904078785634,0.0,17.685113879212246,0.0
0.1,5.5,1.0,5.0,3.0,12.0,0.8288850621496721,8.267086863772405e-24,0.8282373884362836,-1.9737594867188448,0.0,16.041468396590176,0.0
0.1,5.5,1.0,5.0,3.0,14.0,5.824949126100343e-20,-1.2468791242854502e-25,1.0,-1.5499999395000006,0.0,18.1199998688,0.0
0.1,5.5,1.0,5.0,3.0,14.0,0.3729209872843652,-1.2649330578246917e-23,0.970199272266326,0.8420518559446776,0.0,17.723521161890254,0.0
0.1,5.5,1.0,5.0,3.0,14.0,0.8114835699785043,-1.2796497095636198e-30,0.8588916604974876,-1.8492987881879133,0.0,16.321180158745314,0.0
0.1,5.5,1.0,5.0,5.0,6.0,5.850460519219376e-20,-1.2483055758543403e-25,1.0,-1.5499999395000004,0.0,18.1199998688,0.0
0.1,5.5,1.0,5.0,5.0,6.0,0.32395989000061215,-3.45298438985232e-27,0.9125416580589927,1.1247447598126048,0.0,17.205998249621665,0.0
0.1,5.5,1.0,5.0,5.0,6.0,0.9936045926708607,-3.2121869774422735e-24,0.1772915945194775,-4.265006170509876,0.0,12.546596352169589,0.0
0.1,5.5,1.0,5.0,5.0,8.0,5.849969118197763e-20,-1.2484955803989337e-25,1.0,-1.5499999395000004,0.0,18.1199998688,0.0
0.1,5.5,1.0,5.0,5.0,8.0,0.3366343546938319,1.6806149603182724e-20,0.9291733195249171,1.053329328220773,0.0,17.35295636770227,0.0
0.1,5.5,1.0,5.0,5.0,8.0,0.9626851887835541,4.823844676836864e-22,0.4207732670604829,-3.3952527283768985,0.0,13.319446128363372,0.0
0.1,5.5,1.0,5.0,5.0,10.0,5.849674031207757e-20,-1.2485997963200844e-25,1.0,-1.5499999395000006,0.0,18.1199998688,0.0
0.1,5.5,1.0,5.0,5.0,10.0,0.3456564378620722,9.533403729564122e-22,0.9402608134822518,1.0016410096286856,0.0,17.452037859605262,0.0
0.1,5.5,1.0,5.0,5.0,10.0,0.9291784180945952,-7.063289209806262e-28,0.5683137336736128,-2.8942355867461824,0.0,14.096006694047157,0.0
0.1,5.5,1.0,5.0,5.0,12.0,5.849477313279367e-20,-1.2486689757236868e-25,1.0,-1.5499999395000006,0.0,18.1199998688,0.0
0.1,5.5,1.0,5.0,5.0,12.0,0.352469956276402,1.1434195666684795e-23,0.9482353874677131,0.9621976161353092,0.0,17.523817667172874,0.0
0.1,5.5,1.0,5.0,5.0,12.0,0.9003826496719544,-4.4098547567369246e-27,0.6622129517373794,-2.5755153021466177,0.0,14.71272003832925,0.0
0.1,5.5,1.0,5.0,5.0,14.0,5.849336878367753e-20,-1.2487212069437786e-25,1.0,-1.5499999395000004,0.0,18.1199998688,0.0
0.1,5.5,1.0,5.0,5.0,14.0,0.35782753411980955,4.918222437537218e-24,0.9542712342234774,0.9309611967259067,0.0,17.578417808443042,0.0
0.1,5.5,1.0,5.0,5.0,14.0,0.8768378925809454,1.537539355993748e-24,0.7254126107622166,-2.355665814539699,0.0,15.182172077563585,0.0
0.1,5.5,1.0,5.0,7.0,6.0,5.907670155997004e-20,-1.2525337470468085e-25,1.0,-1.5499999395000004,0.0,18.1199998688,0.0
0.1,5.5,1.0,5.0,7.0,6.0,0.3078100861547382,-3.3829185654374467e-25,0.8894617760049814,1.2133116028776705,0.0,17.005598307307125,0.0
0.1,5.5,1.0,5.0,7.0,8.0,5.892835128114231e-20,-1.2516679413884493e-25,1.0,-1.5499999395000004,0.0,18.1199998688,0.0
0.1,5.5,1.0,5.0,7.0,8.0,0.32170168591230935,-6.568955498747168e-27,0.9094445221210307,1.1373042364119774,0.0,17.17886250158782,0.0
0.1,5.5,1.0,5.0,7.0,8.0,0.9965149675133521,-2.3008511568368114e-23,0.13108817958162988,-4.438931208861439,0.0,12.471069283376307,0.0
0.1,5.5,1.0,5.0,7.0,10.0,5.883946894717764e-20,-1.251141037770544e-25,1.0,-1.5499999395000004,0.0,18.1199998688,0.0
0.1,5.5,1.0,5.0,7.0,10.0,0.3317763406440813,5.93963355789395e-20,0.9229471218521758,1.0808788697650082,0.0,17.2977009177198,0.0
0.1,5.5,1.0,5.0,7.0,10.0,0.9772188349070138,1.0563873040086135e-21,0.33153034409208504,-3.7058774358141666,0.0,12.962893792109288,0.0
0.1,5.5,1.0,5.0,7.0,12.0,5.878027201705629e-20,-1.2507961884584219e-25,1.0,-1.5499999395000004,0.0,18.1199998688,0.0
0.1,5.5,1.0,5.0,7.0,12.0,0.3395021765907653,7.658735438812597e-21,0.9327639920525774,1.0369704843524281,0.0,17.384949514496,0.0
0.1,5.5,1.0,5.0,7.0,12.0,0.9528233251640051,-9.1655467072869e-28,0.4704078314303216,-3.225516955930753,0.0,13.554592014312211,0.0
0.1,5.5,1.0,5.0,7.0,14.0,5.873801330634345e-20,-1.2505430750414107e-25,1.0,-1.5499999395000006,0.0,18.1199998688,0.0
0.1,5.5,1.0,5.0,7.0,14.0,0.34565643786207223,9.727547068395572e-22,0.9402608134822517,1.0016410211413584,0.0,17.452037859605262,0.0
0.1,5.5,1.0,5.0,7.0,14.0,0.9291784180945952,-2.5423546764860798e-26,0.5683137336736128,-2.8942355919041587,0.0,14.096006694047157,0.0
0.1,5.5,1.0,7.0,0.5,6.0,5.668823288930095e-20,-8.419985141669409e-26,1.0,-1.5499999395000006,0.0,20.1199998688,0.0
0.1,5.5,1.0,7.0,0.5,6.0,0.39098809367347476,8.791596436741717e-24,0.9872606925504652,0.7341974237228384,0.0,19.8296605440347,0.0
0.1,5.5,1.0,7.0,0.5,6.0,0.7423480851184646,1.6828354460583835e-26,0.9540766100434124,-1.3954239033249147,0.0,19.08403541080901,0.0
0.1,5.5,1.0,7.0,0.5,8.0,5.713470362492644e-20,-8.48286475138651e-26,1.0,-1.5499999395000006,0.0,20.1199998688,0.0
0.1,5.5,1.0,7.0,0.5,8.0,0.39443486712421877,7.969313072688301e-24,0.9902763209747938,0.7134799660020271,0.0,19.86940185232517,0.0
0.1,5.5,1.0,7.0,0.5,8.0,0.7305829316844377,-4.1398796615497424e-32,0.9666405362457108,-1.3222524986679733,0.0,19.265781302142983,0.0
0.1,5.5,1.0,7.0,0.5,10.0,5.740386407650401e-20,-8.520362453329334e-26,1.0,-1.5499999395000006,0.0,20.1199998688,0.0
0.1,5.5,1.0,7.0,0.5,10.0,0.39660355340518644,6.837430991189131e-24,0.992135281071319,0.700424794644065,0.0,19.893928940280773,0.0
0.1,5.5,1.0,7.0,0.5,10.0,0.7234138963328064,2.4473724675645419e-29,0.9738336167296294,-1.2780234693884736,0.0,19.37120078790749,0.0
0.1,5.5,1.0,7.0,0.5,12.0,5.758383523256146e-20,-8.545216964447641e-26,1.0,-1.5499999395000004,0.0,20.1199998688,0.0
0.1,5.5,1.0,7.0,0.5,12.0,0.3980951023063617,5.951386366749417e-24,0.9933966787299869,0.6914374171344071,0.0,19.910583612226954,0.0
0.1,5.5,1.0,7.0,0.5,12.0,0.7185864399130629,5.774823660306108e-28,0.978484730348878,-1.2483738432938376,0.0,19.439915252477483,0.0
0.1,5.5,1.0,7.0,0.5,14.0,5.771265225514686e-20,-8.562935519936003e-26,1.0,-1.5499999395000006,0.0,20.1199998688,0.0
0.1,5.5,1.0,7.0,0.5,14.0,0.39918426765899007,5.293624381822435e-24,0.9943089971590555,0.68487039776118,0.0,19.922634962755758,0.0
0.1,5.5,1.0,7.0,0.5,14.0,0.715113805731904,6.675329504675412e-35,0.981736151601844,-1.227105724069139,0.0,19.4882140295242,0.0
0.1,5.5,1.0,7.0,1.0,6.0,5.682750175090068e-20,-8.43777580397489e-26,1.0,-1.5499999395000006,0.0,20.1199998688,0.0
0.1,5.5,1.0,7.0,1.0,6.0,0.3788911269547502,-9.394759879304155e-24,0.9760735856524932,0.8065637500466893,0.0,19.682804101356673,0.0
0.1,5.5,1.0,7.0,1.0,6.0,0.7872903517387382,3.543826268283188e-27,0.8966956503431823,-1.6844502780824124,0.0,18.289770181734408,0.0
0.1,5.5,1.0,7.0,1.0,8.0,5.72397501101141e-20,-8.496090651575002e-26,1.0,-1.5499999395000006,0.0,20.1199998688,0.0
0.1,5.5,1.0,7.0,1.0,8.0,0.38463832627910605,3.1088122778393965e-24,0.981506669744651,0.7722541220948856,0.0,19.75400675296098,0.0
0.1,5.5,1.0,7.0,1.0,8.0,0.7652323244822989,4.4745097734176794e-24,0.9268024361959272,-1.540371408308321,0.0,18.699409581250826,0.0
0.1,5.5,1.0,7.0,1.0,10.0,5.748818641578327e-20,-8.530888199735795e-26,1.0,-1.5499999395000004,0.0,20.1199998688,0.0
0.1,5.5,1.0,7.0,1.0,10.0,0.3883672356867425,7.122022029078474e-24,0.9849170890245038,0.7499232261782427,0.0,19.798818033348844,0.0
0.1,5.5,1.0,7.0,1.0,10.0,0.7516027316920005,6.2762297186448346e-30,0.9435093333713123,-1.453578961536978,0.0,18.933437970859156,0.0
0.1,5.5,1.0,7.0,1.0,12.0,5.765426513807638e-20,-8.553980561992185e-26,1.0,-1.5499999395000004,0.0,20.1199998688,0.0
0.1,5.5,1.0,7.0,1.0,12.0,0.390988093673475,7.965250636241639e-24,0.9872606925504651,0.734197445427039,0.0,19.8296605440347,0.0
0.1,5.5,1.0,7.0,1.0,12.0,0.7423480851184646,1.3308432786622132e-27,0.9540766100434124,-1.3954239033249147,0.0,19.08403541080901,0.0
0.1,5.5,1.0,7.0,1.0,14.0,5.777311721921993e-20,-8.570423073336594e-26,1.0,-1.5499999395000006,0.0,20.1199998688,0.0
0.1,5.5,1.0,7.0,1.0,14.0,0.3929331288687437,7.800303173618773e-24,0.9889716825883871,0.722511326280459,0.0,19.852201423147626,0.0
0.1,5.5,1.0,7.0,1.0,14.0,0.7356525635880418,1.7544718740466245e-26,0.9613439504061673,-1.3536866702731574,0.0,19.18879853188564,0.0
0.1,5.5,1.0,7.0,3.0,6.0,5.738714537499731e-20,-8.508417373591058e-26,1.0,-1.5499999395000004,0.0,20.1199998688,0.0
0.1,5.5,1.0,7.0,3.0,6.0,0.34565643786207223,1.4648843077624626e-21,0.9402608134822517,1.0016410173038008,0.0,19.22021865434587,0.0
0.1,5.5,1.0,7.0,3.0,6.0,0.9291784180945951,2.6692406034563474e-26,0.5683137336736128,-2.894235597062134,0.0,14.741967693811244,0.0
0.1,5.5,1.0,7.0,3.0,8.0,5.766139169487237e-20,-8.548716302119394e-26,1.0,-1.5499999395000006,0.0,20.1199998688,0.0
0.1,5.5,1.0,7.0,3.0,8.0,0.35617212629266953,1.3512429506928854e-24,0.9524280311695595,0.940632472295289,0.0,19.37595859887726,0.0
0.1,5.5,1.0,7.0,3.0,8.0,0.8841490626394842,4.4578088330896124e-26,0.7068551631376455,-2.420969717091335,0.0,16.039036942305387,0.0
0.1,5.5,1.0,7.0,3.0,10.0,5.782642048747684e-20,-8.572807682756537e-26,1.0,-1.5499999395000006,0.0,20.1199998688,0.0
0.1,5.5,1.0,7.0,3.0,10.0,0.36343699366391713,8.080776160367635e-24,0.9603740654909602,0.8980657617104875,0.0,19.47848431668448,0.0
0.1,5.5,1.0,7.0,3.0,10.0,0.8520975534379586,2.059764496249914e-23,0.7821789278275136,-2.1500823163637155,0.0,16.865335016736324,0.0
0.1,5.5,1.0,7.0,3.0,12.0,5.793663705344135e-20,-8.588788741286271e-26,1.0,-1.5499999395000006,0.0,20.1199998688,0.0
0.1,5.5,1.0,7.0,3.0,12.0,0.368792946779034,-1.0854503005420171e-23,0.9659979406015091,0.8664904078785627,0.0,19.551417921704964,0.0
0.1,5.5,1.0,7.0,3.0,12.0,0.8288850621496717,-5.5583924642191496e-30,0.8282373884362837,-1.9737595051237886,0.0,17.41342273979769,0.0
0.1,5.5,1.0,7.0,3.0,14.0,5.801546195360075e-20,-8.600189784333857e-26,1.0,-1.5499999395000004,0.0,20.1199998688,0.0
0.1,5.5,1.0,7.0,3.0,14.0,0.3729209872843653,-1.597158080969221e-23,0.970199272266326,0.8420518600849327,0.0,19.606094417702472,0.0
0.1,5.5,1.0,7.0,3.0,14.0,0.8114835699785043,3.094661813506983e-28,0.8588916604974876,-1.8492987881879133,0.0,17.796569927689575,0.0
0.1,5.5,1.0,7.0,5.0,6.0,5.795091743006622e-20,-8.578304594966609e-26,1.0,-1.5499999395000004,0.0,20.1199998688,0.0
0.1,5.5,1.0,7.0,5.0,6.0,0.3239598900006122,-6.155907466550259e-27,0.9125416580589927,1.1247447634092829,0.0,18.871462805007774,0.0
0.1,5.5,1.0,7.0,5.0,6.0,0.9936045926708607,-3.045317529179546e-25,0.1772915945194775,-4.265006170509876,0.0,12.609460971144108,0.0
0.1,5.5,1.0,7.0,5.0,8.0,5.808535851341309e-20,-8.60090099174372e-26,1.0,-1.5499999395,0.0,20.1199998688,0.0
0.1,5.5,1.0,7.0,5.0,8.0,0.33663435469383196,2.789082742644897e-20,0.9291733195249171,1.05332933943295,0.0,19.079682483136175,0.0
0.1,5.5,1.0,7.0,5.0,8.0,0.9626851887835541,4.195162293965341e-26,0.4207732670604829,-3.3952527283768985,0.0,13.673546412908877,0.0
0.1,5.5,1.0,7.0,5.0,10.0,5.816613766815933e-20,-8.614398216942777e-26,1.0,-1.5499999395000006,0.0,20.1199998688,0.0
0.1,5.5,1.0,7.0,5.0,10.0,0.3456564378620723,1.5664208794146405e-21,0.9402608134822517,1.0016410288164734,0.0,19.22021865434587,0.0
0.1,5.5,1.0,7.0,5.0,10.0,0.9291784180945951,5.874232269648535e-25,0.5683137336736129,-2.894235597062134,0.0,14.741967693811244,0.0
0.1,5.5,1.0,7.0,5.0,12.0,5.822004254067523e-20,-8.623424819480526e-26,1.0,-1.5499999395000006,0.0,20.1199998688,0.0
0.1,5.5,1.0,7.0,5.0,12.0,0.352469956276402,2.9817100227140555e-23,0.9482353874677131,0.9621976161353092,0.0,19.322118367264963,0.0
0.1,5.5,1.0,7.0,5.0,12.0,0.9003826496719544,4.829115845405551e-23,0.6622129517373794,-2.5755153021466177,0.0,15.589772025226717,0.0
0.1,5.5,1.0,7.0,5.0,14.0,5.825856460029576e-20,-8.629852341039727e-26,1.0,-1.5499999395000004,0.0,20.1199998688,0.0
0.1,5.5,1.0,7.0,5.0,14.0,0.3578275341198096,6.691396468768939e-24,0.9542712342234774,0.9309611808351721,0.0,19.399684985375835,0.0
0.1,5.5,1.0,7.0,5.0,14.0,0.8768378925809457,1.0380863368526613e-21,0.7254126107622164,-2.355665804804844,0.0,16.234618989269297,0.0
0.1,5.5,1.0,7.0,7.0,6.0,5.851883750510139e-20,-8.647415281388583e-26,1.0,-1.5499999395,0.0,20.1199998688,0.0
0.1,5.5,1.0,7.0,7.0,6.0,0.3078100861547382,-7.327667072320725e-25,0.8894617760049814,1.2133116028776705,0.0,18.587882809255,0.0
0.1,5.5,1.0,7.0,7.0,8.0,5.851166288458817e-20,-8.652637324876992e-26,1.0,-1.5499999395000004,0.0,20.1199998688,0.0
0.1,5.5,1.0,7.0,7.0,8.0,0.3217016859123093,-1.2258870348557335e-26,0.9094445221210307,1.1373042292687645,0.0,18.83304117921972,0.0
0.1,5.5,1.0,7.0,7.0,8.0,0.9965149675133521,-1.0450627915621907e-23,0.13108817958162988,-4.438931208861439,0.0,12.50543750502836,0.0
0.1,5.5,1.0,7.0,7.0,10.0,5.850735774877312e-20,-8.655768886966566e-26,1.0,-1.5499999395000006,0.0,20.1199998688,0.0
0.1,5.5,1.0,7.0,7.0,10.0,0.3317763406440811,1.0311486497656859e-19,0.9229471218521759,1.0808788660815494,0.0,19.001363697190236,0.0
0.1,5.5,1.0,7.0,7.0,10.0,0.9772188349070136,2.3199352672218177e-26,0.33153034409208526,-3.7058774371703285,0.0,13.18271853021692,0.0
0.1,5.5,1.0,7.0,7.0,12.0,5.85044868504362e-20,-8.657874621730561e-26,1.0,-1.5499999395000006,0.0,20.1199998688,0.0
0.1,5.5,1.0,7.0,7.0,12.0,0.3395021765907654,1.263044533968379e-20,0.9327639920525774,1.0369704768139658,0.0,19.125046844235722,0.0
0.1,5.5,1.0,7.0,7.0,12.0,0.9528233251640051,3.2107421786943612e-24,0.4704078314303216,-3.225516955930753,0.0,13.997159070054167,0.0
0.1,5.5,1.0,7.0,7.0,14.0,5.85024362664665e-20,-8.659350808514335e-26,1.0,-1.5499999395000006,0.0,20.1199998688,0.0
0.1,5.5,1.0,7.0,7.0,14.0,0.3456564378620723,1.6112636207739438e-21,0.9402608134822517,1.0016410211413587,0.0,19.22021865434587,0.0
0.1,5.5,1.0,7.0,7.0,14.0,0.9291784180945951,8.812810720863192e-23,0.5683137336736128,-2.894235597062134,0.0,14.74196769381124,0.0
0.1,5.5,1.0,9.0,0.5,6.0,5.614751081976807e-20,-5.578102637254235e-26,1.0,-1.5499999395000004,0.0,22.1199998688,0.0
0.1,5.5,1.0,9.0,0.5,6.0,0.39098809367347487,8.447101865507832e-24,0.9872606925504652,0.7341974541087184,0.0,21.779027894145152,0.0
0.1,5.5,1.0,9.0,0.5,6.0,0.7423480851184646,6.880806427944023e-26,0.9540766100434124,-1.3954239033249147,0.0,20.90455976647287,0.0
0.1,5.5,1.0,9.0,0.5,8.0,5.672740885781393e-20,-5.663895112556909e-26,1.0,-1.5499999395000006,0.0,22.1199998688,0.0
0.1,5.5,1.0,9.0,0.5,8.0,0.3944348671242186,7.234027458630148e-24,0.9902763209747938,0.7134799484855995,0.0,21.830696236091917,0.0
0.1,5.5,1.0,9.0,0.5,8.0,0.7305829316844378,1.1953816719469002e-27,0.9666405362457108,-1.3222524986679736,0.0,21.13456915476978,0.0
0.1,5.5,1.0,9.0,0.5,10.0,5.707752799625798e-20,-5.715213441855051e-26,1.0,-1.5499999395000006,0.0,22.1199998688,0.0
0.1,5.5,1.0,9.0,0.5,10.0,0.39660355340518666,5.937569270779245e-24,0.992135281071319,0.7004247902408818,0.0,21.862593772173714,0.0
0.1,5.5,1.0,9.0,0.5,10.0,0.7234138963328065,9.187535400944183e-26,0.9738336167296294,-1.2780234613569663,0.0,21.267904614052917,0.0
0.1,5.5,1.0,9.0,0.5,12.0,5.731185033077707e-20,-5.749388375383422e-26,1.0,-1.5499999395000006,0.0,22.1199998688,0.0
0.1,5.5,1.0,9.0,0.5,12.0,0.39809510230636175,4.992918591968851e-24,0.9933966787299869,0.6914374127146639,0.0,21.88425753485049,0.0
0.1,5.5,1.0,9.0,0.5,12.0,0.7185864399130626,-1.451456122952014e-32,0.978484730348878,-1.2483738512717486,0.0,21.35477998752932,0.0
0.1,5.5,1.0,9.0,0.5,14.0,5.747967166574248e-20,-5.773735365442784e-26,1.0,-1.5499999395000004,0.0,22.1199998688,0.0
0.1,5.5,1.0,9.0,0.5,14.0,0.3991842676589901,4.320163122246786e-24,0.9943089971590555,0.6848704110566873,0.0,21.899935726418654,0.0
0.1,5.5,1.0,9.0,0.5,14.0,0.7151138057319041,1.3479439565158853e-31,0.981736151601844,-1.2271057240691392,0.0,21.4158257722482,0.0
0.1,5.5,1.0,9.0,1.0,6.0,5.628575479327974e-20,-5.596397585056353e-26,1.0,-1.5499999395000006,0.0,22.1199998688,0.0
0.1,5.5,1.0,9.0,1.0,6.0,0.37889112695475,-1.1299775740587398e-23,0.9760735856524932,0.8065637290140056,0.0,21.58824339057371,0.0
0.1,5.5,1.0,9.0,1.0,6.0,0.7872903517387383,1.1397534588709813e-24,0.8966956503431823,-1.684450304304449,0.0,19.897896360423175,0.0
0.1,5.5,1.0,9.0,1.0,8.0,5.683187413553017e-20,-5.677561819591071e-26,1.0,-1.5499999395000006,0.0,22.1199998688,0.0
0.1,5.5,1.0,9.0,1.0,8.0,0.3846383262791061,2.8507526043448995e-24,0.981506669744651,0.7722541050135128,0.0,21.680717438467457,0.0
0.1,5.5,1.0,9.0,1.0,8.0,0.7652323244822986,8.209229202666955e-28,0.9268024361959273,-1.5403714083083198,0.0,20.417335092728244,0.0
0.1,5.5,1.0,9.0,1.0,10.0,5.716147875049645e-20,-5.726131461672584e-26,1.0,-1.5499999395000006,0.0,22.1199998688,0.0
0.1,5.5,1.0,9.0,1.0,10.0,0.38836723568674275,6.846795953425463e-24,0.9849170890245038,0.7499232304899863,0.0,21.73894137785385,0.0
0.1,5.5,1.0,9.0,1.0,10.0,0.7516027316920004,6.710520478567566e-26,0.9435093333713123,-1.4535789698814443,0.0,20.713857695176713,0.0
0.1,5.5,1.0,9.0,1.0,12.0,5.738202154040217e-20,-5.758457810603135e-26,1.0,-1.5499999395000006,0.0,22.1199998688,0.0
0.1,5.5,1.0,9.0,1.0,12.0,0.3909880936734748,7.456749121799138e-24,0.9872606925504652,0.7341974584495577,0.0,21.779027894145155,0.0
0.1,5.5,1.0,9.0,1.0,12.0,0.7423480851184655,2.462561548456626e-24,0.9540766100434123,-1.395423919808357,0.0,20.904559766472865,0.0
0.1,5.5,1.0,9.0,1.0,14.0,5.753994498079178e-20,-5.781525829105028e-26,1.0,-1.5499999395000006,0.0,22.1199998688,0.0
0.1,5.5,1.0,9.0,1.0,14.0,0.3929331288687438,7.103159970404187e-24,0.9889716825883871,0.7225113306428934,0.0,21.80833140107104,0.0
0.1,5.5,1.0,9.0,1.0,14.0,0.7356525635880413,-1.6715443269858143e-31,0.9613439504061674,-1.3536866539383874,0.0,21.037162913850715,0.0
0.1,5.5,1.0,9.0,3.0,6.0,5.684128594032705e-20,-5.669311906081294e-26,1.0,-1.5499999395000004,0.0,22.1199998688,0.0
0.1,5.5,1.0,9.0,3.0,6.0,0.34565643786207223,1.9612021668686908e-21,0.9402608134822517,1.0016410173038008,0.0,20.988399449086486,0.0
0.1,5.5,1.0,9.0,3.0,6.0,0.9291784180945951,3.501110478866135e-23,0.5683137336736128,-2.894235597062134,0.0,15.38792869357533,0.0
0.1,5.5,1.0,9.0,3.0,8.0,5.725119169819633e-20,-5.732079349638434e-26,1.0,-1.5499999395000004,0.0,22.1199998688,0.0
0.1,5.5,1.0,9.0,3.0,8.0,0.35617212629266953,2.663373240932588e-24,0.9524280311695595,0.940632472295289,0.0,21.190196907992313,0.0
0.1,5.5,1.0,9.0,3.0,8.0,0.8841490626394841,5.419170892309116e-26,0.7068551631376456,-2.420969702367295,0.0,17.038325385614083,0.0
0.1,5.5,1.0,9.0,3.0,10.0,5.749821254758781e-20,-5.769656708043758e-26,1.0,-1.5499999395000006,0.0,22.1199998688,0.0
0.1,5.5,1.0,9.0,3.0,10.0,0.3634369936639173,9.450597623543188e-24,0.9603740654909602,0.8980657576755271,0.0,21.323121008019747,0.0
0.1,5.5,1.0,9.0,3.0,10.0,0.8520975534379586,2.1362218016806406e-27,0.7821789278275136,-2.1500823163637155,0.0,18.088942767011122,0.0
0.1,5.5,1.0,9.0,3.0,12.0,5.766334635335599e-20,-5.794667296524757e-26,1.0,-1.5499999395000004,0.0,22.1199998688,0.0
0.1,5.5,1.0,9.0,3.0,12.0,0.36879294677903396,-1.3269339356579444e-23,0.9659979406015091,0.8664903915008654,0.0,21.417721964197682,0.0
0.1,5.5,1.0,9.0,3.0,12.0,0.8288850621496717,1.3084349267959773e-25,0.8282373884362837,-1.9737595051237886,0.0,18.7853770830052,0.0
0.1,5.5,1.0,9.0,3.0,14.0,5.778152150349044e-20,-5.81252436489472e-26,1.0,-1.5499999395000006,0.0,22.1199998688,0.0
0.1,5.5,1.0,9.0,3.0,14.0,0.37292098728436535,-1.87870478629618e-23,0.9701992722663259,0.8420518683654424,0.0,21.48866767351469,0.0
0.1,5.5,1.0,9.0,3.0,14.0,0.8114835699785043,6.122282432243329e-24,0.8588916604974876,-1.8492987881879133,0.0,19.271959696633843,0.0
0.1,5.5,1.0,9.0,5.0,6.0,5.740093017026886e-20,-5.741950125789408e-26,1.0,-1.5499999395000004,0.0,22.1199998688,0.0
0.1,5.5,1.0,9.0,5.0,6.0,0.3239598900006122,-9.030643331365967e-27,0.9125416580589927,1.1247447634092829,0.0,20.536927360393886,0.0
0.1,5.5,1.0,9.0,5.0,6.0,0.9936045926708607,-8.176269258895888e-30,0.1772915945194775,-4.265006170509876,0.0,12.672325590118623,0.0
0.1,5.5,1.0,9.0,5.0,8.0,5.767282177189627e-20,-5.786395658525207e-26,1.0,-1.5499999395000004,0.0,22.1199998688,0.0
0.1,5.5,1.0,9.0,5.0,8.0,0.3366343546938319,3.892343528028664e-20,0.9291733195249171,1.053329328220773,0.0,20.806408598570087,0.0
0.1,5.5,1.0,9.0,5.0,8.0,0.9626851887835541,-5.064576272708043e-21,0.4207732670604829,-3.3952527283768985,0.0,14.027646697454385,0.0
0.1,5.5,1.0,9.0,5.0,10.0,5.783643207899718e-20,-5.813045444500474e-26,1.0,-1.5499999395000006,0.0,22.1199998688,0.0
0.1,5.5,1.0,9.0,5.0,10.0,0.3456564378620723,2.141513706940417e-21,0.9402608134822517,1.0016410288164734,0.0,20.988399449086486,0.0
0.1,5.5,1.0,9.0,5.0,10.0,0.9291784180945951,4.462393162654836e-26,0.5683137336736129,-2.894235597062134,0.0,15.38792869357533,0.0
0.1,5.5,1.0,9.0,5.0,12.0,5.79457049401271e-20,-5.830799591174208e-26,1.0,-1.5499999395000006,0.0,22.1199998688,0.0
0.1,5.5,1.0,9.0,5.0,12.0,0.352469956276402,4.5972945533657005e-23,0.9482353874677131,0.9621976161353092,0.0,21.120419067357055,0.0
0.1,5.5,1.0,9.0,5.0,12.0,0.9003826496719544,1.1360820000697256e-26,0.6622129517373794,-2.5755153021466177,0.0,16.46682401212418,0.0
0.1,5.5,1.0,9.0,5.0,14.0,5.802385492876132e-20,-5.843466817604432e-26,1.0,-1.5499999395000004,0.0,22.1199998688,0.0
0.1,5.5,1.0,9.0,5.0,14.0,0.35782753411980955,8.249776593106301e-24,0.9542712342234774,0.9309611967259067,0.0,21.22095216230863,0.0
0.1,5.5,1.0,9.0,5.0,14.0,0.8768378925809454,2.334079181177601e-25,0.7254126107622166,-2.355665814539699,0.0,17.28706590097501,0.0
0.1,5.5,1.0,9.0,7.0,6.0,5.796469838831832e-20,-5.81422442177523e-26,1.0,-1.5499999395000004,0.0,22.1199998688,0.0
0.1,5.5,1.0,9.0,7.0,6.0,0.30781008615473826,-1.2316118985932795e-24,0.8894617760049813,1.2133116028776711,0.0,20.17016731120287,0.0
0.1,5.5,1.0,9.0,7.0,8.0,5.809678313783041e-20,-5.840546953734346e-26,1.0,-1.5499999395000004,0.0,22.1199998688,0.0
0.1,5.5,1.0,9.0,7.0,8.0,0.32170168591230935,-1.8630837688139693e-26,0.9094445221210307,1.1373042364119774,0.0,20.487219856851624,0.0
0.1,5.5,1.0,9.0,7.0,8.0,0.9965149675133521,-5.132791368851053e-27,0.13108817958162988,-4.438931208861439,0.0,12.53980572668041,0.0
0.1,5.5,1.0,9.0,7.0,10.0,5.81761438070731e-20,-5.856349594114032e-26,1.0,-1.5499999395000006,0.0,22.1199998688,0.0
0.1,5.5,1.0,9.0,7.0,10.0,0.33177634064408124,1.498785386302766e-19,0.9229471218521758,1.0808788697650078,0.0,20.705026476660663,0.0
0.1,5.5,1.0,9.0,7.0,10.0,0.9772188349070136,-5.860863172716819e-25,0.33153034409208526,-3.7058774371703285,0.0,13.402543268324553,0.0
0.1,5.5,1.0,9.0,7.0,12.0,5.822910295527049e-20,-5.866827423383476e-26,1.0,-1.5499999395000004,0.0,22.1199998688,0.0
0.1,5.5,1.0,9.0,7.0,12.0,0.3395021765907654,1.7528432566512804e-20,0.9327639920525774,1.0369704768139658,0.0,20.865144173975445,0.0
0.1,5.5,1.0,9.0,7.0,12.0,0.9528233251640051,1.0705936874280729e-25,0.4704078314303216,-3.225516955930753,0.0,14.439726125796124,0.0
0.1,5.5,1.0,9.0,7.0,14.0,5.826695030531423e-20,-5.874353187234164e-26,1.0,-1.5499999395000004,0.0,22.1199998688,0.0
0.1,5.5,1.0,9.0,7.0,14.0,0.3456564378620723,2.2218845725256633e-21,0.9402608134822517,1.0016410211413587,0.0,20.988399449086486,0.0
0.1,5.5,1.0,9.0,7.0,14.0,0.9291784180945951,5.764189455154829e-26,0.5683137336736128,-2.894235597062134,0.0,15.38792869357533,0.0
0.1,5.5,3.0,3.0,0.5,6.0,4.985768198951747e-23,-1.6367658921562786e-25,1.0,-3.5499999395,0.0,16.1199998688,0.0
0.1,5.5,3.0,3.0,0.5,8.0,5.0364763357115344e-23,-1.6359940718792056e-25,1.0,-3.5499999395,0.0,16.1199998688,0.0
0.1,5.5,3.0,3.0,0.5,10.0,5.067077670174687e-23,-1.6355242682322915e-25,1.0,-3.5499999395000006,0.0,16.1199998688,0.0
0.1,5.5,3.0,3.0,0.5,12.0,5.0875528705140603e-23,-1.6352065976435445e-25,1.0,-3.5499999395000006,0.0,16.1199998688,0.0
0.1,5.5,3.0,3.0,0.5,12.0,5.5059656215548486e-27,2.496834734271887,2.5585459225666414,-83.90182896767145,0.0,15.092865427213175,0.0
0.1,5.5,3.0,3.0,0.5,12.0,2.5396770998415265e-23,1.6387677623491241,1.671389944728689,-36.37705392202931,0.0,-8.03478022295281,0.0
0.1,5.5,3.0,3.0,0.5,14.0,5.1022139687667286e-23,-1.6349785983530082e-25,1.0,-3.5499999395000006,0.0,16.1199998688,0.0
0.1,5.5,3.0,3.0,0.5,14.0,2.1935181946029723e-21,3.051427023364413,2.995258616911129,-122.62525678858923,0.0,31.681065585205815,0.0
0.1,5.5,3.0,3.0,0.5,14.0,2.0041094127534853e-24,1.5040921799693374,1.484777132681053,-30.284326722032727,0.0,-11.096257563451841,0.0
0.1,5.5,3.0,3.0,1.0,6.0,5.0264239206393483e-23,-1.6361528609512604e-25,1.0,-3.5499999395,0.0,16.1199998688,0.0
0.1,5.5,3.0,3.0,1.0,8.0,5.067167403102656e-23,-1.6355259322357635e-25,1.0,-3.5499999395000006,0.0,16.1199998688,0.0
0.1,5.5,3.0,3.0,1.0,10.0,5.091726930778811e-23,-1.6351447521811703e-25,1.0,-3.5499999395000006,0.0,16.1199998688,0.0
0.1,5.5,3.0,3.0,1.0,12.0,5.108147346622303e-23,-1.6348886497208855e-25,1.0,-3.5499999395000006,0.0,16.1199998688,0.0
0.1,5.5,3.0,3.0,1.0,12.0,5.497371351771015e-27,2.4968347342718866,2.5585459225666405,-83.90182896767142,0.0,15.092864540159281,0.0
0.1,5.5,3.0,3.0,1.0,12.0,2.3493976963871578e-23,1.6387677623491246,1.671389944728689,-36.37705392202933,0.0,-8.03477993184918,0.0
0.1,5.5,3.0,3.0,1.0,14.0,5.119899401957833e-23,-1.6347046540777185e-25,1.0,-3.5499999395000006,0.0,16.1199998688,0.0
0.1,5.5,3.0,3.0,1.0,14.0,2.0905665200827983e-21,3.0514270233644116,2.9952586169111273,-122.6252567885891,0.0,31.681065585205783,0.0
0.1,5.5,3.0,3.0,1.0,14.0,2.11903559980674e-24,1.5040921799693376,1.484777132681053,-30.28432672203273,0.0,-11.096257563451847,0.0
0.1,5.5,3.0,3.0,3.0,6.0,5.1914221070184204e-23,-1.6336009883675078e-25,1.0,-3.5499999395,0.0,16.1199998688,0.0
0.1,5.5,3.0,3.0,3.0,8.0,5.191270487952437e-23,-1.6335961504314875e-25,1.0,-3.5499999395,0.0,16.1199998688,0.0
0.1,5.5,3.0,3.0,3.0,10.0,5.191179808391382e-23,-1.6335940242048288e-25,1.0,-3.5499999395,0.0,16.1199998688,0.0
0.1,5.5,3.0,3.0,3.0,12.0,5.1911196183043134e-23,-1.6335925450906316e-25,1.0,-3.5499999395,0.0,16.1199998688,0.0
0.1,5.5,3.0,3.0,3.0,12.0,5.463703014855215e-27,2.496834734271888,2.5585459225666423,-83.90182896767152,0.0,15.092863653105407,0.0
0.1,5.5,3.0,3.0,3.0,12.0,1.6068760584606386e-23,1.6387677623491241,1.671389944728689,-36.37705392202931,0.0,-8.03478022295281,0.0
0.1,5.5,3.0,3.0,3.0,14.0,5.191076507055843e-23,-1.6335906653830058e-25,1.0,-3.5499999395,0.0,16.1199998688,0.0
0.1,5.5,3.0,3.0,3.0,14.0,1.714557193921328e-21,3.0514270233644116,2.9952586169111273,-122.62525678858908,0.0,31.681065585205783,0.0
0.1,5.5,3.0,3.0,3.0,14.0,2.582759988762312e-24,1.5040921799693374,1.484777132681053,-30.28432672203273,0.0,-11.096257563451841,0.0
0.1,5.5,3.0,3.0,5.0,6.0,5.360260310511927e-23,-1.6308866597410862e-25,1.0,-3.549999939499999,0.0,16.1199998688,0.0
0.1,5.5,3.0,3.0,5.0,6.0,0.9714507977243421,-5.551856715628578e-30,0.21356945633394953,-2.488115491137883,0.0,12.558485284060882,0.0
0.1,5.5,3.0,3.0,5.0,6.0,0.7260032684562362,-2.234145867552228e-23,0.5607660451590519,1.550121387158675,0.0,13.673335789111206,0.0
0.1,5.5,3.0,3.0,5.0,8.0,5.317533907834211e-23,-1.6315763891802097e-25,1.0,-3.5499999394999993,0.0,16.1199998688,0.0
0.1,5.5,3.0,3.0,5.0,10.0,5.2920145730946735e-23,-1.6319842549201122e-25,1.0,-3.5499999395000006,0.0,16.1199998688,0.0
0.1,5.5,3.0,3.0,5.0,12.0,5.27505149983448e-23,-1.632255456671161e-25,1.0,-3.5499999395000006,0.0,16.1199998688,0.0
0.1,5.5,3.0,3.0,5.0,12.0,5.424942519166455e-27,2.496834734271887,2.5585459225666414,-83.90182896767145,0.0,15.092865427213175,0.0
0.1,5.5,3.0,3.0,5.0,12.0,8.959911349353745e-24,1.6387677623491244,1.671389944728689,-36.37705392202932,0.0,-8.03477993184918,0.0
0.1,5.5,3.0,3.0,5.0,14.0,5.262958577701804e-23,-1.6324476798870505e-25,1.0,-3.5499999395000006,0.0,16.1199998688,0.0
0.1,5.5,3.0,3.0,5.0,14.0,1.3917838872023206e-21,3.0514270233644116,2.9952586169111273,-122.6252567885891,0.0,31.681065585205783,0.0
0.1,5.5,3.0,3.0,5.0,14.0,3.060470289921774e-24,1.5040921799693376,1.484777132681053,-30.28432672203273,0.0,-11.096257563451847,0.0
0.1,5.5,3.0,3.0,7.0,6.0,5.532996512396403e-23,-1.6280101832207867e-25,1.0,-3.549999939499999,0.0,16.1199998688,0.0
0.1,5.5,3.0,3.0,7.0,6.0,0.5796721775956062,-1.721716806947477e-24,0.6079768609418292,2.670890486802044,0.0,13.980252782348,0.0
0.1,5.5,3.0,3.0,7.0,8.0,5.445980500271184e-23,-1.6294639675874475e-25,1.0,-3.5499999395,0.0,16.1199998688,0.0
0.1,5.5,3.0,3.0,7.0,8.0,0.9864069954102237,4.446849990177642e-29,0.1486260844800531,-3.2167877686267725,0.0,12.466249924923888,0.0
0.1,5.5,3.0,3.0,7.0,8.0,0.6957260756996613,1.9882595721141304e-22,0.5764695741426056,1.814589115785474,0.0,13.758765646954217,0.0
0.1,5.5,3.0,3.0,7.0,10.0,5.394244911625392e-23,-1.6303168001817013e-25,1.0,-3.5499999395000006,0.0,16.1199998688,0.0
0.1,5.5,3.0,3.0,7.0,12.0,5.359951116480126e-23,-1.6308775385368695e-25,1.0,-3.5499999395,0.0,16.1199998688,0.0
0.1,5.5,3.0,3.0,7.0,12.0,5.388114116397905e-27,2.4968347342718866,2.5585459225666405,-83.90182896767142,0.0,15.092864540159281,0.0
0.1,5.5,3.0,3.0,7.0,12.0,2.1317753089956067e-24,1.6387677623491246,1.671389944728689,-36.37705392202933,0.0,-8.03477993184918,0.0
0.1,5.5,3.0,3.0,7.0,14.0,5.335550623162463e-23,-1.6312740952161387e-25,1.0,-3.5499999395,0.0,16.1199998688,0.0
0.1,5.5,3.0,3.0,7.0,14.0,1.1025639018735624e-21,3.051427023364413,2.995258616911129,-122.6252567885892,0.0,31.681065585205815,0.0
0.1,5.5,3.0,3.0,7.0,14.0,3.549790059808147e-24,1.5040921799693374,1.484777132681053,-30.284326722032727,0.0,-11.096257563451841,0.0
0.1,5.5,3.0,5.0,0.5,6.0,4.826510435050832e-23,-1.2384832715082072e-25,1.0,-3.5499999395000006,0.0,18.1199998688,0.0
0.1,5.5,3.0,5.0,0.5,8.0,4.915917681795002e-23,-1.24120240725577e-25,1.0,-3.5499999395000006,0.0,18.1199998688,0.0
0.1,5.5,3.0,5.0,0.5,10.0,4.970126625479979e-23,-1.2428126387636732e-25,1.0,-3.5499999395,0.0,18.1199998688,0.0
0.1,5.5,3.0,5.0,0.5,12.0,5.0065028950858926e-23,-1.243877416096447e-25,1.0,-3.5499999395,0.0,18.1199998688,0.0
0.1,5.5,3.0,5.0,0.5,14.0,5.0326027525655824e-23,-1.24463330508102e-25,1.0,-3.5499999395,0.0,18.1199998688,0.0
0.1,5.5,3.0,5.0,1.0,6.0,4.866232934287557e-23,-1.239689889729525e-25,1.0,-3.5499999395000006,0.0,18.1199998688,0.0
0.1,5.5,3.0,5.0,1.0,8.0,4.9460804490378966e-23,-1.2420932654108457e-25,1.0,-3.5499999395,0.0,18.1199998688,0.0
0.1,5.5,3.0,5.0,1.0,10.0,4.9944361236922247e-23,-1.2435185768292087e-25,1.0,-3.5499999395,0.0,18.1199998688,0.0
0.1,5.5,3.0,5.0,1.0,12.0,5.026860831251705e-23,-1.2444616662043762e-25,1.0,-3.5499999395,0.0,18.1199998688,0.0
0.1,5.5,3.0,5.0,1.0,14.0,5.050113058635728e-23,-1.2451316741208692e-25,1.0,-3.5499999395000006,0.0,18.1199998688,0.0
0.1,5.5,3.0,5.0,3.0,6.0,5.0274595372357225e-23,-1.2444279855415088e-25,1.0,-3.5499999395,0.0,18.1199998688,0.0
0.1,5.5,3.0,5.0,3.0,8.0,5.068055384380618e-23,-1.2456070552609022e-25,1.0,-3.5499999395000006,0.0,18.1199998688,0.0
0.1,5.5,3.0,5.0,3.0,10.0,5.092524705812261e-23,-1.2463106205807462e-25,1.0,-3.5499999395000006,0.0,18.1199998688,0.0
0.1,5.5,3.0,5.0,3.0,12.0,5.108884063821689e-23,-1.2467773735546283e-25,1.0,-3.5499999395000006,0.0,18.1199998688,0.0
0.1,5.5,3.0,5.0,3.0,14.0,5.120593086794839e-23,-1.247110359138293e-25,1.0,-3.5499999395000006,0.0,18.1199998688,0.0
0.1,5.5,3.0,5.0,5.0,6.0,5.192470029844916e-23,-1.2490240555756736e-25,1.0,-3.549999939499999,0.0,18.1199998688,0.0
0.1,5.5,3.0,5.0,5.0,6.0,0.9714507977243421,-3.625907906908e-29,0.21356945633394953,-2.488115491137883,0.0,12.64970910941844,0.0
0.1,5.5,3.0,5.0,5.0,6.0,0.7260032684562362,1.5528106887225888e-20,0.5607660451590519,1.550121387158675,0.0,14.302252903917855,0.0
0.1,5.5,3.0,5.0,5.0,8.0,5.1921650167759123e-23,-1.2490407264252722e-25,1.0,-3.5499999394999993,0.0,18.1199998688,0.0
0.1,5.5,3.0,5.0,5.0,10.0,5.1919819221598105e-23,-1.249051018594895e-25,1.0,-3.5499999395,0.0,18.1199998688,0.0
0.1,5.5,3.0,5.0,5.0,12.0,5.1918602798082254e-23,-1.249057982757574e-25,1.0,-3.5499999395,0.0,18.1199998688,0.0
0.1,5.5,3.0,5.0,5.0,14.0,5.1917737023238774e-23,-1.2490624201001658e-25,1.0,-3.5499999395,0.0,18.1199998688,0.0
0.1,5.5,3.0,5.0,7.0,6.0,5.361319987365911e-23,-1.2534753573077787e-25,1.0,-3.549999939499999,0.0,18.1199998688,0.0
0.1,5.5,3.0,5.0,7.0,6.0,0.5796721775956062,-6.989665171463456e-24,0.6079768609418292,2.670890486802044,0.0,14.719524509229364,0.0
0.1,5.5,3.0,5.0,7.0,8.0,5.318436167494558e-23,-1.2523931079385495e-25,1.0,-3.5499999394999993,0.0,18.1199998688,0.0
0.1,5.5,3.0,5.0,7.0,8.0,0.9864069954102236,5.418872440217933e-31,0.1486260844800532,-3.2167877768402597,0.0,12.510429350899631,0.0
0.1,5.5,3.0,5.0,7.0,8.0,0.6957260756996612,1.192483922405622e-21,0.5764695741426057,1.8145891003372518,0.0,14.423399986778529,0.0
0.1,5.5,3.0,5.0,7.0,10.0,5.29282319496557e-23,-1.2517391237591938e-25,1.0,-3.5499999395000006,0.0,18.1199998688,0.0
0.1,5.5,3.0,5.0,7.0,12.0,5.275796736731642e-23,-1.2513014292163126e-25,1.0,-3.5499999395000006,0.0,18.1199998688,0.0
0.1,5.5,3.0,5.0,7.0,14.0,5.263657863451237e-23,-1.2509878261916082e-25,1.0,-3.5499999395000006,0.0,18.1199998688,0.0
0.1,5.5,3.0,7.0,0.5,6.0,4.671013131642061e-23,-8.422243256010605e-26,1.0,-3.5499999395000006,0.0,20.1199998688,0.0
0.1,5.5,3.0,7.0,0.5,8.0,4.797488952322566e-23,-8.484772192403432e-26,1.0,-3.5499999395000006,0.0,20.1199998688,0.0
0.1,5.5,3.0,7.0,0.5,10.0,4.8745401129360777e-23,-8.522036471636996e-26,1.0,-3.5499999395000006,0.0,20.1199998688,0.0
0.1,5.5,3.0,7.0,0.5,12.0,4.926396239528188e-23,-8.54677018842919e-26,1.0,-3.5499999395000006,0.0,20.1199998688,0.0
0.1,5.5,3.0,7.0,0.5,14.0,4.963677805908933e-23,-8.564382586659018e-26,1.0,-3.5499999395,0.0,20.1199998688,0.0
0.1,5.5,3.0,7.0,1.0,6.0,4.709816331822887e-23,-8.441390389294516e-26,1.0,-3.5499999395000006,0.0,20.1199998688,0.0
0.1,5.5,3.0,7.0,1.0,8.0,4.827129414760114e-23,-8.499016678420911e-26,1.0,-3.5499999395000006,0.0,20.1199998688,0.0
0.1,5.5,3.0,7.0,1.0,10.0,4.898513280301382e-23,-8.533370800471308e-26,1.0,-3.5499999395000006,0.0,20.1199998688,0.0
0.1,5.5,3.0,7.0,1.0,12.0,4.94651988400515e-23,-8.556183825848564e-26,1.0,-3.5499999395,0.0,20.1199998688,0.0
0.1,5.5,3.0,7.0,1.0,14.0,4.981016495289148e-23,-8.57243112493381e-26,1.0,-3.5499999395,0.0,20.1199998688,0.0
0.1,5.5,3.0,7.0,3.0,6.0,4.867327754894868e-23,-8.517475253231105e-26,1.0,-3.5499999395000006,0.0,20.1199998688,0.0
0.1,5.5,3.0,7.0,3.0,8.0,4.947000063638158e-23,-8.555693098898734e-26,1.0,-3.5499999395,0.0,20.1199998688,0.0
0.1,5.5,3.0,7.0,3.0,10.0,4.995248729310693e-23,-8.578528156914553e-26,1.0,-3.5499999395,0.0,20.1199998688,0.0
0.1,5.5,3.0,7.0,3.0,12.0,5.027601177211255e-23,-8.593706487843467e-26,1.0,-3.5499999395,0.0,20.1199998688,0.0
0.1,5.5,3.0,7.0,3.0,14.0,5.0508024441808006e-23,-8.604528673386968e-26,1.0,-3.5499999395000006,0.0,20.1199998688,0.0
0.1,5.5,3.0,7.0,5.0,6.0,5.028568044579739e-23,-8.59271871689359e-26,1.0,-3.549999939499999,0.0,20.1199998688,0.0
0.1,5.5,3.0,7.0,5.0,6.0,0.9714507977243421,-1.3907339793188683e-28,0.21356945633394953,-2.488115491137883,0.0,12.740932934776,0.0
0.1,5.5,3.0,7.0,5.0,6.0,0.7260032684562362,1.8172602699712742e-20,0.5607660451590519,1.550121387158675,0.0,14.931170018724504,0.0
0.1,5.5,3.0,7.0,5.0,8.0,5.068981349311166e-23,-8.611890348006393e-26,1.0,-3.5499999395,0.0,20.1199998688,0.0
0.1,5.5,3.0,7.0,5.0,10.0,5.093341374064391e-23,-8.623367811954172e-26,1.0,-3.5499999395000006,0.0,20.1199998688,0.0
0.1,5.5,3.0,7.0,5.0,12.0,5.109628748516218e-23,-8.631008669378337e-26,1.0,-3.5499999395000006,0.0,20.1199998688,0.0
0.1,5.5,3.0,7.0,5.0,14.0,5.1212846811504466e-23,-8.63646259483205e-26,1.0,-3.5499999395000006,0.0,20.1199998688,0.0
0.1,5.5,3.0,7.0,7.0,6.0,5.193589975672058e-23,-8.667095358006705e-26,1.0,-3.549999939499999,0.0,20.1199998688,0.0
0.1,5.5,3.0,7.0,7.0,6.0,0.5796721775956062,-1.4768111770411723e-23,0.6079768609418292,2.670890486802044,0.0,15.458796236110725,0.0
0.1,5.5,3.0,7.0,7.0,8.0,5.193098751986377e-23,-8.66759455904829e-26,1.0,-3.5499999394999993,0.0,20.1199998688,0.0
0.1,5.5,3.0,7.0,7.0,8.0,0.6957260756996612,1.0201724921418935e-21,0.5764695741426057,1.8145891003372518,0.0,15.088034326602846,0.0
0.1,5.5,3.0,7.0,7.0,8.0,0.9864069954102238,5.148891045406062e-26,0.14862608448005288,-3.2167877672578586,0.0,12.554608776875373,0.0
0.1,5.5,3.0,7.0,7.0,10.0,5.1928044674256844e-23,-8.667896390789174e-26,1.0,-3.5499999395,0.0,20.1199998688,0.0
0.1,5.5,3.0,7.0,7.0,12.0,5.192607843845058e-23,-8.668095146759435e-26,1.0,-3.5499999395,0.0,20.1199998688,0.0
0.1,5.5,3.0,7.0,7.0,14.0,5.1924675449330646e-23,-8.668237357426529e-26,1.0,-3.5499999395,0.0,20.1199998688,0.0
0.1,5.5,3.0,9.0,0.5,6.0,4.5192009919520296e-23,-5.58056782758305e-26,1.0,-3.5499999395000006,0.0,22.1199998688,0.0
0.1,5.5,3.0,9.0,0.5,8.0,4.6811567390348905e-23,-5.665944610166528e-26,1.0,-3.5499999395000006,0.0,22.1199998688,0.0
0.1,5.5,3.0,9.0,0.5,10.0,4.780298726564714e-23,-5.717029670829806e-26,1.0,-3.5499999395000006,0.0,22.1199998688,0.0
0.1,5.5,3.0,9.0,0.5,12.0,4.847221386471731e-23,-5.751021718050658e-26,1.0,-3.5499999395000006,0.0,22.1199998688,0.0
0.1,5.5,3.0,9.0,0.5,14.0,4.8954337250995804e-23,-5.775269021976098e-26,1.0,-3.5499999395000006,0.0,22.1199998688,0.0
0.1,5.5,3.0,9.0,1.0,6.0,4.5570977909527565e-23,-5.600498583242734e-26,1.0,-3.5499999395000015,0.0,22.1199998688,0.0
0.1,5.5,3.0,9.0,1.0,8.0,4.710280063706021e-23,-5.68084006050521e-26,1.0,-3.5499999395000006,0.0,22.1199998688,0.0
0.1,5.5,3.0,9.0,1.0,10.0,4.803938245210155e-23,-5.728918513413706e-26,1.0,-3.5499999395000006,0.0,22.1199998688,0.0
0.1,5.5,3.0,9.0,1.0,12.0,4.867112987513422e-23,-5.76091298609624e-26,1.0,-3.5499999395000006,0.0,22.1199998688,0.0
0.1,5.5,3.0,9.0,1.0,14.0,4.9126005611315927e-23,-5.783736796681184e-26,1.0,-3.5499999395000006,0.0,22.1199998688,0.0
0.1,5.5,3.0,9.0,3.0,6.0,4.7109513054502734e-23,-5.680042109210651e-26,1.0,-3.5499999395000006,0.0,22.1199998688,0.0
0.1,5.5,3.0,9.0,3.0,8.0,4.8280689875412773e-23,-5.740314317931843e-26,1.0,-3.5499999395000006,0.0,22.1199998688,0.0
0.1,5.5,3.0,9.0,3.0,10.0,4.899333103997133e-23,-5.776402855452958e-26,1.0,-3.5499999395000006,0.0,22.1199998688,0.0
0.1,5.5,3.0,9.0,3.0,12.0,4.9472589677872515e-23,-5.800426751504848e-26,1.0,-3.5499999395,0.0,22.1199998688,0.0
0.1,5.5,3.0,9.0,3.0,14.0,4.9816977161238516e-23,-5.817571225795388e-26,1.0,-3.5499999395,0.0,22.1199998688,0.0
0.1,5.5,3.0,9.0,5.0,6.0,4.868476770246368e-23,-5.759284573809662e-26,1.0,-3.5499999394999993,0.0,22.1199998688,0.0
0.1,5.5,3.0,9.0,5.0,6.0,0.9714507977243421,-3.926368039606427e-28,0.21356945633394953,-2.488115491137883,0.0,12.832156760133557,0.0
0.1,5.5,3.0,9.0,5.0,6.0,0.7260032684562362,-9.471774745058506e-20,0.5607660451590519,1.550121387158675,0.0,15.560087133531152,0.0
0.1,5.5,3.0,9.0,5.0,8.0,4.947946105078744e-23,-5.799604764604584e-26,1.0,-3.5499999394999993,0.0,22.1199998688,0.0
0.1,5.5,3.0,9.0,5.0,10.0,4.9960727339692415e-23,-5.823763783901373e-26,1.0,-3.5499999395,0.0,22.1199998688,0.0
0.1,5.5,3.0,9.0,5.0,12.0,5.0283438897535205e-23,-5.8398559300703e-26,1.0,-3.5499999395,0.0,22.1199998688,0.0
0.1,5.5,3.0,9.0,5.0,14.0,5.051485597724722e-23,-5.851341714035438e-26,1.0,-3.5499999395000006,0.0,22.1199998688,0.0
0.1,5.5,3.0,9.0,7.0,6.0,5.029728458971319e-23,-5.838194854011864e-26,1.0,-3.549999939499999,0.0,22.1199998688,0.0
0.1,5.5,3.0,9.0,7.0,6.0,0.5796721775956062,-1.8841119150418816e-23,0.6079768609418292,2.670890486802044,0.0,16.198067962992088,0.0
0.1,5.5,3.0,9.0,7.0,8.0,5.06993531880385e-23,-5.858701539762117e-26,1.0,-3.5499999395,0.0,22.1199998688,0.0
0.1,5.5,3.0,9.0,7.0,8.0,0.6957260756996612,3.963637651491177e-21,0.5764695741426057,1.8145891003372518,0.0,15.752668666427162,0.0
0.1,5.5,3.0,9.0,7.0,8.0,0.986406995410224,4.698453579344083e-25,0.14862608448005243,-3.21678776725786,0.0,12.598788202851118,0.0
0.1,5.5,3.0,9.0,7.0,10.0,5.094170309103597e-23,-5.87099929579181e-26,1.0,-3.5499999395000006,0.0,22.1199998688,0.0
0.1,5.5,3.0,9.0,7.0,12.0,5.110374024856425e-23,-5.879191739552047e-26,1.0,-3.5499999395000006,0.0,22.1199998688,0.0
0.1,5.5,3.0,9.0,7.0,14.0,5.121971029581034e-23,-5.885045333987819e-26,1.0,-3.5499999395000006,0.0,22.1199998688,0.0
0.1,5.5,5.0,3.0,0.5,6.0,2.515399538169991e-25,-1.636760098959006e-25,1.0,-5.549999939500001,0.0,16.1199998688,0.0
0.1,5.5,5.0,3.0,0.5,8.0,2.658488490947943e-25,-1.635988864164636e-25,1.0,-5.549999939500001,0.0,16.1199998688,0.0
0.1,5.5,5.0,3.0,0.5,10.0,2.7454866600255616e-25,-1.6355184750350188e-25,1.0,-5.549999939500001,0.0,16.1199998688,0.0
0.1,5.5,5.0,3.0,0.5,12.0,2.8039647032254415e-25,-1.6352016364480078e-25,1.0,-5.549999939500001,0.0,16.1199998688,0.0
0.1,5.5,5.0,3.0,0.5,12.0,4.996823699968728e-27,2.496834734271887,2.5585459225666414,-96.99414344343623,0.0,15.092865427213175,0.0
0.1,5.5,5.0,3.0,0.5,12.0,1.9623785919812033e-23,1.6387677623491244,1.671389944728689,-41.96414261670966,0.0,-8.03477993184918,0.0
0.1,5.5,5.0,3.0,0.5,14.0,2.845972039466526e-25,-1.634973822046746e-25,1.0,-5.549999939500001,0.0,16.1199998688,0.0
0.1,5.5,5.0,3.0,0.5,14.0,2.8838973510065075e-21,3.0514270233644125,2.995258616911128,-140.5684051529499,0.0,31.681062332951843,0.0
0.1,5.5,5.0,3.0,0.5,14.0,1.3012896650725424e-24,1.5040921799693374,1.484777132681053,-34.69345298949787,0.0,-11.096257563451841,0.0
0.1,5.5,5.0,3.0,1.0,6.0,2.629728563680969e-25,-1.6361445101190215e-25,1.0,-5.549999939500001,0.0,16.1199998688,0.0
0.1,5.5,5.0,3.0,1.0,8.0,2.7455216040984726e-25,-1.6355185674796561e-25,1.0,-5.549999939500001,0.0,16.1199998688,0.0
0.1,5.5,5.0,3.0,1.0,10.0,2.81573586378602e-25,-1.635138219426799e-25,1.0,-5.549999939500001,0.0,16.1199998688,0.0
0.1,5.5,5.0,3.0,1.0,12.0,2.862854833803662e-25,-1.6348824867450635e-25,1.0,-5.549999939500001,0.0,16.1199998688,0.0
0.1,5.5,5.0,3.0,1.0,12.0,4.992007334363804e-27,2.4968347342718866,2.5585459225666405,-96.99414344343619,0.0,15.092864540159281,0.0
0.1,5.5,5.0,3.0,1.0,12.0,1.834128899226173e-23,1.6387677623491244,1.671389944728689,-41.96414261670966,0.0,-8.03477993184918,0.0
0.1,5.5,5.0,3.0,1.0,14.0,2.8966617452308204e-25,-1.6346988608804458e-25,1.0,-5.549999939500001,0.0,16.1199998688,0.0
0.1,5.5,5.0,3.0,1.0,14.0,2.7812736406745136e-21,3.0514270233644116,2.9952586169111273,-140.56840515294982,0.0,31.681065585205783,0.0
0.1,5.5,5.0,3.0,1.0,14.0,1.3691021206376036e-24,1.5040921799693376,1.484777132681053,-34.69345298949787,0.0,-11.096257563451847,0.0
0.1,5.5,5.0,3.0,3.0,6.0,3.102421136326474e-25,-1.6335808662514488e-25,1.0,-5.549999939500001,0.0,16.1199998688,0.0
0.1,5.5,5.0,3.0,3.0,8.0,3.1023542680388047e-25,-1.6335804348431413e-25,1.0,-5.549999939500001,0.0,16.1199998688,0.0
0.1,5.5,5.0,3.0,3.0,10.0,3.102321049599124e-25,-1.633580342398504e-25,1.0,-5.549999939500001,0.0,16.1199998688,0.0
0.1,5.5,5.0,3.0,3.0,12.0,3.1022946104328473e-25,-1.6335801575092293e-25,1.0,-5.549999939500001,0.0,16.1199998688,0.0
0.1,5.5,5.0,3.0,3.0,12.0,4.968507907554369e-27,2.4968347342718866,2.5585459225666405,-96.99414344343619,0.0,15.092864540159281,0.0
0.1,5.5,5.0,3.0,3.0,12.0,1.3266818157126358e-23,1.6387677623491237,1.6713899447286886,-41.96414261670962,0.0,-8.034779931849172,0.0
0.1,5.5,5.0,3.0,3.0,14.0,3.102276368024414e-25,-1.6335800034348337e-25,1.0,-5.549999939500001,0.0,16.1199998688,0.0
0.1,5.5,5.0,3.0,3.0,14.0,2.415379505558345e-21,3.0514270233644116,2.9952586169111273,-140.56840515294982,0.0,31.681065585205783,0.0
0.1,5.5,5.0,3.0,3.0,14.0,1.6462846699431763e-24,1.5040921799693374,1.484777132681053,-34.69345298949787,0.0,-11.096257563451841,0.0
0.1,5.5,5.0,3.0,5.0,6.0,3.6002248464035144e-25,-1.6308537802650756e-25,1.0,-5.549999939499999,0.0,16.1199998688,0.0
0.1,5.5,5.0,3.0,5.0,8.0,3.473316478497535e-25,-1.6315505971263944e-25,1.0,-5.549999939499999,0.0,16.1199998688,0.0
0.1,5.5,5.0,3.0,5.0,10.0,3.3979417434500404e-25,-1.631963763025504e-25,1.0,-5.549999939500001,0.0,16.1199998688,0.0
0.1,5.5,5.0,3.0,5.0,12.0,3.3480116552706915e-25,-1.6322371526329696e-25,1.0,-5.549999939500001,0.0,16.1199998688,0.0
0.1,5.5,5.0,3.0,5.0,12.0,4.9449591769383574e-27,2.4968347342718866,2.5585459225666405,-96.99414344343619,0.0,15.092864540159281,0.0
0.1,5.5,5.0,3.0,5.0,12.0,8.379100674971197e-24,1.6387677623491246,1.671389944728689,-41.96414261670967,0.0,-8.03477993184918,0.0
0.1,5.5,5.0,3.0,5.0,14.0,3.3125018828090246e-25,-1.6324312555564847e-25,1.0,-5.549999939500001,0.0,16.1199998688,0.0
0.1,5.5,5.0,3.0,5.0,14.0,2.0687585171559486e-21,3.0514270233644116,2.9952586169111273,-140.56840515294982,0.0,31.681065585205783,0.0
0.1,5.5,5.0,3.0,5.0,14.0,1.9298079845973023e-24,1.5040921799693376,1.484777132681053,-34.69345298949787,0.0,-11.096257563451847,0.0
0.1,5.5,5.0,3.0,7.0,6.0,4.1238286221643575e-25,-1.6279616806010673e-25,1.0,-5.549999939499999,0.0,16.1199998688,0.0
0.1,5.5,5.0,3.0,7.0,6.0,0.686849823066674,5.458404285801018e-18,0.4496102073121584,3.9152693265794825,0.0,13.377343501567273,0.0
0.1,5.5,5.0,3.0,7.0,8.0,3.8586903148780377e-25,-1.6294278833640095e-25,1.0,-5.549999939499999,0.0,16.1199998688,0.0
0.1,5.5,5.0,3.0,7.0,8.0,0.9613996271275216,-5.85176723191288e-36,0.19124691233917968,-1.2572834987018724,0.0,12.545751973387516,0.0
0.1,5.5,5.0,3.0,7.0,8.0,0.8838380979021501,-4.028753934901715e-25,0.3164764396096208,1.0807348510826,0.0,12.842406239639509,0.0
0.1,5.5,5.0,3.0,7.0,10.0,3.7027508795837933e-25,-1.630287926639975e-25,1.0,-5.549999939500001,0.0,16.1199998688,0.0
0.1,5.5,5.0,3.0,7.0,12.0,3.600091048198418e-25,-1.6308529174484605e-25,1.0,-5.549999939500001,0.0,16.1199998688,0.0
0.1,5.5,5.0,3.0,7.0,12.0,4.9223919002220055e-27,2.496834734271887,2.5585459225666414,-96.99414344343623,0.0,15.092865427213175,0.0
0.1,5.5,5.0,3.0,7.0,12.0,3.681333404614656e-24,1.6387677623491241,1.671389944728689,-41.96414261670965,0.0,-8.03478022295281,0.0
0.1,5.5,5.0,3.0,7.0,14.0,3.527393386588501e-25,-1.6312524939858824e-25,1.0,-5.549999939500001,0.0,16.1199998688,0.0
0.1,5.5,5.0,3.0,7.0,14.0,1.7897433879584232e-21,3.0514270233644116,2.9952586169111273,-140.56840515294982,0.0,31.681065585205783,0.0
0.1,5.5,5.0,3.0,7.0,14.0,2.220916591285581e-24,1.5040921799693376,1.484777132681053,-34.69345298949787,0.0,-11.096257563451847,0.0
0.1,5.5,5.0,5.0,0.5,6.0,2.0739734058731628e-25,-1.2384948270878735e-25,1.0,-5.549999939500001,0.0,18.1199998688,0.0
0.1,5.5,5.0,5.0,0.5,8.0,2.3196442900221e-25,-1.2412123296468434e-25,1.0,-5.549999939500001,0.0,18.1199998688,0.0
0.1,5.5,5.0,5.0,0.5,10.0,2.4706733435152555e-25,-1.242821544263736e-25,1.0,-5.549999939500001,0.0,18.1199998688,0.0
0.1,5.5,5.0,5.0,0.5,12.0,2.5728878382677304e-25,-1.2438854279650156e-25,1.0,-5.549999939500001,0.0,18.1199998688,0.0
0.1,5.5,5.0,5.0,0.5,14.0,2.6466515098055855e-25,-1.2446409779859185e-25,1.0,-5.549999939500001,0.0,18.1199998688,0.0
0.1,5.5,5.0,5.0,1.0,6.0,2.1823079513210763e-25,-1.2397072385064641e-25,1.0,-5.549999939500001,0.0,18.1199998688,0.0
0.1,5.5,5.0,5.0,1.0,8.0,2.4032698630257448e-25,-1.2421078100337857e-25,1.0,-5.549999939500001,0.0,18.1199998688,0.0
0.1,5.5,5.0,5.0,1.0,10.0,2.5387286819574633e-25,-1.2435310876701274e-25,1.0,-5.549999939500001,0.0,18.1199998688,0.0
0.1,5.5,5.0,5.0,1.0,12.0,2.630244712906065e-25,-1.244473036894768e-25,1.0,-5.549999939500001,0.0,18.1199998688,0.0
0.1,5.5,5.0,5.0,1.0,14.0,2.6962108333594805e-25,-1.2451423360690414e-25,1.0,-5.549999939500001,0.0,18.1199998688,0.0
0.1,5.5,5.0,5.0,3.0,6.0,2.6306059249189945e-25,-1.2444690925902418e-25,1.0,-5.549999939500001,0.0,18.1199998688,0.0
0.1,5.5,5.0,5.0,3.0,8.0,2.7462889562180747e-25,-1.2456394725137261e-25,1.0,-5.549999939500001,0.0,18.1199998688,0.0
0.1,5.5,5.0,5.0,3.0,10.0,2.8164343446508106e-25,-1.2463372138214183e-25,1.0,-5.549999939500001,0.0,18.1199998688,0.0
0.1,5.5,5.0,5.0,3.0,12.0,2.8635043806404258e-25,-1.2468006696032356e-25,1.0,-5.549999939500001,0.0,18.1199998688,0.0
0.1,5.5,5.0,5.0,3.0,14.0,2.897275978216124e-25,-1.2471307894031432e-25,1.0,-5.549999939500001,0.0,18.1199998688,0.0
0.1,5.5,5.0,5.0,5.0,6.0,3.103330914817323e-25,-1.2490883970432557e-25,1.0,-5.549999939499999,0.0,18.1199998688,0.0
0.1,5.5,5.0,5.0,5.0,8.0,3.103141218421521e-25,-1.2490903383806396e-25,1.0,-5.549999939499999,0.0,18.1199998688,0.0
0.1,5.5,5.0,5.0,5.0,10.0,3.1030287441127686e-25,-1.2490914477162876e-25,1.0,-5.549999939500001,0.0,18.1199998688,0.0
0.1,5.5,5.0,5.0,5.0,12.0,3.1029535558077397e-25,-1.2490923413477818e-25,1.0,-5.549999939500001,0.0,18.1199998688,0.0
0.1,5.5,5.0,5.0,5.0,14.0,3.102898520433649e-25,-1.249092957645364e-25,1.0,-5.549999939500001,0.0,18.1199998688,0.0
0.1,5.5,5.0,5.0,7.0,6.0,3.6011632827319363e-25,-1.2535621628222321e-25,1.0,-5.549999939499999,0.0,18.1199998688,0.0
0.1,5.5,5.0,5.0,7.0,6.0,0.686849823066674,2.4676792165260704e-22,0.4496102073121584,3.9152693265794825,0.0,13.78164217860584,0.0
0.1,5.5,5.0,5.0,7.0,8.0,3.47412043869352e-25,-1.2524595756327902e-25,1.0,-5.549999939499999,0.0,18.1199998688,0.0
0.1,5.5,5.0,5.0,7.0,8.0,0.9613996271275215,-2.5807261294475513e-34,0.1912469123391799,-1.2572834987018724,0.0,12.618902736346058,0.0
0.1,5.5,5.0,5.0,7.0,8.0,0.8838380979021501,7.931426351385638e-24,0.3164764396096208,1.0807348510826,0.0,13.042720913295474,0.0
0.1,5.5,5.0,5.0,7.0,10.0,3.3986643523651745e-25,-1.2517935736505816e-25,1.0,-5.549999939500001,0.0,18.1199998688,0.0
0.1,5.5,5.0,5.0,7.0,12.0,3.348679783479559e-25,-1.2513478056093735e-25,1.0,-5.549999939500001,0.0,18.1199998688,0.0
0.1,5.5,5.0,5.0,7.0,14.0,3.3131327250141685e-25,-1.2510282553130007e-25,1.0,-5.549999939500001,0.0,18.1199998688,0.0
0.1,5.5,5.0,7.0,0.5,6.0,1.6563128793115238e-25,-8.422436465302625e-26,1.0,-5.549999939500001,0.0,20.1199998688,0.0
0.1,5.5,5.0,7.0,0.5,8.0,1.9944247646353133e-25,-8.484938900899418e-26,1.0,-5.549999939500001,0.0,20.1199998688,0.0
0.1,5.5,5.0,7.0,0.5,10.0,2.204692341729909e-25,-8.522183458610351e-26,1.0,-5.549999939500001,0.0,20.1199998688,0.0
0.1,5.5,5.0,7.0,0.5,12.0,2.348000080149544e-25,-8.546905311674088e-26,1.0,-5.549999939500001,0.0,20.1199998688,0.0
0.1,5.5,5.0,7.0,0.5,14.0,2.451913430002243e-25,-8.564509543960952e-26,1.0,-5.549999939500001,0.0,20.1199998688,0.0
0.1,5.5,5.0,7.0,1.0,6.0,1.7588242446093463e-25,-8.441704392912649e-26,1.0,-5.549999939500001,0.0,20.1199998688,0.0
0.1,5.5,5.0,7.0,1.0,8.0,2.0747129937866866e-25,-8.499271363396756e-26,1.0,-5.549999939500001,0.0,20.1199998688,0.0
0.1,5.5,5.0,7.0,1.0,10.0,2.2705854001049545e-25,-8.533591280931341e-26,1.0,-5.549999939500001,0.0,20.1199998688,0.0
0.1,5.5,5.0,7.0,1.0,12.0,2.40384733386027e-25,-8.556379654405309e-26,1.0,-5.549999939500001,0.0,20.1199998688,0.0
0.1,5.5,5.0,7.0,1.0,14.0,2.500356453745492e-25,-8.572610467530231e-26,1.0,-5.549999939500001,0.0,20.1199998688,0.0
0.1,5.5,5.0,7.0,3.0,6.0,2.1834067790952668e-25,-8.518266887475446e-26,1.0,-5.549999939500001,0.0,20.1199998688,0.0
0.1,5.5,5.0,7.0,3.0,8.0,2.404207806316101e-25,-8.556309088332147e-26,1.0,-5.549999939500001,0.0,20.1199998688,0.0
0.1,5.5,5.0,7.0,3.0,10.0,2.539563087254009e-25,-8.579034445378334e-26,1.0,-5.549999939500001,0.0,20.1199998688,0.0
0.1,5.5,5.0,7.0,3.0,12.0,2.6310116952471176e-25,-8.594142518382876e-26,1.0,-5.549999939500001,0.0,20.1199998688,0.0
0.1,5.5,5.0,7.0,3.0,14.0,2.696928573523715e-25,-8.604912934929472e-26,1.0,-5.549999939500001,0.0,20.1199998688,0.0
0.1,5.5,5.0,7.0,5.0,6.0,2.6317426858093697e-25,-8.593997380302267e-26,1.0,-5.549999939499999,0.0,20.1199998688,0.0
0.1,5.5,5.0,7.0,5.0,8.0,2.7472452343615014e-25,-8.612869644864515e-26,1.0,-5.549999939499999,0.0,20.1199998688,0.0
0.1,5.5,5.0,7.0,5.0,10.0,2.817282616642956e-25,-8.624167612141478e-26,1.0,-5.549999939500001,0.0,20.1199998688,0.0
0.1,5.5,5.0,7.0,5.0,12.0,2.8642796829988383e-25,-8.631690294504254e-26,1.0,-5.549999939500001,0.0,20.1199998688,0.0
0.1,5.5,5.0,7.0,5.0,14.0,2.8980006209132793e-25,-8.637056705701295e-26,1.0,-5.549999939500001,0.0,20.1199998688,0.0
0.1,5.5,5.0,7.0,7.0,6.0,3.104504160524565e-25,-8.668864440216421e-26,1.0,-5.549999939499999,0.0,20.1199998688,0.0
0.1,5.5,5.0,7.0,7.0,6.0,0.686849823066674,3.910428472252153e-24,0.4496102073121584,3.9152693265794825,0.0,14.1859408556444,0.0
0.1,5.5,5.0,7.0,7.0,8.0,3.104123288618763e-25,-8.668939782595845e-26,1.0,-5.549999939499999,0.0,20.1199998688,0.0
0.1,5.5,5.0,7.0,7.0,8.0,0.9613996271275215,-2.4694399612990752e-33,0.1912469123391799,-1.2572834987018724,0.0,12.692053499304594,0.0
0.1,5.5,5.0,7.0,7.0,8.0,0.8838380979021501,7.303160538348031e-22,0.3164764396096208,1.0807348510826,0.0,13.243035586951438,0.0
0.1,5.5,5.0,7.0,7.0,10.0,3.1038952585133473e-25,-8.668985850840115e-26,1.0,-5.549999939500001,0.0,20.1199998688,0.0
0.1,5.5,5.0,7.0,7.0,12.0,3.103742539972477e-25,-8.669017127942412e-26,1.0,-5.549999939500001,0.0,20.1199998688,0.0
0.1,5.5,5.0,7.0,7.0,14.0,3.1036346878955915e-25,-8.669039160580976e-26,1.0,-5.549999939500001,0.0,20.1199998688,0.0
0.1,5.5,5.0,9.0,0.5,6.0,1.2616813133925052e-25,-5.580786767299128e-26,1.0,-5.549999939500001,0.0,22.1199998688,0.0
0.1,5.5,5.0,9.0,0.5,8.0,1.682494001790403e-25,-5.666129037218002e-26,1.0,-5.549999939500001,0.0,22.1199998688,0.0
0.1,5.5,5.0,9.0,0.5,10.0,1.9473500139691942e-25,-5.717192373391508e-26,1.0,-5.549999939500001,0.0,22.1199998688,0.0
0.1,5.5,5.0,9.0,0.5,12.0,2.129178631577628e-25,-5.751170091693574e-26,1.0,-5.549999939500001,0.0,22.1199998688,0.0
0.1,5.5,5.0,9.0,0.5,14.0,2.261666495569695e-25,-5.775406918560116e-26,1.0,-5.549999939500001,0.0,22.1199998688,0.0
0.1,5.5,5.0,9.0,1.0,6.0,1.358534851181542e-25,-5.600863893634585e-26,1.0,-5.549999939500001,0.0,22.1199998688,0.0
0.1,5.5,5.0,9.0,1.0,8.0,1.7595164084239195e-25,-5.681136653716645e-26,1.0,-5.549999939500001,0.0,22.1199998688,0.0
0.1,5.5,5.0,9.0,1.0,10.0,2.0111214062877444e-25,-5.729171657645596e-26,1.0,-5.549999939500001,0.0,22.1199998688,0.0
0.1,5.5,5.0,9.0,1.0,12.0,2.1835348149179696e-25,-5.761137164341767e-26,1.0,-5.549999939500001,0.0,22.1199998688,0.0
0.1,5.5,5.0,9.0,1.0,14.0,2.3090109072429073e-25,-5.783941099329685e-26,1.0,-5.549999939500001,0.0,22.1199998688,0.0
0.1,5.5,5.0,9.0,3.0,6.0,1.760078348559373e-25,-5.681005690480427e-26,1.0,-5.549999939500001,0.0,22.1199998688,0.0
0.1,5.5,5.0,9.0,3.0,8.0,2.0757694202872214e-25,-5.741062503196639e-26,1.0,-5.549999939500001,0.0,22.1199998688,0.0
0.1,5.5,5.0,9.0,3.0,10.0,2.2715174269385215e-25,-5.777018690811975e-26,1.0,-5.549999939500001,0.0,22.1199998688,0.0
0.1,5.5,5.0,9.0,3.0,12.0,2.4046940342935807e-25,-5.800954456309611e-26,1.0,-5.549999939500001,0.0,22.1199998688,0.0
0.1,5.5,5.0,9.0,3.0,14.0,2.5011401993807807e-25,-5.818036068246765e-26,1.0,-5.549999939500001,0.0,22.1199998688,0.0
0.1,5.5,5.0,9.0,5.0,6.0,2.1847047326182673e-25,-5.760861987471313e-26,1.0,-5.549999939499999,0.0,22.1199998688,0.0
0.1,5.5,5.0,9.0,5.0,8.0,2.4052879294586715e-25,-5.800813478237681e-26,1.0,-5.549999939499999,0.0,22.1199998688,0.0
0.1,5.5,5.0,9.0,5.0,10.0,2.5405095354509997e-25,-5.824748319288944e-26,1.0,-5.549999939500001,0.0,22.1199998688,0.0
0.1,5.5,5.0,9.0,5.0,12.0,2.63186976637082e-25,-5.840690551070999e-26,1.0,-5.549999939500001,0.0,22.1199998688,0.0
0.1,5.5,5.0,9.0,5.0,14.0,2.69771937576632e-25,-5.852068945182439e-26,1.0,-5.549999939500001,0.0,22.1199998688,0.0
0.1,5.5,5.0,9.0,7.0,6.0,2.6330849511285307e-25,-5.840398117868243e-26,1.0,-5.549999939499999,0.0,22.1199998688,0.0
0.1,5.5,5.0,9.0,7.0,6.0,0.686849823066674,9.555743513093512e-21,0.4496102073121584,3.9152693265794825,0.0,14.590239532682965,0.0
0.1,5.5,5.0,9.0,7.0,8.0,2.7483552171219298e-25,-5.860377869185712e-26,1.0,-5.549999939499999,0.0,22.1199998688,0.0
0.1,5.5,5.0,9.0,7.0,8.0,0.9613996271275215,-1.1354093506107744e-32,0.1912469123391799,-1.2572834987018724,0.0,12.765204262263136,0.0
0.1,5.5,5.0,9.0,7.0,8.0,0.8838380979021502,-4.2792019338951603e-23,0.3164764396096206,1.080734821644878,0.0,13.443350260607401,0.0
0.1,5.5,5.0,9.0,7.0,10.0,2.8182505428106865e-25,-5.872356074919032e-26,1.0,-5.549999939500001,0.0,22.1199998688,0.0
0.1,5.5,5.0,9.0,7.0,12.0,2.8651525144496346e-25,-5.880338207129341e-26,1.0,-5.549999939500001,0.0,22.1199998688,0.0
0.1,5.5,5.0,9.0,7.0,14.0,2.8988043654051105e-25,-5.886038035318354e-26,1.0,-5.549999939500001,0.0,22.1199998688,0.0
0.1,5.5,7.0,3.0,0.5,6.0,1.9890029321786706e-17,2.011018840490137e-17,1.0,-7.5499999395,0.0,16.1199998688,0.0
0.1,5.5,7.0,3.0,0.5,8.0,1.9920712759428748e-17,2.0100712223803962e-17,1.0,-7.5499999395,0.0,16.1199998688,0.0
0.1,5.5,7.0,3.0,0.5,10.0,1.9937415190357418e-17,2.0094933540044666e-17,1.0,-7.5499999395,0.0,16.1199998688,0.0
0.1,5.5,7.0,3.0,0.5,12.0,1.9947830221450074e-17,2.0091041655262604e-17,1.0,-7.5499999395,0.0,16.1199998688,0.0
0.1,5.5,7.0,3.0,0.5,12.0,4.553510063881763e-27,2.496834734271887,2.5585459225666414,-110.086457919201,0.0,15.092865427213175,0.0
0.1,5.5,7.0,3.0,0.5,12.0,1.5819160261029027e-23,1.6387677623491244,1.671389944728689,-47.55123131139001,0.0,-8.03477993184918,0.0
0.1,5.5,7.0,3.0,0.5,14.0,1.995491502339659e-17,2.0088242476069725e-17,1.0,-7.5499999395,0.0,16.119999868800004,0.0
0.1,5.5,7.0,3.0,0.5,14.0,3.4663294374718725e-21,3.051427023364412,2.995258616911128,-158.5115535173106,0.0,31.681062332951832,0.0
0.1,5.5,7.0,3.0,0.5,14.0,9.20383739643985e-25,1.5040921799693374,1.484777132681053,-39.102579256963004,0.0,-11.096257563451841,0.0
0.1,5.5,7.0,3.0,1.0,6.0,1.9914860456594935e-17,2.0102623838199572e-17,1.0,-7.549999939499998,0.0,16.1199998688,0.0
0.1,5.5,7.0,3.0,1.0,8.0,1.9937414363176806e-17,2.0094933540044666e-17,1.0,-7.5499999395,0.0,16.1199998688,0.0
0.1,5.5,7.0,3.0,1.0,10.0,1.9949841924699803e-17,2.0090259969583742e-17,1.0,-7.549999939500001,0.0,16.1199998688,0.0
0.1,5.5,7.0,3.0,1.0,12.0,1.9957663744572104e-17,2.0087118337617265e-17,1.0,-7.549999939500001,0.0,16.119999868800004,0.0
0.1,5.5,7.0,3.0,1.0,12.0,4.5482376380660084e-27,2.496834734271888,2.5585459225666423,-110.08645791920108,0.0,15.092863653105407,0.0
0.1,5.5,7.0,3.0,1.0,12.0,1.4879241958789054e-23,1.6387677623491244,1.671389944728689,-47.551231311390005,0.0,-8.03477993184918,0.0
0.1,5.5,7.0,3.0,1.0,14.0,1.9963022220580222e-17,2.0084860961725608e-17,1.0,-7.5499999395,0.0,16.1199998688,0.0
0.1,5.5,7.0,3.0,1.0,14.0,3.3812098059420384e-21,3.051427023364412,2.995258616911128,-158.5115535173106,0.0,31.681062332951832,0.0
0.1,5.5,7.0,3.0,1.0,14.0,9.651586957634244e-25,1.5040921799693374,1.484777132681053,-39.102579256963004,0.0,-11.096257563451841,0.0
0.1,5.5,7.0,3.0,3.0,6.0,1.999112816343355e-17,2.0071112392764364e-17,1.0,-7.549999939500001,0.0,16.1199998688,0.0
0.1,5.5,7.0,3.0,3.0,8.0,1.9991127336252937e-17,2.0071113219944977e-17,1.0,-7.5499999395,0.0,16.119999868800004,0.0
0.1,5.5,7.0,3.0,3.0,10.0,1.9991127336252937e-17,2.0071112392764364e-17,1.0,-7.5499999395,0.0,16.1199998688,0.0
0.1,5.5,7.0,3.0,3.0,12.0,1.999112816343355e-17,2.0071112392764364e-17,1.0,-7.549999939500001,0.0,16.1199998688,0.0
0.1,5.5,7.0,3.0,3.0,12.0,4.53012311138108e-27,2.496834734271887,2.5585459225666414,-110.086457919201,0.0,15.092865427213175,0.0
0.1,5.5,7.0,3.0,3.0,12.0,1.1171464753340032e-23,1.6387677623491246,1.671389944728689,-47.55123131139002,0.0,-8.03477993184918,0.0
0.1,5.5,7.0,3.0,3.0,14.0,1.999112816343355e-17,2.0071111565583752e-17,1.0,-7.549999939500001,0.0,16.1199998688,0.0
0.1,5.5,7.0,3.0,3.0,14.0,3.0006800669799364e-21,3.0514270233644116,2.9952586169111273,-158.51155351731055,0.0,31.681065585205783,0.0
0.1,5.5,7.0,3.0,3.0,14.0,1.1467229217090925e-24,1.5040921799693374,1.484777132681053,-39.102579256963004,0.0,-11.096257563451841,0.0
0.1,5.5,7.0,3.0,5.0,6.0,2.002906597504768e-17,2.003759007126004e-17,1.0,-7.549999939499998,0.0,16.1199998688,0.0
0.1,5.5,7.0,3.0,5.0,8.0,2.0023280673843485e-17,2.0046160489586702e-17,1.0,-7.5499999394999975,0.0,16.1199998688,0.0
0.1,5.5,7.0,3.0,5.0,10.0,2.0018614548008074e-17,2.0051242687270228e-17,1.0,-7.5499999395,0.0,16.1199998688,0.0
0.1,5.5,7.0,3.0,5.0,12.0,2.0015009694898568e-17,2.0054605176460256e-17,1.0,-7.5499999395,0.0,16.1199998688,0.0
0.1,5.5,7.0,3.0,5.0,12.0,4.5136017139461484e-27,2.496834734271888,2.5585459225666423,-110.08645791920108,0.0,15.092863653105407,0.0
0.1,5.5,7.0,3.0,5.0,12.0,7.589109332073003e-24,1.638767762349124,1.6713899447286886,-47.55123131138998,0.0,-8.034779931849176,0.0
0.1,5.5,7.0,3.0,5.0,14.0,2.0012193972093437e-17,2.0056992419708084e-17,1.0,-7.5499999395,0.0,16.1199998688,0.0
0.1,5.5,7.0,3.0,5.0,14.0,2.6798107296982216e-21,3.0514270233644125,2.995258616911128,-158.51155351731063,0.0,31.681062332951843,0.0
0.1,5.5,7.0,3.0,5.0,14.0,1.3336688553577915e-24,1.5040921799693376,1.484777132681053,-39.10257925696301,0.0,-11.096257563451847,0.0
0.1,5.5,7.0,3.0,7.0,6.0,2.0026715954927418e-17,2.0002036194171286e-17,1.0,-7.5499999394999975,0.0,16.1199998688,0.0
0.1,5.5,7.0,3.0,7.0,6.0,0.7396571275299134,3.313754422522818e-19,0.36172522264323037,4.9215487030192815,0.0,13.107686705822589,0.0
0.1,5.5,7.0,3.0,7.0,8.0,2.0033049676877737e-17,2.0020068731524942e-17,1.0,-7.549999939499998,0.0,16.119999868800004,0.0
0.1,5.5,7.0,3.0,7.0,10.0,2.0031881697852812e-17,2.0030644235656433e-17,1.0,-7.5499999395,0.0,16.119999868800004,0.0
0.1,5.5,7.0,3.0,7.0,12.0,2.002906514786707e-17,2.003759007126004e-17,1.0,-7.5499999395,0.0,16.1199998688,0.0
0.1,5.5,7.0,3.0,7.0,12.0,4.4956042838018386e-27,2.496834734271887,2.5585459225666414,-110.086457919201,0.0,15.092865427213175,0.0
0.1,5.5,7.0,3.0,7.0,12.0,4.113814168558045e-24,1.6387677623491246,1.671389944728689,-47.551231311390005,0.0,-8.03477993184918,0.0
0.1,5.5,7.0,3.0,7.0,14.0,2.0026067445327177e-17,2.0042503524098605e-17,1.0,-7.5499999395,0.0,16.1199998688,0.0
0.1,5.5,7.0,3.0,7.0,14.0,2.3783518640366598e-21,3.051427023364411,2.995258616911127,-158.51155351731055,0.0,31.68106341703647,0.0
0.1,5.5,7.0,3.0,7.0,14.0,1.523873967836411e-24,1.5040921799693374,1.484777132681053,-39.102579256963004,0.0,-11.096257563451841,0.0
0.1,5.5,7.0,5.0,0.5,6.0,1.976857935552922e-17,1.710484023460737e-17,1.0,-7.5499999395,0.0,18.1199998688,0.0
0.1,5.5,7.0,5.0,0.5,8.0,1.9841212430756276e-17,1.71423694189989e-17,1.0,-7.5499999395,0.0,18.1199998688,0.0
0.1,5.5,7.0,5.0,0.5,10.0,1.987948442333788e-17,1.7164594107696975e-17,1.0,-7.5499999395,0.0,18.1199998688,0.0
0.1,5.5,7.0,5.0,0.5,12.0,1.9902742260621033e-17,1.7179286489737142e-17,1.0,-7.5499999395,0.0,18.119999868800004,0.0
0.1,5.5,7.0,5.0,0.5,14.0,1.991823452631354e-17,1.718971889162266e-17,1.0,-7.5499999395,0.0,18.1199998688,0.0
0.1,5.5,7.0,5.0,1.0,6.0,1.98022108648744e-17,1.712159477791463e-17,1.0,-7.5499999395,0.0,18.1199998688,0.0
0.1,5.5,7.0,5.0,1.0,8.0,1.986297307113071e-17,1.7154744868143306e-17,1.0,-7.549999939499998,0.0,18.1199998688,0.0
0.1,5.5,7.0,5.0,1.0,10.0,1.989519175598965e-17,1.717439950667818e-17,1.0,-7.549999939500001,0.0,18.1199998688,0.0
0.1,5.5,7.0,5.0,1.0,12.0,1.9914874518665348e-17,1.718740526744935e-17,1.0,-7.5499999395,0.0,18.1199998688,0.0
0.1,5.5,7.0,5.0,1.0,14.0,1.9928041579655968e-17,1.7196647356433405e-17,1.0,-7.5499999395,0.0,18.1199998688,0.0
0.1,5.5,7.0,5.0,3.0,6.0,1.9914876173026574e-17,1.7187404440268737e-17,1.0,-7.5499999395,0.0,18.1199998688,0.0
0.1,5.5,7.0,5.0,3.0,8.0,1.9937427598066607e-17,1.7203551833006385e-17,1.0,-7.549999939500001,0.0,18.1199998688,0.0
0.1,5.5,7.0,5.0,3.0,10.0,1.994985433240899e-17,1.721317938815589e-17,1.0,-7.5499999395,0.0,18.1199998688,0.0
0.1,5.5,7.0,5.0,3.0,12.0,1.9957673670739455e-17,1.7219574321471537e-17,1.0,-7.5499999395,0.0,18.1199998688,0.0
0.1,5.5,7.0,5.0,3.0,14.0,1.9963032146747573e-17,1.7224129605104867e-17,1.0,-7.549999939499998,0.0,18.1199998688,0.0
0.1,5.5,7.0,5.0,5.0,6.0,1.9991137262420287e-17,1.725124623994558e-17,1.0,-7.5499999394999975,0.0,18.1199998688,0.0
0.1,5.5,7.0,5.0,5.0,8.0,1.999113478087845e-17,1.7251247067126193e-17,1.0,-7.549999939499998,0.0,18.1199998688,0.0
0.1,5.5,7.0,5.0,5.0,10.0,1.999113478087845e-17,1.7251248721487418e-17,1.0,-7.549999939500001,0.0,18.1199998688,0.0
0.1,5.5,7.0,5.0,5.0,12.0,1.999113478087845e-17,1.725124623994558e-17,1.0,-7.549999939500001,0.0,18.1199998688,0.0
0.1,5.5,7.0,5.0,5.0,14.0,1.9991133953697837e-17,1.7251247894306805e-17,1.0,-7.5499999395,0.0,18.1199998688,0.0
0.1,5.5,7.0,5.0,7.0,6.0,2.002906845658952e-17,1.7313082953817594e-17,1.0,-7.5499999394999975,0.0,18.1199998688,0.0
0.1,5.5,7.0,5.0,7.0,6.0,0.7396571275299133,-2.815571608893968e-22,0.3617252226432305,4.92154863732453,0.0,13.369376979215179,0.0
0.1,5.5,7.0,5.0,7.0,8.0,2.0023284809746548e-17,1.729781485407109e-17,1.0,-7.5499999394999975,0.0,18.1199998688,0.0
0.1,5.5,7.0,5.0,7.0,10.0,2.001861951109175e-17,1.7288591790241124e-17,1.0,-7.5499999395,0.0,18.1199998688,0.0
0.1,5.5,7.0,5.0,7.0,12.0,2.001501383080163e-17,1.7282420195690866e-17,1.0,-7.549999939500001,0.0,18.1199998688,0.0
0.1,5.5,7.0,5.0,7.0,14.0,2.0012198935177113e-17,1.7277996433774932e-17,1.0,-7.5499999395,0.0,18.1199998688,0.0
0.1,5.5,7.0,7.0,0.5,6.0,1.9613186860016233e-17,1.2916159326448591e-17,1.0,-7.5499999395,0.0,20.1199998688,0.0
0.1,5.5,7.0,7.0,0.5,8.0,1.9742038438394843e-17,1.3012003089663886e-17,1.0,-7.5499999395,0.0,20.1199998688,0.0
0.1,5.5,7.0,7.0,0.5,10.0,1.9808740628629895e-17,1.3069115361467303e-17,1.0,-7.5499999395,0.0,20.1199998688,0.0
0.1,5.5,7.0,7.0,0.5,12.0,1.9848654574727416e-17,1.3107024635350302e-17,1.0,-7.5499999395,0.0,20.1199998688,0.0
0.1,5.5,7.0,7.0,0.5,14.0,1.987489357093821e-17,1.3134020501821583e-17,1.0,-7.5499999395,0.0,20.119999868799997,0.0
0.1,5.5,7.0,7.0,1.0,6.0,1.9655148078129823e-17,1.29457335148892e-17,1.0,-7.5499999395,0.0,20.1199998688,0.0
0.1,5.5,7.0,7.0,1.0,8.0,1.9768657937687412e-17,1.3034002785235346e-17,1.0,-7.549999939499998,0.0,20.1199998688,0.0
0.1,5.5,7.0,7.0,1.0,10.0,1.982762516201448e-17,1.3086627602215663e-17,1.0,-7.5499999395,0.0,20.1199998688,0.0
0.1,5.5,7.0,7.0,1.0,12.0,1.9863022701967462e-17,1.3121567711289903e-17,1.0,-7.5499999395,0.0,20.119999868799997,0.0
0.1,5.5,7.0,7.0,1.0,14.0,1.9886357467047583e-17,1.3146455921560399e-17,1.0,-7.5499999395,0.0,20.1199998688,0.0
0.1,5.5,7.0,7.0,3.0,6.0,1.9802299373199944e-17,1.306326429940441e-17,1.0,-7.5499999395,0.0,20.1199998688,0.0
0.1,5.5,7.0,7.0,3.0,8.0,1.9863036764037875e-17,1.3121561921025615e-17,1.0,-7.5499999395,0.0,20.1199998688,0.0
0.1,5.5,7.0,7.0,3.0,10.0,1.9895242214007015e-17,1.3156388706355935e-17,1.0,-7.5499999395,0.0,20.1199998688,0.0
0.1,5.5,7.0,7.0,3.0,12.0,1.9914915050515364e-17,1.3179540250930376e-17,1.0,-7.5499999395,0.0,20.1199998688,0.0
0.1,5.5,7.0,7.0,3.0,14.0,1.992807797560292e-17,1.3196044985692646e-17,1.0,-7.5499999395,0.0,20.1199998688,0.0
0.1,5.5,7.0,7.0,5.0,6.0,1.9914937384391902e-17,1.3179526188859962e-17,1.0,-7.5499999394999975,0.0,20.1199998688,0.0
0.1,5.5,7.0,7.0,5.0,8.0,1.9937473093000297e-17,1.3208394378647757e-17,1.0,-7.549999939499998,0.0,20.119999868799997,0.0
0.1,5.5,7.0,7.0,5.0,10.0,1.9949892382717168e-17,1.322567749036644e-17,1.0,-7.5499999395,0.0,20.1199998688,0.0
0.1,5.5,7.0,7.0,5.0,12.0,1.9957706757963957e-17,1.323718274550644e-17,1.0,-7.5499999395,0.0,20.1199998688,0.0
0.1,5.5,7.0,7.0,5.0,14.0,1.9963061098069012e-17,1.3245391685905416e-17,1.0,-7.5499999395,0.0,20.119999868799997,0.0
0.1,5.5,7.0,7.0,7.0,6.0,1.999117365836724e-17,1.3294471206780331e-17,1.0,-7.5499999394999975,0.0,20.1199998688,0.0
0.1,5.5,7.0,7.0,7.0,6.0,0.7396571275299133,9.446140062446318e-21,0.3617252226432305,4.92154863732453,0.0,13.631067252607771,0.0
0.1,5.5,7.0,7.0,7.0,8.0,1.999116704092234e-17,1.3294480719357375e-17,1.0,-7.5499999394999975,0.0,20.119999868799997,0.0
0.1,5.5,7.0,7.0,7.0,10.0,1.999116125065805e-17,1.3294487336802276e-17,1.0,-7.549999939500001,0.0,20.119999868799997,0.0
0.1,5.5,7.0,7.0,7.0,12.0,1.9991158769116214e-17,1.3294490645524726e-17,1.0,-7.5499999395,0.0,20.119999868799997,0.0
0.1,5.5,7.0,7.0,7.0,14.0,1.9991156287574376e-17,1.3294493127066564e-17,1.0,-7.5499999395,0.0,20.1199998688,0.0
0.1,5.5,7.0,9.0,0.5,6.0,1.9425756005017843e-17,9.409131491315162e-18,1.0,-7.5499999395,0.0,22.1199998688,0.0
0.1,5.5,7.0,9.0,0.5,8.0,1.9624008863970265e-17,9.553010873472329e-18,1.0,-7.5499999395,0.0,22.119999868800004,0.0
0.1,5.5,7.0,9.0,0.5,10.0,1.9725608977068315e-17,9.639095973411029e-18,1.0,-7.5499999395,0.0,22.1199998688,0.0
0.1,5.5,7.0,9.0,0.5,12.0,1.9785818626675438e-17,9.696378230830326e-18,1.0,-7.549999939500001,0.0,22.1199998688,0.0
0.1,5.5,7.0,9.0,0.5,14.0,1.9825044358503315e-17,9.737238471548608e-18,1.0,-7.5499999395,0.0,22.1199998688,0.0
0.1,5.5,7.0,9.0,1.0,6.0,1.9475581229214974e-17,9.443023976143603e-18,1.0,-7.549999939499998,0.0,22.1199998688,0.0
0.1,5.5,7.0,9.0,1.0,8.0,1.9655284562930894e-17,9.578345761273603e-18,1.0,-7.5499999395,0.0,22.1199998688,0.0
0.1,5.5,7.0,9.0,1.0,10.0,1.9747564004886698e-17,9.659319298617032e-18,1.0,-7.5499999395,0.0,22.1199998688,0.0
0.1,5.5,7.0,9.0,1.0,12.0,1.9802360584565273e-17,9.713205979621799e-18,1.0,-7.549999939499998,0.0,22.1199998688,0.0
0.1,5.5,7.0,9.0,1.0,14.0,1.9838130355793904e-17,9.751645476277444e-18,1.0,-7.5499999395,0.0,22.1199998688,0.0
0.1,5.5,7.0,9.0,3.0,6.0,1.9655335848128873e-17,9.578321359445533e-18,1.0,-7.5499999395,0.0,22.1199998688,0.0
0.1,5.5,7.0,9.0,3.0,8.0,1.9768786150682358e-17,9.679516567633739e-18,1.0,-7.5499999395,0.0,22.119999868800004,0.0
0.1,5.5,7.0,9.0,3.0,10.0,1.9827721114965536e-17,9.740100516468042e-18,1.0,-7.5499999395,0.0,22.1199998688,0.0
0.1,5.5,7.0,9.0,3.0,12.0,1.9863102111306267e-17,9.780431775184596e-18,1.0,-7.5499999395,0.0,22.1199998688,0.0
0.1,5.5,7.0,9.0,3.0,14.0,1.9886425295857812e-17,9.809210215875928e-18,1.0,-7.5499999395,0.0,22.119999868800004,0.0
0.1,5.5,7.0,9.0,5.0,6.0,1.9802443302626528e-17,9.71315138570137e-18,1.0,-7.549999939499996,0.0,22.1199998688,0.0
0.1,5.5,7.0,9.0,5.0,8.0,1.9863136852891994e-17,9.78040241027285e-18,1.0,-7.549999939499998,0.0,22.119999868799997,0.0
0.1,5.5,7.0,9.0,5.0,10.0,1.9895320796165207e-17,9.820691482778164e-18,1.0,-7.5499999395,0.0,22.1199998688,0.0
0.1,5.5,7.0,9.0,5.0,12.0,1.9914981224964368e-17,9.847521913126934e-18,1.0,-7.549999939500001,0.0,22.119999868800004,0.0
0.1,5.5,7.0,9.0,5.0,14.0,1.9928135051065186e-17,9.866673625849374e-18,1.0,-7.5499999395,0.0,22.1199998688,0.0
0.1,5.5,7.0,9.0,7.0,6.0,1.9915039127607246e-17,9.847458220219768e-18,1.0,-7.5499999394999975,0.0,22.1199998688,0.0
0.1,5.5,7.0,9.0,7.0,6.0,0.7396571275299134,2.0054109013495566e-20,0.36172522264323037,4.9215487030192815,0.0,13.89275752600036,0.0
0.1,5.5,7.0,9.0,7.0,8.0,1.993754836643604e-17,9.880981368904704e-18,1.0,-7.5499999394999975,0.0,22.119999868800004,0.0
0.1,5.5,7.0,9.0,7.0,10.0,1.9949952766901885e-17,9.901078135476986e-18,1.0,-7.5499999395,0.0,22.119999868799997,0.0
0.1,5.5,7.0,9.0,7.0,12.0,1.9957758870342548e-17,9.914469362413607e-18,1.0,-7.5499999395,0.0,22.1199998688,0.0
0.1,5.5,7.0,9.0,7.0,14.0,1.9963106593002703e-17,9.924031156704414e-18,1.0,-7.549999939500001,0.0,22.1199998688,0.0
0.1,6.5,1.0,3.0,0.5,6.0,1.4218113512315624e-19,-1.636934326285495e-25,1.0,-1.6499999285000007,0.0,16.1199998688,0.0
0.1,6.5,1.0,3.0,0.5,6.0,0.32345040138207126,-2.4962375590168815e-22,0.9912816531538148,0.9871776176130697,0.0,15.990498896443953,0.0
0.1,6.5,1.0,3.0,0.5,6.0,0.8045669117209151,-8.681167092692306e-34,0.9460560070469891,-2.45847341345308,0.0,15.32604311678634,0.0
0.1,6.5,1.0,3.0,0.5,8.0,1.4254074502821835e-19,-1.6361475299771743e-25,1.0,-1.6499999285000009,0.0,16.1199998688,0.0
0.1,6.5,1.0,3.0,0.5,8.0,0.3248845667161885,-2.777425198525611e-22,0.9934031261443521,0.9769883147171169,0.0,16.00244219544924,0.0
0.1,6.5,1.0,3.0,0.5,8.0,0.7961761169379308,-1.596107359057458e-31,0.9603814744261024,-2.395798565511477,0.0,15.417914255267613,0.0
0.1,6.5,1.0,3.0,0.5,10.0,1.4275684717493818e-19,-1.6356652463042207e-25,1.0,-1.6499999285000007,0.0,16.1199998688,0.0
0.1,6.5,1.0,3.0,0.5,10.0,0.32576317125837617,-2.85091024241959e-22,0.9946939178125843,0.9707370325337357,0.0,16.00971782282629,0.0
0.1,6.5,1.0,3.0,0.5,10.0,0.7911049878879278,-2.39592644008329e-30,0.9687076449069421,-2.3583591921209712,0.0,15.472056517326202,0.0
0.1,6.5,1.0,3.0,0.5,12.0,1.4290105084743839e-19,-1.6353324147949514e-25,1.0,-1.6499999285000007,0.0,16.1199998688,0.0
0.1,6.5,1.0,3.0,0.5,12.0,7.04338002937678e-27,2.496834734271887,2.5585459225666414,-70.90951448090668,0.0,15.092865427213175,0.0
0.1,6.5,1.0,3.0,0.5,12.0,4.191465691763475e-23,1.638767762349124,1.6713899447286886,-30.889965216348966,0.0,-8.034779931849176,0.0
0.1,6.5,1.0,3.0,0.5,12.0,0.3263567292460194,-2.857657779949616e-22,0.9955621368864933,0.966510005396782,0.0,16.01461532511012,0.0
0.1,6.5,1.0,3.0,0.5,12.0,0.7877098504574368,-1.2418703602651976e-29,0.9741463829788468,-2.333462343114013,0.0,15.507723156916628,0.0
0.1,6.5,1.0,3.0,0.5,14.0,1.4300412530658074e-19,-1.635107435362568e-25,1.0,-1.6499999285000007,0.0,16.1199998688,0.0
0.1,6.5,1.0,3.0,0.5,14.0,9.649110313045085e-22,3.0514270233644116,2.9952586169111273,-104.78210841322839,0.0,31.681065585205783,0.0
0.1,6.5,1.0,3.0,0.5,14.0,4.479289087211961e-24,1.5040921799693372,1.4847771326810528,-25.975200443567587,0.0,-11.096257162681171,0.0
0.1,6.5,1.0,3.0,0.5,14.0,0.32678462203443226,-2.8417125029179473e-22,0.9961861361000648,0.963460869808767,0.0,16.01813706206727,0.0
0.1,6.5,1.0,3.0,0.5,14.0,0.7852779729391985,-3.7296348825940507e-29,0.9779763751863036,-2.3157076839576516,0.0,15.532983733927837,0.0
0.1,6.5,1.0,3.0,1.0,6.0,1.4247418889675373e-19,-1.6363883174425414e-25,1.0,-1.6499999285000007,0.0,16.1199998688,0.0
0.1,6.5,1.0,3.0,1.0,6.0,0.3180564680284985,-4.007792840618151e-23,0.9831400138575395,1.0253277489784294,0.0,15.94483439087088,0.0
0.1,6.5,1.0,3.0,1.0,6.0,0.8372288104273333,-3.2502017160787116e-25,0.883174653165072,-2.713482413204358,0.0,14.941287732832652,0.0
0.1,6.5,1.0,3.0,1.0,8.0,1.4276091481944454e-19,-1.6357343640780648e-25,1.0,-1.6499999285000009,0.0,16.1199998688,0.0
0.1,6.5,1.0,3.0,1.0,8.0,0.3206883223530005,-1.4498394428789006e-22,0.9871448749883023,1.0067479964596677,0.0,15.96726254137776,0.0
0.1,6.5,1.0,3.0,1.0,8.0,0.8210936639347403,6.676987322495887e-32,0.9157256493807779,-2.585024125247506,0.0,15.13675610793575,0.0
0.1,6.5,1.0,3.0,1.0,10.0,1.429331630651052e-19,-1.635334263687698e-25,1.0,-1.6499999285000009,0.0,16.1199998688,0.0
0.1,6.5,1.0,3.0,1.0,10.0,0.3223290953818339,-2.0979357241823491e-22,0.9896103954270329,0.9951310859359674,0.0,15.981102999171787,0.0
0.1,6.5,1.0,3.0,1.0,10.0,0.8112205296318838,1.3522981933028424e-31,0.9341921252303766,-2.508888211426052,0.0,15.25116637603213,0.0
0.1,6.5,1.0,3.0,1.0,12.0,1.4304808381690682e-19,-1.6350632468259239e-25,1.0,-1.6499999285000007,0.0,16.1199998688,0.0
0.1,6.5,1.0,3.0,1.0,12.0,7.025136080199589e-27,2.4968347342718866,2.5585459225666405,-70.90951448090665,0.0,15.092864540159281,0.0
0.1,6.5,1.0,3.0,1.0,12.0,3.8351858147069057e-23,1.6387677623491237,1.6713899447286886,-30.889965216348955,0.0,-8.034779931849172,0.0
0.1,6.5,1.0,3.0,1.0,12.0,0.3234504013820712,-2.4503374663655434e-22,0.9912816531538148,0.9871776176130694,0.0,15.990498896443953,0.0
0.1,6.5,1.0,3.0,1.0,12.0,0.8045669117209151,-2.4940073377272e-30,0.9460560070469891,-2.45847341345308,0.0,15.32604311678634,0.0
0.1,6.5,1.0,3.0,1.0,14.0,1.4313020734209685e-19,-1.6348671409352666e-25,1.0,-1.6499999285000009,0.0,16.1199998688,0.0
0.1,6.5,1.0,3.0,1.0,14.0,8.622259286614267e-22,3.051427023364411,2.995258616911127,-104.78210841322836,0.0,31.68106341703647,0.0
0.1,6.5,1.0,3.0,1.0,14.0,4.7416965675855835e-24,1.5040921799693374,1.484777132681053,-25.975200443567594,0.0,-11.096257563451841,0.0
0.1,6.5,1.0,3.0,1.0,14.0,0.3242653905599959,-2.64069237958576e-22,0.9924894254632124,0.9813896508017669,0.0,15.997296095567771,0.0
0.1,6.5,1.0,3.0,1.0,14.0,0.7997818091075922,-1.5011264480791665e-29,0.9543106469871848,-2.4226150537169873,0.0,15.378784604446532,0.0
0.1,6.5,1.0,3.0,3.0,6.0,1.436509563117902e-19,-1.6341440081671876e-25,1.0,-1.6499999285000009,0.0,16.1199998688,0.0
0.1,6.5,1.0,3.0,3.0,6.0,0.30053010293777827,-2.250881571474311e-28,0.9548408286141042,1.1471310832832198,0.0,15.78832731911428,0.0
0.1,6.5,1.0,3.0,3.0,6.0,0.9439561115107256,-1.2970066010247993e-26,0.5544734297707754,-3.846274168943748,0.0,13.382942897826046,0.0
0.1,6.5,1.0,3.0,3.0,8.0,1.4364414055356909e-19,-1.6340287297044364e-25,1.0,-1.6499999285000007,0.0,16.1199998688,0.0
0.1,6.5,1.0,3.0,3.0,8.0,0.3064817059124196,1.6345575599671912e-21,0.96477586147788,1.1061743422381316,0.0,15.842868290787505,0.0
0.1,6.5,1.0,3.0,3.0,8.0,0.9095962457644836,9.49878336769777e-25,0.6897380011341839,-3.396138297104144,0.0,13.93496505499719,0.0
0.1,6.5,1.0,3.0,3.0,10.0,1.4364006765840454e-19,-1.6339571775551425e-25,1.0,-1.6499999285000007,0.0,16.1199998688,0.0
0.1,6.5,1.0,3.0,3.0,10.0,0.31037975372667337,2.898586960270012e-23,0.9710993225429709,1.079114273280965,0.0,15.877813213802915,0.0
0.1,6.5,1.0,3.0,3.0,10.0,0.8854267064238308,-1.886699113472328e-31,0.7648058642654342,-3.141433626887216,0.0,14.294638364032462,0.0
0.1,6.5,1.0,3.0,3.0,12.0,1.4363734579798072e-19,-1.6339132663524105e-25,1.0,-1.6499999285000007,0.0,16.1199998688,0.0
0.1,6.5,1.0,3.0,3.0,12.0,6.951402237464713e-27,2.4968347342718875,2.5585459225666414,-70.90951448090671,0.0,15.092863653105397,0.0
0.1,6.5,1.0,3.0,3.0,12.0,2.4510660898520418e-23,1.6387677623491244,1.671389944728689,-30.889965216348987,0.0,-8.03477993184918,0.0
0.1,6.5,1.0,3.0,3.0,12.0,0.31313701650554343,-1.4588781992980093e-23,0.9754863022235017,1.0598684996850474,0.0,15.902159900858607,0.0
0.1,6.5,1.0,3.0,3.0,12.0,0.8680519028145043,-1.391122943816787e-30,0.8116214735050297,-2.977544141691843,0.0,14.538587679138312,0.0
0.1,6.5,1.0,3.0,3.0,14.0,1.4363540184276186e-19,-1.633872837231018e-25,1.0,-1.6499999285000007,0.0,16.1199998688,0.0
0.1,6.5,1.0,3.0,3.0,14.0,5.517920725743078e-22,3.0514270233644125,2.995258616911128,-104.78210841322844,0.0,31.681062332951843,0.0
0.1,6.5,1.0,3.0,3.0,14.0,5.807246885438792e-24,1.5040921799693376,1.484777132681053,-25.975200443567598,0.0,-11.096257563451847,0.0
0.1,6.5,1.0,3.0,3.0,14.0,0.31519276003799573,8.569401141011735e-24,0.978711469432778,1.0454653691932667,0.0,15.920111897772328,0.0
0.1,6.5,1.0,3.0,3.0,14.0,0.8551031385179892,-4.906279261857544e-30,0.8433139905350038,-2.8630885597505724,0.0,14.712446309343763,0.0
0.1,6.5,1.0,3.0,5.0,6.0,1.4483501487156192e-19,-1.6317530200672693e-25,1.0,-1.6499999285000002,0.0,16.1199998688,0.0
0.1,6.5,1.0,3.0,5.0,6.0,0.2871806418116132,-5.255002929031197e-26,0.9312727324738916,1.2372115743049514,0.0,15.66077676198498,0.0
0.1,6.5,1.0,3.0,5.0,6.0,0.9947058432094991,-3.777576433781716e-27,0.17546690457073277,-5.171856601209565,0.0,12.480180383857713,0.0
0.1,6.5,1.0,3.0,5.0,8.0,1.4453147876474296e-19,-1.632247321543076e-25,1.0,-1.6499999285000007,0.0,16.1199998688,0.0
0.1,6.5,1.0,3.0,5.0,8.0,0.2951469718428372,-2.084227663565013e-27,0.9455551656325022,1.183770698847369,0.0,15.737760898671807,0.0
0.1,6.5,1.0,3.0,5.0,8.0,0.9699904720708895,3.9936108595014593e-25,0.41194905255730807,-4.327039850730878,0.0,12.93285361273644,0.0
0.1,6.5,1.0,3.0,5.0,10.0,1.4434958263661547e-19,-1.6325373511852611e-25,1.0,-1.6499999285000007,0.0,16.1199998688,0.0
0.1,6.5,1.0,3.0,5.0,10.0,0.3005301029377782,-2.270085018949796e-28,0.9548408286141042,1.1471310832832196,0.0,15.78832731911428,0.0
0.1,6.5,1.0,3.0,5.0,10.0,0.9439561115107257,5.350322995176194e-25,0.5544734297707753,-3.8462741637037396,0.0,13.382942897826046,0.0
0.1,6.5,1.0,3.0,5.0,12.0,1.4422841844833492e-19,-1.6327415305742453e-25,1.0,-1.6499999285000009,0.0,16.1199998688,0.0
0.1,6.5,1.0,3.0,5.0,12.0,6.878229225529642e-27,2.496834734271887,2.5585459225666414,-70.90951448090668,0.0,15.092865427213175,0.0
0.1,6.5,1.0,3.0,5.0,12.0,1.1318410607320981e-23,1.638767762349124,1.6713899447286886,-30.889965216348966,0.0,-8.034779931849176,0.0
0.1,6.5,1.0,3.0,5.0,12.0,0.30442724969422824,4.951811118039822e-21,0.9613850206848367,1.120362941863679,0.0,15.824203139527823,0.0
0.1,6.5,1.0,3.0,5.0,12.0,0.9219215511923505,-3.0408400143179135e-32,0.6458586056029543,-3.5425714608281575,0.0,13.742444767645024,0.0
0.1,6.5,1.0,3.0,5.0,14.0,1.4414192112487666e-19,-1.6328772084869675e-25,1.0,-1.6499999285000007,0.0,16.1199998688,0.0
0.1,6.5,1.0,3.0,5.0,14.0,2.877255672299075e-22,3.0514270233644125,2.995258616911128,-104.78210841322844,0.0,31.681062332951843,0.0
0.1,6.5,1.0,3.0,5.0,14.0,6.902564869550515e-24,1.5040921799693374,1.484777132681053,-25.975200443567594,0.0,-11.096257563451841,0.0
0.1,6.5,1.0,3.0,5.0,14.0,0.3073856405834749,9.293379861831784e-22,0.966255024272531,1.0999152377878871,0.0,15.851026594888411,0.0
0.1,6.5,1.0,3.0,5.0,14.0,0.904064477505962,-7.89630313293399e-31,0.7080955073256686,-3.334477589331635,0.0,14.019371502463173,0.0
0.1,6.5,1.0,3.0,7.0,6.0,1.460263742695917e-19,-1.6292445040184247e-25,1.0,-1.6499999285000007,0.0,16.1199998688,0.0
0.1,6.5,1.0,3.0,7.0,6.0,0.27640101137892803,-1.968389790965078e-24,0.9108695610601567,1.307844325016024,0.0,15.552515776470209,0.0
0.1,6.5,1.0,3.0,7.0,8.0,1.454229108737141e-19,-1.6303956554573443e-25,1.0,-1.6499999285000002,0.0,16.1199998688,0.0
0.1,6.5,1.0,3.0,7.0,8.0,0.28571428571428575,-9.139756622735033e-26,0.9285714285714286,1.2469388117560878,0.0,15.646326399412242,0.0
0.1,6.5,1.0,3.0,7.0,8.0,0.9970986458010138,-6.251597026206947e-26,0.13007000422406134,-5.342811888103182,0.0,12.435042261797461,0.0
0.1,6.5,1.0,3.0,7.0,10.0,1.45061741523171e-19,-1.6310808242943595e-25,1.0,-1.6499999285000002,0.0,16.1199998688,0.0
0.1,6.5,1.0,3.0,7.0,10.0,0.2921476646384519,-7.283467804395055e-27,0.9402548194324091,1.2040052447003768,0.0,15.709078054311876,0.0
0.1,6.5,1.0,3.0,7.0,10.0,0.9814884742318009,7.174702751974812e-25,0.32567626246509207,-4.627067752737688,0.0,12.725338430062793,0.0
0.1,6.5,1.0,3.0,7.0,12.0,1.4482132600177645e-19,-1.6315237573666895e-25,1.0,-1.6499999285000007,0.0,16.1199998688,0.0
0.1,6.5,1.0,3.0,7.0,12.0,6.805635533321843e-27,2.496834734271887,2.5585459225666414,-70.90951448090668,0.0,15.092865427213175,0.0
0.1,6.5,1.0,3.0,7.0,12.0,-1.1612141979303893e-24,1.6387677623491241,1.671389944728689,-30.889965216348973,0.0,-8.03478022295281,0.0
0.1,6.5,1.0,3.0,7.0,12.0,0.29688488472541424,-1.0171768908625805e-27,0.9485846297125868,1.171986018232849,0.0,15.754214198244863,0.0
0.1,6.5,1.0,3.0,7.0,12.0,0.9622702677134926,7.294232041017645e-24,0.4598542935935186,-4.163747324288493,0.0,13.069184372396387,0.0
0.1,6.5,1.0,3.0,7.0,14.0,1.4464979063393861e-19,-1.631833446901747e-25,1.0,-1.6499999285000007,0.0,16.1199998688,0.0
0.1,6.5,1.0,3.0,7.0,14.0,8.291273950493683e-23,3.0514270233644116,2.9952586169111273,-104.78210841322839,0.0,31.681065585205783,0.0
0.1,6.5,1.0,3.0,7.0,14.0,8.030742065808314e-24,1.5040921799693374,1.484777132681053,-25.975200443567587,0.0,-11.096257563451841,0.0
0.1,6.5,1.0,3.0,7.0,14.0,0.30053010293777827,-2.2783591149174373e-28,0.9548408286141042,1.1471310832832198,0.0,15.78832731911428,0.0
0.1,6.5,1.0,3.0,7.0,14.0,0.9439561115107256,-7.84414227558306e-32,0.5544734297707754,-3.846274163703739,0.0,13.382942897826046,0.0
0.1,6.5,1.0,5.0,0.5,6.0,1.410472159061881e-19,-1.2383141286367713e-25,1.0,-1.6499999285000007,0.0,18.1199998688,0.0
0.1,6.5,1.0,5.0,0.5,6.0,0.32345040138207126,-2.6576362283056934e-22,0.9912816531538148,0.9871776176130697,0.0,17.95577752820267,0.0
0.1,6.5,1.0,5.0,0.5,6.0,0.8045669117209152,4.928112528454418e-26,0.9460560070469891,-2.4584734313180556,0.0,17.116087053725728,0.0
0.1,6.5,1.0,5.0,0.5,8.0,1.4169135211205822e-19,-1.2410586250298418e-25,1.0,-1.6499999285000007,0.0,18.1199998688,0.0
0.1,6.5,1.0,5.0,0.5,8.0,0.3248845667161885,-2.685997166243582e-22,0.9934031261443521,0.9769883147171169,0.0,17.976141737515988,0.0
0.1,6.5,1.0,5.0,0.5,8.0,0.7961761169379308,-2.4888728959522434e-31,0.9603814744261024,-2.395798565511477,0.0,17.262579408109325,0.0
0.1,6.5,1.0,5.0,0.5,10.0,1.4207889269138785e-19,-1.2426864210188379e-25,1.0,-1.6499999285000007,0.0,18.1199998688,0.0
0.1,6.5,1.0,5.0,0.5,10.0,0.32576317125837634,-2.576786063456209e-22,0.9946939178125843,0.9707370325337367,0.0,17.988549803092987,0.0
0.1,6.5,1.0,5.0,0.5,10.0,0.7911049878879278,-1.0611240543177898e-29,0.9687076449069421,-2.3583591921209712,0.0,17.348845519928513,0.0
0.1,6.5,1.0,5.0,0.5,12.0,1.423377133853085e-19,-1.243762538227124e-25,1.0,-1.6499999285000009,0.0,18.1199998688,0.0
0.1,6.5,1.0,5.0,0.5,12.0,0.32635672924601933,-2.4557883058940034e-22,0.9955621368864933,0.9665099981502063,0.0,17.996903261914124,0.0
0.1,6.5,1.0,5.0,0.5,12.0,0.7877098504574367,-2.9476812950259283e-29,0.9741463829788468,-2.3334623431140122,0.0,17.405645507858168,0.0
0.1,6.5,1.0,5.0,0.5,14.0,1.4252279302788332e-19,-1.2445173178760492e-25,1.0,-1.6499999285000007,0.0,18.1199998688,0.0
0.1,6.5,1.0,5.0,0.5,14.0,0.32678462203443226,-2.348258360358965e-22,0.9961861361000648,0.963460869808767,0.0,18.002910697583225,0.0
0.1,6.5,1.0,5.0,0.5,14.0,0.7852779729391988,3.420556062931214e-28,0.9779763751863036,-2.3157076752393158,0.0,17.44585931477292,0.0
0.1,6.5,1.0,5.0,1.0,6.0,1.4133846102998918e-19,-1.2394271928851107e-25,1.0,-1.6499999285000007,0.0,18.1199998688,0.0
0.1,6.5,1.0,5.0,1.0,6.0,0.31805646802849846,-5.511596490974794e-23,0.9831400138575395,1.0253277560407013,0.0,17.87796296456649,0.0
0.1,6.5,1.0,5.0,1.0,6.0,0.8372288104273328,1.5563797983192287e-28,0.8831746531650722,-2.713482431794568,0.0,16.501282668819147,0.0
0.1,6.5,1.0,5.0,1.0,8.0,1.4191049358207368e-19,-1.2418885313540376e-25,1.0,-1.6499999285000009,0.0,18.1199998688,0.0
0.1,6.5,1.0,5.0,1.0,8.0,0.32068832235300054,-1.756464848909568e-22,0.9871448749883023,1.0067479928993124,0.0,17.9161725498091,0.0
0.1,6.5,1.0,5.0,1.0,8.0,0.8210936639347404,-3.220809793693019e-31,0.9157256493807779,-2.585024116131535,0.0,16.813863037803443,0.0
0.1,6.5,1.0,5.0,1.0,10.0,1.42254555480456e-19,-1.2433337799991849e-25,1.0,-1.6499999285000007,0.0,18.1199998688,0.0
0.1,6.5,1.0,5.0,1.0,10.0,0.3223290953818339,-2.3487013846433373e-22,0.9896103954270329,0.9951310859359674,0.0,17.939760468646284,0.0
0.1,6.5,1.0,5.0,1.0,10.0,0.8112205296318838,-3.763302846360924e-29,0.9341921252303766,-2.508888211426052,0.0,16.996596229717024,0.0
0.1,6.5,1.0,5.0,1.0,12.0,1.4248427621892097e-19,-1.2442992409765864e-25,1.0,-1.6499999285000007,0.0,18.1199998688,0.0
0.1,6.5,1.0,5.0,1.0,12.0,0.3234504013820713,-2.578931575791793e-22,0.9912816531538148,0.98717761761307,0.0,17.955777528202674,0.0
0.1,6.5,1.0,5.0,1.0,12.0,0.8045669117209152,-5.592422687133082e-28,0.9460560070469891,-2.4584734313180556,0.0,17.116087053725725,0.0
0.1,6.5,1.0,5.0,1.0,14.0,1.4264853942517237e-19,-1.2449851801855794e-25,1.0,-1.6499999285000009,0.0,18.1199998688,0.0
0.1,6.5,1.0,5.0,1.0,14.0,0.324265390559996,-2.6431252266174616e-22,0.9924894254632124,0.9813896472016981,0.0,17.967366614880362,0.0
0.1,6.5,1.0,5.0,1.0,14.0,0.7997818091075922,-2.728889041987151e-27,0.9543106469871848,-2.4226150537169873,0.0,17.20020222635273,0.0
0.1,6.5,1.0,5.0,3.0,6.0,1.4250793124183864e-19,-1.2438323031134296e-25,1.0,-1.6499999285000009,0.0,18.1199998688,0.0
0.1,6.5,1.0,5.0,3.0,6.0,0.30053010293777827,-4.868238481675104e-28,0.9548408286141042,1.1471310832832198,0.0,17.611769335091218,0.0
0.1,6.5,1.0,5.0,3.0,6.0,0.9439561115107256,-7.46584075528739e-27,0.5544734297707754,-3.846274168943748,0.0,13.997824466469584,0.0
0.1,6.5,1.0,5.0,3.0,8.0,1.4278960643525212e-19,-1.2451472356348199e-25,1.0,-1.6499999285000007,0.0,18.1199998688,0.0
0.1,6.5,1.0,5.0,3.0,8.0,0.3064817059124196,3.6588843007410205e-21,0.96477586147788,1.1061743422381316,0.0,17.704453216568275,0.0
0.1,6.5,1.0,5.0,3.0,8.0,0.9095962457644835,-5.463938859613973e-24,0.689738001134184,-3.396138276907049,0.0,14.886442075414354,0.0
0.1,6.5,1.0,5.0,3.0,10.0,1.4295880162512651e-19,-1.2459289166732082e-25,1.0,-1.6499999285000007,0.0,18.1199998688,0.0
0.1,6.5,1.0,5.0,3.0,10.0,0.3103797537266735,1.44227802177574e-22,0.9710993225429708,1.079114280172781,0.0,17.763881002289747,0.0
0.1,6.5,1.0,5.0,3.0,10.0,0.8854267064238308,6.089925195805044e-31,0.7648058642654342,-3.141433626887216,0.0,15.464494384062059,0.0
0.1,6.5,1.0,5.0,3.0,12.0,1.4307168552544907e-19,-1.2464507050211812e-25,1.0,-1.6499999285000009,0.0,18.1199998688,0.0
0.1,6.5,1.0,5.0,3.0,12.0,0.3131370165055434,-1.453404273755158e-23,0.9754863022235017,1.0598685031615664,0.0,17.80530695250997,0.0
0.1,6.5,1.0,5.0,3.0,12.0,0.8680519028145043,-3.3625552683011894e-29,0.8116214735050297,-2.977544141691843,0.0,15.856046511647264,0.0
0.1,6.5,1.0,5.0,3.0,14.0,1.431523574455993e-19,-1.246819528309251e-25,1.0,-1.6499999285000007,0.0,18.1199998688,0.0
0.1,6.5,1.0,5.0,3.0,14.0,0.3151927600379958,1.0428980191876058e-23,0.978711469432778,1.0454653761919526,0.0,17.835864178570862,0.0
0.1,6.5,1.0,5.0,3.0,14.0,0.8551031385179891,-1.0813177728409614e-27,0.8433139905350039,-2.8630885597505715,0.0,16.13480328260791,0.0
0.1,6.5,1.0,5.0,5.0,6.0,1.4368466917240992e-19,-1.2481174818322516e-25,1.0,-1.6499999285000002,0.0,18.1199998688,0.0
0.1,6.5,1.0,5.0,5.0,6.0,0.28718064181161307,-1.7347396740604875e-25,0.9312727324738916,1.2372115615515678,0.0,17.39531456648376,0.0
0.1,6.5,1.0,5.0,5.0,6.0,0.9947058432094991,2.1368349515710917e-28,0.17546690457073277,-5.171856601209565,0.0,12.541757653056983,0.0
0.1,6.5,1.0,5.0,5.0,8.0,1.4367279016411119e-19,-1.2483472067560182e-25,1.0,-1.6499999285000007,0.0,18.1199998688,0.0
0.1,6.5,1.0,5.0,5.0,8.0,0.2951469718428372,-5.589897552234747e-27,0.9455551656325022,1.183770698847369,0.0,17.525910041180424,0.0
0.1,6.5,1.0,5.0,5.0,8.0,0.9699904720708895,-7.219953292612487e-26,0.41194905255730807,-4.327039850730878,0.0,13.272257656542168,0.0
0.1,6.5,1.0,5.0,5.0,10.0,1.4366566017419254e-19,-1.2484801421444995e-25,1.0,-1.6499999285000009,0.0,18.1199998688,0.0
0.1,6.5,1.0,5.0,5.0,10.0,0.3005301029377782,-4.943562685135682e-28,0.9548408286141042,1.1471310832832196,0.0,17.611769335091218,0.0
0.1,6.5,1.0,5.0,5.0,10.0,0.9439561115107256,-1.1014471572439735e-23,0.5544734297707754,-3.846274163703739,0.0,13.99782446646958,0.0
0.1,6.5,1.0,5.0,5.0,12.0,1.4366090469346392e-19,-1.248566978473832e-25,1.0,-1.6499999285000009,0.0,18.1199998688,0.0
0.1,6.5,1.0,5.0,5.0,12.0,0.30442724969422824,1.110328373249372e-20,0.9613850206848367,1.120362941863679,0.0,17.672725455522194,0.0
0.1,6.5,1.0,5.0,5.0,12.0,0.921921551192351,-1.99373663337908e-22,0.6458586056029538,-3.5425714659458536,0.0,14.576711444507804,0.0
0.1,6.5,1.0,5.0,5.0,14.0,1.4365750509423743e-19,-1.2486317821646008e-25,1.0,-1.6499999285000009,0.0,18.1199998688,0.0
0.1,6.5,1.0,5.0,5.0,14.0,0.3073856405834749,2.142370826402045e-21,0.966255024272531,1.0999152377878871,0.0,17.71832413875223,0.0
0.1,6.5,1.0,5.0,5.0,14.0,0.904064477505962,1.7485403989159459e-29,0.7080955073256686,-3.334477589331635,0.0,15.022169997452762,0.0
0.1,6.5,1.0,5.0,7.0,6.0,1.448686796684644e-19,-1.2522806952595555e-25,1.0,-1.6499999285000007,0.0,18.1199998688,0.0
0.1,6.5,1.0,5.0,7.0,6.0,0.276401011378928,-7.355222131651515e-24,0.9108695610601567,1.3078443311533592,0.0,17.211882491002058,0.0
0.1,6.5,1.0,5.0,7.0,8.0,1.445600738492193e-19,-1.251474054169088e-25,1.0,-1.6499999285000007,0.0,18.1199998688,0.0
0.1,6.5,1.0,5.0,7.0,8.0,0.2857142857142857,-3.094675508313335e-25,0.9285714285714286,1.2469388022398897,0.0,17.37081619533061,0.0
0.1,6.5,1.0,5.0,7.0,8.0,0.9970986458010138,2.5432647451904977e-29,0.13007000422406134,-5.342811888103182,0.0,12.468878673795155,0.0
0.1,6.5,1.0,5.0,7.0,10.0,1.4437513960948652e-19,-1.2509922019044418e-25,1.0,-1.6499999285000007,0.0,18.1199998688,0.0
0.1,6.5,1.0,5.0,7.0,10.0,0.29214766463845193,-2.1651877591552755e-26,0.9402548194324091,1.2040052479438679,0.0,17.477236305243622,0.0
0.1,6.5,1.0,5.0,7.0,10.0,0.9814884742318009,5.815081614674878e-26,0.32567626246509207,-4.627067752737688,0.0,12.937468485929253,0.0
0.1,6.5,1.0,5.0,7.0,12.0,1.4425194099310762e-19,-1.250657521502426e-25,1.0,-1.6499999285000007,0.0,18.1199998688,0.0
0.1,6.5,1.0,5.0,7.0,12.0,0.29688488472541424,-2.5553200465013444e-27,0.9485846297125868,1.171986018232849,0.0,17.553839797698792,0.0
0.1,6.5,1.0,5.0,7.0,12.0,0.9622702677134924,6.701193923996558e-24,0.4598542935935187,-4.163747318946819,0.0,13.492116315069179,0.0
0.1,6.5,1.0,5.0,7.0,14.0,1.4416399893085487e-19,-1.2504307856219331e-25,1.0,-1.6499999285000007,0.0,18.1199998688,0.0
0.1,6.5,1.0,5.0,7.0,14.0,0.30053010293777827,-4.976235484789104e-28,0.9548408286141042,1.1471310832832198,0.0,17.611769335091218,0.0
0.1,6.5,1.0,5.0,7.0,14.0,0.9439561115107258,4.479982890378103e-23,0.5544734297707752,-3.8462741689437494,0.0,13.997824466469579,0.0
0.1,6.5,1.0,7.0,0.5,6.0,1.3991927880447996e-19,-8.419211534129348e-26,1.0,-1.6499999285000007,0.0,20.1199998688,0.0
0.1,6.5,1.0,7.0,0.5,6.0,0.3234504013820713,-2.744553301496179e-22,0.9912816531538148,0.98717761761307,0.0,19.921056159961395,0.0
0.1,6.5,1.0,7.0,0.5,6.0,0.8045669117209152,8.237121883679972e-25,0.9460560070469891,-2.4584734313180556,0.0,18.906130990665112,0.0
0.1,6.5,1.0,7.0,0.5,8.0,1.4084448718586584e-19,-8.482253384184964e-26,1.0,-1.6499999285000007,0.0,20.1199998688,0.0
0.1,6.5,1.0,7.0,0.5,8.0,0.3248845667161885,-2.579803803517478e-22,0.9934031261443521,0.9769883147171169,0.0,19.949841279582728,0.0
0.1,6.5,1.0,7.0,0.5,8.0,0.7961761169379308,-6.479615443935972e-30,0.9603814744261024,-2.395798565511477,0.0,19.10724456095103,0.0
0.1,6.5,1.0,7.0,0.5,10.0,1.4140184212883893e-19,-8.519781438783712e-26,1.0,-1.6499999285000007,0.0,20.1199998688,0.0
0.1,6.5,1.0,7.0,0.5,10.0,0.3257631712583763,-2.348141104074013e-22,0.9946939178125843,0.9707370289170385,0.0,19.967381783359684,0.0
0.1,6.5,1.0,7.0,0.5,10.0,0.7911049878879278,9.913819240783058e-28,0.9687076449069421,-2.3583591921209712,0.0,19.22563452253082,0.0
0.1,6.5,1.0,7.0,0.5,12.0,1.4177434361143593e-19,-8.544719766373198e-26,1.0,-1.6499999285000007,0.0,20.1199998688,0.0
0.1,6.5,1.0,7.0,0.5,12.0,0.3263567292460194,-2.1495350844384193e-22,0.9955621368864933,0.966510005396782,0.0,19.979191198718127,0.0
0.1,6.5,1.0,7.0,0.5,12.0,0.7877098504574367,-3.939170764831129e-34,0.9741463829788468,-2.3334623431140122,0.0,19.30356785879971,0.0
0.1,6.5,1.0,7.0,0.5,14.0,1.420408742910563e-19,-8.562455732268257e-26,1.0,-1.6499999285000007,0.0,20.1199998688,0.0
0.1,6.5,1.0,7.0,0.5,14.0,0.32678462203443226,-1.9907383939593883e-22,0.9961861361000648,0.963460869808767,0.0,19.98768433309918,0.0
0.1,6.5,1.0,7.0,0.5,14.0,0.7852779729391984,-6.712120864995248e-33,0.9779763751863036,-2.315707675239314,0.0,19.358734895618003,0.0
0.1,6.5,1.0,7.0,1.0,6.0,1.402087047771683e-19,-8.43659143409629e-26,1.0,-1.6499999285000007,0.0,20.1199998688,0.0
0.1,6.5,1.0,7.0,1.0,6.0,0.3180564680284985,-6.816245421604606e-23,0.9831400138575395,1.0253277489784294,0.0,19.811091538262094,0.0
0.1,6.5,1.0,7.0,1.0,6.0,0.8372288104273328,1.5404733515673946e-24,0.8831746531650722,-2.713482431794568,0.0,18.061277604805642,0.0
0.1,6.5,1.0,7.0,1.0,8.0,1.4106260800870947e-19,-8.495174062995869e-26,1.0,-1.6499999285000007,0.0,20.1199998688,0.0
0.1,6.5,1.0,7.0,1.0,8.0,0.32068832235300054,-1.9840494845718383e-22,0.9871448749883023,1.0067479928993124,0.0,19.865082558240445,0.0
0.1,6.5,1.0,7.0,1.0,8.0,0.8210936639347404,-1.5416665963237717e-29,0.9157256493807779,-2.585024116131535,0.0,18.490969967671138,0.0
0.1,6.5,1.0,7.0,1.0,10.0,1.4157683323755616e-19,-8.530056814297402e-26,1.0,-1.6499999285000007,0.0,20.1199998688,0.0
0.1,6.5,1.0,7.0,1.0,10.0,0.32232909538183385,-2.508292615826107e-22,0.9896103954270329,0.995131089514539,0.0,19.89841793812078,0.0
0.1,6.5,1.0,7.0,1.0,10.0,0.8112205296318838,-7.581693698866919e-28,0.9341921252303766,-2.508888211426052,0.0,18.74202608340192,0.0
0.1,6.5,1.0,7.0,1.0,12.0,1.4192045125337343e-19,-8.55326904643353e-26,1.0,-1.6499999285000009,0.0,20.1199998688,0.0
0.1,6.5,1.0,7.0,1.0,12.0,0.3234504013820713,-2.634004353722424e-22,0.9912816531538148,0.98717761761307,0.0,19.921056159961392,0.0
0.1,6.5,1.0,7.0,1.0,12.0,0.8045669117209154,1.0418453619630837e-25,0.946056007046989,-2.458473440250544,0.0,18.906130990665112,0.0
0.1,6.5,1.0,7.0,1.0,14.0,1.4216627656828583e-19,-8.5697648675188e-26,1.0,-1.6499999285000007,0.0,20.1199998688,0.0
0.1,6.5,1.0,7.0,1.0,14.0,0.324265390559996,-2.6014131018486332e-22,0.9924894254632124,0.9813896472016981,0.0,19.937437134192965,0.0
0.1,6.5,1.0,7.0,1.0,14.0,0.7997818091075923,-1.5738268481141404e-32,0.9543106469871847,-2.4226150537169886,0.0,19.02161984825893,0.0
0.1,6.5,1.0,7.0,3.0,6.0,1.4137093796645148e-19,-8.505495044530643e-26,1.0,-1.6499999285000007,0.0,20.1199998688,0.0
0.1,6.5,1.0,7.0,3.0,6.0,0.30053010293777827,-7.6359905991946775e-28,0.9548408286141042,1.1471310832832198,0.0,19.43521135106816,0.0
0.1,6.5,1.0,7.0,3.0,6.0,0.9439561115107256,4.2460670937488e-24,0.5544734297707754,-3.846274168943748,0.0,14.612706035113119,0.0
0.1,6.5,1.0,7.0,3.0,8.0,1.4193760273028362e-19,-8.546482531532696e-26,1.0,-1.6499999285000007,0.0,20.1199998688,0.0
0.1,6.5,1.0,7.0,3.0,8.0,0.30648170591241963,5.862266765512562e-21,0.96477586147788,1.1061743456407624,0.0,19.56603814234905,0.0
0.1,6.5,1.0,7.0,3.0,8.0,0.9095962457644835,1.024031372498294e-21,0.689738001134184,-3.396138276907049,0.0,15.837919095831513,0.0
0.1,6.5,1.0,7.0,3.0,10.0,1.4227844637909521e-19,-8.570952472959707e-26,1.0,-1.6499999285000007,0.0,20.1199998688,0.0
0.1,6.5,1.0,7.0,3.0,10.0,0.31037975372667337,2.76405962287176e-22,0.9710993225429709,1.079114273280965,0.0,19.64994879077658,0.0
0.1,6.5,1.0,7.0,3.0,10.0,0.8854267064238308,-1.5530892146015595e-27,0.7648058642654342,-3.141433626887216,0.0,16.634350404091656,0.0
0.1,6.5,1.0,7.0,3.0,12.0,1.425060139438075e-19,-8.587222575055495e-26,1.0,-1.6499999285000009,0.0,20.1199998688,0.0
0.1,6.5,1.0,7.0,3.0,12.0,0.3131370165055434,-1.2193209625126317e-23,0.9754863022235017,1.0598685031615664,0.0,19.708454004161336,0.0
0.1,6.5,1.0,7.0,3.0,12.0,0.8680519028145043,-1.086147328177109e-25,0.8116214735050297,-2.977544141691843,0.0,17.173505344156215,0.0
0.1,6.5,1.0,7.0,3.0,14.0,1.4266873668772673e-19,-8.59879402438456e-26,1.0,-1.6499999285000009,0.0,20.1199998688,0.0
0.1,6.5,1.0,7.0,3.0,14.0,0.31519276003799573,1.1721874306157173e-23,0.978711469432778,1.0454653691932667,0.0,19.751616459369394,0.0
0.1,6.5,1.0,7.0,3.0,14.0,0.8551031385179891,-9.775765990067675e-25,0.8433139905350039,-2.8630885597505715,0.0,17.557160255872052,0.0
0.1,6.5,1.0,7.0,5.0,6.0,1.4254038313670036e-19,-8.573659406015142e-26,1.0,-1.6499999285000007,0.0,20.1199998688,0.0
0.1,6.5,1.0,7.0,5.0,6.0,0.28718064181161307,-3.5654981416497957e-25,0.9312727324738916,1.2372115615515678,0.0,19.129852370982537,0.0
0.1,6.5,1.0,7.0,5.0,6.0,0.9947058432094991,-1.1639796011096004e-21,0.17546690457073277,-5.171856601209565,0.0,12.60333492225625,0.0
0.1,6.5,1.0,7.0,5.0,8.0,1.4281667478988693e-19,-8.597372379936811e-26,1.0,-1.6499999285000002,0.0,20.1199998688,0.0
0.1,6.5,1.0,7.0,5.0,8.0,0.2951469718428372,-1.0212040922283169e-26,0.9455551656325022,1.183770698847369,0.0,19.314059183689043,0.0
0.1,6.5,1.0,7.0,5.0,8.0,0.9699904720708895,-2.7758366850979856e-22,0.41194905255730807,-4.327039850730878,0.0,13.611661700347897,0.0
0.1,6.5,1.0,7.0,5.0,10.0,1.4298265576915844e-19,-8.611553695452115e-26,1.0,-1.6499999285000007,0.0,20.1199998688,0.0
0.1,6.5,1.0,7.0,5.0,10.0,0.3005301029377782,-7.814244563714952e-28,0.9548408286141042,1.1471310832832196,0.0,19.435211351068155,0.0
0.1,6.5,1.0,7.0,5.0,10.0,0.9439561115107259,1.8731959960989894e-20,0.554473429770775,-3.8462741689437507,0.0,14.612706035113114,0.0
0.1,6.5,1.0,7.0,5.0,12.0,1.4309338447624439e-19,-8.620984435129394e-26,1.0,-1.6499999285000009,0.0,20.1199998688,0.0
0.1,6.5,1.0,7.0,5.0,12.0,0.30442724969422824,1.8062240730906186e-20,0.9613850206848367,1.120362941863679,0.0,19.521247771516556,0.0
0.1,6.5,1.0,7.0,5.0,12.0,0.9219215511923506,-1.1534106703001464e-26,0.645858605602954,-3.5425714710635434,0.0,15.41097812137059,0.0
0.1,6.5,1.0,7.0,5.0,14.0,1.4317251391457853e-19,-8.627702232849813e-26,1.0,-1.6499999285000002,0.0,20.1199998688,0.0
0.1,6.5,1.0,7.0,5.0,14.0,0.3073856405834749,3.478681307929853e-21,0.966255024272531,1.0999152377878871,0.0,19.58562168261605,0.0
0.1,6.5,1.0,7.0,5.0,14.0,0.904064477505962,-3.694208440426623e-25,0.7080955073256686,-3.334477589331635,0.0,16.02496849244236,0.0
0.1,6.5,1.0,7.0,7.0,6.0,1.4371708188928364e-19,-8.641067570366278e-26,1.0,-1.6499999285000007,0.0,20.1199998688,0.0
0.1,6.5,1.0,7.0,7.0,6.0,0.27640101137892803,-1.6224316855367823e-23,0.9108695610601567,1.307844325016024,0.0,18.8712492055339,0.0
0.1,6.5,1.0,7.0,7.0,8.0,1.4369983266935185e-19,-8.647868414185898e-26,1.0,-1.6499999285000002,0.0,20.1199998688,0.0
0.1,6.5,1.0,7.0,7.0,8.0,0.2857142857142857,-6.45919358498771e-25,0.9285714285714286,1.2469388022398897,0.0,19.095305991248978,0.0
0.1,6.5,1.0,7.0,7.0,8.0,0.997098645801014,9.847614979831576e-22,0.1300700042240609,-5.342811888103184,0.0,12.502715085792847,0.0
0.1,6.5,1.0,7.0,7.0,10.0,1.4368947877530751e-19,-8.651917489300978e-26,1.0,-1.6499999285000009,0.0,20.1199998688,0.0
0.1,6.5,1.0,7.0,7.0,10.0,0.2921476646384519,-4.208731163758329e-26,0.9402548194324091,1.2040052447003768,0.0,19.245394556175366,0.0
0.1,6.5,1.0,7.0,7.0,10.0,0.981488474231801,-1.1129559843587742e-20,0.32567626246509196,-4.627067744565156,0.0,13.149598541795719,0.0
0.1,6.5,1.0,7.0,7.0,12.0,1.4368257698707153e-19,-8.65461240455356e-26,1.0,-1.6499999285000007,0.0,20.1199998688,0.0
0.1,6.5,1.0,7.0,7.0,12.0,0.2968848847254143,-4.484147504341662e-27,0.9485846297125868,1.1719860116406806,0.0,19.353465397152725,0.0
0.1,6.5,1.0,7.0,7.0,12.0,0.9622702677134924,-5.277391826116099e-28,0.4598542935935187,-4.163747318946819,0.0,13.915048257741965,0.0
0.1,6.5,1.0,7.0,7.0,14.0,1.4367764783072602e-19,-8.656507211470046e-26,1.0,-1.6499999285000009,0.0,20.1199998688,0.0
0.1,6.5,1.0,7.0,7.0,14.0,0.3005301029377782,-7.891887707199194e-28,0.9548408286141042,1.147131079946665,0.0,19.43521135106816,0.0
0.1,6.5,1.0,7.0,7.0,14.0,0.9439561115107256,-2.6619853557256484e-26,0.5544734297707754,-3.846274163703739,0.0,14.612706035113119,0.0
0.1,6.5,1.0,9.0,0.5,6.0,1.3879756130934054e-19,-5.57730145039737e-26,1.0,-1.6499999285000007,0.0,22.1199998688,0.0
0.1,6.5,1.0,9.0,0.5,6.0,0.3234504013820712,-2.7857071651796005e-22,0.9912816531538148,0.9871776176130694,0.0,21.88633479172012,0.0
0.1,6.5,1.0,9.0,0.5,6.0,0.8045669117209152,2.397801678949688e-28,0.9460560070469891,-2.4584734313180556,0.0,20.696174927604496,0.0
0.1,6.5,1.0,9.0,0.5,8.0,1.4000051900740454e-19,-5.663212254835827e-26,1.0,-1.6499999285000007,0.0,22.1199998688,0.0
0.1,6.5,1.0,9.0,0.5,8.0,0.3248845667161885,-2.472019907879831e-22,0.9934031261443521,0.9769883147171169,0.0,21.92354082164948,0.0
0.1,6.5,1.0,9.0,0.5,8.0,0.7961761169379309,1.9614457103428898e-26,0.9603814744261023,-2.3957985920294695,0.0,20.951909713792745,0.0
0.1,6.5,1.0,9.0,0.5,10.0,1.4072609857628132e-19,-5.714615787274709e-26,1.0,-1.6499999285000007,0.0,22.1199998688,0.0
0.1,6.5,1.0,9.0,0.5,10.0,0.32576317125837634,-2.156481856678668e-22,0.9946939178125843,0.9707370325337367,0.0,21.946213763626382,0.0
0.1,6.5,1.0,9.0,0.5,10.0,0.7911049878879278,-2.4125223044270693e-32,0.9687076449069421,-2.3583591921209712,0.0,21.102423525133133,0.0
0.1,6.5,1.0,9.0,0.5,12.0,1.4121140681491525e-19,-5.748825387542079e-26,1.0,-1.6499999285000007,0.0,22.1199998688,0.0
0.1,6.5,1.0,9.0,0.5,12.0,0.32635672924601944,-1.9097900948132946e-22,0.9955621368864933,0.9665100053967823,0.0,21.961479135522133,0.0
0.1,6.5,1.0,9.0,0.5,12.0,0.7877098504574367,-1.6101983213467677e-30,0.9741463829788468,-2.3334623431140122,0.0,21.20149020974125,0.0
0.1,6.5,1.0,9.0,0.5,14.0,1.4155883963585243e-19,-5.773237705145154e-26,1.0,-1.6499999285000007,0.0,22.1199998688,0.0
0.1,6.5,1.0,9.0,0.5,14.0,0.32678462203443226,-1.7220931379726935e-22,0.9961861361000648,0.963460869808767,0.0,21.97245796861513,0.0
0.1,6.5,1.0,9.0,0.5,14.0,0.7852779729391984,-9.232499081358323e-30,0.9779763751863036,-2.315707675239314,0.0,21.27161047646309,0.0
0.1,6.5,1.0,9.0,1.0,6.0,1.390851947881038e-19,-5.595015383653866e-26,1.0,-1.6499999285000009,0.0,22.1199998688,0.0
0.1,6.5,1.0,9.0,1.0,6.0,0.3180564680284985,-7.943259284685476e-23,0.9831400138575395,1.0253277489784294,0.0,21.744220111957702,0.0
0.1,6.5,1.0,9.0,1.0,6.0,0.8372288104273328,3.826788806833919e-27,0.8831746531650722,-2.713482431794568,0.0,19.62127254079213,0.0
0.1,6.5,1.0,9.0,1.0,8.0,1.4021761554800528e-19,-5.67649038624441e-26,1.0,-1.6499999285000007,0.0,22.1199998688,0.0
0.1,6.5,1.0,9.0,1.0,8.0,0.3206883223530005,-2.1526432595138625e-22,0.9871448749883023,1.0067479964596677,0.0,21.813992566671793,0.0
0.1,6.5,1.0,9.0,1.0,8.0,0.8210936639347404,4.47067920661037e-26,0.9157256493807779,-2.585024116131535,0.0,20.168076897538835,0.0
0.1,6.5,1.0,9.0,1.0,10.0,1.4090043416051898e-19,-5.725188372297417e-26,1.0,-1.6499999285000009,0.0,22.1199998688,0.0
0.1,6.5,1.0,9.0,1.0,10.0,0.3223290953818338,-2.6067694042862115e-22,0.9896103954270329,0.9951310930931103,0.0,21.85707540759528,0.0
0.1,6.5,1.0,9.0,1.0,10.0,0.811220529631884,1.0515024800682587e-23,0.9341921252303765,-2.508888211426053,0.0,20.487455937086814,0.0
0.1,6.5,1.0,9.0,1.0,12.0,1.4135705926517777e-19,-5.757633820735729e-26,1.0,-1.6499999285000007,0.0,22.1199998688,0.0
0.1,6.5,1.0,9.0,1.0,12.0,0.3234504013820712,-2.6450285271007064e-22,0.9912816531538148,0.9871776176130694,0.0,21.886334791720117,0.0
0.1,6.5,1.0,9.0,1.0,12.0,0.8045669117209152,-4.5698555998386475e-30,0.9460560070469891,-2.4584734313180556,0.0,20.696174927604496,0.0
0.1,6.5,1.0,9.0,1.0,14.0,1.416839038514742e-19,-5.780774870501112e-26,1.0,-1.6499999285000009,0.0,22.1199998688,0.0
0.1,6.5,1.0,9.0,1.0,14.0,0.324265390559996,-2.5381661472181024e-22,0.9924894254632124,0.9813896472016981,0.0,21.90750765350556,0.0
0.1,6.5,1.0,9.0,1.0,14.0,0.7997818091075922,-1.1057519738230293e-28,0.9543106469871848,-2.4226150537169873,0.0,20.84303747016513,0.0
0.1,6.5,1.0,9.0,3.0,6.0,1.4024019499378856e-19,-5.665725824524845e-26,1.0,-1.6499999285000007,0.0,22.1199998688,0.0
0.1,6.5,1.0,9.0,3.0,6.0,0.30053010293777827,-1.0182388967821642e-27,0.9548408286141042,1.1471310832832198,0.0,21.2586533670451,0.0
0.1,6.5,1.0,9.0,3.0,6.0,0.9439561115107256,-1.7006534762905969e-22,0.5544734297707754,-3.846274168943748,0.0,15.227587603756652,0.0
0.1,6.5,1.0,9.0,3.0,8.0,1.4108853333544705e-19,-5.729312943866316e-26,1.0,-1.6499999285000009,0.0,22.1199998688,0.0
0.1,6.5,1.0,9.0,3.0,8.0,0.3064817059124196,7.963355604598403e-21,0.96477586147788,1.1061743422381316,0.0,21.427623068129826,0.0
0.1,6.5,1.0,9.0,3.0,8.0,0.9095962457644835,3.4709853945226067e-25,0.689738001134184,-3.396138276907049,0.0,16.789396116248675,0.0
0.1,6.5,1.0,9.0,3.0,10.0,1.4159940702878447e-19,-5.767405064827176e-26,1.0,-1.6499999285000009,0.0,22.1199998688,0.0
0.1,6.5,1.0,9.0,3.0,10.0,0.3103797537266734,4.0353186272929005e-22,0.9710993225429708,1.079114276726873,0.0,21.536016579263418,0.0
0.1,6.5,1.0,9.0,3.0,10.0,0.8854267064238308,1.5520837521362502e-23,0.7648058642654342,-3.141433626887216,0.0,17.80420642412125,0.0
0.1,6.5,1.0,9.0,3.0,12.0,1.4194078220576312e-19,-5.792782196295191e-26,1.0,-1.6499999285000009,0.0,22.1199998688,0.0
0.1,6.5,1.0,9.0,3.0,12.0,0.3131370165055434,-8.987269439977263e-24,0.9754863022235017,1.0598685031615664,0.0,21.61160105581269,0.0
0.1,6.5,1.0,9.0,3.0,12.0,0.8680519028145043,6.603229626912139e-22,0.8116214735050297,-2.977544141691843,0.0,18.49096417666517,0.0
0.1,6.5,1.0,9.0,3.0,14.0,1.4218501253227758e-19,-5.810847265099148e-26,1.0,-1.6499999285000009,0.0,22.1199998688,0.0
0.1,6.5,1.0,9.0,3.0,14.0,0.3151927600379958,1.2613248080442108e-23,0.978711469432778,1.0454653761919526,0.0,21.667368740167934,0.0
0.1,6.5,1.0,9.0,3.0,14.0,0.8551031385179891,-1.4507771775159324e-28,0.8433139905350039,-2.8630885597505715,0.0,18.979517229136203,0.0
0.1,6.5,1.0,9.0,5.0,6.0,1.414024096038197e-19,-5.736165556682842e-26,1.0,-1.6499999285000007,0.0,22.1199998688,0.0
0.1,6.5,1.0,9.0,5.0,6.0,0.28718064181161307,-5.774404510542661e-25,0.9312727324738916,1.2372115615515678,0.0,20.864390175481315,0.0
0.1,6.5,1.0,9.0,5.0,6.0,0.9947058432094996,-1.4429749368403807e-20,0.17546690457073189,-5.17185660120957,0.0,12.664912191455517,0.0
0.1,6.5,1.0,9.0,5.0,8.0,1.4196349736086565e-19,-5.782023027179471e-26,1.0,-1.6499999285000002,0.0,22.1199998688,0.0
0.1,6.5,1.0,9.0,5.0,8.0,0.2951469718428372,-1.5303124255962074e-26,0.9455551656325022,1.183770698847369,0.0,21.102208326197662,0.0
0.1,6.5,1.0,9.0,5.0,8.0,0.9699904720708895,2.0984457385347926e-23,0.41194905255730807,-4.327039850730878,0.0,13.95106574415363,0.0
0.1,6.5,1.0,9.0,5.0,10.0,1.4230098543520015e-19,-5.809512364536094e-26,1.0,-1.6499999285000007,0.0,22.1199998688,0.0
0.1,6.5,1.0,9.0,5.0,10.0,0.3005301029377782,-1.0508253184775803e-27,0.9548408286141042,1.1471310832832196,0.0,21.2586533670451,0.0
0.1,6.5,1.0,9.0,5.0,10.0,0.9439561115107256,2.8058477622774154e-23,0.5544734297707754,-3.846274163703739,0.0,15.227587603756652,0.0
0.1,6.5,1.0,9.0,5.0,12.0,1.4252631621952556e-19,-5.827794986386569e-26,1.0,-1.6499999285000009,0.0,22.1199998688,0.0
0.1,6.5,1.0,9.0,5.0,12.0,0.30442724969422824,2.4996996637949724e-20,0.9613850206848367,1.120362941863679,0.0,21.36977008751093,0.0
0.1,6.5,1.0,9.0,5.0,12.0,0.9219215511923505,3.9394727846150165e-22,0.6458586056029543,-3.5425714608281575,0.0,16.24524479823338,0.0
0.1,6.5,1.0,9.0,5.0,14.0,1.426874403399758e-19,-5.840852791409514e-26,1.0,-1.6499999285000007,0.0,22.1199998688,0.0
0.1,6.5,1.0,9.0,5.0,14.0,0.30738564058347484,4.768590915281914e-21,0.966255024272531,1.0999152343752203,0.0,21.452919226479867,0.0
0.1,6.5,1.0,9.0,5.0,14.0,0.9040644775059621,5.3925107744746624e-21,0.7080955073256685,-3.3344775993687676,0.0,17.02776698743195,0.0
0.1,6.5,1.0,9.0,7.0,6.0,1.4257183054026158e-19,-5.80628142446139e-26,1.0,-1.6499999285000002,0.0,22.1199998688,0.0
0.1,6.5,1.0,9.0,7.0,6.0,0.27640101137892803,-2.758777063151602e-23,0.9108695610601567,1.307844325016024,0.0,20.530615920065742,0.0
0.1,6.5,1.0,9.0,7.0,8.0,1.4284254478276517e-19,-5.834552227152248e-26,1.0,-1.6499999285000002,0.0,22.1199998688,0.0
0.1,6.5,1.0,9.0,7.0,8.0,0.2857142857142857,-1.0580437146943514e-24,0.9285714285714286,1.2469388022398897,0.0,20.81979578716735,0.0
0.1,6.5,1.0,9.0,7.0,8.0,0.9970986458010138,-1.133875558250212e-21,0.13007000422406134,-5.342811888103182,0.0,12.536551497790546,0.0
0.1,6.5,1.0,9.0,7.0,10.0,1.4300516776417888e-19,-5.851474526164403e-26,1.0,-1.6499999285000007,0.0,22.1199998688,0.0
0.1,6.5,1.0,9.0,7.0,10.0,0.2921476646384519,-6.583163969874687e-26,0.9402548194324091,1.2040052447003768,0.0,21.01355280710711,0.0
0.1,6.5,1.0,9.0,7.0,10.0,0.9814884742318009,-8.751676840607822e-23,0.32567626246509207,-4.627067752737688,0.0,13.361728597662179,0.0
0.1,6.5,1.0,9.0,7.0,12.0,1.431136657493297e-19,-5.86276401934961e-26,1.0,-1.6499999285000007,0.0,22.1199998688,0.0
0.1,6.5,1.0,9.0,7.0,12.0,0.29688488472541424,-6.541192063040859e-27,0.9485846297125868,1.171986018232849,0.0,21.153090996606657,0.0
0.1,6.5,1.0,9.0,7.0,12.0,0.9622702677134924,2.300928725529622e-22,0.4598542935935187,-4.163747318946819,0.0,14.337980200414755,0.0
0.1,6.5,1.0,9.0,7.0,14.0,1.4319119494860773e-19,-5.87080778131814e-26,1.0,-1.6499999285000007,0.0,22.1199998688,0.0
0.1,6.5,1.0,9.0,7.0,14.0,0.3005301029377782,-1.0650800889609624e-27,0.9548408286141042,1.147131079946665,0.0,21.2586533670451,0.0
0.1,6.5,1.0,9.0,7.0,14.0,0.9439561115107257,2.430917061408872e-21,0.5544734297707752,-3.846274168943749,0.0,15.227587603756646,0.0
0.1,6.5,3.0,3.0,0.5,6.0,1.7492772374349553e-22,-1.6367706992774198e-25,1.0,-3.649999928500001,0.0,16.1199998688,0.0
0.1,6.5,3.0,3.0,0.5,8.0,1.7634949879702803e-22,-1.6359985400366765e-25,1.0,-3.649999928500001,0.0,16.1199998688,0.0
0.1,6.5,3.0,3.0,0.5,10.0,1.7720660879232514e-22,-1.635528582315367e-25,1.0,-3.6499999285,0.0,16.1199998688,0.0
0.1,6.5,3.0,3.0,0.5,12.0,1.777797162399682e-22,-1.6352106035778288e-25,1.0,-3.6499999285,0.0,16.1199998688,0.0
0.1,6.5,3.0,3.0,0.5,12.0,6.413520818876468e-27,2.4968347342718875,2.5585459225666414,-84.00182895667149,0.0,15.092863653105397,0.0
0.1,6.5,3.0,3.0,0.5,12.0,3.0472772223706767e-23,1.638767762349124,1.6713899447286886,-36.4770539110293,0.0,-8.034779931849176,0.0
0.1,6.5,3.0,3.0,0.5,14.0,1.7818989708941236e-22,-1.634983313029512e-25,1.0,-3.649999928500001,0.0,16.1199998688,0.0
0.1,6.5,3.0,3.0,0.5,14.0,1.7796871658435085e-21,3.051427023364412,2.995258616911128,-122.72525677758918,0.0,31.681062332951832,0.0
0.1,6.5,3.0,3.0,0.5,14.0,2.515346105169614e-24,1.5040921799693372,1.4847771326810528,-30.384326711032724,0.0,-11.096257162681171,0.0
0.1,6.5,3.0,3.0,1.0,6.0,1.7606928593716266e-22,-1.6361601948924886e-25,1.0,-3.6499999285,0.0,16.1199998688,0.0
0.1,6.5,3.0,3.0,1.0,8.0,1.7721023913021097e-22,-1.6355327423240468e-25,1.0,-3.6499999285,0.0,16.1199998688,0.0
0.1,6.5,3.0,3.0,1.0,10.0,1.778974174424708e-22,-1.6351502064147728e-25,1.0,-3.649999928500001,0.0,16.1199998688,0.0
0.1,6.5,3.0,3.0,1.0,12.0,1.7835661653084357e-22,-1.6348936109164222e-25,1.0,-3.649999928500001,0.0,16.1199998688,0.0
0.1,6.5,3.0,3.0,1.0,12.0,6.4057123285099444e-27,2.496834734271887,2.5585459225666414,-84.00182895667145,0.0,15.092865427213175,0.0
0.1,6.5,3.0,3.0,1.0,12.0,2.8274636554857385e-23,1.6387677623491241,1.671389944728689,-36.477053911029316,0.0,-8.03478022295281,0.0
0.1,6.5,3.0,3.0,1.0,14.0,1.7868513923254468e-22,-1.6347099850518046e-25,1.0,-3.6499999285,0.0,16.1199998688,0.0
0.1,6.5,3.0,3.0,1.0,14.0,1.6915819292902408e-21,3.0514270233644125,2.995258616911128,-122.72525677758918,0.0,31.681062332951843,0.0
0.1,6.5,3.0,3.0,1.0,14.0,2.6521521382900784e-24,1.5040921799693374,1.484777132681053,-30.384326711032724,0.0,-11.096257563451841,0.0
0.1,6.5,3.0,3.0,3.0,6.0,1.8069008602114905e-22,-1.6336170429195242e-25,1.0,-3.6499999285,0.0,16.1199998688,0.0
0.1,6.5,3.0,3.0,3.0,8.0,1.8068395183875005e-22,-1.633608630457527e-25,1.0,-3.6499999285,0.0,16.1199998688,0.0
0.1,6.5,3.0,3.0,3.0,10.0,1.8068030730136793e-22,-1.6336042239298143e-25,1.0,-3.6499999285,0.0,16.1199998688,0.0
0.1,6.5,3.0,3.0,3.0,12.0,1.8067784605534364e-22,-1.6336012040716615e-25,1.0,-3.6499999285,0.0,16.1199998688,0.0
0.1,6.5,3.0,3.0,3.0,12.0,6.360614752932173e-27,2.4968347342718875,2.5585459225666414,-84.00182895667149,0.0,15.092863653105397,0.0
0.1,6.5,3.0,3.0,3.0,12.0,1.968156840339766e-23,1.638767762349124,1.6713899447286886,-36.4770539110293,0.0,-8.034779931849176,0.0
0.1,6.5,3.0,3.0,3.0,14.0,1.8067610582818673e-22,-1.6335990162152447e-25,1.0,-3.6499999285,0.0,16.1199998688,0.0
0.1,6.5,3.0,3.0,3.0,14.0,1.342045613904735e-21,3.0514270233644125,2.995258616911128,-122.72525677758918,0.0,31.681062332951843,0.0
0.1,6.5,3.0,3.0,3.0,14.0,3.203932336930041e-24,1.5040921799693376,1.484777132681053,-30.384326711032735,0.0,-11.096257563451847,0.0
0.1,6.5,3.0,3.0,5.0,6.0,1.8539896400292518e-22,-1.6309135303156702e-25,1.0,-3.6499999284999998,0.0,16.1199998688,0.0
0.1,6.5,3.0,3.0,5.0,6.0,0.6528136505223279,3.4126758798225105e-27,0.6448619480764266,1.875644198640019,0.0,14.052178074922635,0.0
0.1,6.5,3.0,3.0,5.0,6.0,0.9785609990648723,-2.2623279448942564e-28,0.20201530925763256,-3.5173887413964153,0.0,12.533820018944148,0.0
0.1,6.5,3.0,3.0,5.0,8.0,1.8420721132302426e-22,-1.6315970043343344e-25,1.0,-3.6499999284999998,0.0,16.1199998688,0.0
0.1,6.5,3.0,3.0,5.0,10.0,1.8349486519244426e-22,-1.6320021891797544e-25,1.0,-3.649999928500001,0.0,16.1199998688,0.0
0.1,6.5,3.0,3.0,5.0,12.0,1.8302110530948291e-22,-1.6322697547750682e-25,1.0,-3.649999928500001,0.0,16.1199998688,0.0
0.1,6.5,3.0,3.0,5.0,12.0,6.321100833449169e-27,2.4968347342718875,2.5585459225666414,-84.00182895667149,0.0,15.092863653105397,0.0
0.1,6.5,3.0,3.0,5.0,12.0,1.144722528225633e-23,1.6387677623491241,1.671389944728689,-36.477053911029316,0.0,-8.03478022295281,0.0
0.1,6.5,3.0,3.0,5.0,14.0,1.8268323460605495e-22,-1.6324595436155079e-25,1.0,-3.6499999285,0.0,16.1199998688,0.0
0.1,6.5,3.0,3.0,5.0,14.0,1.043584470170111e-21,3.0514270233644116,2.9952586169111273,-122.7252567775891,0.0,31.681065585205783,0.0
0.1,6.5,3.0,3.0,5.0,14.0,3.771723848148048e-24,1.5040921799693374,1.484777132681053,-30.384326711032724,0.0,-11.096257563451841,0.0
0.1,6.5,3.0,3.0,7.0,6.0,1.901969848447131e-22,-1.6280483936708834e-25,1.0,-3.6499999284999998,0.0,16.1199998688,0.0
0.1,6.5,3.0,3.0,7.0,6.0,0.5381304124250896,5.719785060282642e-26,0.6621516024270702,2.7675183381332316,0.0,14.22104169041538,0.0
0.1,6.5,3.0,3.0,7.0,8.0,1.8778046407830594e-22,-1.6294927794994156e-25,1.0,-3.6499999284999998,0.0,16.1199998688,0.0
0.1,6.5,3.0,3.0,7.0,8.0,0.6310551050213187,8.705221301526787e-21,0.6515482726232159,2.0594443486123235,0.0,14.098854719750523,0.0
0.1,6.5,3.0,3.0,7.0,8.0,0.9892920706429974,2.881828294428908e-26,0.14363854909252927,-4.173568116957918,0.0,12.45765885438876,0.0
0.1,6.5,3.0,3.0,7.0,10.0,1.8634139561600919e-22,-1.630339387488089e-25,1.0,-3.649999928500001,0.0,16.1199998688,0.0
0.1,6.5,3.0,3.0,7.0,10.0,0.8451395573330865,-5.852759189437307e-33,0.5000173900415842,-0.24264356634487466,0.0,13.34149899501881,0.0
0.1,6.5,3.0,3.0,7.0,12.0,1.8538648895657001e-22,-1.630896428057764e-25,1.0,-3.649999928500001,0.0,16.1199998688,0.0
0.1,6.5,3.0,3.0,7.0,12.0,6.278513129774923e-27,2.4968347342718875,2.5585459225666414,-84.00182895667149,0.0,15.092863653105397,0.0
0.1,6.5,3.0,3.0,7.0,12.0,3.564590273681451e-24,1.6387677623491244,1.671389944728689,-36.47705391102933,0.0,-8.03477993184918,0.0
0.1,6.5,3.0,3.0,7.0,14.0,1.8470661391857072e-22,-1.6312910742145284e-25,1.0,-3.649999928500001,0.0,16.1199998688,0.0
0.1,6.5,3.0,3.0,7.0,14.0,7.898229873592449e-22,3.0514270233644116,2.9952586169111273,-122.7252567775891,0.0,31.681065585205783,0.0
0.1,6.5,3.0,3.0,7.0,14.0,4.353804588588002e-24,1.5040921799693374,1.484777132681053,-30.38432671103273,0.0,-11.096257563451841,0.0
0.1,6.5,3.0,5.0,0.5,6.0,1.7045096808308068e-22,-1.2384748898610892e-25,1.0,-3.649999928500001,0.0,18.1199998688,0.0
0.1,6.5,3.0,5.0,0.5,8.0,1.7296715669169707e-22,-1.2411952890186955e-25,1.0,-3.649999928500001,0.0,18.1199998688,0.0
0.1,6.5,3.0,5.0,0.5,10.0,1.7448981758867648e-22,-1.2428057362307525e-25,1.0,-3.6499999285,0.0,18.1199998688,0.0
0.1,6.5,3.0,5.0,0.5,12.0,1.7551038587442263e-22,-1.2438707600825591e-25,1.0,-3.6499999285,0.0,18.1199998688,0.0
0.1,6.5,3.0,5.0,0.5,14.0,1.7624204174224063e-22,-1.244627142105198e-25,1.0,-3.649999928500001,0.0,18.1199998688,0.0
0.1,6.5,3.0,5.0,1.0,6.0,1.715710432834114e-22,-1.239676700961266e-25,1.0,-3.6499999285,0.0,18.1199998688,0.0
0.1,6.5,3.0,5.0,1.0,8.0,1.7381575487782685e-22,-1.2420834970941678e-25,1.0,-3.6499999285,0.0,18.1199998688,0.0
0.1,6.5,3.0,5.0,1.0,10.0,1.7517282598219132e-22,-1.2435093631803547e-25,1.0,-3.6499999285,0.0,18.1199998688,0.0
0.1,6.5,3.0,5.0,1.0,12.0,1.7608185722454827e-22,-1.2444533770018956e-25,1.0,-3.6499999285,0.0,18.1199998688,0.0
0.1,6.5,3.0,5.0,1.0,14.0,1.7673328120513986e-22,-1.2451238471415752e-25,1.0,-3.649999928500001,0.0,18.1199998688,0.0
0.1,6.5,3.0,5.0,3.0,6.0,1.7610516333113211e-22,-1.2443971398475195e-25,1.0,-3.6499999285,0.0,18.1199998688,0.0
0.1,6.5,3.0,5.0,3.0,8.0,1.7724058660923482e-22,-1.2455830196551963e-25,1.0,-3.6499999285,0.0,18.1199998688,0.0
0.1,6.5,3.0,5.0,3.0,10.0,1.779243885968203e-22,-1.2462908682432366e-25,1.0,-3.649999928500001,0.0,18.1199998688,0.0
0.1,6.5,3.0,5.0,3.0,12.0,1.7838133312072596e-22,-1.246759932333052e-25,1.0,-3.649999928500001,0.0,18.1199998688,0.0
0.1,6.5,3.0,5.0,3.0,14.0,1.7870825127934584e-22,-1.2470950133284962e-25,1.0,-3.6499999285,0.0,18.1199998688,0.0
0.1,6.5,3.0,5.0,5.0,6.0,1.8072631366936042e-22,-1.2489762308832946e-25,1.0,-3.649999928499999,0.0,18.1199998688,0.0
0.1,6.5,3.0,5.0,5.0,6.0,0.6528136505223278,2.7133244080299923e-26,0.6448619480764268,1.875644169649268,0.0,14.883871939076487,0.0
0.1,6.5,3.0,5.0,5.0,6.0,0.9785609990648724,-1.5866390743931193e-23,0.20201530925763234,-3.517388727816154,0.0,12.615440389293063,0.0
0.1,6.5,3.0,5.0,5.0,8.0,1.8071446971172943e-22,-1.2490046730167133e-25,1.0,-3.6499999284999998,0.0,18.1199998688,0.0
0.1,6.5,3.0,5.0,5.0,10.0,1.8070736838586063e-22,-1.249020789198488e-25,1.0,-3.6499999285,0.0,18.1199998688,0.0
0.1,6.5,3.0,5.0,5.0,12.0,1.8070263837587293e-22,-1.2490318517400885e-25,1.0,-3.6499999285,0.0,18.1199998688,0.0
0.1,6.5,3.0,5.0,5.0,14.0,1.806992636289204e-22,-1.2490394630152287e-25,1.0,-3.6499999285,0.0,18.1199998688,0.0
0.1,6.5,3.0,5.0,7.0,6.0,1.8543547721878424e-22,-1.2534118786568117e-25,1.0,-3.6499999284999998,0.0,18.1199998688,0.0
0.1,6.5,3.0,5.0,7.0,6.0,0.5381304124250897,2.26094219183621e-25,0.6621516024270699,2.767518338133233,0.0,15.097931179608853,0.0
0.1,6.5,3.0,5.0,7.0,8.0,1.8423792798895176e-22,-1.2523438349468523e-25,1.0,-3.6499999284999998,0.0,18.1199998688,0.0
0.1,6.5,3.0,5.0,7.0,8.0,0.6310551050213186,3.8465242652211186e-20,0.651548272623216,2.059444376636799,0.0,14.947885022867116,0.0
0.1,6.5,3.0,5.0,7.0,8.0,0.9892920706429973,8.354708774729242e-28,0.1436385490925295,-4.173568117644377,0.0,12.498922919959574,0.0
0.1,6.5,3.0,5.0,7.0,10.0,1.8352208878228343e-22,-1.251699187675867e-25,1.0,-3.649999928500001,0.0,18.1199998688,0.0
0.1,6.5,3.0,5.0,7.0,10.0,0.8451395573330869,-7.158892839622198e-32,0.5000173900415839,-0.24264359449367695,0.0,13.841533775706804,0.0
0.1,6.5,3.0,5.0,7.0,10.0,0.8110912948321831,5.883843415629249e-34,0.5394916380132168,0.2282894432841254,0.0,14.088432880702033,0.0
0.1,6.5,3.0,5.0,7.0,12.0,1.8304597493838091e-22,-1.2512675020344123e-25,1.0,-3.649999928500001,0.0,18.1199998688,0.0
0.1,6.5,3.0,5.0,7.0,14.0,1.8270645393793922e-22,-1.2509579049439922e-25,1.0,-3.6499999285,0.0,18.1199998688,0.0
0.1,6.5,3.0,7.0,0.5,6.0,1.6606111018454137e-22,-8.422102740161862e-26,1.0,-3.6499999285,0.0,20.1199998688,0.0
0.1,6.5,3.0,7.0,0.5,8.0,1.6963385175795646e-22,-8.484653401044462e-26,1.0,-3.649999928500001,0.0,20.1199998688,0.0
0.1,6.5,3.0,7.0,0.5,10.0,1.7180431891941613e-22,-8.521928003262528e-26,1.0,-3.6499999285,0.0,20.1199998688,0.0
0.1,6.5,3.0,7.0,0.5,12.0,1.7326256616804062e-22,-8.54667081044406e-26,1.0,-3.6499999285,0.0,20.1199998688,0.0
0.1,6.5,3.0,7.0,0.5,14.0,1.7430972853262358e-22,-8.564289679798501e-26,1.0,-3.6499999285,0.0,20.1199998688,0.0
0.1,6.5,3.0,7.0,1.0,6.0,1.6715995556019078e-22,-8.441160510296354e-26,1.0,-3.649999928500001,0.0,20.1199998688,0.0
0.1,6.5,3.0,7.0,1.0,8.0,1.7047039930489809e-22,-8.498831326923063e-26,1.0,-3.649999928500001,0.0,20.1199998688,0.0
0.1,6.5,3.0,7.0,1.0,10.0,1.724795980537816e-22,-8.53321349051345e-26,1.0,-3.6499999285,0.0,20.1199998688,0.0
0.1,6.5,3.0,7.0,1.0,12.0,1.7382865275362721e-22,-8.556045004818172e-26,1.0,-3.6499999285,0.0,20.1199998688,0.0
0.1,6.5,3.0,7.0,1.0,14.0,1.7479696847073333e-22,-8.572304321706272e-26,1.0,-3.649999928500001,0.0,20.1199998688,0.0
0.1,6.5,3.0,7.0,3.0,6.0,1.7160852364274027e-22,-8.516904099446797e-26,1.0,-3.6499999285,0.0,20.1199998688,0.0
0.1,6.5,3.0,7.0,3.0,8.0,1.7384681390938721e-22,-8.555249364639547e-26,1.0,-3.6499999285,0.0,20.1199998688,0.0
0.1,6.5,3.0,7.0,3.0,10.0,1.7519999908493256e-22,-8.57816084355556e-26,1.0,-3.6499999285,0.0,20.1199998688,0.0
0.1,6.5,3.0,7.0,3.0,12.0,1.7610644286352038e-22,-8.593393254597312e-26,1.0,-3.6499999285,0.0,20.1199998688,0.0
0.1,6.5,3.0,7.0,3.0,14.0,1.7675598462199212e-22,-8.604251647623767e-26,1.0,-3.649999928500001,0.0,20.1199998688,0.0
0.1,6.5,3.0,7.0,5.0,6.0,1.7614297658976298e-22,-8.591802128314457e-26,1.0,-3.649999928499999,0.0,20.1199998688,0.0
0.1,6.5,3.0,7.0,5.0,6.0,0.6528136505223276,9.817155642056996e-26,0.6448619480764268,1.8756441841446425,0.0,15.715565803230339,0.0
0.1,6.5,3.0,7.0,5.0,6.0,0.9785609990648731,-2.0102829395901318e-23,0.20201530925763123,-3.517388729174186,0.0,12.697060759641973,0.0
0.1,6.5,3.0,7.0,5.0,8.0,1.7727180814614166e-22,-8.611188539134659e-26,1.0,-3.6499999284999998,0.0,20.1199998688,0.0
0.1,6.5,3.0,7.0,5.0,10.0,1.7795166425147923e-22,-8.622795887797887e-26,1.0,-3.649999928500001,0.0,20.1199998688,0.0
0.1,6.5,3.0,7.0,5.0,12.0,1.7840598660173593e-22,-8.63052441355312e-26,1.0,-3.649999928500001,0.0,20.1199998688,0.0
0.1,6.5,3.0,7.0,5.0,14.0,1.787309988724088e-22,-8.636039198393076e-26,1.0,-3.6499999285,0.0,20.1199998688,0.0
0.1,6.5,3.0,7.0,7.0,6.0,1.8076440302930811e-22,-8.665835953897471e-26,1.0,-3.649999928499999,0.0,20.1199998688,0.0
0.1,6.5,3.0,7.0,7.0,6.0,0.5381304124250896,5.331692812304235e-25,0.6621516024270702,2.7675183381332316,0.0,15.974820668802327,0.0
0.1,6.5,3.0,7.0,7.0,8.0,1.807459058188025e-22,-8.666635445935985e-26,1.0,-3.6499999284999998,0.0,20.1199998688,0.0
0.1,6.5,3.0,7.0,7.0,8.0,0.6310551050213186,9.867331059952944e-20,0.651548272623216,2.059444376636799,0.0,15.79691532598371,0.0
0.1,6.5,3.0,7.0,7.0,8.0,0.9892920706429974,-3.7354738357492744e-28,0.14363854909252927,-4.173568116957918,0.0,12.540186985530385,0.0
0.1,6.5,3.0,7.0,7.0,10.0,1.8073478130231707e-22,-8.667117082496477e-26,1.0,-3.6499999285,0.0,20.1199998688,0.0
0.1,6.5,3.0,7.0,7.0,10.0,0.8451395573330865,-3.9329265048604273e-31,0.5000173900415842,-0.24264356634487466,0.0,14.341568556394797,0.0
0.1,6.5,3.0,7.0,7.0,10.0,0.8110912948321827,1.6629911597255306e-30,0.5394916380132173,0.22828946129397007,0.0,14.670535335674405,0.0
0.1,6.5,3.0,7.0,7.0,12.0,1.8072738967563514e-22,-8.667437249090432e-26,1.0,-3.6499999285,0.0,20.1199998688,0.0
0.1,6.5,3.0,7.0,7.0,14.0,1.8072208853035206e-22,-8.667667128088594e-26,1.0,-3.6499999285,0.0,20.1199998688,0.0
0.1,6.5,3.0,9.0,0.5,6.0,1.6175654234935273e-22,-5.58041267466673e-26,1.0,-3.649999928500001,0.0,22.1199998688,0.0
0.1,6.5,3.0,9.0,0.5,8.0,1.6634887559871332e-22,-5.665816266195034e-26,1.0,-3.649999928500001,0.0,22.1199998688,0.0
0.1,6.5,3.0,9.0,0.5,10.0,1.6914971993181328e-22,-5.716913806884351e-26,1.0,-3.649999928500001,0.0,22.1199998688,0.0
0.1,6.5,3.0,9.0,0.5,12.0,1.710360362397687e-22,-5.75091602301531e-26,1.0,-3.649999928500001,0.0,22.1199998688,0.0
0.1,6.5,3.0,9.0,0.5,14.0,1.7239283124281635e-22,-5.775170876586132e-26,1.0,-3.6499999285,0.0,22.1199998688,0.0
0.1,6.5,3.0,9.0,1.0,6.0,1.6283444977885578e-22,-5.600238813811835e-26,1.0,-3.6499999285,0.0,22.1199998688,0.0
0.1,6.5,3.0,9.0,1.0,8.0,1.671735113459861e-22,-5.680632522294402e-26,1.0,-3.649999928500001,0.0,22.1199998688,0.0
0.1,6.5,3.0,9.0,1.0,10.0,1.6981727296247302e-22,-5.728738708594098e-26,1.0,-3.649999928500001,0.0,22.1199998688,0.0
0.1,6.5,3.0,9.0,1.0,12.0,1.71596756993478e-22,-5.760754751692009e-26,1.0,-3.6499999285,0.0,22.1199998688,0.0
0.1,6.5,3.0,9.0,1.0,14.0,1.7287615211994897e-22,-5.783594894162882e-26,1.0,-3.6499999285,0.0,22.1199998688,0.0
0.1,6.5,3.0,9.0,3.0,6.0,1.671985008817417e-22,-5.679359097415174e-26,1.0,-3.649999928500001,0.0,22.1199998688,0.0
0.1,6.5,3.0,9.0,3.0,8.0,1.7050192218667072e-22,-5.739788616094223e-26,1.0,-3.649999928500001,0.0,22.1199998688,0.0
0.1,6.5,3.0,9.0,3.0,10.0,1.7250683426539527e-22,-5.775969290103877e-26,1.0,-3.6499999285,0.0,22.1199998688,0.0
0.1,6.5,3.0,9.0,3.0,12.0,1.738530206669895e-22,-5.800057127029922e-26,1.0,-3.6499999285,0.0,22.1199998688,0.0
0.1,6.5,3.0,9.0,3.0,14.0,1.748192948120729e-22,-5.817247669564731e-26,1.0,-3.649999928500001,0.0,22.1199998688,0.0
0.1,6.5,3.0,9.0,5.0,6.0,1.716473892418187e-22,-5.758176162608068e-26,1.0,-3.649999928499999,0.0,22.1199998688,0.0
0.1,6.5,3.0,9.0,5.0,6.0,0.6528136505223278,2.434743995659624e-25,0.6448619480764268,1.875644169649268,0.0,16.547259667384186,0.0
0.1,6.5,3.0,9.0,5.0,6.0,0.9785609990648722,2.0458276561247097e-24,0.20201530925763267,-3.517388745470493,0.0,12.778681129990888,0.0
0.1,6.5,3.0,9.0,5.0,8.0,1.7387848351928822e-22,-5.798758896173009e-26,1.0,-3.6499999284999998,0.0,22.1199998688,0.0
0.1,6.5,3.0,9.0,5.0,10.0,1.7522737729150916e-22,-5.82307784469238e-26,1.0,-3.6499999285,0.0,22.1199998688,0.0
0.1,6.5,3.0,9.0,5.0,12.0,1.7613087388575508e-22,-5.839272758483139e-26,1.0,-3.6499999285,0.0,22.1199998688,0.0
0.1,6.5,3.0,9.0,5.0,14.0,1.767783724944823e-22,-5.850834809274076e-26,1.0,-3.6499999285,0.0,22.1199998688,0.0
0.1,6.5,3.0,9.0,7.0,6.0,1.7618213722281996e-22,-5.836658115990639e-26,1.0,-3.649999928499999,0.0,22.1199998688,0.0
0.1,6.5,3.0,9.0,7.0,6.0,0.5381304124250896,9.579416785124935e-25,0.6621516024270702,2.7675183381332316,0.0,16.8517101579958,0.0
0.1,6.5,3.0,9.0,7.0,8.0,1.7730368285987802e-22,-5.857535658810983e-26,1.0,-3.6499999284999998,0.0,22.1199998688,0.0
0.1,6.5,3.0,9.0,7.0,8.0,0.6310551050213187,1.9194200725357065e-19,0.6515482726232159,2.0594443486123235,0.0,16.645945629100304,0.0
0.1,6.5,3.0,9.0,7.0,8.0,0.9892920706429974,-1.422143032492885e-24,0.14363854909252927,-4.173568116957918,0.0,12.581451051101203,0.0
0.1,6.5,3.0,9.0,7.0,10.0,1.7797913869908627e-22,-5.870055436044665e-26,1.0,-3.649999928500001,0.0,22.1199998688,0.0
0.1,6.5,3.0,9.0,7.0,10.0,0.8451395573330875,-1.4023652777485034e-30,0.500017390041583,-0.2426435663448752,0.0,14.841603337082788,0.0
0.1,6.5,3.0,9.0,7.0,10.0,0.8110912948321828,-3.4369039177152747e-32,0.5394916380132171,0.22828947029889274,0.0,15.252637790646773,0.0
0.1,6.5,3.0,9.0,7.0,12.0,1.7843052964221916e-22,-5.878396407522212e-26,1.0,-3.649999928500001,0.0,22.1199998688,0.0
0.1,6.5,3.0,9.0,7.0,14.0,1.7875344669832776e-22,-5.884355542918938e-26,1.0,-3.6499999285,0.0,22.1199998688,0.0
0.1,6.5,5.0,3.0,0.5,6.0,2.683630621984888e-24,-1.6367611158500166e-25,1.0,-5.649999928500001,0.0,16.1199998688,0.0
0.1,6.5,5.0,3.0,0.5,8.0,2.7364807774125257e-24,-1.6359898194258884e-25,1.0,-5.649999928500001,0.0,16.1199998688,0.0
0.1,6.5,5.0,3.0,0.5,10.0,2.7684886607304485e-24,-1.6355193378516339e-25,1.0,-5.649999928500001,0.0,16.1199998688,0.0
0.1,6.5,5.0,3.0,0.5,12.0,2.7899505091255045e-24,-1.6352026225241393e-25,1.0,-5.649999928500001,0.0,16.1199998688,0.0
0.1,6.5,5.0,3.0,0.5,12.0,5.831577204648554e-27,2.496834734271887,2.5585459225666414,-97.09414343243623,0.0,15.092865427213175,0.0
0.1,6.5,5.0,3.0,0.5,12.0,2.3504716516235256e-23,1.6387677623491246,1.671389944728689,-42.06414260570966,0.0,-8.03477993184918,0.0
0.1,6.5,5.0,3.0,0.5,14.0,2.8053409388673336e-24,-1.6349745616038447e-25,1.0,-5.649999928500001,0.0,16.1199998688,0.0
0.1,6.5,5.0,3.0,0.5,14.0,2.496784094473793e-21,3.051427023364411,2.995258616911127,-140.6684051419498,0.0,31.68106341703647,0.0
0.1,6.5,5.0,3.0,0.5,14.0,1.6144482159607193e-24,1.5040921799693374,1.484777132681053,-34.79345297849787,0.0,-11.096257563451841,0.0
0.1,6.5,5.0,3.0,1.0,6.0,2.7259049629904868e-24,-1.6361461124927353e-25,1.0,-5.649999928500001,0.0,16.1199998688,0.0
0.1,6.5,5.0,3.0,1.0,8.0,2.768520091907141e-24,-1.6355198000748205e-25,1.0,-5.649999928500001,0.0,16.1199998688,0.0
0.1,6.5,5.0,3.0,1.0,10.0,2.7942802954633265e-24,-1.635139359577326e-25,1.0,-5.649999928500001,0.0,16.1199998688,0.0
0.1,6.5,5.0,3.0,1.0,12.0,2.8115332504542856e-24,-1.6348834420063159e-25,1.0,-5.649999928500001,0.0,16.1199998688,0.0
0.1,6.5,5.0,3.0,1.0,12.0,5.825899563172501e-27,2.496834734271887,2.5585459225666414,-97.09414343243623,0.0,15.092865427213175,0.0
0.1,6.5,5.0,3.0,1.0,12.0,2.2006657035446072e-23,1.6387677623491241,1.671389944728689,-42.06414260570965,0.0,-8.03478022295281,0.0
0.1,6.5,5.0,3.0,1.0,14.0,2.823896081345683e-24,-1.6346998469565773e-25,1.0,-5.649999928500001,0.0,16.1199998688,0.0
0.1,6.5,5.0,3.0,1.0,14.0,2.3884638239076938e-21,3.0514270233644116,2.9952586169111273,-140.66840514194982,0.0,31.681065585205783,0.0
0.1,6.5,5.0,3.0,1.0,14.0,1.6958700012550403e-24,1.5040921799693376,1.484777132681053,-34.793452978497875,0.0,-11.096257563451847,0.0
0.1,6.5,5.0,3.0,3.0,6.0,2.898976953380031e-24,-1.6335844099625465e-25,1.0,-5.649999928500001,0.0,16.1199998688,0.0
0.1,6.5,5.0,3.0,3.0,8.0,2.8989213879900194e-24,-1.633583177367382e-25,1.0,-5.649999928500001,0.0,16.1199998688,0.0
0.1,6.5,5.0,3.0,3.0,10.0,2.8988895870347777e-24,-1.6335828075888327e-25,1.0,-5.649999928500001,0.0,16.1199998688,0.0
0.1,6.5,5.0,3.0,3.0,12.0,2.8988674003218184e-24,-1.6335822529210088e-25,1.0,-5.649999928500001,0.0,16.1199998688,0.0
0.1,6.5,5.0,3.0,3.0,12.0,5.7986345581357995e-27,2.4968347342718866,2.5585459225666405,-97.09414343243618,0.0,15.092864540159281,0.0
0.1,6.5,5.0,3.0,3.0,12.0,1.6123608505624593e-23,1.638767762349124,1.6713899447286886,-42.06414260570964,0.0,-8.034779931849176,0.0
0.1,6.5,5.0,3.0,3.0,14.0,2.8988520175341665e-24,-1.6335819755870968e-25,1.0,-5.649999928500001,0.0,16.1199998688,0.0
0.1,6.5,5.0,3.0,3.0,14.0,2.0464464510433244e-21,3.051427023364412,2.995258616911128,-140.66840514194988,0.0,31.681062332951832,0.0
0.1,6.5,5.0,3.0,3.0,14.0,2.024851918610593e-24,1.5040921799693374,1.484777132681053,-34.79345297849787,0.0,-11.096257563451841,0.0
0.1,6.5,5.0,3.0,5.0,6.0,3.078516814331482e-24,-1.630859758351623e-25,1.0,-5.649999928499999,0.0,16.1199998688,0.0
0.1,6.5,5.0,3.0,5.0,8.0,3.032961921295812e-24,-1.6315550344689863e-25,1.0,-5.649999928499999,0.0,16.1199998688,0.0
0.1,6.5,5.0,3.0,5.0,10.0,3.005826782485633e-24,-1.6319673375514807e-25,1.0,-5.649999928500001,0.0,16.1199998688,0.0
0.1,6.5,5.0,3.0,5.0,12.0,2.9878178275765358e-24,-1.6322402649357597e-25,1.0,-5.649999928500001,0.0,16.1199998688,0.0
0.1,6.5,5.0,3.0,5.0,12.0,5.7724881332107984e-27,2.496834734271887,2.5585459225666414,-97.09414343243623,0.0,15.092865427213175,0.0
0.1,6.5,5.0,3.0,5.0,12.0,1.0454092001071959e-23,1.6387677623491244,1.671389944728689,-42.06414260570966,0.0,-8.03477993184918,0.0
0.1,6.5,5.0,3.0,5.0,14.0,2.9749957810306866e-24,-1.632434152155121e-25,1.0,-5.649999928500001,0.0,16.1199998688,0.0
0.1,6.5,5.0,3.0,5.0,14.0,1.732596839858373e-21,3.051427023364412,2.995258616911128,-140.66840514194988,0.0,31.681062332951832,0.0
0.1,6.5,5.0,3.0,5.0,14.0,2.3623891310908805e-24,1.5040921799693374,1.484777132681053,-34.79345297849787,0.0,-11.096257563451841,0.0
0.1,6.5,5.0,3.0,7.0,6.0,3.2646647658707435e-24,-1.62797024713746e-25,1.0,-5.649999928499999,0.0,16.1199998688,0.0
0.1,6.5,5.0,3.0,7.0,6.0,0.6554419631457017,-4.604787640502282e-26,0.49879513843899337,4.101526825902998,0.0,13.548482555572429,0.0
0.1,6.5,5.0,3.0,7.0,8.0,3.170698859588244e-24,-1.6294342928588644e-25,1.0,-5.649999928499999,0.0,16.1199998688,0.0
0.1,6.5,5.0,3.0,7.0,8.0,0.9752729097584973,2.7195555513900967e-30,0.1677374075547946,-2.599811774386997,0.0,12.500551018583092,0.0
0.1,6.5,5.0,3.0,7.0,8.0,0.8220585177374601,1.7321935085303967e-20,0.4086923192383788,1.9258338028458246,0.0,13.121010751340648,0.0
0.1,6.5,5.0,3.0,7.0,10.0,3.1151223269164528e-24,-1.6302930419099073e-25,1.0,-5.649999928500001,0.0,16.1199998688,0.0
0.1,6.5,5.0,3.0,7.0,12.0,3.078404204437262e-24,-1.6308572931612941e-25,1.0,-5.649999928500001,0.0,16.1199998688,0.0
0.1,6.5,5.0,3.0,7.0,12.0,5.74430946700848e-27,2.496834734271887,2.5585459225666414,-97.09414343243623,0.0,15.092865427213175,0.0
0.1,6.5,5.0,3.0,7.0,12.0,4.998528379081104e-24,1.6387677623491241,1.671389944728689,-42.06414260570965,0.0,-8.03478022295281,0.0
0.1,6.5,5.0,3.0,7.0,14.0,3.052337972153657e-24,-1.6312564691052876e-25,1.0,-5.649999928500001,0.0,16.1199998688,0.0
0.1,6.5,5.0,3.0,7.0,14.0,1.4607258369669209e-21,3.0514270233644125,2.995258616911128,-140.6684051419499,0.0,31.681062332951843,0.0
0.1,6.5,5.0,3.0,7.0,14.0,2.707610046003247e-24,1.5040921799693374,1.484777132681053,-34.79345297849787,0.0,-11.096257563451841,0.0
0.1,6.5,5.0,5.0,0.5,6.0,2.518922726558176e-24,-1.2384925467868193e-25,1.0,-5.649999928500001,0.0,18.1199998688,0.0
0.1,6.5,5.0,5.0,0.5,8.0,2.610955060806269e-24,-1.2412104499392177e-25,1.0,-5.649999928500001,0.0,18.1199998688,0.0
0.1,6.5,5.0,5.0,0.5,10.0,2.667116829662121e-24,-1.2428199418900223e-25,1.0,-5.649999928500001,0.0,18.1199998688,0.0
0.1,6.5,5.0,5.0,0.5,12.0,2.704954222506304e-24,-1.2438839488508183e-25,1.0,-5.649999928500001,0.0,18.1199998688,0.0
0.1,6.5,5.0,5.0,0.5,14.0,2.7321767276617366e-24,-1.244639437241963e-25,1.0,-5.649999928500001,0.0,18.1199998688,0.0
0.1,6.5,5.0,5.0,1.0,6.0,2.5596384016745744e-24,-1.2397038796846411e-25,1.0,-5.649999928500001,0.0,18.1199998688,0.0
0.1,6.5,5.0,5.0,1.0,8.0,2.6421098403590018e-24,-1.242105067509545e-25,1.0,-5.649999928500001,0.0,18.1199998688,0.0
0.1,6.5,5.0,5.0,1.0,10.0,2.6923407803660793e-24,-1.243528714924436e-25,1.0,-5.649999928500001,0.0,18.1199998688,0.0
0.1,6.5,5.0,5.0,1.0,12.0,2.7261416705658596e-24,-1.2444708798532302e-25,1.0,-5.649999928500001,0.0,18.1199998688,0.0
0.1,6.5,5.0,5.0,1.0,14.0,2.7504399423013477e-24,-1.245140271472141e-25,1.0,-5.649999928500001,0.0,18.1199998688,0.0
0.1,6.5,5.0,5.0,3.0,6.0,2.7263959302963737e-24,-1.2444613888704642e-25,1.0,-5.649999928500001,0.0,18.1199998688,0.0
0.1,6.5,5.0,5.0,3.0,8.0,2.768941023155786e-24,-1.245633278723025e-25,1.0,-5.649999928500001,0.0,18.1199998688,0.0
0.1,6.5,5.0,5.0,3.0,10.0,2.794657272368409e-24,-1.2463321909961233e-25,1.0,-5.649999928500001,0.0,18.1199998688,0.0
0.1,6.5,5.0,5.0,3.0,12.0,2.8118804971640026e-24,-1.2467963555201602e-25,1.0,-5.649999928500001,0.0,18.1199998688,0.0
0.1,6.5,5.0,5.0,3.0,14.0,2.8242220781147656e-24,-1.247126845098617e-25,1.0,-5.649999928500001,0.0,18.1199998688,0.0
0.1,6.5,5.0,5.0,5.0,6.0,2.899480246637562e-24,-1.2490760094618534e-25,1.0,-5.6499999285,0.0,18.1199998688,0.0
0.1,6.5,5.0,5.0,5.0,8.0,2.899348408258777e-24,-1.2490806933234781e-25,1.0,-5.6499999285,0.0,18.1199998688,0.0
0.1,6.5,5.0,5.0,5.0,10.0,2.89927031102916e-24,-1.2490836823667518e-25,1.0,-5.649999928500001,0.0,18.1199998688,0.0
0.1,6.5,5.0,5.0,5.0,12.0,2.8992178024751562e-24,-1.2490855928892567e-25,1.0,-5.649999928500001,0.0,18.1199998688,0.0
0.1,6.5,5.0,5.0,5.0,14.0,2.8991803315821582e-24,-1.2490870103736957e-25,1.0,-5.649999928500001,0.0,18.1199998688,0.0
0.1,6.5,5.0,5.0,7.0,6.0,3.0790306586036205e-24,-1.2535452762684797e-25,1.0,-5.649999928499999,0.0,18.1199998688,0.0
0.1,6.5,5.0,5.0,7.0,6.0,0.6554419631457017,-5.115502523000022e-25,0.49879513843899337,4.101526825902998,0.0,14.046075735833178,0.0
0.1,6.5,5.0,5.0,7.0,8.0,3.033395301755618e-24,-1.252446664198443e-25,1.0,-5.649999928499999,0.0,18.1199998688,0.0
0.1,6.5,5.0,5.0,7.0,8.0,0.9752729097584973,3.099631299570282e-29,0.1677374075547946,-2.599811774386997,0.0,12.5568226943695,0.0
0.1,6.5,5.0,5.0,7.0,8.0,0.8220585177374601,3.9740829997579754e-23,0.4086923192383788,1.9258338028458246,0.0,13.455069574949539,0.0
0.1,6.5,5.0,5.0,7.0,10.0,3.0062123382530596e-24,-1.2517829117024094e-25,1.0,-5.649999928500001,0.0,18.1199998688,0.0
0.1,6.5,5.0,5.0,7.0,12.0,2.9881725191610458e-24,-1.2513386844051568e-25,1.0,-5.649999928500001,0.0,18.1199998688,0.0
0.1,6.5,5.0,5.0,7.0,14.0,2.9753270040032663e-24,-1.2510204283337067e-25,1.0,-5.649999928500001,0.0,18.1199998688,0.0
0.1,6.5,5.0,7.0,0.5,6.0,2.3604394367117235e-24,-8.422398254852529e-26,1.0,-5.649999928500001,0.0,20.1199998688,0.0
0.1,6.5,5.0,7.0,0.5,8.0,2.4889870822306556e-24,-8.48490592897877e-26,1.0,-5.649999928500001,0.0,20.1199998688,0.0
0.1,6.5,5.0,7.0,0.5,10.0,2.56804780683565e-24,-8.522154338549592e-26,1.0,-5.649999928500001,0.0,20.1199998688,0.0
0.1,6.5,5.0,7.0,0.5,12.0,2.6215698005836e-24,-8.546878040506076e-26,1.0,-5.649999928500001,0.0,20.1199998688,0.0
0.1,6.5,5.0,7.0,0.5,14.0,2.6602023405683424e-24,-8.564484892057664e-26,1.0,-5.649999928500001,0.0,20.1199998688,0.0
0.1,6.5,5.0,7.0,1.0,6.0,2.3996334977495637e-24,-8.441641838708055e-26,1.0,-5.649999928500001,0.0,20.1199998688,0.0
0.1,6.5,5.0,7.0,1.0,8.0,2.5192730054519974e-24,-8.499220518846225e-26,1.0,-5.649999928500001,0.0,20.1199998688,0.0
0.1,6.5,5.0,7.0,1.0,10.0,2.592710335094124e-24,-8.533547523803005e-26,1.0,-5.649999928500001,0.0,20.1199998688,0.0
0.1,6.5,5.0,7.0,1.0,12.0,2.6423649875580342e-24,-8.556340519508839e-26,1.0,-5.649999928500001,0.0,20.1199998688,0.0
0.1,6.5,5.0,7.0,1.0,14.0,2.6781763144266736e-24,-8.572574414121672e-26,1.0,-5.649999928500001,0.0,20.1199998688,0.0
0.1,6.5,5.0,7.0,3.0,6.0,2.560215157603904e-24,-8.518109115294401e-26,1.0,-5.649999928500001,0.0,20.1199998688,0.0
0.1,6.5,5.0,7.0,3.0,8.0,2.6425918836758984e-24,-8.556184750294937e-26,1.0,-5.649999928500001,0.0,20.1199998688,0.0
0.1,6.5,5.0,7.0,3.0,10.0,2.69276422610886e-24,-8.578932602202875e-26,1.0,-5.649999928500001,0.0,20.1199998688,0.0
0.1,6.5,5.0,7.0,3.0,12.0,2.7265261416495417e-24,-8.594053771531039e-26,1.0,-5.649999928500001,0.0,20.1199998688,0.0
0.1,6.5,5.0,7.0,3.0,14.0,2.7507957925253122e-24,-8.60483543550851e-26,1.0,-5.649999928500001,0.0,20.1199998688,0.0
0.1,6.5,5.0,7.0,5.0,6.0,2.726985653126833e-24,-8.59373961383851e-26,1.0,-5.6499999285,0.0,20.1199998688,0.0
0.1,6.5,5.0,7.0,5.0,8.0,2.7694291308408917e-24,-8.612671813340628e-26,1.0,-5.6499999285,0.0,20.1199998688,0.0
0.1,6.5,5.0,7.0,5.0,10.0,2.7950852540613947e-24,-8.624006450323731e-26,1.0,-5.649999928500001,0.0,20.1199998688,0.0
0.1,6.5,5.0,7.0,5.0,12.0,2.8122674334380135e-24,-8.631551473473863e-26,1.0,-5.649999928500001,0.0,20.1199998688,0.0
0.1,6.5,5.0,7.0,5.0,14.0,2.8245807140038017e-24,-8.636936527672765e-26,1.0,-5.649999928500001,0.0,20.1199998688,0.0
0.1,6.5,5.0,7.0,7.0,6.0,2.9000810135206943e-24,-8.668503752056436e-26,1.0,-5.6499999285,0.0,20.1199998688,0.0
0.1,6.5,5.0,7.0,7.0,6.0,0.6554419631457016,-2.5379347920639715e-24,0.4987951384389936,4.1015268550104675,0.0,14.543668916093926,0.0
0.1,6.5,5.0,7.0,7.0,8.0,2.8998453413252595e-24,-8.668666916841325e-26,1.0,-5.6499999285,0.0,20.1199998688,0.0
0.1,6.5,5.0,7.0,7.0,8.0,0.9752729097584973,9.173826340303131e-29,0.1677374075547946,-2.599811774386997,0.0,12.613094370155906,0.0
0.1,6.5,5.0,7.0,7.0,8.0,0.82205851773746,-9.586406142049e-24,0.4086923192383789,1.92583382109919,0.0,13.789128398558429,0.0
0.1,6.5,5.0,7.0,7.0,10.0,2.8997038394003855e-24,-8.668763675561731e-26,1.0,-5.649999928500001,0.0,20.1199998688,0.0
0.1,6.5,5.0,7.0,7.0,12.0,2.8996097184336313e-24,-8.668829003105444e-26,1.0,-5.649999928500001,0.0,20.1199998688,0.0
0.1,6.5,5.0,7.0,7.0,14.0,2.8995421722186218e-24,-8.668876303944878e-26,1.0,-5.649999928500001,0.0,20.1199998688,0.0
0.1,6.5,5.0,9.0,0.5,6.0,2.208019430390413e-24,-5.580741161278045e-26,1.0,-5.649999928500001,0.0,22.1199998688,0.0
0.1,6.5,5.0,9.0,0.5,8.0,2.3705014315135274e-24,-5.666091134916697e-26,1.0,-5.649999928500001,0.0,22.1199998688,0.0
0.1,6.5,5.0,9.0,0.5,10.0,2.4712359862299527e-24,-5.717159247396464e-26,1.0,-5.649999928500001,0.0,22.1199998688,0.0
0.1,6.5,5.0,9.0,0.5,12.0,2.539766650345411e-24,-5.751139276814464e-26,1.0,-5.649999928500001,0.0,22.1199998688,0.0
0.1,6.5,5.0,9.0,0.5,14.0,2.589396453690807e-24,-5.77537872294573e-26,1.0,-5.649999928500001,0.0,22.1199998688,0.0
0.1,6.5,5.0,9.0,1.0,6.0,2.2457255765014898e-24,-5.600788705329556e-26,1.0,-5.649999928500001,0.0,22.1199998688,0.0
0.1,6.5,5.0,9.0,1.0,8.0,2.39993373327971e-24,-5.681075486181612e-26,1.0,-5.649999928500001,0.0,22.1199998688,0.0
0.1,6.5,5.0,9.0,1.0,10.0,2.4953454243862534e-24,-5.729119272351109e-26,1.0,-5.649999928500001,0.0,22.1199998688,0.0
0.1,6.5,5.0,9.0,1.0,12.0,2.560173841013993e-24,-5.761090325725519e-26,1.0,-5.649999928500001,0.0,22.1199998688,0.0
0.1,6.5,5.0,9.0,1.0,14.0,2.6070848352495448e-24,-5.783898574796513e-26,1.0,-5.649999928500001,0.0,22.1199998688,0.0
0.1,6.5,5.0,9.0,3.0,6.0,2.4002709220128856e-24,-5.680806164138188e-26,1.0,-5.649999928500001,0.0,22.1199998688,0.0
0.1,6.5,5.0,9.0,3.0,8.0,2.5197994961505226e-24,-5.740908120652296e-26,1.0,-5.649999928500001,0.0,22.1199998688,0.0
0.1,6.5,5.0,9.0,3.0,10.0,2.5931673320772798e-24,-5.776890809063668e-26,1.0,-5.649999928500001,0.0,22.1199998688,0.0
0.1,6.5,5.0,9.0,3.0,12.0,2.6427756389630083e-24,-5.80084537163756e-26,1.0,-5.649999928500001,0.0,22.1199998688,0.0
0.1,6.5,5.0,9.0,3.0,14.0,2.678552527122754e-24,-5.817939463600755e-26,1.0,-5.649999928500001,0.0,22.1199998688,0.0
0.1,6.5,5.0,9.0,5.0,6.0,2.5608664115849706e-24,-5.760534425306371e-26,1.0,-5.6499999285,0.0,22.1199998688,0.0
0.1,6.5,5.0,9.0,5.0,8.0,2.6431256220339903e-24,-5.800560950303373e-26,1.0,-5.6499999285,0.0,22.1199998688,0.0
0.1,6.5,5.0,9.0,5.0,10.0,2.6932259069536406e-24,-5.824542784045279e-26,1.0,-5.649999928500001,0.0,22.1199998688,0.0
0.1,6.5,5.0,9.0,5.0,12.0,2.726939282896748e-24,-5.840515830706444e-26,1.0,-5.649999928500001,0.0,22.1199998688,0.0
0.1,6.5,5.0,9.0,5.0,14.0,2.7511743718041084e-24,-5.851916103382052e-26,1.0,-5.649999928500001,0.0,22.1199998688,0.0
0.1,6.5,5.0,9.0,7.0,6.0,2.7276499233128356e-24,-5.839936973202359e-26,1.0,-5.6499999285,0.0,22.1199998688,0.0
0.1,6.5,5.0,9.0,7.0,6.0,0.6554419631457017,-8.320471151988587e-24,0.49879513843899337,4.101526825902998,0.0,15.041262096354675,0.0
0.1,6.5,5.0,9.0,7.0,8.0,2.7699713987575213e-24,-5.86002642548946e-26,1.0,-5.6499999285,0.0,22.1199998688,0.0
0.1,6.5,5.0,9.0,7.0,8.0,0.9752729097584975,-6.181073770680234e-29,0.1677374075547945,-2.599811752731589,0.0,12.669366045942311,0.0
0.1,6.5,5.0,9.0,7.0,8.0,0.8220585177374601,9.951056762903655e-20,0.4086923192383788,1.9258338028458246,0.0,14.123187222167319,0.0
0.1,6.5,5.0,9.0,7.0,10.0,2.7955533937048367e-24,-5.872071961733636e-26,1.0,-5.649999928500001,0.0,22.1199998688,0.0
0.1,6.5,5.0,9.0,7.0,12.0,2.8126862692748793e-24,-5.880098313295469e-26,1.0,-5.649999928500001,0.0,22.1199998688,0.0
0.1,6.5,5.0,9.0,7.0,14.0,2.8249625719857353e-24,-5.885829880809965e-26,1.0,-5.649999928500001,0.0,22.1199998688,0.0
0.1,6.5,7.0,3.0,0.5,6.0,1.78409871392071e-17,2.0110189232081982e-17,1.0,-7.6499999285,0.0,16.119999868800004,0.0
0.1,6.5,7.0,3.0,0.5,8.0,1.7539438446900892e-17,2.0100713878165187e-17,1.0,-7.649999928500001,0.0,16.1199998688,0.0
0.1,6.5,7.0,3.0,0.5,10.0,1.7354004405901205e-17,2.0094933540044666e-17,1.0,-7.649999928500001,0.0,16.1199998688,0.0
0.1,6.5,7.0,3.0,0.5,12.0,1.722849463719731e-17,2.0091040828081992e-17,1.0,-7.649999928500001,0.0,16.1199998688,0.0
0.1,6.5,7.0,3.0,0.5,12.0,5.322068586001022e-27,2.4968347342718866,2.5585459225666405,-110.18645790820094,0.0,15.092864540159281,0.0
0.1,6.5,7.0,3.0,0.5,12.0,1.8922037346632767e-23,1.6387677623491246,1.671389944728689,-47.65123130039,0.0,-8.03477993184918,0.0
0.1,6.5,7.0,3.0,0.5,14.0,1.7137913397039077e-17,2.0088242476069725e-17,1.0,-7.6499999285,0.0,16.119999868800004,0.0
0.1,6.5,7.0,3.0,0.5,14.0,3.0952775404307517e-21,3.0514270233644116,2.9952586169111273,-158.6115535063105,0.0,31.681065585205783,0.0
0.1,6.5,7.0,3.0,0.5,14.0,1.132527764150093e-24,1.5040921799693376,1.484777132681053,-39.20257924596301,0.0,-11.096257563451847,0.0
0.1,6.5,7.0,3.0,1.0,6.0,1.7600474449939955e-17,2.0102623838199572e-17,1.0,-7.649999928500001,0.0,16.1199998688,0.0
0.1,6.5,7.0,3.0,1.0,8.0,1.735398951665018e-17,2.0094933540044666e-17,1.0,-7.649999928500001,0.0,16.1199998688,0.0
0.1,6.5,7.0,3.0,1.0,10.0,1.7203199454065437e-17,2.0090259969583742e-17,1.0,-7.649999928500001,0.0,16.1199998688,0.0
0.1,6.5,7.0,3.0,1.0,12.0,1.7101452929998965e-17,2.0087117510436653e-17,1.0,-7.6499999285,0.0,16.119999868800004,0.0
0.1,6.5,7.0,3.0,1.0,12.0,5.318486356304462e-27,2.496834734271887,2.5585459225666414,-110.18645790820098,0.0,15.092865427213175,0.0
0.1,6.5,7.0,3.0,1.0,12.0,1.781873964003428e-23,1.6387677623491244,1.671389944728689,-47.65123130039001,0.0,-8.03477993184918,0.0
0.1,6.5,7.0,3.0,1.0,14.0,1.7028181271339018e-17,2.0084860961725608e-17,1.0,-7.649999928500001,0.0,16.1199998688,0.0
0.1,6.5,7.0,3.0,1.0,14.0,2.9978051296751745e-21,3.0514270233644116,2.9952586169111273,-158.6115535063105,0.0,31.681065585205783,0.0
0.1,6.5,7.0,3.0,1.0,14.0,1.1854480049387788e-24,1.5040921799693372,1.4847771326810528,-39.202579245962994,0.0,-11.096257162681171,0.0
0.1,6.5,7.0,3.0,3.0,6.0,1.6577885652561076e-17,2.0071114874306202e-17,1.0,-7.6499999285,0.0,16.1199998688,0.0
0.1,6.5,7.0,3.0,3.0,8.0,1.6577922048508028e-17,2.007111404712559e-17,1.0,-7.6499999285,0.0,16.1199998688,0.0
0.1,6.5,7.0,3.0,3.0,10.0,1.657793197467538e-17,2.007111404712559e-17,1.0,-7.649999928500001,0.0,16.1199998688,0.0
0.1,6.5,7.0,3.0,3.0,12.0,1.657794520956518e-17,2.007111404712559e-17,1.0,-7.649999928500001,0.0,16.1199998688,0.0
0.1,6.5,7.0,3.0,3.0,12.0,5.2973827863458444e-27,2.4968347342718866,2.5585459225666405,-110.18645790820094,0.0,15.092864540159281,0.0
0.1,6.5,7.0,3.0,3.0,12.0,1.3515295142774683e-23,1.6387677623491241,1.671389944728689,-47.651231300389995,0.0,-8.03478022295281,0.0
0.1,6.5,7.0,3.0,3.0,14.0,1.657794851828763e-17,2.0071113219944977e-17,1.0,-7.649999928500001,0.0,16.119999868800004,0.0
0.1,6.5,7.0,3.0,3.0,14.0,2.6661000494864418e-21,3.051427023364412,2.995258616911128,-158.6115535063106,0.0,31.681062332951832,0.0
0.1,6.5,7.0,3.0,3.0,14.0,1.401248892778652e-24,1.5040921799693374,1.484777132681053,-39.20257924596301,0.0,-11.096257563451841,0.0
0.1,6.5,7.0,3.0,5.0,6.0,1.5455791990575742e-17,2.0037594207163103e-17,1.0,-7.649999928499997,0.0,16.1199998688,0.0
0.1,6.5,7.0,3.0,5.0,8.0,1.5745875959591963e-17,2.0046164625489765e-17,1.0,-7.6499999285,0.0,16.1199998688,0.0
0.1,6.5,7.0,3.0,5.0,10.0,1.5916850883484224e-17,2.0051244341631453e-17,1.0,-7.649999928500001,0.0,16.119999868800004,0.0
0.1,6.5,7.0,3.0,5.0,12.0,1.6029564168111925e-17,2.005460683082148e-17,1.0,-7.649999928500001,0.0,16.1199998688,0.0
0.1,6.5,7.0,3.0,5.0,12.0,5.278283724273345e-27,2.4968347342718875,2.5585459225666414,-110.18645790820105,0.0,15.092863653105397,0.0
0.1,6.5,7.0,3.0,5.0,12.0,9.331297597200935e-24,1.6387677623491246,1.671389944728689,-47.651231300390016,0.0,-8.03477993184918,0.0
0.1,6.5,7.0,3.0,5.0,14.0,1.610944830858862e-17,2.0056994901249922e-17,1.0,-7.6499999285,0.0,16.119999868800004,0.0
0.1,6.5,7.0,3.0,5.0,14.0,2.339448525852525e-21,3.051427023364412,2.995258616911128,-158.6115535063106,0.0,31.681062332951832,0.0
0.1,6.5,7.0,3.0,5.0,14.0,1.622914073980325e-24,1.5040921799693376,1.484777132681053,-39.20257924596301,0.0,-11.096257563451847,0.0
0.1,6.5,7.0,3.0,7.0,6.0,1.423066636585203e-17,2.0002047774699862e-17,1.0,-7.649999928499998,0.0,16.1199998688,0.0
0.1,6.5,7.0,3.0,7.0,6.0,0.7151096893775469,1.1249894629823426e-20,0.40338782085140645,5.203720396003093,0.0,13.229742488630915,0.0
0.1,6.5,7.0,3.0,7.0,8.0,1.485637555968919e-17,2.0020073694608617e-17,1.0,-7.6499999285,0.0,16.119999868800004,0.0
0.1,6.5,7.0,3.0,7.0,10.0,1.5219185248161074e-17,2.0030645890017658e-17,1.0,-7.649999928500001,0.0,16.1199998688,0.0
0.1,6.5,7.0,3.0,7.0,12.0,1.5455869745553322e-17,2.0037591725621265e-17,1.0,-7.6499999285,0.0,16.1199998688,0.0
0.1,6.5,7.0,3.0,7.0,12.0,5.2590814323558266e-27,2.4968347342718875,2.5585459225666414,-110.18645790820105,0.0,15.092863653105397,0.0
0.1,6.5,7.0,3.0,7.0,12.0,5.2863580854168315e-24,1.6387677623491244,1.671389944728689,-47.65123130039,0.0,-8.03477993184918,0.0
0.1,6.5,7.0,3.0,7.0,14.0,1.5622396092111273e-17,2.0042506005640443e-17,1.0,-7.649999928500001,0.0,16.1199998688,0.0
0.1,6.5,7.0,3.0,7.0,14.0,2.070017867326818e-21,3.051427023364412,2.995258616911128,-158.6115535063106,0.0,31.681062332951832,0.0
0.1,6.5,7.0,3.0,7.0,14.0,1.8484785946365054e-24,1.5040921799693376,1.484777132681053,-39.20257924596301,0.0,-11.096257563451847,0.0
0.1,6.5,7.0,5.0,0.5,6.0,1.874335350635752e-17,1.7104836098704307e-17,1.0,-7.649999928500001,0.0,18.1199998688,0.0
0.1,6.5,7.0,5.0,0.5,8.0,1.8246942568429748e-17,1.714236611027645e-17,1.0,-7.649999928500001,0.0,18.1199998688,0.0
0.1,6.5,7.0,5.0,0.5,10.0,1.7934926732652296e-17,1.7164589971793912e-17,1.0,-7.649999928500001,0.0,18.1199998688,0.0
0.1,6.5,7.0,5.0,0.5,12.0,1.7720931799462377e-17,1.7179284008195304e-17,1.0,-7.649999928500001,0.0,18.1199998688,0.0
0.1,6.5,7.0,5.0,0.5,14.0,1.7565115787475764e-17,1.718971558290021e-17,1.0,-7.649999928500001,0.0,18.1199998688,0.0
0.1,6.5,7.0,5.0,1.0,6.0,1.852628311565013e-17,1.7121587333289118e-17,1.0,-7.6499999285,0.0,18.1199998688,0.0
0.1,6.5,7.0,5.0,1.0,8.0,1.807487659330953e-17,1.7154737423517793e-17,1.0,-7.6499999285,0.0,18.1199998688,0.0
0.1,6.5,7.0,5.0,1.0,10.0,1.7792759200772807e-17,1.7174394543594503e-17,1.0,-7.649999928500001,0.0,18.1199998688,0.0
0.1,6.5,7.0,5.0,1.0,12.0,1.759992189329077e-17,1.7187401131546287e-17,1.0,-7.6499999285,0.0,18.1199998688,0.0
0.1,6.5,7.0,5.0,1.0,14.0,1.745983389347124e-17,1.7196643220530342e-17,1.0,-7.649999928500001,0.0,18.1199998688,0.0
0.1,6.5,7.0,5.0,3.0,6.0,1.7599637343160052e-17,1.718738541511465e-17,1.0,-7.649999928500001,0.0,18.1199998688,0.0
0.1,6.5,7.0,5.0,3.0,8.0,1.7353250017182557e-17,1.720353694375536e-17,1.0,-7.649999928500001,0.0,18.1199998688,0.0
0.1,6.5,7.0,5.0,3.0,10.0,1.720252282032437e-17,1.7213167807627314e-17,1.0,-7.649999928500001,0.0,18.1199998688,0.0
0.1,6.5,7.0,5.0,3.0,12.0,1.710082592709465e-17,1.7219564395304186e-17,1.0,-7.649999928500001,0.0,18.1199998688,0.0
0.1,6.5,7.0,5.0,3.0,14.0,1.702758570129798e-17,1.7224118851756903e-17,1.0,-7.649999928500001,0.0,18.1199998688,0.0
0.1,6.5,7.0,5.0,5.0,6.0,1.6576985680054618e-17,1.725121397990169e-17,1.0,-7.649999928499998,0.0,18.1199998688,0.0
0.1,6.5,7.0,5.0,5.0,8.0,1.6577142844371003e-17,1.7251221424527203e-17,1.0,-7.6499999285,0.0,18.1199998688,0.0
0.1,6.5,7.0,5.0,5.0,10.0,1.6577233834238384e-17,1.725122638761088e-17,1.0,-7.649999928500001,0.0,18.1199998688,0.0
0.1,6.5,7.0,5.0,5.0,12.0,1.6577300008687388e-17,1.725122969633333e-17,1.0,-7.649999928500001,0.0,18.119999868799997,0.0
0.1,6.5,7.0,5.0,5.0,14.0,1.6577344676440466e-17,1.7251231350694554e-17,1.0,-7.649999928500001,0.0,18.1199998688,0.0
0.1,6.5,7.0,5.0,7.0,6.0,1.545484569595498e-17,1.7313034977342066e-17,1.0,-7.649999928499997,0.0,18.1199998688,0.0
0.1,6.5,7.0,5.0,7.0,6.0,0.7151096893775468,3.276800774891865e-19,0.40338782085140656,5.203720396003091,0.0,13.55518595665341,0.0
0.1,6.5,7.0,5.0,7.0,8.0,1.574506201386921e-17,1.7297778458124138e-17,1.0,-7.649999928499998,0.0,18.1199998688,0.0
0.1,6.5,7.0,5.0,7.0,10.0,1.5916127927628853e-17,1.728856449328091e-17,1.0,-7.649999928500001,0.0,18.1199998688,0.0
0.1,6.5,7.0,5.0,7.0,12.0,1.6028894151815757e-17,1.7282394553091877e-17,1.0,-7.649999928500001,0.0,18.119999868799997,0.0
0.1,6.5,7.0,5.0,7.0,14.0,1.610882296004553e-17,1.727797575425962e-17,1.0,-7.649999928500001,0.0,18.1199998688,0.0
0.1,6.5,7.0,7.0,0.5,6.0,1.955373821657266e-17,1.2916144850787872e-17,1.0,-7.649999928500001,0.0,20.119999868799997,0.0
0.1,6.5,7.0,7.0,0.5,8.0,1.8901518711283786e-17,1.3011989027593472e-17,1.0,-7.6499999285,0.0,20.1199998688,0.0
0.1,6.5,7.0,7.0,0.5,10.0,1.8481474741868133e-17,1.306910460811934e-17,1.0,-7.6499999285,0.0,20.119999868799997,0.0
0.1,6.5,7.0,7.0,0.5,12.0,1.8189244239162337e-17,1.3107014709182951e-17,1.0,-7.649999928500002,0.0,20.119999868799997,0.0
0.1,6.5,7.0,7.0,0.5,14.0,1.797444611359763e-17,1.3134010575654232e-17,1.0,-7.649999928500001,0.0,20.1199998688,0.0
0.1,6.5,7.0,7.0,1.0,6.0,1.9359248202226742e-17,1.2945711181012661e-17,1.0,-7.649999928500001,0.0,20.119999868799997,0.0
0.1,6.5,7.0,7.0,1.0,8.0,1.8742466768740864e-17,1.3033983760081257e-17,1.0,-7.6499999285,0.0,20.1199998688,0.0
0.1,6.5,7.0,7.0,1.0,10.0,1.8347756859945873e-17,1.3086610645013106e-17,1.0,-7.649999928500001,0.0,20.1199998688,0.0
0.1,6.5,7.0,7.0,1.0,12.0,1.8074161909260284e-17,1.3121552822038877e-17,1.0,-7.6499999285,0.0,20.1199998688,0.0
0.1,6.5,7.0,7.0,1.0,14.0,1.78735524127427e-17,1.3146441032309373e-17,1.0,-7.649999928500001,0.0,20.1199998688,0.0
0.1,6.5,7.0,7.0,3.0,6.0,1.8525033245744563e-17,1.3063202260858468e-17,1.0,-7.649999928500001,0.0,20.1199998688,0.0
0.1,6.5,7.0,7.0,3.0,8.0,1.8073795468248923e-17,1.3121513530959781e-17,1.0,-7.649999928500001,0.0,20.1199998688,0.0
0.1,6.5,7.0,7.0,3.0,10.0,1.779178809073367e-17,1.3156347347325308e-17,1.0,-7.6499999285,0.0,20.1199998688,0.0
0.1,6.5,7.0,7.0,3.0,12.0,1.7599030192590438e-17,1.3179504682164036e-17,1.0,-7.649999928500001,0.0,20.1199998688,0.0
0.1,6.5,7.0,7.0,3.0,14.0,1.7459000095413786e-17,1.319601231205845e-17,1.0,-7.649999928500001,0.0,20.119999868799997,0.0
0.1,6.5,7.0,7.0,5.0,6.0,1.759828242131669e-17,1.3179421136922168e-17,1.0,-7.649999928499998,0.0,20.119999868799997,0.0
0.1,6.5,7.0,7.0,5.0,8.0,1.735211347102091e-17,1.3208313314947727e-17,1.0,-7.649999928499998,0.0,20.1199998688,0.0
0.1,6.5,7.0,7.0,5.0,10.0,1.7201520277421955e-17,1.3225610902327129e-17,1.0,-7.649999928500001,0.0,20.119999868799997,0.0
0.1,6.5,7.0,7.0,5.0,12.0,1.7099904447892265e-17,1.3237125670044174e-17,1.0,-7.6499999285,0.0,20.1199998688,0.0
0.1,6.5,7.0,7.0,5.0,14.0,1.70267303965446e-17,1.3245341641478357e-17,1.0,-7.649999928500001,0.0,20.1199998688,0.0
0.1,6.5,7.0,7.0,7.0,6.0,1.65755414227051e-17,1.3294319005547621e-17,1.0,-7.649999928499997,0.0,20.1199998688,0.0
0.1,6.5,7.0,7.0,7.0,6.0,0.7151096893775468,4.9030171279570154e-18,0.40338782085140656,5.203720396003091,0.0,13.880629424675906,0.0
0.1,6.5,7.0,7.0,7.0,8.0,1.65759434324828e-17,1.3294364914071618e-17,1.0,-7.649999928499998,0.0,20.119999868799997,0.0
0.1,6.5,7.0,7.0,7.0,10.0,1.6576184969221667e-17,1.3294392624622139e-17,1.0,-7.6499999285,0.0,20.119999868799997,0.0
0.1,6.5,7.0,7.0,7.0,12.0,1.6576343787899277e-17,1.3294410822595615e-17,1.0,-7.649999928500001,0.0,20.119999868799997,0.0
0.1,6.5,7.0,7.0,7.0,14.0,1.657646455626871e-17,1.3294422816714497e-17,1.0,-7.649999928500001,0.0,20.1199998688,0.0
0.1,6.5,7.0,9.0,0.5,6.0,2.0275698146486492e-17,9.409110398209542e-18,1.0,-7.649999928500001,0.0,22.1199998688,0.0
0.1,6.5,7.0,9.0,0.5,8.0,1.9504727765278893e-17,9.55299184831824e-18,1.0,-7.6499999285,0.0,22.1199998688,0.0
0.1,6.5,7.0,9.0,0.5,10.0,1.8994502911121484e-17,9.639079429798778e-18,1.0,-7.6499999285,0.0,22.1199998688,0.0
0.1,6.5,7.0,9.0,0.5,12.0,1.8633959697527996e-17,9.696361687218075e-18,1.0,-7.649999928500001,0.0,22.1199998688,0.0
0.1,6.5,7.0,9.0,0.5,14.0,1.836627247077726e-17,9.737223995887888e-18,1.0,-7.6499999285,0.0,22.1199998688,0.0
0.1,6.5,7.0,9.0,1.0,6.0,2.010293072220683e-17,9.442989234557876e-18,1.0,-7.649999928500001,0.0,22.1199998688,0.0
0.1,6.5,7.0,9.0,1.0,8.0,1.9358323414301907e-17,9.578315155590939e-18,1.0,-7.6499999285,0.0,22.1199998688,0.0
0.1,6.5,7.0,9.0,1.0,10.0,1.8869044427615566e-17,9.659293242427736e-18,1.0,-7.649999928500001,0.0,22.1199998688,0.0
0.1,6.5,7.0,9.0,1.0,12.0,1.852468913860974e-17,9.713181164203422e-18,1.0,-7.649999928500002,0.0,22.1199998688,0.0
0.1,6.5,7.0,9.0,1.0,14.0,1.8269680109107606e-17,9.751623142400905e-18,1.0,-7.6499999285,0.0,22.119999868799997,0.0
0.1,6.5,7.0,9.0,3.0,6.0,1.9357728671441482e-17,9.578222097772027e-18,1.0,-7.649999928500001,0.0,22.1199998688,0.0
0.1,6.5,7.0,9.0,3.0,8.0,1.874114658848323e-17,9.679437158294934e-18,1.0,-7.6499999285,0.0,22.1199998688,0.0
0.1,6.5,7.0,9.0,3.0,10.0,1.8346582263476048e-17,9.740034342019037e-18,1.0,-7.6499999285,0.0,22.119999868800004,0.0
0.1,6.5,7.0,9.0,3.0,12.0,1.8073090710367028e-17,9.780373045361104e-18,1.0,-7.6499999285,0.0,22.1199998688,0.0
0.1,6.5,7.0,9.0,3.0,14.0,1.7872555660104572e-17,9.809158517087644e-18,1.0,-7.6499999285,0.0,22.1199998688,0.0
0.1,6.5,7.0,9.0,5.0,6.0,1.852338302042252e-17,9.712981813675797e-18,1.0,-7.649999928499998,0.0,22.1199998688,0.0
0.1,6.5,7.0,9.0,5.0,8.0,1.8072413249445347e-17,9.780269234194229e-18,1.0,-7.6499999285,0.0,22.1199998688,0.0
0.1,6.5,7.0,9.0,5.0,10.0,1.779056303624648e-17,9.82057981339547e-18,1.0,-7.649999928500001,0.0,22.119999868799997,0.0
0.1,6.5,7.0,9.0,5.0,12.0,1.7597926733653292e-17,9.84742802812741e-18,1.0,-7.649999928500001,0.0,22.1199998688,0.0
0.1,6.5,7.0,9.0,5.0,14.0,1.7457976045815445e-17,9.866591321378425e-18,1.0,-7.649999928500001,0.0,22.119999868799997,0.0
0.1,6.5,7.0,9.0,7.0,6.0,1.7596505637360926e-17,9.847210893216614e-18,1.0,-7.649999928499998,0.0,22.119999868800004,0.0
0.1,6.5,7.0,9.0,7.0,6.0,0.7151096893775469,3.931782009256061e-21,0.40338782085140645,5.203720396003093,0.0,14.206072892698398,0.0
0.1,6.5,7.0,9.0,7.0,8.0,1.7350644398253015e-17,9.880790290183204e-18,1.0,-7.649999928499998,0.0,22.119999868799997,0.0
0.1,6.5,7.0,9.0,7.0,10.0,1.7200241456194948e-17,9.900923452702439e-18,1.0,-7.649999928500001,0.0,22.1199998688,0.0
0.1,6.5,7.0,9.0,7.0,12.0,1.7098753012479592e-17,9.914337427105905e-18,1.0,-7.649999928500001,0.0,22.1199998688,0.0
0.1,6.5,7.0,9.0,7.0,14.0,1.7025676568444207e-17,9.923916592189575e-18,1.0,-7.6499999285,0.0,22.119999868800004,0.0
