a,rc,beta,delta,eta,rd,c_star,s_star,i_star,eig1_real,eig1_imag,eig2_real,eig2_imag,unstable
0.1,4.5,1.0,3.0,0.5,4.0,1.1226015686847435,6.3245690480930214e-27,0.6849414294966383,9.2146184166077,0.0,-19.08493626425597,0.0,True
0.1,4.5,1.0,3.0,0.5,4.0,-3.433844305472005e-27,4.066048788658332e-24,1.0,-1.5,0.0,-10.12,0.0,False
0.1,4.5,1.0,3.0,0.5,4.0,-5.396283331991015e-19,0.6203175229988641,1.2885953720045848,-6.708057418687783,0.0,12.601157830709688,0.0,True
0.1,4.5,1.0,3.0,0.5,4.0,9.224134156442462e-23,-1.832989281291648,3.519887278997554,-55.4083624556908,0.0,82.3878107636686,0.0,True
0.1,4.5,1.0,3.0,0.5,6.0,4.453359820903025e-24,-7.746927919313797e-33,1.0,-1.5,0.0,-10.12,0.0,False
0.1,4.5,1.0,3.0,0.5,6.0,1.1506983261457864,2.034018618101689e-18,0.7793155603675476,9.896782429983958,0.0,-19.044025603206126,0.0,True
0.1,4.5,1.0,3.0,0.5,6.0,-3.526574113008058e-18,0.6606513798343443,1.2182301228385115,-7.009731240906875,0.0,11.858000215658079,0.0,True
0.1,4.5,1.0,3.0,0.5,6.0,1.3927339281676963e-24,-2.386897723768044,3.848640371864535,-84.66024601918899,0.0,100.24460994513586,0.0,True
0.1,4.5,1.0,3.0,0.5,8.0,7.866856948598101e-20,7.615245489937693e-29,1.0,-1.5,0.0,-10.12,0.0,False
0.1,4.5,1.0,3.0,0.5,8.0,1.1662085912955766,1.1434439597267831e-25,0.8299946901985483,10.260656402522912,0.0,-19.009574941434586,0.0,True
0.1,4.5,1.0,3.0,0.5,8.0,-2.467324670880828e-19,0.6840537753671423,1.1754735878477653,-7.201115294422235,0.0,11.4499603473761,0.0,True
0.1,4.5,1.0,3.0,0.5,10.0,2.758128146170967e-23,1.346437692748421e-31,1.0,-1.5,0.0,-10.12,0.0,False
0.1,4.5,1.0,3.0,0.5,10.0,1.1760297923662497,6.955521338776273e-23,0.8616953927466995,10.487117538224132,0.0,-18.98326267467541,0.0,True
0.1,4.5,1.0,3.0,0.5,10.0,5.629656832186366e-20,0.6993236796618852,1.1467160826807516,-7.33246421535483,0.0,11.19402697633918,0.0,True
0.1,4.5,1.0,3.0,1.0,4.0,1.1055616040644245,4.3676496891203096e-24,0.5416500773569363,9.363334934287781,0.0,-19.390104374329468,0.0,True
0.1,4.5,1.0,3.0,1.0,4.0,-1.465085184314096e-26,3.1253467976796634e-21,1.0,-2.0,0.0,-10.12,0.0,False
0.1,4.5,1.0,3.0,1.0,4.0,2.05902118609187e-18,-1.832989281291648,3.519887278997554,-61.603165684115204,0.0,82.3878107636686,0.0,True
0.1,4.5,1.0,3.0,1.0,4.0,3.243382876369691e-25,0.6203175229988641,1.2885953720045848,-7.5382964350636,0.0,12.601157830709688,0.0,True
0.1,4.5,1.0,3.0,1.0,6.0,1.1489691509435984,1.0238125109287495e-21,0.6699674725449867,10.573773404889955,0.0,-19.49619189964236,0.0,True
0.1,4.5,1.0,3.0,1.0,6.0,3.039257189091657e-23,3.771922332115124e-19,1.0,-2.0,0.0,-10.12,0.0,False
0.1,4.5,1.0,3.0,1.0,6.0,-2.5119403942981618e-17,0.6606513798343442,1.2182301228385115,-7.751773557002441,0.0,11.858000215658073,0.0,True
0.1,4.5,1.0,3.0,1.0,6.0,4.829576068012601,-5.16582506362673,8.51167304481704,2734.051805249307,0.0,393.65673258985044,0.0,True
0.1,4.5,1.0,3.0,1.0,8.0,2.0890318669223377e-25,0.6840537753671423,1.1754735878477653,-7.891984372286084,0.0,11.4499603473761,0.0,True
0.1,4.5,1.0,3.0,1.0,8.0,1.1743030009945485,-4.0762545518060567e-19,0.7414398365978495,11.242181088996166,0.0,-19.537878004264357,0.0,True
0.1,4.5,1.0,3.0,1.0,8.0,5.051699639354136e-22,6.089716490914884e-18,1.0,-2.0,0.0,-10.12,0.0,False
0.1,4.5,1.0,3.0,1.0,8.0,5.1728192120855345,-5.909148235428981,9.077126337929814,3027.5535975593075,0.0,470.01383561741534,0.0,True
0.1,4.5,1.0,3.0,1.0,10.0,6.411107281562283e-19,5.5128883767399485e-27,1.0,-2.0,0.0,-10.12,0.0,False
0.1,4.5,1.0,3.0,1.0,10.0,1.1908516775294518,1.6799324858258183e-21,0.7872808423187936,11.66747525996742,0.0,-19.556613775520482,0.0,True
0.1,4.5,1.0,3.0,1.0,10.0,-2.1524997499379847e-22,0.6993236796618851,1.1467160826807516,-7.989943102494172,0.0,11.194026976339174,0.0,True
0.1,4.5,1.0,3.0,3.0,4.0,1.0100313643923133,-6.11162799481588e-21,0.10735706257582667,6.272477945090362,0.0,-19.05337902212403,0.0,True
0.1,4.5,1.0,3.0,3.0,4.0,1.5259603373766643e-20,5.149435027305432e-20,1.0,-4.0,0.0,-10.12,0.0,False
0.1,4.5,1.0,3.0,3.0,4.0,-4.261951991366783e-24,0.6203175229988642,1.2885953720045848,-10.859252500566871,0.0,12.601157830709695,0.0,True
0.1,4.5,1.0,3.0,3.0,6.0,1.0784152154416593,1.065323842955513e-19,0.32159536347728634,10.049802861883022,0.0,-19.613158621411806,0.0,True
0.1,4.5,1.0,3.0,3.0,6.0,6.322338346668283e-24,1.3081562535460799e-22,1.0,-4.0,0.0,-10.12,0.0,False
0.1,4.5,1.0,3.0,3.0,6.0,-4.3612936238144995e-21,0.6606513798343442,1.2182301228385115,-10.71994282138471,0.0,11.858000215658073,0.0,True
0.1,4.5,1.0,3.0,3.0,8.0,1.1321098171962798,1.7919406180149534e-23,0.4392682207909151,12.173554946328165,0.0,-20.038915224033886,0.0,True
0.1,4.5,1.0,3.0,3.0,8.0,-3.768359270105619e-27,9.858053303686444e-25,1.0,-4.0,0.0,-10.12,0.0,False
0.1,4.5,1.0,3.0,3.0,8.0,1.9118935690667836e-18,0.6840537753671423,1.1754735878477653,-10.655460683741481,0.0,11.4499603473761,0.0,True
0.1,4.5,1.0,3.0,3.0,8.0,-5.493430128732821e-26,-2.885448082382693,4.122178988547235,-159.22032302642174,0.0,116.58508866001593,0.0,True
0.1,4.5,1.0,3.0,3.0,10.0,1.171825589123641,6.337502630634554e-27,0.519388676036261,13.611798502565065,0.0,-20.343781195866963,0.0,True
0.1,4.5,1.0,3.0,3.0,10.0,4.6505683775470966e-20,2.6539266909054403e-17,1.0,-4.0,0.0,-10.12,0.0,False
0.1,4.5,1.0,3.0,3.0,10.0,1.9691601136390262e-24,0.6993236796618851,1.1467160826807516,-10.61985865105155,0.0,11.194026976339174,0.0,True
0.1,4.5,1.0,3.0,3.0,10.0,5.821099282934473e-25,-3.3466177300156037,4.359955069256438,-198.78719135390818,0.0,131.88341302233692,0.0,True
0.1,4.5,1.0,5.0,0.5,4.0,1.1226015686847435,2.444785021552491e-23,0.6849414294966383,9.2146184166077,0.0,-18.14664674057417,0.0,True
0.1,4.5,1.0,5.0,0.5,4.0,2.231667810902048e-22,3.0077356591110723e-19,1.0,-1.5,0.0,-8.12,0.0,False
0.1,4.5,1.0,5.0,0.5,4.0,-1.0941815037600074e-22,0.4261961331033996,1.2270539298403633,-4.249300876945325,0.0,11.163841604242922,0.0,True
0.1,4.5,1.0,5.0,0.5,4.0,2.203135868792852,1.3791879066026111,2.1642471880582077,211.52104654599844,0.0,33.36337999727901,0.0,True
0.1,4.5,1.0,5.0,0.5,6.0,1.8694399716935714e-18,8.911749320330126e-27,1.0,-1.5,0.0,-8.12,0.0,False
0.1,4.5,1.0,5.0,0.5,6.0,2.0509547068738908e-17,0.46746600375401165,1.182103720554788,-4.491081941960781,0.0,10.438463681146313,0.0,True
0.1,4.5,1.0,5.0,0.5,6.0,1.1506983261457864,2.404357566234146e-20,0.7793155603675476,9.896782429983958,0.0,-17.82936011794416,0.0,True
0.1,4.5,1.0,5.0,0.5,8.0,6.072467222919379e-22,6.535743324357227e-30,1.0,-1.5,0.0,-8.12,0.0,False
0.1,4.5,1.0,5.0,0.5,8.0,1.9116166549076795e-23,0.49386061342077137,1.1524364409302128,-4.665290053728057,0.0,9.992917437154183,0.0,True
0.1,4.5,1.0,5.0,0.5,8.0,1.1662085912955766,3.840270433448726e-22,0.8299946901985483,10.260656402522912,0.0,-17.63179256991902,0.0,True
0.1,4.5,1.0,5.0,0.5,8.0,8.285215757235527e-19,-1.6079653733253536,2.61597040113334,-38.60260866368284,0.0,63.45010907141911,0.0,True
0.1,4.5,1.0,5.0,0.5,10.0,3.567306347526547e-19,3.740572675091729e-27,1.0,-1.5,0.0,-8.12,0.0,False
0.1,4.5,1.0,5.0,0.5,10.0,1.3474095146505524e-22,0.5123140996718912,1.1312328683613102,-4.7961561781713575,0.0,9.690659669688161,0.0,True
0.1,4.5,1.0,5.0,0.5,10.0,1.17602979236625,6.66234434249229e-26,0.8616953927466995,10.487117538224142,0.0,-17.498224774913638,0.0,True
0.1,4.5,1.0,5.0,1.0,4.0,1.1055616040644245,4.0320025164947096e-26,0.5416500773569363,9.363334934287781,0.0,-18.803334761727918,0.0,True
0.1,4.5,1.0,5.0,1.0,4.0,3.0260133133446825e-19,2.7977010114312906e-20,1.0,-2.0,0.0,-8.12,0.0,False
0.1,4.5,1.0,5.0,1.0,4.0,-4.652985450995765e-18,0.42619613310339954,1.2270539298403633,-5.002131550313664,0.0,11.163841604242918,0.0,True
0.1,4.5,1.0,5.0,1.0,4.0,1.1394852377618375e-20,-1.0208969470536047,2.302788220629213,-22.028514296614258,0.0,46.6067394234456,0.0,True
0.1,4.5,1.0,5.0,1.0,6.0,2.5720772640218446,1.8905338226478787,2.324536415788476,334.80226428613213,0.0,42.978764374214876,0.0,True
0.1,4.5,1.0,5.0,1.0,6.0,2.5871624621244477e-21,-1.3903570224675314e-25,1.0,-2.0,0.0,-8.12,0.0,False
0.1,4.5,1.0,5.0,1.0,6.0,-2.6592367324190782e-22,0.4674660037540116,1.182103720554788,-5.189766545035516,0.0,10.43846368114631,0.0,True
0.1,4.5,1.0,5.0,1.0,6.0,1.1489691509435984,1.016048743847956e-23,0.6699674725449867,10.573773404889955,0.0,-18.598479071105725,0.0,True
0.1,4.5,1.0,5.0,1.0,8.0,4.975676261948209e-24,0.4938606134207713,1.1524364409302128,-5.329344928920004,0.0,9.99291743715418,0.0,True
0.1,4.5,1.0,5.0,1.0,8.0,1.1743030009945488,-1.0559750768539812e-22,0.7414398365978494,11.242181088996176,0.0,-18.43841194167587,0.0,True
0.1,4.5,1.0,5.0,1.0,8.0,-8.846318041214882e-29,2.5527146434651595e-24,1.0,-2.0,0.0,-8.12,0.0,False
0.1,4.5,1.0,5.0,1.0,10.0,1.461574348378351e-22,3.308566486671877e-29,1.0,-2.0,0.0,-8.12,0.0,False
0.1,4.5,1.0,5.0,1.0,10.0,1.1908516775294518,-9.451377215332772e-24,0.7872808423187936,11.66747525996742,0.0,-18.316991526156105,0.0,True
0.1,4.5,1.0,5.0,1.0,10.0,-4.4599562376116154e-18,0.5123140996718911,1.1312328683613102,-5.436000079401835,0.0,9.690659669688154,0.0,True
0.1,4.5,1.0,5.0,3.0,4.0,1.0100313643923133,1.0597395741051487e-20,0.10735706257582667,6.272477945090362,0.0,-19.03032794435421,0.0,True
0.1,4.5,1.0,5.0,3.0,4.0,1.0060046007712221e-21,1.4900222629642057e-21,1.0,-4.0,0.0,-8.12,0.0,False
0.1,4.5,1.0,5.0,3.0,4.0,-3.469751251021457e-21,0.4261961331033996,1.2270539298403633,-8.013454243787024,0.0,11.163841604242922,0.0,True
0.1,4.5,1.0,5.0,3.0,4.0,1.1471775521095327e-26,-1.0208969470536047,2.302788220629213,-32.63418147475157,0.0,46.6067394234456,0.0,True
0.1,4.5,1.0,5.0,3.0,6.0,1.078415215441659,5.279708380523005e-19,0.3215953634772868,10.049802861883013,0.0,-19.406311465791628,0.0,True
0.1,4.5,1.0,5.0,3.0,6.0,4.247030391521688e-25,-3.035633714603854e-26,1.0,-4.0,0.0,-8.12,0.0,False
0.1,4.5,1.0,5.0,3.0,6.0,-1.0352634791098765e-18,0.4674660037540116,1.182103720554788,-7.98450495733446,0.0,10.43846368114631,0.0,True
0.1,4.5,1.0,5.0,3.0,8.0,1.1321098171962798,3.589084897826629e-24,0.4392682207909151,12.173554946328165,0.0,-19.653002084440256,0.0,True
0.1,4.5,1.0,5.0,3.0,8.0,1.334646819367572e-18,2.640599561580563e-20,1.0,-4.0,0.0,-8.12,0.0,False
0.1,4.5,1.0,5.0,3.0,8.0,4.247299734351596e-20,0.49386061342077126,1.1524364409302128,-7.985564429687795,0.0,9.99291743715418,0.0,True
0.1,4.5,1.0,5.0,3.0,10.0,1.1718255891236413,1.749308877068142e-21,0.5193886760362608,13.611798502565078,0.0,-19.804252002277572,0.0,True
0.1,4.5,1.0,5.0,3.0,10.0,1.3327771520763064e-20,1.8067521630863e-21,1.0,-4.0,0.0,-8.12,0.0,False
0.1,4.5,1.0,5.0,3.0,10.0,3.944868285235431e-20,0.5123140996718911,1.1312328683613102,-7.995375684323751,0.0,9.690659669688154,0.0,True
0.1,4.5,1.0,5.0,3.0,10.0,-9.399410214340433e-24,-1.866975326809344,2.7427984354574284,-68.2939147354177,0.0,71.1081801540672,0.0,True
0.1,4.5,1.0,7.0,0.5,4.0,1.1226015686847435,3.6796800373542905e-21,0.6849414294966383,9.2146184166077,0.0,-17.208357216892374,0.0,True
0.1,4.5,1.0,7.0,0.5,4.0,9.803051012449847e-24,4.946643208208185e-21,1.0,-1.5,0.0,-6.119999999999999,0.0,False
0.1,4.5,1.0,7.0,0.5,4.0,1.337735630539432e-24,0.2934905012436556,1.1507391800604414,-2.9303589413392297,0.0,8.707516829357356,0.0,True
0.1,4.5,1.0,7.0,0.5,4.0,-7.636032004794723e-19,-0.6608940977061828,1.7643667646700216,-9.45660497228449,0.0,29.09052227495474,0.0,True
0.1,4.5,1.0,7.0,0.5,6.0,1.5487240724270044e-24,-0.8628261640089472,1.8685471541814604,-13.396582823809858,0.0,34.12151749831154,0.0,True
0.1,4.5,1.0,7.0,0.5,6.0,2.7605440421595372e-21,1.8815918752774348e-19,1.0,-1.5,0.0,-6.12,0.0,False
0.1,4.5,1.0,7.0,0.5,6.0,2.4379367622620864e-23,0.32597713521502736,1.123971274796829,-3.0595887156582515,0.0,8.178344263625412,0.0,True
0.1,4.5,1.0,7.0,0.5,6.0,1.1506983261457864,4.3830238766105306e-21,0.7793155603675476,9.896782429983958,0.0,-16.614694632682188,0.0,True
0.1,4.5,1.0,7.0,0.5,8.0,8.326884773797733e-18,-1.8857852058102472e-26,1.0,-1.5,0.0,-6.119999999999999,0.0,False
0.1,4.5,1.0,7.0,0.5,8.0,5.6728226206064156e-24,0.3476502122487059,1.1057530863169989,-3.1586677758885626,0.0,7.8354012290149715,0.0,True
0.1,4.5,1.0,7.0,0.5,8.0,1.1662085912955766,1.1202380803861322e-23,0.8299946901985483,10.260656402522912,0.0,-16.25401019840345,0.0,True
0.1,4.5,1.0,7.0,0.5,10.0,4.973018889956752e-20,6.583668303519574e-27,1.0,-1.5,0.0,-6.119999999999998,0.0,False
0.1,4.5,1.0,7.0,0.5,10.0,1.2213644861772232e-21,-1.2183580519353367,2.039077439900968,-22.505739125033358,0.0,43.34040460694768,0.0,True
0.1,4.5,1.0,7.0,0.5,10.0,-1.1581854132674004e-18,0.36331339931827683,1.0923976382869411,-3.236681922523581,0.0,7.592850730798269,0.0,True
0.1,4.5,1.0,7.0,0.5,10.0,1.17602979236625,3.155614065326673e-20,0.8616953927466995,10.487117538224142,0.0,-16.01318687515186,0.0,True
0.1,4.5,1.0,7.0,1.0,4.0,1.1055616040644245,1.9051384761425517e-20,0.5416500773569363,9.363334934287781,0.0,-18.216565149126367,0.0,True
0.1,4.5,1.0,7.0,1.0,4.0,3.0184744106527425e-26,6.828535085495583e-18,1.0,-2.0,0.0,-6.119999999999999,0.0,False
0.1,4.5,1.0,7.0,1.0,4.0,-1.095316603605139e-25,-0.6608940977061828,1.7643667646700216,-11.01310001242057,0.0,29.09052227495474,0.0,True
0.1,4.5,1.0,7.0,1.0,4.0,6.538706611891064e-19,0.2934905012436555,1.1507391800604412,-3.5924592716023165,0.0,8.707516829357346,0.0,True
0.1,4.5,1.0,7.0,1.0,6.0,1.1489691509435984,1.0378296871376013e-29,0.6699674725449867,10.573773404889955,0.0,-17.70076624256909,0.0,True
0.1,4.5,1.0,7.0,1.0,6.0,5.829182582858091e-23,4.5871692539148194e-17,1.0,-2.0,0.0,-6.119999999999998,0.0,False
0.1,4.5,1.0,7.0,1.0,6.0,7.707172030085417e-25,0.32597713521502736,1.123971274796829,-3.691244428942456,0.0,8.178344263625412,0.0,True
0.1,4.5,1.0,7.0,1.0,8.0,1.1253166193769558e-21,0.34765021224870574,1.1057530863169989,-3.7700127198383457,0.0,7.835401229014964,0.0,True
0.1,4.5,1.0,7.0,1.0,8.0,-2.16199892652954e-30,3.8445425875809646e-24,1.0,-2.0,0.0,-6.119999999999999,0.0,False
0.1,4.5,1.0,7.0,1.0,8.0,1.1743030009945488,3.456601440362275e-26,0.7414398365978494,11.242181088996176,0.0,-17.33894587908738,0.0,True
0.1,4.5,1.0,7.0,1.0,8.0,-7.114892256885432e-22,-1.0466728820401572,1.9585836067484677,-19.67904386634848,0.0,38.836703648143455,0.0,True
0.1,4.5,1.0,7.0,1.0,10.0,3.7878510680588965e-22,2.6206581045887495e-28,1.0,-2.0,0.0,-6.119999999999998,0.0,False
0.1,4.5,1.0,7.0,1.0,10.0,-9.889120826132226e-18,0.3633133993182771,1.0923976382869414,-3.8333482225910265,0.0,7.592850730798282,0.0,True
0.1,4.5,1.0,7.0,1.0,10.0,1.1908516775294518,3.2833780886078834e-20,0.7872808423187936,11.66747525996742,0.0,-17.077369276791725,0.0,True
0.1,4.5,1.0,7.0,3.0,4.0,1.0100313643923133,4.45374842482899e-21,0.10735706257582667,6.272477945090362,0.0,-19.007276866584387,0.0,True
0.1,4.5,1.0,7.0,3.0,4.0,2.546451630219577e-26,-0.6608940977061829,1.7643667646700218,-17.239080172964893,0.0,29.090522274954758,0.0,True
0.1,4.5,1.0,7.0,3.0,4.0,1.1993639254588527e-22,3.694291690120964e-19,1.0,-4.0,0.0,-6.119999999999999,0.0,False
0.1,4.5,1.0,7.0,3.0,4.0,1.5304940303035365e-18,0.29349050124365583,1.1507391800604416,-6.240860592654676,0.0,8.707516829357376,0.0,True
0.1,4.5,1.0,7.0,3.0,6.0,1.078415215441659,2.585294003292358e-19,0.3215953634772868,10.049802861883013,0.0,-19.19946431017145,0.0,True
0.1,4.5,1.0,7.0,3.0,6.0,2.9230498204378037e-26,7.6118472379240405e-22,1.0,-4.0,0.0,-6.12,0.0,False
0.1,4.5,1.0,7.0,3.0,6.0,4.729815083594815e-27,0.3259771352150274,1.123971274796829,-6.217867282079274,0.0,8.178344263625416,0.0,True
0.1,4.5,1.0,7.0,3.0,6.0,1.1169456000455332e-19,-0.8628261640089472,1.8685471541814604,-22.125253992308945,0.0,34.12151749831154,0.0,True
0.1,4.5,1.0,7.0,3.0,8.0,1.1321098171962798,3.094308379843616e-25,0.4392682207909151,12.173554946328165,0.0,-19.267088944846623,0.0,True
0.1,4.5,1.0,7.0,3.0,8.0,-6.811369989731256e-28,2.6109906147672672e-22,1.0,-4.0,0.0,-6.119999999999999,0.0,False
0.1,4.5,1.0,7.0,3.0,8.0,-1.4454444305632065e-24,0.34765021224870574,1.1057530863169989,-6.215392495637483,0.0,7.835401229014964,0.0,True
0.1,4.5,1.0,7.0,3.0,10.0,1.171825589123641,-1.9522319474738885e-22,0.519388676036261,13.611798502565065,0.0,-19.264722808688163,0.0,True
0.1,4.5,1.0,7.0,3.0,10.0,-5.8683010173840624e-30,8.653366706902554e-23,1.0,-4.0,0.0,-6.119999999999998,0.0,False
0.1,4.5,1.0,7.0,3.0,10.0,-1.3661358275286642e-19,0.3633133993182768,1.0923976382869411,-6.220013422860798,0.0,7.5928507307982676,0.0,True
0.1,4.5,1.0,7.0,3.0,10.0,8.492366081049299e-22,-1.218358051935337,2.0390774399009683,-32.90033113981609,0.0,43.340404606947736,0.0,True
0.1,4.5,3.0,3.0,0.5,4.0,1.099591945310859,8.312584756480077e-21,0.3954487769037406,10.53942531235904,0.0,-19.724110104762243,0.0,True
0.1,4.5,3.0,3.0,0.5,4.0,2.604821734226689e-19,1.4119541500644977e-18,1.0,-3.5,0.0,-10.12,0.0,False
0.1,4.5,3.0,3.0,0.5,4.0,-1.1126640511564128e-17,0.620317522998864,1.2885953720045846,-10.029013484191047,0.0,12.601157830709683,0.0,True
0.1,4.5,3.0,3.0,0.5,4.0,1.4657381960498228e-20,-1.8329892812916482,3.5198872789975546,-80.18757536938844,0.0,82.38781076366864,0.0,True
0.1,4.5,3.0,3.0,0.5,6.0,1.1673446235946925,1.4935205723557696e-23,0.5457688432548553,12.925710562331068,0.0,-20.198165910074064,0.0,True
0.1,4.5,3.0,3.0,0.5,6.0,3.0029463318320043e-21,1.0404031012224894e-18,1.0,-3.4999999999999996,0.0,-10.12,0.0,False
0.1,4.5,3.0,3.0,0.5,6.0,-8.979640498918694e-18,0.6606513798343443,1.2182301228385115,-9.977900505289146,0.0,11.858000215658079,0.0,True
0.1,4.5,3.0,3.0,0.5,6.0,2.4014898107190652e-26,-2.386897723768044,3.848640371864535,-114.28431144308016,0.0,100.24460994513586,0.0,True
0.1,4.5,3.0,3.0,0.5,8.0,1.4405224222567563e-18,3.301097511754495e-25,1.0,-3.5,0.0,-10.12,0.0,False
0.1,4.5,3.0,3.0,0.5,8.0,1.209702523007502,1.8726861720197963e-24,0.634154951457321,14.309524106731498,0.0,-20.474316628525177,0.0,True
0.1,4.5,3.0,3.0,0.5,8.0,-2.2997640383644564e-18,0.6840537753671423,1.1754735878477653,-9.964591605877631,0.0,11.4499603473761,0.0,True
0.1,4.5,3.0,3.0,0.5,8.0,-8.550232844968941e-18,-2.8854480823826933,4.122178988547236,-150.72414321961165,0.0,116.585088660016,0.0,True
0.1,4.5,3.0,3.0,0.5,8.0,6.062769790560894,-7.0281409220366715,10.333742424167982,5878.420428588734,0.0,597.2120900003679,0.0,True
0.1,4.5,3.0,3.0,0.5,10.0,7.534956018859062e-22,1.218515099844529e-27,1.0,-3.5000000000000004,0.0,-10.12,0.0,False
0.1,4.5,3.0,3.0,0.5,10.0,1.23854008860703,-2.3989546389616256e-20,0.6932036897826581,15.221350354978076,0.0,-20.652198007272375,0.0,True
0.1,4.5,3.0,3.0,0.5,10.0,-7.873354258439249e-19,0.6993236796618852,1.1467160826807516,-9.962379763912207,0.0,11.19402697633918,0.0,True
0.1,4.5,3.0,3.0,0.5,10.0,-6.4603270795009e-27,-3.3466177300156037,4.359955069256438,-189.28258725094074,0.0,131.88341302233692,0.0,True
0.1,4.5,3.0,3.0,1.0,4.0,1.0655581203597235,2.2856766969371066e-20,0.2903661825846582,9.48782831429467,0.0,-19.509234971041238,0.0,True
0.1,4.5,3.0,3.0,1.0,4.0,6.944527930973294e-25,-4.186817193293992e-25,1.0,-4.0,0.0,-10.12,0.0,False
0.1,4.5,3.0,3.0,1.0,4.0,-8.782590406217261e-24,0.6203175229988641,1.2885953720045848,-10.85925250056687,0.0,12.601157830709688,0.0,True
0.1,4.5,3.0,3.0,1.0,4.0,-3.266434456982471e-23,-1.8329892812916482,3.5198872789975546,-86.38237859781285,0.0,82.38781076366864,0.0,True
0.1,4.5,3.0,3.0,1.0,6.0,1.1410019055011227,2.0598686984646064e-21,0.4575477715178363,12.50273200186506,0.0,-20.107979398226764,0.0,True
0.1,4.5,3.0,3.0,1.0,6.0,3.2560356980834284e-19,1.1994233653328893e-18,1.0,-4.0,0.0,-10.12,0.0,False
0.1,4.5,3.0,3.0,1.0,6.0,-1.753154766084502e-19,0.6606513798343443,1.2182301228385115,-10.719942821384713,0.0,11.858000215658079,0.0,True
0.1,4.5,3.0,3.0,1.0,8.0,1.190904978734152,-5.503694155742833e-23,0.5567954161331903,14.278137813745015,0.0,-20.486726403705877,0.0,True
0.1,4.5,3.0,3.0,1.0,8.0,1.501299529742154e-24,1.0623300140886969e-21,1.0,-4.0,0.0,-10.12,0.0,False
0.1,4.5,3.0,3.0,1.0,8.0,-1.8557336600294016e-21,0.6840537753671423,1.1754735878477653,-10.655460683741481,0.0,11.4499603473761,0.0,True
0.1,4.5,3.0,3.0,1.0,10.0,4.611846243615899e-19,-1.6842545328711662e-25,1.0,-4.0,0.0,-10.12,0.0,False
0.1,4.5,3.0,3.0,1.0,10.0,1.2258985336173431,1.4314196669597348e-25,0.6242931963187119,15.469374308591044,0.0,-20.74231322123264,0.0,True
0.1,4.5,3.0,3.0,1.0,10.0,-8.082918746029261e-23,0.6993236796618854,1.1467160826807519,-10.619858651051555,0.0,11.194026976339183,0.0,True
0.1,4.5,3.0,3.0,3.0,4.0,1.8760373574641412e-19,3.857087158731982e-67,1.0,-6.0,0.0,-10.12,0.0,False
0.1,4.5,3.0,3.0,3.0,4.0,-4.585545890132063e-25,0.6203175229988641,1.2885953720045848,-14.180208566070139,0.0,12.601157830709688,0.0,True
0.1,4.5,3.0,3.0,3.0,4.0,2.851300764066415e-27,-1.8329892812916482,3.5198872789975546,-111.16159151151045,0.0,82.38781076366864,0.0,True
0.1,4.5,3.0,3.0,3.0,6.0,1.0420825784022654,-2.4143414262013336e-19,0.18554792484286475,9.177147974497862,0.0,-19.369442088985174,0.0,True
0.1,4.5,3.0,3.0,3.0,6.0,-9.872969785180118e-28,2.5179986276228786e-19,1.0,-6.0,0.0,-10.12,0.0,False
0.1,4.5,3.0,3.0,3.0,6.0,-6.841088688664418e-20,0.6606513798343443,1.2182301228385115,-13.688112085766981,0.0,11.858000215658079,0.0,True
0.1,4.5,3.0,3.0,3.0,6.0,-2.4273054660503592e-18,-2.386897723768044,3.848640371864535,-151.31439322294412,0.0,100.24460994513586,0.0,True
0.1,4.5,3.0,3.0,3.0,8.0,1.1054799697954802,2.2399425432597746e-19,0.3125766454643035,12.531607365514095,0.0,-19.976090409302092,0.0,True
0.1,4.5,3.0,3.0,3.0,8.0,-2.8761560937049475e-29,5.5911215785516464e-24,1.0,-6.0,0.0,-10.12,0.0,False
0.1,4.5,3.0,3.0,3.0,8.0,-2.2897393331233497e-21,0.6840537753671423,1.1754735878477653,-13.418936995196876,0.0,11.4499603473761,0.0,True
0.1,4.5,3.0,3.0,3.0,8.0,-5.310453841766807e-26,-2.8854480823826933,4.122178988547236,-193.20504225366244,0.0,116.585088660016,0.0,True
0.1,4.5,3.0,3.0,3.0,10.0,1.1561054990975517,1.6050733451896564e-19,0.39853903373038047,14.807020729730903,0.0,-20.462492477284815,0.0,True
0.1,4.5,3.0,3.0,3.0,10.0,4.831665759395587e-22,2.3281636096557242e-17,1.0,-6.0,0.0,-10.12,0.0,False
0.1,4.5,3.0,3.0,3.0,10.0,-9.887489184908984e-23,0.6993236796618852,1.1467160826807516,-13.249774199608929,0.0,11.19402697633918,0.0,True
0.1,4.5,3.0,5.0,0.5,4.0,1.099591945310859,1.7723728475302993e-21,0.3954487769037406,10.53942531235904,0.0,-19.411350634452912,0.0,True
0.1,4.5,3.0,5.0,0.5,4.0,1.9995358338832855e-23,0.42619613310339954,1.2270539298403633,-7.260623570418683,0.0,11.163841604242918,0.0,True
0.1,4.5,3.0,5.0,0.5,4.0,1.323899306084695e-24,3.8906792490372604e-17,1.0,-3.5,0.0,-8.12,0.0,False
0.1,4.5,3.0,5.0,0.5,4.0,2.2588574481678645e-24,-1.0208969470536047,2.302788220629213,-29.982764680217244,0.0,46.6067394234456,0.0,True
0.1,4.5,3.0,5.0,0.5,6.0,1.1673446235946925,-1.1408898068419763e-25,0.5457688432548553,12.925710562331068,0.0,-19.602438649538577,0.0,True
0.1,4.5,3.0,5.0,0.5,6.0,1.45603976186158e-19,4.463153775355273e-19,1.0,-3.4999999999999996,0.0,-8.12,0.0,False
0.1,4.5,3.0,5.0,0.5,6.0,-5.465337403502708e-20,0.46746600375401165,1.182103720554788,-7.285820354259725,0.0,10.438463681146313,0.0,True
0.1,4.5,3.0,5.0,0.5,8.0,1.209702523007502,-1.4770387736675203e-21,0.634154951457321,14.309524106731498,0.0,-19.6700116236095,0.0,True
0.1,4.5,3.0,5.0,0.5,8.0,3.8963282929150535e-19,5.907497817278464e-19,1.0,-3.5,0.0,-8.12,0.0,False
0.1,4.5,3.0,5.0,0.5,8.0,2.598875746524208e-23,0.4938606134207713,1.1524364409302128,-7.321509554495848,0.0,9.99291743715418,0.0,True
0.1,4.5,3.0,5.0,0.5,10.0,3.1697490762679953e-18,-1.930032686695774e-24,1.0,-3.5000000000000004,0.0,-8.12,0.0,False
0.1,4.5,3.0,5.0,0.5,10.0,1.23854008860703,-3.006595765452883e-19,0.6932036897826581,15.221350354978076,0.0,-19.691135296215794,0.0,True
0.1,4.5,3.0,5.0,0.5,10.0,1.9747559836671892e-21,0.5123140996718912,1.1312328683613102,-7.355531783093273,0.0,9.690659669688161,0.0,True
0.1,4.5,3.0,5.0,1.0,4.0,1.0655581203597235,6.548924820849959e-21,0.2903661825846582,9.48782831429467,0.0,-19.340609931063664,0.0,True
0.1,4.5,3.0,5.0,1.0,4.0,1.3383120566617945e-18,3.710111222068008e-17,1.0,-4.0,0.0,-8.12,0.0,False
0.1,4.5,3.0,5.0,1.0,4.0,-4.684225258072628e-22,-1.0208969470536047,2.302788220629213,-32.63418147475157,0.0,46.6067394234456,0.0,True
0.1,4.5,3.0,5.0,1.0,4.0,-4.9137615671688517e-23,0.42619613310339954,1.2270539298403633,-8.013454243787024,0.0,11.163841604242918,0.0,True
0.1,4.5,3.0,5.0,1.0,6.0,1.141001905501123,3.5758284808005383e-22,0.4575477715178361,12.502732001865066,0.0,-19.689279471784893,0.0,True
0.1,4.5,3.0,5.0,1.0,6.0,2.8259452711614984e-20,3.379656496460983e-17,1.0,-4.0,0.0,-8.12,0.0,False
0.1,4.5,3.0,5.0,1.0,6.0,-8.13197705909187e-23,-1.3291401432722416,2.4721779337147956,-43.80873912800243,0.0,55.3513973648994,0.0,True
0.1,4.5,3.0,5.0,1.0,6.0,5.599548533224233e-17,0.46746600375401204,1.1821037205547884,-7.984504957334468,0.0,10.438463681146336,0.0,True
0.1,4.5,3.0,5.0,1.0,8.0,1.190904978734152,-1.8743246361199403e-23,0.5567954161331903,14.278137813745015,0.0,-19.86668413285201,0.0,True
0.1,4.5,3.0,5.0,1.0,8.0,5.560389589001067e-23,2.2133620248535722e-17,1.0,-4.0,0.0,-8.12,0.0,False
0.1,4.5,3.0,5.0,1.0,8.0,1.6001305088600938e-23,-1.6079653733253536,2.61597040113334,-55.71086151269715,0.0,63.45010907141911,0.0,True
0.1,4.5,3.0,5.0,1.0,8.0,-8.023907204531523e-21,0.49386061342077137,1.1524364409302128,-7.985564429687797,0.0,9.992917437154183,0.0,True
0.1,4.5,3.0,5.0,1.0,10.0,1.7408057390598773e-22,-1.6733887404218647e-26,1.0,-4.0,0.0,-8.12,0.0,False
0.1,4.5,3.0,5.0,1.0,10.0,1.2258985336173431,-2.851421723169793e-19,0.6242931963187119,15.469374308591044,0.0,-19.96282923129297,0.0,True
0.1,4.5,3.0,5.0,1.0,10.0,-1.6021291668495617e-24,-1.866975326809344,2.7427984354574284,-68.2939147354177,0.0,71.1081801540672,0.0,True
0.1,4.5,3.0,5.0,1.0,10.0,-1.623896805341613e-22,0.5123140996718912,1.1312328683613102,-7.9953756843237525,0.0,9.690659669688161,0.0,True
0.1,4.5,3.0,5.0,3.0,4.0,9.560057398953713e-26,8.531520044448309e-79,1.0,-6.0,0.0,-8.12,0.0,False
0.1,4.5,3.0,5.0,3.0,4.0,6.129782448413627e-23,0.42619613310339954,1.2270539298403633,-11.02477693726038,0.0,11.163841604242918,0.0,True
0.1,4.5,3.0,5.0,3.0,4.0,1.594568345280689e-22,-1.0208969470536047,2.302788220629213,-43.23984865288889,0.0,46.6067394234456,0.0,True
0.1,4.5,3.0,5.0,3.0,6.0,1.0420825784022654,-5.263209746217752e-19,0.18554792484286475,9.177147974497862,0.0,-19.300586024158186,0.0,True
0.1,4.5,3.0,5.0,3.0,6.0,-1.2613336502967342e-29,6.2710658588169e-22,1.0,-6.0,0.0,-8.12,0.0,False
0.1,4.5,3.0,5.0,3.0,6.0,-3.7072397162703184e-19,0.4674660037540115,1.182103720554788,-10.779243369633402,0.0,10.438463681146306,0.0,True
0.1,4.5,3.0,5.0,3.0,6.0,-3.01693448913403e-21,-1.3291401432722416,2.4721779337147956,-56.03206659989514,0.0,55.3513973648994,0.0,True
0.1,4.5,3.0,5.0,3.0,8.0,1.10547996979548,1.7428535886483465e-19,0.31257664546430386,12.531607365514091,0.0,-19.780682090722653,0.0,True
0.1,4.5,3.0,5.0,3.0,8.0,7.713704074481964e-23,2.4523366958487652e-17,1.0,-6.0,0.0,-8.12,0.0,False
0.1,4.5,3.0,5.0,3.0,8.0,9.996457716912306e-26,0.49386061342077137,1.1524364409302128,-10.641783930455588,0.0,9.992917437154183,0.0,True
0.1,4.5,3.0,5.0,3.0,8.0,-5.4584367520152826e-27,-1.6079653733253534,2.61597040113334,-69.39746379190859,0.0,63.450109071419085,0.0,True
0.1,4.5,3.0,5.0,3.0,10.0,1.1561054990975517,1.5065152275683607e-19,0.39853903373038047,14.807020729730903,0.0,-20.144825754471327,0.0,True
0.1,4.5,3.0,5.0,3.0,10.0,1.4598697382913042e-24,3.9061306933665366e-18,1.0,-6.0,0.0,-8.12,0.0,False
0.1,4.5,3.0,5.0,3.0,10.0,1.6341214208607998e-25,0.5123140996718912,1.1312328683613102,-10.554751289245667,0.0,9.690659669688161,0.0,True
0.1,4.5,3.0,5.0,3.0,10.0,-2.3084554318557042e-18,-1.866975326809344,2.7427984354574284,-83.33980125051315,0.0,71.1081801540672,0.0,True
0.1,4.5,3.0,7.0,0.5,4.0,1.099591945310859,1.2109882957682636e-22,0.3954487769037406,10.53942531235904,0.0,-19.098591164143585,0.0,True
0.1,4.5,3.0,7.0,0.5,4.0,2.3471413002836218e-26,4.148539024123194e-21,1.0,-3.5,0.0,-6.119999999999999,0.0,False
0.1,4.5,3.0,7.0,0.5,4.0,2.4289862833225764e-22,0.29349050124365567,1.1507391800604414,-5.578760262391584,0.0,8.70751682935736,0.0,True
0.1,4.5,3.0,7.0,0.5,6.0,1.1673446235946927,-3.615698545935916e-21,0.5457688432548551,12.925710562331076,0.0,-19.006711389003094,0.0,True
0.1,4.5,3.0,7.0,0.5,6.0,-1.3305704706855908e-28,1.2853124337507937e-24,1.0,-3.4999999999999996,0.0,-6.12,0.0,False
0.1,4.5,3.0,7.0,0.5,6.0,-3.7323094977024247e-25,0.32597713521502736,1.123971274796829,-5.586211568795069,0.0,8.178344263625412,0.0,True
0.1,4.5,3.0,7.0,0.5,8.0,1.3322268176230474e-25,0.34765021224870585,1.1057530863169989,-5.6040475516876995,0.0,7.83540122901497,0.0,True
0.1,4.5,3.0,7.0,0.5,8.0,-3.2580560127630325e-27,2.1881081360278687e-21,1.0,-3.5,0.0,-6.119999999999999,0.0,False
0.1,4.5,3.0,7.0,0.5,8.0,1.209702523007502,1.6143164823525233e-26,0.634154951457321,14.309524106731498,0.0,-18.865706618693828,0.0,True
0.1,4.5,3.0,7.0,0.5,10.0,7.149800765075333e-19,-2.8578860886215384e-25,1.0,-3.5000000000000004,0.0,-6.119999999999998,0.0,False
0.1,4.5,3.0,7.0,0.5,10.0,1.1241171658368981e-23,0.3633133993182769,1.0923976382869411,-5.623347122793355,0.0,7.592850730798272,0.0,True
0.1,4.5,3.0,7.0,0.5,10.0,1.2385400886070297,3.041993116483144e-23,0.6932036897826582,15.221350354978066,0.0,-18.730072585159206,0.0,True
0.1,4.5,3.0,7.0,0.5,10.0,-4.841084874724251e-19,-1.218358051935337,2.0390774399009683,-30.82141273685955,0.0,43.340404606947736,0.0,True
0.1,4.5,3.0,7.0,0.5,10.0,3.5034065010148945,-2.836461382627982,4.177087800327206,1105.3978563108758,0.0,171.37842062160888,0.0,True
0.1,4.5,3.0,7.0,1.0,4.0,1.0655581203597235,4.256670851596254e-22,0.2903661825846582,9.48782831429467,0.0,-19.17198489108609,0.0,True
0.1,4.5,3.0,7.0,1.0,4.0,4.204113104226431e-24,-5.18412651151761e-26,1.0,-4.0,0.0,-6.119999999999999,0.0,False
0.1,4.5,3.0,7.0,1.0,4.0,3.143108936234204e-20,0.29349050124365567,1.1507391800604414,-6.2408605926546725,0.0,8.70751682935736,0.0,True
0.1,4.5,3.0,7.0,1.0,6.0,1.141001905501123,2.4609794681896827e-23,0.4575477715178361,12.502732001865066,0.0,-19.27057954534302,0.0,True
0.1,4.5,3.0,7.0,1.0,6.0,1.619486078916687e-24,-1.314052621776582e-26,1.0,-4.0,0.0,-6.12,0.0,False
0.1,4.5,3.0,7.0,1.0,6.0,-2.421716204328932e-25,0.32597713521502736,1.123971274796829,-6.217867282079274,0.0,8.178344263625412,0.0,True
0.1,4.5,3.0,7.0,1.0,8.0,1.190904978734152,5.9190726266757524e-21,0.5567954161331903,14.278137813745015,0.0,-19.246641861998146,0.0,True
0.1,4.5,3.0,7.0,1.0,8.0,9.729665254589399e-24,-1.0466728820401574,1.958583606748468,-27.351143355596164,0.0,38.83670364814349,0.0,True
0.1,4.5,3.0,7.0,1.0,8.0,-1.2976852770704895e-29,1.1189615653908262e-23,1.0,-4.0,0.0,-6.119999999999999,0.0,False
0.1,4.5,3.0,7.0,1.0,8.0,1.1081257625303795e-21,0.34765021224870585,1.1057530863169989,-6.2153924956374835,0.0,7.83540122901497,0.0,True
0.1,4.5,3.0,7.0,1.0,10.0,1.2258985336173431,-1.5563792575373597e-23,0.6242931963187119,15.469374308591044,0.0,-19.183345241353305,0.0,True
0.1,4.5,3.0,7.0,1.0,10.0,6.076203177289729e-20,5.216725044395506e-17,1.0,-4.0,0.0,-6.1199999999999966,0.0,False
0.1,4.5,3.0,7.0,1.0,10.0,-2.9987243987543594e-21,0.36331339931827694,1.0923976382869411,-6.2200134228607995,0.0,7.5928507307982755,0.0,True
0.1,4.5,3.0,7.0,3.0,4.0,2.050080294248361e-18,6.010527643106074e-79,1.0,-6.0,0.0,-6.119999999999999,0.0,False
0.1,4.5,3.0,7.0,3.0,4.0,6.664569557635952e-23,0.29349050124365555,1.1507391800604414,-8.889261913707024,0.0,8.707516829357354,0.0,True
0.1,4.5,3.0,7.0,3.0,6.0,1.0420825784022651,-5.279161795083866e-19,0.1855479248428651,9.177147974497853,0.0,-19.231729959331194,0.0,True
0.1,4.5,3.0,7.0,3.0,6.0,-2.168309073509618e-34,4.94454835297006e-25,1.0,-6.0,0.0,-6.12,0.0,False
0.1,4.5,3.0,7.0,3.0,6.0,6.311734034646043e-26,0.32597713521502736,1.123971274796829,-8.74449013521609,0.0,8.178344263625412,0.0,True
0.1,4.5,3.0,7.0,3.0,6.0,-4.5760095478640724e-26,-0.8628261640089473,1.8685471541814604,-29.108190927108218,0.0,34.121517498311555,0.0,True
0.1,4.5,3.0,7.0,3.0,8.0,1.10547996979548,9.154902208787328e-20,0.31257664546430386,12.531607365514091,0.0,-19.58527377214322,0.0,True
0.1,4.5,3.0,7.0,3.0,8.0,7.047951539952295e-25,5.243341720934235e-18,1.0,-6.0,0.0,-6.119999999999999,0.0,False
0.1,4.5,3.0,7.0,3.0,8.0,-9.785896421116805e-20,0.34765021224870596,1.105753086316999,-8.660772271436624,0.0,7.835401229014977,0.0,True
0.1,4.5,3.0,7.0,3.0,8.0,4.5844051972631133e-23,-1.0466728820401572,1.9585836067484677,-35.02324284484383,0.0,38.836703648143455,0.0,True
0.1,4.5,3.0,7.0,3.0,10.0,1.1561054990975517,9.206758032141307e-20,0.39853903373038047,14.807020729730903,0.0,-19.827159031657835,0.0,True
0.1,4.5,3.0,7.0,3.0,10.0,8.476447552811812e-27,9.600122479971192e-19,1.0,-6.0,0.0,-6.119999999999998,0.0,False
0.1,4.5,3.0,7.0,3.0,10.0,3.248466098827709e-24,0.3633133993182768,1.0923976382869411,-8.60667862313057,0.0,7.5928507307982676,0.0,True
0.1,4.5,3.0,7.0,3.0,10.0,-1.0147603762175491e-23,-1.218358051935337,2.0390774399009683,-41.21600475164227,0.0,43.340404606947736,0.0,True
0.1,4.5,5.0,3.0,0.5,4.0,1.040062170180012,-1.8589144279786095e-19,0.18870301162033298,8.86506678731467,0.0,-19.34129002957765,0.0,True
0.1,4.5,5.0,3.0,0.5,4.0,7.114568129716695e-22,1.4532239666781458e-17,1.0,-5.5,0.0,-10.12,0.0,False
0.1,4.5,5.0,3.0,0.5,4.0,4.7041443798535464e-17,0.6203175229988641,1.2885953720045848,-13.349969549694322,0.0,12.601157830709688,0.0,True
0.1,4.5,5.0,3.0,0.5,4.0,6.3305841124953316e-27,-1.8329892812916482,3.5198872789975546,-104.96678828308605,0.0,82.38781076366864,0.0,True
0.1,4.5,5.0,3.0,0.5,6.0,1.1267868701997101,1.1634424499420173e-22,0.3651756745727708,13.156702546952548,0.0,-20.14738478759955,0.0,True
0.1,4.5,5.0,3.0,0.5,6.0,2.9092361880600433e-24,1.2688523435325243e-19,1.0,-5.499999999999999,0.0,-10.12,0.0,False
0.1,4.5,5.0,3.0,0.5,6.0,-1.749289590996731e-24,-2.386897723768044,3.848640371864535,-143.9083768669713,0.0,100.24460994513586,0.0,True
0.1,4.5,5.0,3.0,0.5,6.0,-1.6568034758646182e-19,0.6606513798343443,1.2182301228385115,-12.946069769671414,0.0,11.858000215658079,0.0,True
0.1,4.5,5.0,3.0,0.5,8.0,1.1882888704564125,9.69187137235452e-25,0.47048858513103375,15.71115012244219,0.0,-20.716299545740068,0.0,True
0.1,4.5,5.0,3.0,0.5,8.0,4.965744583270162e-28,2.520523491429533e-20,1.0,-5.5,0.0,-10.12,0.0,False
0.1,4.5,5.0,3.0,0.5,8.0,-4.5032142681305354e-18,0.6840537753671422,1.1754735878477653,-12.728067917333025,0.0,11.449960347376097,0.0,True
0.1,4.5,5.0,3.0,0.5,10.0,1.2329743806730198,4.385667153866422e-22,0.543932252981195,17.467534586508776,0.0,-21.1257341793671,0.0,True
0.1,4.5,5.0,3.0,0.5,10.0,-4.262340078576529e-28,1.0648713856617628e-20,1.0,-5.5,0.0,-10.12,0.0,False
0.1,4.5,5.0,3.0,0.5,10.0,1.7496679413086495e-19,0.6993236796618852,1.1467160826807516,-12.592295312469584,0.0,11.19402697633918,0.0,True
0.1,4.5,5.0,3.0,1.0,4.0,1.0133515943481461,5.6989104085142555e-21,0.10147872795306134,7.008198278887109,0.0,-19.096362707861473,0.0,True
0.1,4.5,5.0,3.0,1.0,4.0,9.794257185508895e-24,2.260810856086067e-19,1.0,-6.0,0.0,-10.12,0.0,False
0.1,4.5,5.0,3.0,1.0,4.0,-8.380782526421128e-23,0.620317522998864,1.2885953720045846,-14.180208566070132,0.0,12.601157830709683,0.0,True
0.1,4.5,5.0,3.0,1.0,6.0,1.0972184079000185,2.09610798395205e-20,0.2977318631297866,12.13786602376905,0.0,-19.896813385644506,0.0,True
0.1,4.5,5.0,3.0,1.0,6.0,1.1513570566978207e-21,2.31683863853023e-17,1.0,-6.0,0.0,-10.12,0.0,False
0.1,4.5,5.0,3.0,1.0,6.0,-1.9630083790848865e-25,0.6606513798343443,1.2182301228385115,-13.688112085766981,0.0,11.858000215658079,0.0,True
0.1,4.5,5.0,3.0,1.0,8.0,1.162418505509242,3.0032539403766457e-26,0.40884265789672647,15.078583671242702,0.0,-20.523161217661308,0.0,True
0.1,4.5,5.0,3.0,1.0,8.0,1.0648424729629534e-23,2.3820323718604718e-18,1.0,-6.0,0.0,-10.12,0.0,False
0.1,4.5,5.0,3.0,1.0,8.0,1.0281337576500572e-25,0.6840537753671423,1.1754735878477653,-13.418936995196876,0.0,11.4499603473761,0.0,True
0.1,4.5,5.0,3.0,1.0,10.0,1.2111376759899195,-5.367783203648477e-21,0.4866009354292078,17.114301538260033,0.0,-20.990757239601503,0.0,True
0.1,4.5,5.0,3.0,1.0,10.0,1.5487703687013796e-25,9.93397347992639e-19,1.0,-6.0,0.0,-10.12,0.0,False
0.1,4.5,5.0,3.0,1.0,10.0,-1.298711569026667e-27,-3.3466177300156037,4.359955069256438,-236.805607765778,0.0,131.88341302233692,0.0,True
0.1,4.5,5.0,3.0,1.0,10.0,2.3575823057725294e-26,0.6993236796618851,1.1467160826807516,-13.249774199608925,0.0,11.194026976339174,0.0,True
0.1,4.5,5.0,3.0,3.0,4.0,4.670222447395298e-19,2.3321696668426504e-36,1.0,-8.0,0.0,-10.12,0.0,False
0.1,4.5,5.0,3.0,3.0,4.0,1.772975612992535e-23,-1.832989281291648,3.519887278997554,-135.94080442520806,0.0,82.3878107636686,0.0,True
0.1,4.5,5.0,3.0,3.0,4.0,-3.954687513339578e-24,0.6203175229988642,1.2885953720045848,-17.50116463157341,0.0,12.601157830709695,0.0,True
0.1,4.5,5.0,3.0,3.0,6.0,1.0081565967498598,4.836593199179764e-21,0.06831858672726232,6.730787223819673,0.0,-19.051819095008785,0.0,True
0.1,4.5,5.0,3.0,3.0,6.0,-2.351028423949678e-29,6.898642603825949e-25,1.0,-8.0,0.0,-10.12,0.0,False
0.1,4.5,5.0,3.0,3.0,6.0,3.428290886477365e-27,-2.386897723768044,3.848640371864535,-180.93845864683527,0.0,100.24460994513586,0.0,True
0.1,4.5,5.0,3.0,3.0,6.0,-5.596965041055168e-27,0.6606513798343444,1.2182301228385115,-16.656281350149257,0.0,11.858000215658084,0.0,True
0.1,4.5,5.0,3.0,3.0,8.0,1.069934256878654,-9.465034063171509e-19,0.21297797159579657,11.678660130339988,0.0,-19.680763137993313,0.0,True
0.1,4.5,5.0,3.0,3.0,8.0,1.382189066675426e-22,9.827102908007274e-19,1.0,-8.0,0.0,-10.12,0.0,False
0.1,4.5,5.0,3.0,3.0,8.0,4.993996319538068e-21,0.6840537753671422,1.1754735878477653,-16.182413306652272,0.0,11.449960347376097,0.0,True
0.1,4.5,5.0,3.0,3.0,10.0,1.1263838582019834,1.0369041183456609e-20,0.3021926721901078,14.791291640977205,0.0,-20.268171253329022,0.0,True
0.1,4.5,5.0,3.0,3.0,10.0,-8.833080206881119e-31,4.4319089573960743e-23,1.0,-8.0,0.0,-10.12,0.0,False
0.1,4.5,5.0,3.0,3.0,10.0,2.6421796663820274e-22,0.6993236796618852,1.1467160826807516,-15.879689748166307,0.0,11.19402697633918,0.0,True
0.1,4.5,5.0,3.0,3.0,10.0,-3.285852189278396e-27,-3.3466177300156033,4.359955069256436,-274.8240241776477,0.0,131.8834130223368,0.0,True
0.1,4.5,5.0,5.0,0.5,4.0,1.040062170180012,-5.336762258545055e-19,0.18870301162033298,8.86506678731467,0.0,-19.270072376388484,0.0,True
0.1,4.5,5.0,5.0,0.5,4.0,3.251828710880851e-27,2.931248836651837e-20,1.0,-5.5,0.0,-8.12,0.0,False
0.1,4.5,5.0,5.0,0.5,4.0,-5.094641219620969e-25,0.4261961331033996,1.2270539298403633,-10.271946263892042,0.0,11.163841604242922,0.0,True
0.1,4.5,5.0,5.0,0.5,6.0,1.12678687019971,4.282322904294486e-23,0.365175674572771,13.156702546952538,0.0,-19.880678241000187,0.0,True
0.1,4.5,5.0,5.0,0.5,6.0,-1.8746312595745263e-27,2.799606484121924e-22,1.0,-5.499999999999999,0.0,-8.12,0.0,False
0.1,4.5,5.0,5.0,0.5,6.0,-2.3637319313859252e-20,0.46746600375401165,1.182103720554788,-10.080558766558669,0.0,10.438463681146313,0.0,True
0.1,4.5,5.0,5.0,0.5,8.0,1.1882888704564125,5.05780480498385e-26,0.47048858513103375,15.71115012244219,0.0,-20.273580528262865,0.0,True
0.1,4.5,5.0,5.0,0.5,8.0,-2.483797219490873e-28,3.160956062560596e-23,1.0,-5.5,0.0,-8.12,0.0,False
0.1,4.5,5.0,5.0,0.5,8.0,-4.2162016207287235e-20,0.4938606134207713,1.1524364409302128,-9.97772905526364,0.0,9.99291743715418,0.0,True
0.1,4.5,5.0,5.0,0.5,10.0,1.2329743806730198,-1.2263122262614158e-25,0.543932252981195,17.467534586508776,0.0,-20.5340095877007,0.0,True
0.1,4.5,5.0,5.0,0.5,10.0,-9.086018379313656e-30,4.345532839654887e-24,1.0,-5.5,0.0,-8.12,0.0,False
0.1,4.5,5.0,5.0,0.5,10.0,-6.723233545951511e-22,0.5123140996718912,1.1312328683613102,-9.914907388015187,0.0,9.690659669688161,0.0,True
0.1,4.5,5.0,5.0,1.0,4.0,1.0133515943481461,1.7496907614769157e-20,0.10147872795306134,7.008198278887109,0.0,-19.075766843407532,0.0,True
0.1,4.5,5.0,5.0,1.0,4.0,-5.6671043446928e-31,2.7307926712035263e-24,1.0,-6.0,0.0,-8.12,0.0,False
0.1,4.5,5.0,5.0,1.0,4.0,8.300596590342449e-26,0.42619613310339965,1.2270539298403635,-11.024776937260384,0.0,11.16384160424293,0.0,True
0.1,4.5,5.0,5.0,1.0,6.0,1.0972184079000182,1.1574261511301626e-20,0.29773186312978694,12.137866023769044,0.0,-19.719524860999037,0.0,True
0.1,4.5,5.0,5.0,1.0,6.0,7.274439422298036e-25,5.330840226970543e-19,1.0,-6.0,0.0,-8.12,0.0,False
0.1,4.5,5.0,5.0,1.0,6.0,8.863291962293976e-19,0.4674660037540116,1.182103720554788,-10.779243369633404,0.0,10.43846368114631,0.0,True
0.1,4.5,5.0,5.0,1.0,8.0,1.162418505509242,3.4877451142325764e-27,0.40884265789672647,15.078583671242702,0.0,-20.18885657982919,0.0,True
0.1,4.5,5.0,5.0,1.0,8.0,1.2591023160114158e-27,6.09517428998882e-20,1.0,-6.0,0.0,-8.12,0.0,False
0.1,4.5,5.0,5.0,1.0,8.0,-5.90756950023336e-17,0.49386061342077126,1.1524364409302128,-10.641783930455587,0.0,9.99291743715418,0.0,True
0.1,4.5,5.0,5.0,1.0,8.0,-1.1773206668551262e-26,-1.6079653733253538,2.6159704011333402,-69.39746379190863,0.0,63.45010907141916,0.0,True
0.1,4.5,5.0,5.0,1.0,10.0,1.2111376759899195,-8.442049023660996e-21,0.4866009354292078,17.114301538260033,0.0,-20.517196298880343,0.0,True
0.1,4.5,5.0,5.0,1.0,10.0,-6.891345193636908e-28,2.1285226597251708e-20,1.0,-6.0,0.0,-8.12,0.0,False
0.1,4.5,5.0,5.0,1.0,10.0,-4.980325413693129e-25,0.5123140996718912,1.1312328683613102,-10.554751289245667,0.0,9.690659669688161,0.0,True
0.1,4.5,5.0,5.0,3.0,4.0,8.036778823885518e-25,1.3809353081794534e-27,1.0,-8.0,0.0,-8.12,0.0,False
0.1,4.5,5.0,5.0,3.0,4.0,-3.778677814799752e-23,0.42619613310339954,1.2270539298403633,-14.036099630733741,0.0,11.163841604242918,0.0,True
0.1,4.5,5.0,5.0,3.0,4.0,2.632598445817139e-25,-1.0208969470536047,2.302788220629213,-53.845515831026205,0.0,46.6067394234456,0.0,True
0.1,4.5,5.0,5.0,3.0,6.0,1.0081565967498598,1.861164375400625e-20,0.06831858672726232,6.730787223819673,0.0,-19.042484236423967,0.0,True
0.1,4.5,5.0,5.0,3.0,6.0,8.429241343565963e-19,2.9613920820561464e-17,1.0,-8.0,0.0,-8.12,0.0,False
0.1,4.5,5.0,5.0,3.0,6.0,-1.316916771624169e-21,0.4674660037540116,1.182103720554788,-13.57398178193235,0.0,10.43846368114631,0.0,True
0.1,4.5,5.0,5.0,3.0,8.0,1.069934256878654,-2.4874404109084104e-18,0.21297797159579657,11.678660130339988,0.0,-19.590043905223194,0.0,True
0.1,4.5,5.0,5.0,3.0,8.0,1.869762456289821e-24,3.5111424382954215e-17,1.0,-8.0,0.0,-8.12,0.0,False
0.1,4.5,5.0,5.0,3.0,8.0,-1.2243925887153429e-24,0.49386061342077126,1.1524364409302128,-13.298003431223378,0.0,9.99291743715418,0.0,True
0.1,4.5,5.0,5.0,3.0,10.0,1.1263838582019834,9.758374692342552e-21,0.3021926721901078,14.791291640977205,0.0,-20.085530431078226,0.0,True
0.1,4.5,5.0,5.0,3.0,10.0,-5.449070906547479e-29,3.408453249832478e-20,1.0,-8.0,0.0,-8.12,0.0,False
0.1,4.5,5.0,5.0,3.0,10.0,1.098805777366429e-17,0.5123140996718916,1.1312328683613104,-13.11412689416759,0.0,9.690659669688175,0.0,True
0.1,4.5,5.0,5.0,3.0,10.0,4.894744339554508e-23,-1.866975326809344,2.7427984354574284,-98.38568776560858,0.0,71.1081801540672,0.0,True
0.1,4.5,5.0,7.0,0.5,4.0,1.040062170180012,-1.556687318323139e-19,0.18870301162033298,8.86506678731467,0.0,-19.198854723199318,0.0,True
0.1,4.5,5.0,7.0,0.5,4.0,-2.0100630384498256e-27,3.823254633711703e-24,1.0,-5.5,0.0,-6.119999999999999,0.0,False
0.1,4.5,5.0,7.0,0.5,4.0,-6.997368792633392e-26,0.2934905012436556,1.1507391800604414,-8.227161583443937,0.0,8.707516829357356,0.0,True
0.1,4.5,5.0,7.0,0.5,6.0,1.1267868701997101,7.819389071574916e-24,0.3651756745727708,13.156702546952548,0.0,-19.613971694400835,0.0,True
0.1,4.5,5.0,7.0,0.5,6.0,5.121688319944849e-19,5.705320283587511e-18,1.0,-5.499999999999999,0.0,-6.12,0.0,False
0.1,4.5,5.0,7.0,0.5,6.0,1.4080891056878233e-24,0.3259771352150273,1.123971274796829,-8.112834421931886,0.0,8.178344263625409,0.0,True
0.1,4.5,5.0,7.0,0.5,6.0,-1.0451807459890438e-24,-0.8628261640089473,1.8685471541814604,-27.362456693408397,0.0,34.121517498311555,0.0,True
0.1,4.5,5.0,7.0,0.5,8.0,1.1882888704564125,1.4696094441243545e-27,0.47048858513103375,15.71115012244219,0.0,-19.83086151078566,0.0,True
0.1,4.5,5.0,7.0,0.5,8.0,2.8506479215561436e-20,4.3002626355579e-18,1.0,-5.5,0.0,-6.119999999999999,0.0,False
0.1,4.5,5.0,7.0,0.5,8.0,4.909002527099834e-25,0.34765021224870585,1.1057530863169989,-8.049427327486836,0.0,7.83540122901497,0.0,True
0.1,4.5,5.0,7.0,0.5,8.0,3.9995330330038805e-19,-1.0466728820401572,1.9585836067484677,-33.105217972531904,0.0,38.836703648143455,0.0,True
0.1,4.5,5.0,7.0,0.5,10.0,1.9572918906465933e-22,-1.2183580519353372,2.039077439900969,-39.13708634868574,0.0,43.340404606947764,0.0,True
0.1,4.5,5.0,7.0,0.5,10.0,1.2329743806730198,-1.3495757686005806e-19,0.543932252981195,17.467534586508776,0.0,-19.942284996034303,0.0,True
0.1,4.5,5.0,7.0,0.5,10.0,9.487478898234796e-22,3.4094369113680586e-18,1.0,-5.5,0.0,-6.119999999999998,0.0,False
0.1,4.5,5.0,7.0,0.5,10.0,3.464321262664444e-21,0.3633133993182768,1.0923976382869411,-8.010012323063128,0.0,7.5928507307982676,0.0,True
0.1,4.5,5.0,7.0,1.0,4.0,1.0133515943481461,4.682115220496408e-20,0.10147872795306134,7.008198278887109,0.0,-19.055170978953587,0.0,True
0.1,4.5,5.0,7.0,1.0,4.0,1.4048814394750137e-23,5.68539733480379e-20,1.0,-6.0,0.0,-6.119999999999999,0.0,False
0.1,4.5,5.0,7.0,1.0,4.0,-1.2801312743021116e-19,0.29349050124365555,1.1507391800604414,-8.889261913707024,0.0,8.707516829357354,0.0,True
0.1,4.5,5.0,7.0,1.0,6.0,1.0972184079000185,2.7927983810070388e-21,0.2977318631297866,12.13786602376905,0.0,-19.54223633635357,0.0,True
0.1,4.5,5.0,7.0,1.0,6.0,-1.7330499863867986e-27,1.3207343787780084e-21,1.0,-6.0,0.0,-6.12,0.0,False
0.1,4.5,5.0,7.0,1.0,6.0,2.491873012509347e-22,0.32597713521502736,1.123971274796829,-8.74449013521609,0.0,8.178344263625412,0.0,True
0.1,4.5,5.0,7.0,1.0,6.0,-3.977791671531691e-25,-0.8628261640089472,1.8685471541814604,-29.108190927108215,0.0,34.12151749831154,0.0,True
0.1,4.5,5.0,7.0,1.0,8.0,1.162418505509242,3.33761987566468e-19,0.40884265789672647,15.078583671242702,0.0,-19.85455194199707,0.0,True
0.1,4.5,5.0,7.0,1.0,8.0,-4.140257305331766e-28,1.7822258275215928e-22,1.0,-6.0,0.0,-6.119999999999999,0.0,False
0.1,4.5,5.0,7.0,1.0,8.0,3.0847498508626662e-24,0.34765021224870574,1.1057530863169989,-8.66077227143662,0.0,7.835401229014964,0.0,True
0.1,4.5,5.0,7.0,1.0,10.0,1.2111376759899195,-1.3904966681533916e-21,0.4866009354292078,17.114301538260033,0.0,-20.043635358159182,0.0,True
0.1,4.5,5.0,7.0,1.0,10.0,-4.246329461836973e-29,4.511876655105324e-23,1.0,-6.0,0.0,-6.119999999999998,0.0,False
0.1,4.5,5.0,7.0,1.0,10.0,-1.0482090883408787e-22,-1.218358051935337,2.0390774399009683,-41.21600475164227,0.0,43.340404606947736,0.0,True
0.1,4.5,5.0,7.0,1.0,10.0,2.4128636072505417e-23,0.3633133993182768,1.0923976382869411,-8.60667862313057,0.0,7.5928507307982676,0.0,True
0.1,4.5,5.0,7.0,3.0,4.0,9.874088576257876e-20,1.0783389721808259e-37,1.0,-8.0,0.0,-6.119999999999999,0.0,False
0.1,4.5,5.0,7.0,3.0,4.0,-8.124080876974969e-23,0.29349050124365555,1.1507391800604414,-11.537663234759378,0.0,8.707516829357354,0.0,True
0.1,4.5,5.0,7.0,3.0,4.0,-1.8161885298563282e-22,-0.6608940977061828,1.7643667646700216,-29.691040494053524,0.0,29.09052227495474,0.0,True
0.1,4.5,5.0,7.0,3.0,6.0,1.0081565967498598,6.033169752156512e-20,0.06831858672726232,6.730787223819673,0.0,-19.033149377839145,0.0,True
0.1,4.5,5.0,7.0,3.0,6.0,1.7032506892567302e-30,2.780603172013948e-20,1.0,-8.0,0.0,-6.12,0.0,False
0.1,4.5,5.0,7.0,3.0,6.0,3.496034268750476e-20,0.3259771352150275,1.1239712747968291,-11.271112988352913,0.0,8.178344263625423,0.0,True
0.1,4.5,5.0,7.0,3.0,6.0,1.5484619441718368e-18,-0.8628261640089471,1.86854715418146,-36.09112786190747,0.0,34.1215174983115,0.0,True
0.1,4.5,5.0,7.0,3.0,8.0,1.069934256878654,-4.908794053957509e-18,0.21297797159579657,11.678660130339988,0.0,-19.499324672453074,0.0,True
0.1,4.5,5.0,7.0,3.0,8.0,-7.05738822064197e-30,5.887731561059685e-19,1.0,-8.0,0.0,-6.119999999999999,0.0,False
0.1,4.5,5.0,7.0,3.0,8.0,8.00415102957646e-19,0.34765021224870607,1.105753086316999,-11.106152047235764,0.0,7.835401229014981,0.0,True
0.1,4.5,5.0,7.0,3.0,8.0,1.9349202093687285e-18,-1.0466728820401574,1.958583606748468,-42.695342334091514,0.0,38.83670364814349,0.0,True
0.1,4.5,5.0,7.0,3.0,10.0,1.1263838582019834,5.116729949744994e-21,0.3021926721901078,14.791291640977205,0.0,-19.902889608827433,0.0,True
0.1,4.5,5.0,7.0,3.0,10.0,-7.250661685250498e-31,1.2897913918122483e-21,1.0,-8.0,0.0,-6.119999999999998,0.0,False
0.1,4.5,5.0,7.0,3.0,10.0,-4.624408649311233e-23,0.36331339931827683,1.0923976382869411,-10.993343823400346,0.0,7.592850730798269,0.0,True
0.1,4.5,5.0,7.0,3.0,10.0,1.088485675588822e-21,-1.218358051935337,2.0390774399009683,-49.531678363468444,0.0,43.340404606947736,0.0,True
0.1,5.0,1.0,3.0,0.5,4.0,1.113797552204921,4.238381765855922e-29,0.6898637531755816,9.76886994206,0.0,-18.949452181854895,0.0,True
0.1,5.0,1.0,3.0,0.5,4.0,6.126965829765431e-19,3.221854671977813e-17,1.0,-1.5,0.0,-10.12,0.0,False
0.1,5.0,1.0,3.0,0.5,4.0,-1.9724769582011185e-23,0.6203175229988641,1.2885953720045848,-6.708057418687783,0.0,12.601157830709688,0.0,True
0.1,5.0,1.0,3.0,0.5,4.0,7.786677620964997e-22,-1.832989281291648,3.519887278997554,-55.4083624556908,0.0,82.3878107636686,0.0,True
0.1,5.0,1.0,3.0,0.5,4.0,3.741677418669346,-3.5336439082750535,6.864941976522022,1336.153708428712,0.0,237.16387434049324,0.0,True
0.1,5.0,1.0,3.0,0.5,6.0,6.912020945221399e-24,9.537502168762243e-33,1.0,-1.5,0.0,-10.12,0.0,False
0.1,5.0,1.0,3.0,0.5,6.0,1.139829937829308,-1.0910904544130544e-19,0.7834646188046727,10.453215434579356,0.0,-18.878941453199737,0.0,True
0.1,5.0,1.0,3.0,0.5,6.0,-2.1273602043926567e-22,0.6606513798343444,1.2182301228385115,-7.009731240906877,0.0,11.858000215658084,0.0,True
0.1,5.0,1.0,3.0,0.5,8.0,2.665953871162567e-19,4.9316358222872674e-29,1.0,-1.5,0.0,-10.12,0.0,False
0.1,5.0,1.0,3.0,0.5,8.0,1.1541650195991602,-5.116451749679506e-19,0.8334878884417087,10.817060783676897,0.0,-18.828660640390975,0.0,True
0.1,5.0,1.0,3.0,0.5,8.0,7.233069426503802e-23,0.6840537753671422,1.1754735878477653,-7.201115294422233,0.0,11.449960347376097,0.0,True
0.1,5.0,1.0,3.0,0.5,8.0,4.4800988991824084,-5.062693974984607,8.102665588322612,1869.7526955118037,0.0,376.2129575786219,0.0,True
0.1,5.0,1.0,3.0,0.5,10.0,3.4357997329594207e-25,9.493124318282825e-34,1.0,-1.5,0.0,-10.12,0.0,False
0.1,5.0,1.0,3.0,0.5,10.0,1.1632276701242825,9.905846899563014e-21,0.8646901387457233,11.043068054920344,0.0,-18.792559775242893,0.0,True
0.1,5.0,1.0,3.0,0.5,10.0,5.10114443115143e-23,0.6993236796618851,1.1467160826807516,-7.332464215354827,0.0,11.194026976339174,0.0,True
0.1,5.0,1.0,3.0,0.5,10.0,4.79215663038134,-5.749232261862283,8.619624963240646,2183.037218547352,0.0,442.1394029781873,0.0,True
0.1,5.0,1.0,3.0,1.0,4.0,1.0984183312326097,5.1278832265213035e-24,0.5475539386045634,9.93353113958539,0.0,-19.2787126107247,0.0,True
0.1,5.0,1.0,3.0,1.0,4.0,-1.4893712186907175e-27,2.844216378985555e-22,1.0,-2.0,0.0,-10.12,0.0,False
0.1,5.0,1.0,3.0,1.0,4.0,-1.20487163396997e-26,-1.8329892812916482,3.5198872789975546,-61.603165684115226,0.0,82.38781076366864,0.0,True
0.1,5.0,1.0,3.0,1.0,4.0,-5.647409860975173e-25,0.6203175229988641,1.2885953720045848,-7.5382964350636,0.0,12.601157830709688,0.0,True
0.1,5.0,1.0,3.0,1.0,6.0,1.138917834908349,-4.645171078836578e-25,0.6757165413319196,11.154011370851126,0.0,-19.338454400144364,0.0,True
0.1,5.0,1.0,3.0,1.0,6.0,2.5585184903600967e-24,4.779211522567215e-20,1.0,-2.0,0.0,-10.12,0.0,False
0.1,5.0,1.0,3.0,1.0,6.0,1.8238068471420703e-19,-2.3868977237680435,3.848640371864534,-92.06626237516174,0.0,100.2446099451358,0.0,True
0.1,5.0,1.0,3.0,1.0,6.0,-2.2792103750669287e-23,0.6606513798343442,1.2182301228385115,-7.751773557002441,0.0,11.858000215658073,0.0,True
0.1,5.0,1.0,3.0,1.0,8.0,6.573628316196675e-18,-7.304210724712286e-26,1.0,-2.0,0.0,-10.12,0.0,False
0.1,5.0,1.0,3.0,1.0,8.0,1.1624788971573556,-1.2914670608141149e-18,0.746620527561966,11.824730493577077,0.0,-19.353112903535937,0.0,True
0.1,5.0,1.0,3.0,1.0,8.0,-4.169222328730378e-28,-2.8854480823826933,4.122178988547236,-125.23560379918118,0.0,116.585088660016,0.0,True
0.1,5.0,1.0,3.0,1.0,8.0,8.298213402104731e-23,0.6840537753671423,1.1754735878477653,-7.891984372286084,0.0,11.4499603473761,0.0,True
0.1,5.0,1.0,3.0,1.0,8.0,3.5188861459791227,3.6108516327149203,3.567613622236789,825.6920325798084,0.0,74.09225893773734,0.0,True
0.1,5.0,1.0,3.0,1.0,10.0,3.7220371373235825e-20,1.5592590184471046e-28,1.0,-2.0,0.0,-10.12,0.0,False
0.1,5.0,1.0,3.0,1.0,10.0,1.1778337419754068,2.643203494241034e-21,0.7919061514396316,12.250211882331682,0.0,-19.35431403579058,0.0,True
0.1,5.0,1.0,3.0,1.0,10.0,2.824924280677396e-22,0.6993236796618852,1.1467160826807516,-7.989943102494174,0.0,11.19402697633918,0.0,True
0.1,5.0,1.0,3.0,3.0,4.0,1.009270486053563,-3.1383842324404914e-20,0.10870145023355404,6.795489783771811,0.0,-19.043519431161318,0.0,True
0.1,5.0,1.0,3.0,3.0,4.0,7.326259198495179e-20,1.200266226834164e-19,1.0,-4.0,0.0,-10.12,0.0,False
0.1,5.0,1.0,3.0,3.0,4.0,1.8706110526457934e-18,-1.832989281291648,3.519887278997554,-86.38237859781282,0.0,82.3878107636686,0.0,True
0.1,5.0,1.0,3.0,3.0,4.0,2.4625101738901735e-25,0.6203175229988641,1.2885953720045848,-10.85925250056687,0.0,12.601157830709688,0.0,True
0.1,5.0,1.0,3.0,3.0,6.0,1.0738012587446644,4.990611266265717e-26,0.3273879997523851,10.662775307959885,0.0,-19.54378878105191,0.0,True
0.1,5.0,1.0,3.0,3.0,6.0,9.896479359329245e-24,3.649987117244267e-22,1.0,-4.0,0.0,-10.12,0.0,False
0.1,5.0,1.0,3.0,3.0,6.0,-9.403337504714534e-20,0.6606513798343443,1.2182301228385115,-10.719942821384713,0.0,11.858000215658079,0.0,True
0.1,5.0,1.0,3.0,3.0,8.0,1.1246419375677332,6.288058869348447e-23,0.44664147411545396,12.828159432448102,0.0,-19.92072818405614,0.0,True
0.1,5.0,1.0,3.0,3.0,8.0,-3.870478238732852e-27,1.3105411496676576e-23,1.0,-4.0,0.0,-10.12,0.0,False
0.1,5.0,1.0,3.0,3.0,8.0,3.4508272225898996e-23,0.6840537753671422,1.1754735878477653,-10.655460683741477,0.0,11.449960347376097,0.0,True
0.1,5.0,1.0,3.0,3.0,10.0,1.1621647529071262,1.5487514714767653e-26,0.5272805804851114,14.286927010025064,0.0,-20.18709300879299,0.0,True
0.1,5.0,1.0,3.0,3.0,10.0,-9.628430969393247e-30,6.815305935721402e-26,1.0,-4.0,0.0,-10.12,0.0,False
0.1,5.0,1.0,3.0,3.0,10.0,-1.5914700530546664e-21,0.6993236796618852,1.1467160826807516,-10.619858651051551,0.0,11.19402697633918,0.0,True
0.1,5.0,1.0,3.0,3.0,10.0,1.9911303631659745e-22,-3.3466177300156037,4.359955069256438,-198.78719135390818,0.0,131.88341302233692,0.0,True
0.1,5.0,1.0,5.0,0.5,4.0,1.113797552204921,1.4279754755956365e-24,0.6898637531755816,9.76886994206,0.0,-17.997628185963897,0.0,True
0.1,5.0,1.0,5.0,0.5,4.0,2.985614515007996e-21,1.2788590963693992e-18,1.0,-1.5,0.0,-8.12,0.0,False
0.1,5.0,1.0,5.0,0.5,4.0,-7.832720238693803e-21,0.42619613310339954,1.2270539298403633,-4.249300876945325,0.0,11.163841604242918,0.0,True
0.1,5.0,1.0,5.0,0.5,4.0,-5.688256116237213e-22,-1.0208969470536047,2.302788220629213,-19.377097502079927,0.0,46.6067394234456,0.0,True
0.1,5.0,1.0,5.0,0.5,4.0,2.0973437916976563,1.3192465808129616,2.075801681090187,190.93133338022494,0.0,31.559128581614488,0.0,True
0.1,5.0,1.0,5.0,0.5,6.0,1.139829937829308,1.447325549943726e-28,0.7834646188046727,10.453215434579356,0.0,-17.651307835362235,0.0,True
0.1,5.0,1.0,5.0,0.5,6.0,1.861128547231576e-22,2.708205951828925e-17,1.0,-1.5,0.0,-8.12,0.0,False
0.1,5.0,1.0,5.0,0.5,6.0,6.448470746614461e-26,0.4674660037540116,1.182103720554788,-4.491081941960779,0.0,10.43846368114631,0.0,True
0.1,5.0,1.0,5.0,0.5,6.0,-2.555378823957317e-25,-1.3291401432722416,2.4721779337147956,-28.52957978813653,0.0,55.3513973648994,0.0,True
0.1,5.0,1.0,5.0,0.5,8.0,6.902649990166543e-20,3.7843148925174655e-29,1.0,-1.5,0.0,-8.12,0.0,False
0.1,5.0,1.0,5.0,0.5,8.0,-4.728376730087017e-23,0.4938606134207714,1.1524364409302128,-4.665290053728057,0.0,9.992917437154183,0.0,True
0.1,5.0,1.0,5.0,0.5,8.0,1.1541650195991602,2.1514088736352e-24,0.8334878884417087,10.817060783676897,0.0,-17.43925652003294,0.0,True
0.1,5.0,1.0,5.0,0.5,10.0,7.158910220818044e-20,2.8930887494053785e-28,1.0,-1.5,0.0,-8.12,0.0,False
0.1,5.0,1.0,5.0,0.5,10.0,-1.3511722271828079e-20,0.5123140996718911,1.1312328683613102,-4.796156178171357,0.0,9.690659669688154,0.0,True
0.1,5.0,1.0,5.0,0.5,10.0,1.1632276701242825,4.3719107575874625e-21,0.8646901387457233,11.043068054920344,0.0,-17.297181703154695,0.0,True
0.1,5.0,1.0,5.0,1.0,4.0,1.0984183312326097,6.934246053520111e-26,0.5475539386045634,9.93353113958539,0.0,-18.67908197936196,0.0,True
0.1,5.0,1.0,5.0,1.0,4.0,5.59856248438824e-26,-1.403432064563479e-26,1.0,-2.0,0.0,-8.12,0.0,False
0.1,5.0,1.0,5.0,1.0,4.0,-1.5126043009444237e-25,0.4261961331033996,1.2270539298403633,-5.002131550313665,0.0,11.163841604242922,0.0,True
0.1,5.0,1.0,5.0,1.0,4.0,2.0482314628612438e-17,-1.0208969470536047,2.302788220629213,-22.028514296614258,0.0,46.6067394234456,0.0,True
0.1,5.0,1.0,5.0,1.0,6.0,1.138917834908349,-8.458539954203084e-24,0.6757165413319196,11.154011370851126,0.0,-18.42526871168522,0.0,True
0.1,5.0,1.0,5.0,1.0,6.0,8.111470886101205e-26,-3.204856348766908e-30,1.0,-2.0,0.0,-8.12,0.0,False
0.1,5.0,1.0,5.0,1.0,6.0,-1.0845890409805864e-20,0.4674660037540116,1.182103720554788,-5.189766545035516,0.0,10.43846368114631,0.0,True
0.1,5.0,1.0,5.0,1.0,8.0,8.582025108528588e-22,0.4938606134207713,1.1524364409302128,-5.329344928920004,0.0,9.99291743715418,0.0,True
0.1,5.0,1.0,5.0,1.0,8.0,1.1624788971573556,-6.385542757537157e-26,0.746620527561966,11.824730493577077,0.0,-18.238228479182123,0.0,True
0.1,5.0,1.0,5.0,1.0,8.0,1.4252619222321303e-20,3.4446613947971365e-17,1.0,-2.0,0.0,-8.12,0.0,False
0.1,5.0,1.0,5.0,1.0,10.0,2.012219928378334e-23,1.0906373532021054e-30,1.0,-2.0,0.0,-8.12,0.0,False
0.1,5.0,1.0,5.0,1.0,10.0,1.1778337419754068,-4.046610950270086e-23,0.7919061514396316,12.250211882331682,0.0,-18.100083330414723,0.0,True
0.1,5.0,1.0,5.0,1.0,10.0,-1.0429923225784443e-25,0.5123140996718911,1.1312328683613102,-5.436000079401835,0.0,9.690659669688154,0.0,True
0.1,5.0,1.0,5.0,1.0,10.0,3.6587922129811266,-3.538008339244197,5.250737435615042,1123.9230673940451,0.0,226.00753332482196,0.0,True
0.1,5.0,1.0,5.0,3.0,4.0,1.009270486053563,-1.1975065253206947e-20,0.10870145023355404,6.795489783771811,0.0,-19.019887420595563,0.0,True
0.1,5.0,1.0,5.0,3.0,4.0,3.722564788081512e-21,6.446768964100721e-25,1.0,-4.0,0.0,-8.12,0.0,False
0.1,5.0,1.0,5.0,3.0,4.0,-8.915785619448416e-21,0.4261961331033996,1.2270539298403633,-8.013454243787024,0.0,11.163841604242922,0.0,True
0.1,5.0,1.0,5.0,3.0,4.0,-9.226892771473584e-22,-1.0208969470536047,2.302788220629213,-32.63418147475157,0.0,46.6067394234456,0.0,True
0.1,5.0,1.0,5.0,3.0,6.0,1.0738012587446646,-2.9708062452871278e-19,0.32738799975238475,10.662775307959892,0.0,-19.329422976288175,0.0,True
0.1,5.0,1.0,5.0,3.0,6.0,4.194728913505535e-25,-5.570894112583987e-25,1.0,-4.0,0.0,-8.12,0.0,False
0.1,5.0,1.0,5.0,3.0,6.0,1.168128175929076e-19,0.46746600375401165,1.182103720554788,-7.984504957334462,0.0,10.438463681146313,0.0,True
0.1,5.0,1.0,5.0,3.0,8.0,1.1246419375677332,1.4538742376394435e-23,0.44664147411545396,12.828159432448102,0.0,-19.52175097125609,0.0,True
0.1,5.0,1.0,5.0,3.0,8.0,7.912449916115802e-19,4.3759375382406496e-18,1.0,-4.0,0.0,-8.12,0.0,False
0.1,5.0,1.0,5.0,3.0,8.0,-2.2134177044485547e-20,0.4938606134207712,1.1524364409302128,-7.985564429687795,0.0,9.992917437154176,0.0,True
0.1,5.0,1.0,5.0,3.0,10.0,1.1621647529071262,2.1025733142564883e-30,0.5272805804851114,14.286927010025064,0.0,-19.631043387679558,0.0,True
0.1,5.0,1.0,5.0,3.0,10.0,7.13881304388663e-22,3.168610365219588e-19,1.0,-4.0,0.0,-8.12,0.0,False
0.1,5.0,1.0,5.0,3.0,10.0,3.537132866732144e-20,0.5123140996718912,1.1312328683613102,-7.9953756843237525,0.0,9.690659669688161,0.0,True
0.1,5.0,1.0,7.0,0.5,4.0,1.1137975522049213,9.36141715853205e-22,0.6898637531755814,9.76886994206001,0.0,-17.0458041900729,0.0,True
0.1,5.0,1.0,7.0,0.5,4.0,6.802883001394376e-22,4.5733675867437155e-20,1.0,-1.5,0.0,-6.119999999999999,0.0,False
0.1,5.0,1.0,7.0,0.5,4.0,8.278819389278505e-21,0.2934905012436557,1.1507391800604414,-2.9303589413392306,0.0,8.707516829357363,0.0,True
0.1,5.0,1.0,7.0,0.5,4.0,2.2355006883206627,-1.3475752443609195,2.9285624867546467,62.83873919789107,0.0,328.38252480572146,0.0,True
0.1,5.0,1.0,7.0,0.5,4.0,1.9316406967338972e-19,-0.6608940977061828,1.7643667646700216,-9.45660497228449,0.0,29.09052227495474,0.0,True
0.1,5.0,1.0,7.0,0.5,6.0,1.139829937829308,-3.6714119010096914e-23,0.7834646188046727,10.453215434579356,0.0,-16.423674217524734,0.0,True
0.1,5.0,1.0,7.0,0.5,6.0,4.910329100841603e-20,1.0786381873316062e-18,1.0,-1.5,0.0,-6.12,0.0,False
0.1,5.0,1.0,7.0,0.5,6.0,3.5339398227661873e-25,0.32597713521502736,1.123971274796829,-3.0595887156582515,0.0,8.178344263625412,0.0,True
0.1,5.0,1.0,7.0,0.5,8.0,1.005152641091003e-20,0.34765021224870574,1.1057530863169989,-3.1586677758885617,0.0,7.835401229014964,0.0,True
0.1,5.0,1.0,7.0,0.5,8.0,3.751513653828424e-19,7.904189690518848e-18,1.0,-1.5,0.0,-6.119999999999999,0.0,False
0.1,5.0,1.0,7.0,0.5,8.0,-2.8922305494431257e-21,-1.0466728820401574,1.958583606748468,-17.76101899403657,0.0,38.83670364814349,0.0,True
0.1,5.0,1.0,7.0,0.5,8.0,1.1541650195991602,4.9372735609022857e-26,0.8334878884417087,10.817060783676897,0.0,-16.049852399674904,0.0,True
0.1,5.0,1.0,7.0,0.5,10.0,1.2459045438827134e-19,3.805547869922018e-27,1.0,-1.5,0.0,-6.119999999999998,0.0,False
0.1,5.0,1.0,7.0,0.5,10.0,-3.3512780250608013e-23,-1.218358051935337,2.0390774399009683,-22.50573912503337,0.0,43.340404606947736,0.0,True
0.1,5.0,1.0,7.0,0.5,10.0,3.848301669562342e-19,0.3633133993182769,1.0923976382869411,-3.236681922523581,0.0,7.592850730798272,0.0,True
0.1,5.0,1.0,7.0,0.5,10.0,1.1632276701242825,3.6552928379206027e-22,0.8646901387457233,11.043068054920344,0.0,-15.801803631066498,0.0,True
0.1,5.0,1.0,7.0,1.0,4.0,1.0984183312326097,2.790521261428915e-20,0.5475539386045634,9.93353113958539,0.0,-18.07945134799922,0.0,True
0.1,5.0,1.0,7.0,1.0,4.0,2.5195678915191304e-24,1.5348628467472813e-17,1.0,-2.0,0.0,-6.119999999999999,0.0,False
0.1,5.0,1.0,7.0,1.0,4.0,-4.492565127153069e-22,-0.6608940977061828,1.7643667646700216,-11.01310001242057,0.0,29.09052227495474,0.0,True
0.1,5.0,1.0,7.0,1.0,4.0,5.267669154448208e-19,0.29349050124365555,1.1507391800604414,-3.592459271602318,0.0,8.707516829357354,0.0,True
0.1,5.0,1.0,7.0,1.0,6.0,1.138917834908349,1.39099161052938e-23,0.6757165413319196,11.154011370851126,0.0,-17.51208302322608,0.0,True
0.1,5.0,1.0,7.0,1.0,6.0,9.649307717598007e-22,4.495342321113113e-17,1.0,-2.0,0.0,-6.119999999999998,0.0,False
0.1,5.0,1.0,7.0,1.0,6.0,3.414739242201799e-25,0.32597713521502736,1.123971274796829,-3.691244428942456,0.0,8.178344263625412,0.0,True
0.1,5.0,1.0,7.0,1.0,6.0,-1.007538701729049e-21,-0.8628261640089474,1.868547154181461,-15.142317057509683,0.0,34.12151749831157,0.0,True
0.1,5.0,1.0,7.0,1.0,8.0,1.947246169848049e-21,-1.0466728820401572,1.9585836067484677,-19.67904386634848,0.0,38.836703648143455,0.0,True
0.1,5.0,1.0,7.0,1.0,8.0,-2.1232357495851858e-29,3.4278528911812633e-23,1.0,-2.0,0.0,-6.119999999999999,0.0,False
0.1,5.0,1.0,7.0,1.0,8.0,-4.2446692069458585e-17,0.3476502122487061,1.105753086316999,-3.7700127198383497,0.0,7.835401229014984,0.0,True
0.1,5.0,1.0,7.0,1.0,8.0,1.1624788971573556,6.590578978857294e-20,0.746620527561966,11.824730493577077,0.0,-17.123344054828305,0.0,True
0.1,5.0,1.0,7.0,1.0,10.0,4.122212577392532e-21,2.8908344258359817e-29,1.0,-2.0,0.0,-6.119999999999998,0.0,False
0.1,5.0,1.0,7.0,1.0,10.0,-7.174510717923824e-19,0.3633133993182769,1.0923976382869411,-3.8333482225910247,0.0,7.592850730798272,0.0,True
0.1,5.0,1.0,7.0,1.0,10.0,1.1778337419754068,7.44223318184164e-22,0.7919061514396316,12.250211882331682,0.0,-16.845852625038866,0.0,True
0.1,5.0,1.0,7.0,3.0,4.0,1.009270486053563,2.1373559833539246e-20,0.10870145023355404,6.795489783771811,0.0,-18.996255410029807,0.0,True
0.1,5.0,1.0,7.0,3.0,4.0,3.829965133236153e-23,-1.0862113430069726e-24,1.0,-4.0,0.0,-6.119999999999999,0.0,False
0.1,5.0,1.0,7.0,3.0,4.0,-1.9692727314218556e-22,0.29349050124365555,1.1507391800604414,-6.240860592654672,0.0,8.707516829357354,0.0,True
0.1,5.0,1.0,7.0,3.0,4.0,-2.9737918503105613e-21,-0.6608940977061828,1.7643667646700216,-17.23908017296489,0.0,29.09052227495474,0.0,True
0.1,5.0,1.0,7.0,3.0,6.0,1.0738012587446644,7.200355976163043e-19,0.3273879997523851,10.662775307959885,0.0,-19.115057171524438,0.0,True
0.1,5.0,1.0,7.0,3.0,6.0,5.6736401640011124e-27,6.874877350612977e-23,1.0,-4.0,0.0,-6.12,0.0,False
0.1,5.0,1.0,7.0,3.0,6.0,2.283187814517746e-17,0.3259771352150276,1.1239712747968291,-6.217867282079277,0.0,8.178344263625426,0.0,True
0.1,5.0,1.0,7.0,3.0,8.0,1.1246419375677332,1.6060076507938874e-24,0.44664147411545396,12.828159432448102,0.0,-19.122773758456038,0.0,True
0.1,5.0,1.0,7.0,3.0,8.0,-2.7269754861426566e-28,1.8363837003515663e-23,1.0,-4.0,0.0,-6.119999999999999,0.0,False
0.1,5.0,1.0,7.0,3.0,8.0,1.7783591532194488e-20,0.3476502122487058,1.1057530863169989,-6.215392495637483,0.0,7.835401229014966,0.0,True
0.1,5.0,1.0,7.0,3.0,10.0,1.1621647529071262,3.6888090134285467e-22,0.5272805804851114,14.286927010025064,0.0,-19.074993766566127,0.0,True
0.1,5.0,1.0,7.0,3.0,10.0,-3.860328737824971e-32,4.444967228339992e-24,1.0,-4.0,0.0,-6.119999999999998,0.0,False
0.1,5.0,1.0,7.0,3.0,10.0,2.5787062297856077e-24,0.36331339931827683,1.0923976382869411,-6.220013422860799,0.0,7.592850730798269,0.0,True
0.1,5.0,1.0,7.0,3.0,10.0,-3.426870337313679e-22,-1.218358051935337,2.0390774399009683,-32.90033113981609,0.0,43.340404606947736,0.0,True
0.1,5.0,3.0,3.0,0.5,4.0,1.0936623943900359,2.1816833726123553e-20,0.4019512835485268,11.156144923440818,0.0,-19.63247547944331,0.0,True
0.1,5.0,3.0,3.0,0.5,4.0,1.4591835651771643e-19,2.989676852310619e-19,1.0,-3.5,0.0,-10.12,0.0,False
0.1,5.0,3.0,3.0,0.5,4.0,9.841283846474675e-26,0.6203175229988641,1.2885953720045848,-10.029013484191053,0.0,12.601157830709688,0.0,True
0.1,5.0,3.0,3.0,0.5,6.0,1.157570185051126,2.43229096364951e-23,0.5533437555602341,13.5776587067098,0.0,-20.040249154465382,0.0,True
0.1,5.0,3.0,3.0,0.5,6.0,1.6107474810743434e-20,6.380358264007302e-19,1.0,-3.4999999999999996,0.0,-10.12,0.0,False
0.1,5.0,3.0,3.0,0.5,6.0,6.697910567812487e-28,0.6606513798343443,1.2182301228385115,-9.977900505289146,0.0,11.858000215658079,0.0,True
0.1,5.0,3.0,3.0,0.5,6.0,8.193866668094441e-25,-2.386897723768044,3.848640371864535,-114.28431144308016,0.0,100.24460994513586,0.0,True
0.1,5.0,3.0,3.0,0.5,8.0,1.1973632451414744,8.857456658781582e-24,0.6415803147960694,14.97240233302659,0.0,-20.272144732770506,0.0,True
0.1,5.0,3.0,3.0,0.5,8.0,1.3830446917189552e-19,1.70984123045401e-19,1.0,-3.5,0.0,-10.12,0.0,False
0.1,5.0,3.0,3.0,0.5,8.0,-3.993839574697072e-19,0.6840537753671422,1.1754735878477653,-9.96459160587763,0.0,11.449960347376097,0.0,True
0.1,5.0,3.0,3.0,0.5,8.0,3.553145532427522e-19,-2.8854480823826933,4.122178988547236,-150.72414321961165,0.0,116.585088660016,0.0,True
0.1,5.0,3.0,3.0,0.5,10.0,7.109822763565394e-26,2.015965376658454e-31,1.0,-3.5000000000000004,0.0,-10.12,0.0,False
0.1,5.0,3.0,3.0,0.5,10.0,1.2243632178832196,1.497514937048287e-20,0.7001869421389295,15.887252021477622,0.0,-20.418746680610717,0.0,True
0.1,5.0,3.0,3.0,0.5,10.0,-1.3204114029170525e-18,0.6993236796618852,1.1467160826807516,-9.962379763912207,0.0,11.19402697633918,0.0,True
0.1,5.0,3.0,3.0,0.5,10.0,1.3326544514646615e-18,-3.3466177300156037,4.359955069256438,-189.28258725094074,0.0,131.88341302233692,0.0,True
0.1,5.0,3.0,3.0,1.0,4.0,1.061624450262347,8.215654940663418e-20,0.2955959541282308,10.087950897451805,0.0,-19.451090965068822,0.0,True
0.1,5.0,3.0,3.0,1.0,4.0,1.1221502003342974e-24,1.9149642231368398e-25,1.0,-4.0,0.0,-10.12,0.0,False
0.1,5.0,3.0,3.0,1.0,4.0,-2.9212262995286637e-21,0.6203175229988641,1.2885953720045848,-10.85925250056687,0.0,12.601157830709688,0.0,True
0.1,5.0,3.0,3.0,1.0,4.0,1.3093809127697812e-26,-1.8329892812916482,3.5198872789975546,-86.38237859781285,0.0,82.38781076366864,0.0,True
0.1,5.0,3.0,3.0,1.0,6.0,1.1330511938436136,4.863310971406513e-21,0.46508124672065076,13.162626960485246,0.0,-19.98135759788836,0.0,True
0.1,5.0,3.0,3.0,1.0,6.0,1.6432870861615603e-19,8.225800304414032e-18,1.0,-4.0,0.0,-10.12,0.0,False
0.1,5.0,3.0,3.0,1.0,6.0,1.2164411795496112e-17,0.6606513798343442,1.2182301228385115,-10.71994282138471,0.0,11.858000215658073,0.0,True
0.1,5.0,3.0,3.0,1.0,6.0,-1.1079945844281721e-25,-2.386897723768044,3.848640371864535,-121.69032779905294,0.0,100.24460994513586,0.0,True
0.1,5.0,3.0,3.0,1.0,8.0,1.1801526710787993,-7.284149116749949e-24,0.5647623977954923,14.960404465006949,0.0,-20.31077821537724,0.0,True
0.1,5.0,3.0,3.0,1.0,8.0,2.2197715360158256e-22,4.498443335926574e-19,1.0,-4.0,0.0,-10.12,0.0,False
0.1,5.0,3.0,3.0,1.0,8.0,-1.1383840535713763e-20,0.6840537753671422,1.1754735878477653,-10.655460683741477,0.0,11.449960347376097,0.0,True
0.1,5.0,3.0,3.0,1.0,10.0,2.254877739564333e-22,-3.1645056990513725e-27,1.0,-4.0,0.0,-10.12,0.0,False
0.1,5.0,3.0,3.0,1.0,10.0,1.2130684658584387,2.4404892449804454e-25,0.6321162242849634,16.160436571067155,0.0,-20.529767588719018,0.0,True
0.1,5.0,3.0,3.0,1.0,10.0,-6.372661235316397e-22,0.6993236796618852,1.1467160826807516,-10.619858651051551,0.0,11.19402697633918,0.0,True
0.1,5.0,3.0,3.0,3.0,4.0,3.500236087768304e-20,7.915513216394031e-107,1.0,-6.0,0.0,-10.12,0.0,False
0.1,5.0,3.0,3.0,3.0,4.0,2.142128437844863e-23,0.6203175229988642,1.2885953720045848,-14.180208566070139,0.0,12.601157830709695,0.0,True
0.1,5.0,3.0,3.0,3.0,4.0,-2.198626681120341e-21,-1.832989281291648,3.519887278997554,-111.16159151151042,0.0,82.3878107636686,0.0,True
0.1,5.0,3.0,3.0,3.0,6.0,1.0396415280540143,1.3767274875314935e-19,0.18935911985913556,9.77954235191592,0.0,-19.335428236277263,0.0,True
0.1,5.0,3.0,3.0,3.0,6.0,6.679557441518608e-25,3.2839574058423546e-19,1.0,-6.0,0.0,-10.12,0.0,False
0.1,5.0,3.0,3.0,3.0,6.0,-1.5197615686508141e-18,0.6606513798343442,1.2182301228385115,-13.688112085766978,0.0,11.858000215658073,0.0,True
0.1,5.0,3.0,3.0,3.0,6.0,-3.0667398092976723e-22,-2.386897723768044,3.848640371864535,-151.31439322294412,0.0,100.24460994513586,0.0,True
0.1,5.0,3.0,3.0,3.0,8.0,1.1000741403744836,5.918791611449683e-19,0.3192832481946293,13.224283854970535,0.0,-19.893628841042716,0.0,True
0.1,5.0,3.0,3.0,3.0,8.0,-9.382608280557198e-29,7.386303251317223e-24,1.0,-6.0,0.0,-10.12,0.0,False
0.1,5.0,3.0,3.0,3.0,8.0,-8.504176022998054e-21,0.6840537753671423,1.1754735878477653,-13.418936995196876,0.0,11.4499603473761,0.0,True
0.1,5.0,3.0,3.0,3.0,8.0,1.9491553899435266e-23,-2.8854480823826933,4.122178988547236,-193.20504225366244,0.0,116.585088660016,0.0,True
0.1,5.0,3.0,3.0,3.0,10.0,1.1483248502338772,6.647815396622025e-27,0.4066075172509046,15.5491023076473,0.0,-20.338113256483403,0.0,True
0.1,5.0,3.0,3.0,3.0,10.0,1.0156550075929421e-21,2.7100588777600743e-17,1.0,-6.0,0.0,-10.12,0.0,False
0.1,5.0,3.0,3.0,3.0,10.0,-4.3923431890439985e-22,0.6993236796618852,1.1467160826807516,-13.249774199608929,0.0,11.19402697633918,0.0,True
0.1,5.0,3.0,3.0,3.0,10.0,2.909955155889062e-23,-3.3466177300156037,4.359955069256438,-236.805607765778,0.0,131.88341302233692,0.0,True
0.1,5.0,3.0,5.0,0.5,4.0,1.0936623943900359,5.894072021623939e-21,0.4019512835485268,11.156144923440818,0.0,-19.309345810750692,0.0,True
0.1,5.0,3.0,5.0,0.5,4.0,3.8070372065702664e-24,3.952515383882846e-17,1.0,-3.5,0.0,-8.12,0.0,False
0.1,5.0,3.0,5.0,0.5,4.0,6.738206883239075e-24,0.4261961331033995,1.2270539298403633,-7.260623570418682,0.0,11.163841604242917,0.0,True
0.1,5.0,3.0,5.0,0.5,6.0,1.157570185051126,5.501356794160732e-26,0.5533437555602341,13.5776587067098,0.0,-19.427870530830372,0.0,True
0.1,5.0,3.0,5.0,0.5,6.0,2.1418040259288935e-19,2.2267020699897914e-18,1.0,-3.4999999999999996,0.0,-8.12,0.0,False
0.1,5.0,3.0,5.0,0.5,6.0,1.5372420126248954e-22,0.4674660037540116,1.182103720554788,-7.285820354259723,0.0,10.43846368114631,0.0,True
0.1,5.0,3.0,5.0,0.5,8.0,1.1973632451414744,-2.2913487608312944e-21,0.6415803147960694,14.97240233302659,0.0,-19.448894132102858,0.0,True
0.1,5.0,3.0,5.0,0.5,8.0,5.410888756669287e-19,7.031849232268833e-23,1.0,-3.5,0.0,-8.12,0.0,False
0.1,5.0,3.0,5.0,0.5,8.0,-9.099437965107452e-17,0.4938606134207716,1.152436440930213,-7.321509554495853,0.0,9.992917437154194,0.0,True
0.1,5.0,3.0,5.0,0.5,10.0,2.6126690286769178e-20,-9.939254804965585e-27,1.0,-3.5000000000000004,0.0,-8.12,0.0,False
0.1,5.0,3.0,5.0,0.5,10.0,1.2243632178832196,-2.6942921017708534e-24,0.7001869421389295,15.887252021477622,0.0,-19.438223172726985,0.0,True
0.1,5.0,3.0,5.0,0.5,10.0,1.7722647546536223e-22,0.5123140996718912,1.1312328683613102,-7.355531783093273,0.0,9.690659669688161,0.0,True
0.1,5.0,3.0,5.0,1.0,4.0,1.061624450262347,3.0411903489067973e-20,0.2955959541282308,10.087950897451805,0.0,-19.276337028874863,0.0,True
0.1,5.0,3.0,5.0,1.0,4.0,2.6203311639169053e-18,1.733882522807055e-17,1.0,-4.0,0.0,-8.12,0.0,False
0.1,5.0,3.0,5.0,1.0,4.0,1.8196357889032716e-21,-1.0208969470536047,2.302788220629213,-32.63418147475157,0.0,46.6067394234456,0.0,True
0.1,5.0,3.0,5.0,1.0,4.0,-2.863637030066829e-23,0.4261961331033996,1.2270539298403633,-8.013454243787024,0.0,11.163841604242922,0.0,True
0.1,5.0,3.0,5.0,1.0,6.0,1.1330511938436136,1.0073489207279146e-21,0.46508124672065076,13.162626960485246,0.0,-19.54875646578589,0.0,True
0.1,5.0,3.0,5.0,1.0,6.0,8.015078828638367e-21,1.6630049523145048e-17,1.0,-4.0,0.0,-8.12,0.0,False
0.1,5.0,3.0,5.0,1.0,6.0,-2.5659771702189614e-26,-1.3291401432722414,2.4721779337147956,-43.80873912800241,0.0,55.351397364899356,0.0,True
0.1,5.0,3.0,5.0,1.0,6.0,1.1191215193263692e-17,0.4674660037540117,1.182103720554788,-7.984504957334463,0.0,10.43846368114632,0.0,True
0.1,5.0,3.0,5.0,1.0,8.0,1.1801526710787993,-7.303739873359482e-26,0.5647623977954923,14.960404465006949,0.0,-19.672865083449814,0.0,True
0.1,5.0,3.0,5.0,1.0,8.0,1.5502824766115994e-21,1.175546228264875e-17,1.0,-4.0,0.0,-8.12,0.0,False
0.1,5.0,3.0,5.0,1.0,8.0,-1.6319985961648501e-24,-1.6079653733253538,2.6159704011333402,-55.71086151269718,0.0,63.45010907141916,0.0,True
0.1,5.0,3.0,5.0,1.0,8.0,1.2441188192677505e-21,0.4938606134207714,1.1524364409302128,-7.985564429687797,0.0,9.992917437154183,0.0,True
0.1,5.0,3.0,5.0,1.0,10.0,1.2130684658584387,-2.991689001462397e-20,0.6321162242849634,16.160436571067155,0.0,-19.730625746710462,0.0,True
0.1,5.0,3.0,5.0,1.0,10.0,2.904810157102467e-20,8.064319346002349e-18,1.0,-4.0,0.0,-8.12,0.0,False
0.1,5.0,3.0,5.0,1.0,10.0,5.061655000869152e-25,-1.8669753268093439,2.742798435457428,-68.29391473541769,0.0,71.10818015406716,0.0,True
0.1,5.0,3.0,5.0,1.0,10.0,1.3138261534370324e-21,0.5123140996718911,1.1312328683613102,-7.995375684323751,0.0,9.690659669688154,0.0,True
0.1,5.0,3.0,5.0,1.0,10.0,4.451565404111688,-4.491217704886257,6.131409599570873,2575.9633202496216,0.0,318.3996110416897,0.0,True
0.1,5.0,3.0,5.0,3.0,4.0,3.7090481398845125e-20,1.912235161300418e-23,1.0,-6.0,0.0,-8.12,0.0,False
0.1,5.0,3.0,5.0,3.0,4.0,-6.840335340383884e-23,0.4261961331033996,1.2270539298403633,-11.024776937260382,0.0,11.163841604242922,0.0,True
0.1,5.0,3.0,5.0,3.0,4.0,-5.872512819115709e-23,-1.0208969470536047,2.302788220629213,-43.23984865288889,0.0,46.6067394234456,0.0,True
0.1,5.0,3.0,5.0,3.0,6.0,1.0396415280540143,-6.917643478874376e-19,0.18935911985913556,9.77954235191592,0.0,-19.26371448372961,0.0,True
0.1,5.0,3.0,5.0,3.0,6.0,-7.386186892792959e-29,5.211436778249935e-22,1.0,-6.0,0.0,-8.12,0.0,False
0.1,5.0,3.0,5.0,3.0,6.0,-7.12973472214882e-26,0.4674660037540116,1.182103720554788,-10.779243369633404,0.0,10.43846368114631,0.0,True
0.1,5.0,3.0,5.0,3.0,6.0,-4.5984391968500634e-21,-1.3291401432722414,2.4721779337147956,-56.03206659989512,0.0,55.351397364899356,0.0,True
0.1,5.0,3.0,5.0,3.0,8.0,1.1000741403744836,5.942617644265478e-19,0.3192832481946293,13.224283854970535,0.0,-19.68974525588729,0.0,True
0.1,5.0,3.0,5.0,3.0,8.0,1.7320038184060385e-22,2.6301232452902468e-17,1.0,-6.0,0.0,-8.12,0.0,False
0.1,5.0,3.0,5.0,3.0,8.0,2.172757066895336e-23,0.4938606134207713,1.1524364409302128,-10.641783930455588,0.0,9.99291743715418,0.0,True
0.1,5.0,3.0,5.0,3.0,8.0,-3.4562053606973344e-22,-1.6079653733253538,2.6159704011333402,-69.39746379190863,0.0,63.45010907141916,0.0,True
0.1,5.0,3.0,5.0,3.0,10.0,1.1483248502338774,5.18837665490464e-20,0.40660751725090427,15.549102307647308,0.0,-20.00745391031352,0.0,True
0.1,5.0,3.0,5.0,3.0,10.0,2.1510170069805313e-24,5.206355218723327e-18,1.0,-6.0,0.0,-8.12,0.0,False
0.1,5.0,3.0,5.0,3.0,10.0,1.1665835994032988e-23,0.5123140996718912,1.1312328683613102,-10.554751289245667,0.0,9.690659669688161,0.0,True
0.1,5.0,3.0,5.0,3.0,10.0,3.6321953061600935e-22,-1.866975326809344,2.7427984354574284,-83.33980125051315,0.0,71.1081801540672,0.0,True
0.1,5.0,3.0,7.0,0.5,4.0,1.0936623943900359,5.420301018879278e-22,0.4019512835485268,11.156144923440818,0.0,-18.986216142058076,0.0,True
0.1,5.0,3.0,7.0,0.5,4.0,1.736403400198526e-25,3.700390476015601e-21,1.0,-3.5,0.0,-6.119999999999999,0.0,False
0.1,5.0,3.0,7.0,0.5,4.0,1.318549069987478e-22,0.29349050124365555,1.1507391800604414,-5.578760262391583,0.0,8.707516829357354,0.0,True
0.1,5.0,3.0,7.0,0.5,6.0,1.1575701850511264,-1.267743953823446e-20,0.5533437555602336,13.577658706709824,0.0,-18.815491907195376,0.0,True
0.1,5.0,3.0,7.0,0.5,6.0,-9.926852490199212e-28,1.3030650359827876e-23,1.0,-3.4999999999999996,0.0,-6.12,0.0,False
0.1,5.0,3.0,7.0,0.5,6.0,-1.3453549422001224e-25,0.32597713521502736,1.123971274796829,-5.586211568795069,0.0,8.178344263625412,0.0,True
0.1,5.0,3.0,7.0,0.5,8.0,3.1982576201551525,-2.4940453045275865,3.8855162821864644,975.0552658267404,0.0,145.4661516279328,0.0,True
0.1,5.0,3.0,7.0,0.5,8.0,1.8767089287629256e-23,5.3466534242004354e-20,1.0,-3.5,0.0,-6.119999999999999,0.0,False
0.1,5.0,3.0,7.0,0.5,8.0,-2.0778428020511134e-20,0.34765021224870574,1.1057530863169989,-5.604047551687699,0.0,7.835401229014964,0.0,True
0.1,5.0,3.0,7.0,0.5,8.0,1.1973632451414746,6.100820847801132e-20,0.6415803147960693,14.972402333026604,0.0,-18.625643531435216,0.0,True
0.1,5.0,3.0,7.0,0.5,8.0,3.32970052965704e-26,-1.0466728820401574,1.958583606748468,-25.433118483284243,0.0,38.83670364814349,0.0,True
0.1,5.0,3.0,7.0,0.5,10.0,2.4959829248140957e-20,-7.7754982929447615e-25,1.0,-3.5000000000000004,0.0,-6.119999999999998,0.0,False
0.1,5.0,3.0,7.0,0.5,10.0,3.055390814553056e-23,0.36331339931827683,1.0923976382869411,-5.623347122793355,0.0,7.592850730798269,0.0,True
0.1,5.0,3.0,7.0,0.5,10.0,1.2243632178832196,1.076599615218727e-25,0.7001869421389295,15.887252021477622,0.0,-18.457699664843258,0.0,True
0.1,5.0,3.0,7.0,1.0,4.0,1.061624450262347,4.039388796154155e-21,0.2955959541282308,10.087950897451805,0.0,-19.101583092680904,0.0,True
0.1,5.0,3.0,7.0,1.0,4.0,2.6322001341688747e-22,-5.160689615801609e-25,1.0,-4.0,0.0,-6.119999999999999,0.0,False
0.1,5.0,3.0,7.0,1.0,4.0,-6.311921217533786e-22,0.2934905012436556,1.1507391800604414,-6.240860592654672,0.0,8.707516829357356,0.0,True
0.1,5.0,3.0,7.0,1.0,4.0,8.295196798003166e-23,-0.6608940977061828,1.7643667646700216,-17.23908017296489,0.0,29.09052227495474,0.0,True
0.1,5.0,3.0,7.0,1.0,6.0,1.1330511938436136,8.515403059846723e-23,0.46508124672065076,13.162626960485246,0.0,-19.11615533368342,0.0,True
0.1,5.0,3.0,7.0,1.0,6.0,-3.8298090129929532e-19,0.32597713521502736,1.123971274796829,-6.217867282079274,0.0,8.178344263625412,0.0,True
0.1,5.0,3.0,7.0,1.0,6.0,6.325255168158873e-31,3.3478337005764253e-22,1.0,-4.0,0.0,-6.12,0.0,False
0.1,5.0,3.0,7.0,1.0,6.0,-2.266444081265556e-23,-0.8628261640089473,1.8685471541814604,-22.12525399230895,0.0,34.121517498311555,0.0,True
0.1,5.0,3.0,7.0,1.0,8.0,1.1801526710787993,2.838610020262796e-21,0.5647623977954923,14.960404465006949,0.0,-19.034951951522388,0.0,True
0.1,5.0,3.0,7.0,1.0,8.0,-3.3536988493592693e-29,8.391515767897565e-24,1.0,-4.0,0.0,-6.119999999999999,0.0,False
0.1,5.0,3.0,7.0,1.0,8.0,-4.572311113927185e-21,0.34765021224870585,1.1057530863169989,-6.2153924956374835,0.0,7.83540122901497,0.0,True
0.1,5.0,3.0,7.0,1.0,10.0,1.2130684658584387,-5.925171651121927e-23,0.6321162242849634,16.160436571067155,0.0,-18.931483904701906,0.0,True
0.1,5.0,3.0,7.0,1.0,10.0,1.0117735918155078e-19,5.357798050888465e-17,1.0,-4.0,0.0,-6.1199999999999966,0.0,False
0.1,5.0,3.0,7.0,1.0,10.0,1.6384974519209368e-19,0.3633133993182767,1.0923976382869411,-6.220013422860796,0.0,7.592850730798262,0.0,True
0.1,5.0,3.0,7.0,1.0,10.0,3.58793225765927e-22,-1.218358051935337,2.0390774399009683,-32.90033113981609,0.0,43.340404606947736,0.0,True
0.1,5.0,3.0,7.0,3.0,4.0,1.2023605802904885e-18,-2.3841061390001595e-74,1.0,-6.0,0.0,-6.119999999999999,0.0,False
0.1,5.0,3.0,7.0,3.0,4.0,4.20816524603828e-23,0.2934905012436556,1.1507391800604414,-8.889261913707026,0.0,8.707516829357356,0.0,True
0.1,5.0,3.0,7.0,3.0,6.0,1.0396415280540143,-1.3425767414061765e-18,0.18935911985913556,9.77954235191592,0.0,-19.19200073118196,0.0,True
0.1,5.0,3.0,7.0,3.0,6.0,-8.093480790439791e-32,5.683516794979117e-25,1.0,-6.0,0.0,-6.12,0.0,False
0.1,5.0,3.0,7.0,3.0,6.0,2.9482246522244603e-26,0.3259771352150273,1.123971274796829,-8.74449013521609,0.0,8.178344263625409,0.0,True
0.1,5.0,3.0,7.0,3.0,6.0,-7.110594984435895e-26,-0.8628261640089473,1.8685471541814604,-29.108190927108218,0.0,34.121517498311555,0.0,True
0.1,5.0,3.0,7.0,3.0,8.0,1.1000741403744836,3.9512548950461645e-19,0.3192832481946293,13.224283854970535,0.0,-19.485861670731865,0.0,True
0.1,5.0,3.0,7.0,3.0,8.0,1.4860206745146071e-24,6.774281704985514e-18,1.0,-6.0,0.0,-6.119999999999999,0.0,False
0.1,5.0,3.0,7.0,3.0,8.0,-3.061949997342464e-20,0.347650212248706,1.105753086316999,-8.660772271436624,0.0,7.835401229014979,0.0,True
0.1,5.0,3.0,7.0,3.0,8.0,8.741708478665087e-24,-1.0466728820401574,1.958583606748468,-35.023242844843836,0.0,38.83670364814349,0.0,True
0.1,5.0,3.0,7.0,3.0,10.0,1.1483248502338772,2.4732594332819544e-19,0.4066075172509046,15.5491023076473,0.0,-19.676794564143627,0.0,True
0.1,5.0,3.0,7.0,3.0,10.0,1.2923310401581099e-26,1.5478510583647693e-18,1.0,-6.0,0.0,-6.119999999999998,0.0,False
0.1,5.0,3.0,7.0,3.0,10.0,-9.658080860606023e-24,0.36331339931827683,1.0923976382869411,-8.606678623130572,0.0,7.592850730798269,0.0,True
0.1,5.0,5.0,3.0,0.5,4.0,1.037674071820912,7.551514050225293e-19,0.19242439050295657,9.45696180383348,0.0,-19.308008315895638,0.0,True
0.1,5.0,5.0,3.0,0.5,4.0,8.943816056221453e-21,1.5943801255021814e-17,1.0,-5.5,0.0,-10.12,0.0,False
0.1,5.0,5.0,3.0,0.5,4.0,-2.0877821112337317e-17,0.6203175229988641,1.2885953720045848,-13.349969549694322,0.0,12.601157830709688,0.0,True
0.1,5.0,5.0,3.0,0.5,6.0,1.1202255115929864,6.272191910427449e-22,0.37254740158811595,13.856859298392953,0.0,-20.044820702128874,0.0,True
0.1,5.0,5.0,3.0,0.5,6.0,6.026850773095122e-24,1.8952588700131142e-19,1.0,-5.499999999999999,0.0,-10.12,0.0,False
0.1,5.0,5.0,3.0,0.5,6.0,-2.2737830909250986e-26,-2.386897723768044,3.848640371864535,-143.9083768669713,0.0,100.24460994513586,0.0,True
0.1,5.0,5.0,3.0,0.5,6.0,-6.397371223707804e-18,0.6606513798343444,1.2182301228385115,-12.946069769671418,0.0,11.858000215658084,0.0,True
0.1,5.0,5.0,3.0,0.5,8.0,1.1786744957317785,6.866642116079013e-24,0.4790224124167891,16.45681628177736,0.0,-20.55886295150529,0.0,True
0.1,5.0,5.0,3.0,0.5,8.0,2.8099573074327402e-28,4.976313152902116e-20,1.0,-5.5,0.0,-10.12,0.0,False
0.1,5.0,5.0,3.0,0.5,8.0,9.514935801575302e-21,0.6840537753671422,1.1754735878477653,-12.728067917333025,0.0,11.449960347376097,0.0,True
0.1,5.0,5.0,3.0,0.5,10.0,-1.2822814107509953e-23,-3.3466177300156037,4.359955069256438,-227.30100366281056,0.0,131.88341302233692,0.0,True
0.1,5.0,5.0,3.0,0.5,10.0,1.2209936604388725,1.4039950753619073e-21,0.5527523443504251,18.234048997844305,0.0,-20.924723822612037,0.0,True
0.1,5.0,5.0,3.0,0.5,10.0,-3.188326467272029e-28,2.6214374258977284e-20,1.0,-5.5,0.0,-10.12,0.0,False
0.1,5.0,5.0,3.0,0.5,10.0,1.4436337581274527e-23,0.6993236796618852,1.1467160826807516,-12.592295312469584,0.0,11.19402697633918,0.0,True
0.1,5.0,5.0,3.0,1.0,4.0,1.0124301789065162,3.404511823070955e-21,0.10311199123440462,7.549952615960239,0.0,-19.08444072468101,0.0,True
0.1,5.0,5.0,3.0,1.0,4.0,1.1700272533559053e-24,2.924486974417514e-19,1.0,-6.0,0.0,-10.12,0.0,False
0.1,5.0,5.0,3.0,1.0,4.0,-7.765506361317293e-23,0.6203175229988641,1.2885953720045848,-14.180208566070139,0.0,12.601157830709688,0.0,True
0.1,5.0,5.0,3.0,1.0,6.0,1.0921936725326629,9.325457965366526e-20,0.30414923931310833,12.820857771787766,0.0,-19.820868777850027,0.0,True
0.1,5.0,5.0,3.0,1.0,6.0,4.070373233027319e-21,2.5178870784398667e-17,1.0,-6.0,0.0,-10.12,0.0,False
0.1,5.0,5.0,3.0,1.0,6.0,6.292800238933187e-24,0.6606513798343442,1.2182301228385115,-13.688112085766978,0.0,11.858000215658073,0.0,True
0.1,5.0,5.0,3.0,1.0,6.0,3.9347487644166103e-19,-2.386897723768044,3.848640371864535,-151.31439322294412,0.0,100.24460994513586,0.0,True
0.1,5.0,5.0,3.0,1.0,8.0,1.1543342636120595,4.538160864448183e-25,0.417036678434902,15.825748839040122,0.0,-20.393293640590404,0.0,True
0.1,5.0,5.0,3.0,1.0,8.0,2.0038837196485016e-23,3.2836086781283296e-18,1.0,-6.0,0.0,-10.12,0.0,False
0.1,5.0,5.0,3.0,1.0,8.0,6.571311920256444e-25,0.6840537753671422,1.1754735878477653,-13.418936995196876,0.0,11.449960347376097,0.0,True
0.1,5.0,5.0,3.0,1.0,10.0,1.2006330110866508,-1.1633067953003067e-28,0.4954681304411508,17.893553053250344,0.0,-20.816423814920785,0.0,True
0.1,5.0,5.0,3.0,1.0,10.0,2.201931667525306e-25,1.6111571939714986e-18,1.0,-6.0,0.0,-10.12,0.0,False
0.1,5.0,5.0,3.0,1.0,10.0,2.668006467547984e-26,-3.3466177300156033,4.359955069256436,-236.8056077657779,0.0,131.8834130223368,0.0,True
0.1,5.0,5.0,3.0,1.0,10.0,1.1440371461496544e-25,0.6993236796618851,1.1467160826807516,-13.249774199608925,0.0,11.194026976339174,0.0,True
0.1,5.0,5.0,3.0,3.0,4.0,6.632296942458998e-23,-5.6861085244737965e-101,1.0,-8.0,0.0,-10.12,0.0,False
0.1,5.0,5.0,3.0,3.0,4.0,-8.13604000829812e-24,0.6203175229988641,1.2885953720045848,-17.501164631573406,0.0,12.601157830709688,0.0,True
0.1,5.0,5.0,3.0,3.0,4.0,2.415171617043992e-27,-1.832989281291648,3.519887278997554,-135.94080442520806,0.0,82.3878107636686,0.0,True
0.1,5.0,5.0,3.0,3.0,6.0,1.0075805837746838,3.403231571241541e-21,0.06938291993357826,7.266321406384037,0.0,-19.044587033142907,0.0,True
0.1,5.0,5.0,3.0,3.0,6.0,7.293779347011117e-33,3.789673638489253e-24,1.0,-8.0,0.0,-10.12,0.0,False
0.1,5.0,5.0,3.0,3.0,6.0,5.341599056381064e-27,-2.386897723768044,3.848640371864535,-180.93845864683527,0.0,100.24460994513586,0.0,True
0.1,5.0,5.0,3.0,3.0,6.0,-1.2413250196597494e-26,0.6606513798343444,1.2182301228385115,-16.656281350149257,0.0,11.858000215658084,0.0,True
0.1,5.0,5.0,3.0,3.0,8.0,1.0664531075952295,3.473858202762783e-19,0.21809096639407854,12.36375619124238,0.0,-19.630644040724096,0.0,True
0.1,5.0,5.0,3.0,3.0,8.0,6.484430330029475e-23,2.3935017738907965e-18,1.0,-8.0,0.0,-10.12,0.0,False
0.1,5.0,5.0,3.0,3.0,8.0,2.807374460564508e-22,0.6840537753671423,1.1754735878477653,-16.182413306652272,0.0,11.4499603473761,0.0,True
0.1,5.0,5.0,3.0,3.0,10.0,1.1205470340037136,9.469201437871642e-20,0.3094058895220143,15.5633480631329,0.0,-20.178214070762216,0.0,True
0.1,5.0,5.0,3.0,3.0,10.0,-1.5048987881260965e-29,6.84588134809195e-23,1.0,-8.0,0.0,-10.12,0.0,False
0.1,5.0,5.0,3.0,3.0,10.0,8.549163662328428e-21,0.6993236796618851,1.1467160826807516,-15.879689748166303,0.0,11.194026976339174,0.0,True
0.1,5.0,5.0,5.0,0.5,4.0,1.037674071820912,-6.643715251950111e-19,0.19242439050295657,9.45696180383348,0.0,-19.233954023774768,0.0,True
0.1,5.0,5.0,5.0,0.5,4.0,1.0537095156658408e-24,4.5464136560676694e-20,1.0,-5.5,0.0,-8.12,0.0,False
0.1,5.0,5.0,5.0,0.5,4.0,5.939756007766472e-17,0.4261961331033995,1.2270539298403633,-10.27194626389204,0.0,11.163841604242917,0.0,True
0.1,5.0,5.0,5.0,0.5,6.0,1.1202255115929864,2.4910934286083715e-22,0.37254740158811595,13.856859298392953,0.0,-19.767237569268758,0.0,True
0.1,5.0,5.0,5.0,0.5,6.0,-2.1584674962445285e-27,7.072892418767252e-22,1.0,-5.499999999999999,0.0,-8.12,0.0,False
0.1,5.0,5.0,5.0,0.5,6.0,-2.3489625569253055e-20,0.4674660037540116,1.182103720554788,-10.080558766558667,0.0,10.43846368114631,0.0,True
0.1,5.0,5.0,5.0,0.5,8.0,1.1786744957317785,4.326826753572704e-25,0.4790224124167891,16.45681628177736,0.0,-20.099938008310087,0.0,True
0.1,5.0,5.0,5.0,0.5,8.0,-2.170454917552632e-28,1.33138961137725e-22,1.0,-5.5,0.0,-8.12,0.0,False
0.1,5.0,5.0,5.0,0.5,8.0,1.4138749409950283e-20,0.4938606134207713,1.1524364409302128,-9.97772905526364,0.0,9.99291743715418,0.0,True
0.1,5.0,5.0,5.0,0.5,8.0,2.2699945864277747e-24,-1.607965373325354,2.6159704011333407,-65.9758132221058,0.0,63.450109071419185,0.0,True
0.1,5.0,5.0,5.0,0.5,10.0,1.2209936604388725,-7.211664310618467e-20,0.5527523443504251,18.234048997844305,0.0,-20.313653514242258,0.0,True
0.1,5.0,5.0,5.0,0.5,10.0,-3.470613028486404e-30,3.601099742451211e-23,1.0,-5.5,0.0,-8.12,0.0,False
0.1,5.0,5.0,5.0,0.5,10.0,1.1352495560376832e-19,0.5123140996718912,1.1312328683613102,-9.914907388015187,0.0,9.690659669688161,0.0,True
0.1,5.0,5.0,5.0,1.0,4.0,1.0124301789065162,1.3399005180877091e-20,0.10311199123440462,7.549952615960239,0.0,-19.06317655920836,0.0,True
0.1,5.0,5.0,5.0,1.0,4.0,1.4120067529436088e-32,1.9686944145340096e-24,1.0,-6.0,0.0,-8.12,0.0,False
0.1,5.0,5.0,5.0,1.0,4.0,4.025520714525957e-25,0.42619613310339954,1.2270539298403633,-11.02477693726038,0.0,11.163841604242918,0.0,True
0.1,5.0,5.0,5.0,1.0,4.0,1.574753169083496e-23,-1.0208969470536047,2.302788220629213,-43.23984865288889,0.0,46.6067394234456,0.0,True
0.1,5.0,5.0,5.0,1.0,6.0,1.0921936725326629,5.836453439353044e-20,0.30414923931310833,12.820857771787766,0.0,-19.635855258300545,0.0,True
0.1,5.0,5.0,5.0,1.0,6.0,2.1114619434709393e-24,6.783207630029815e-19,1.0,-6.0,0.0,-8.12,0.0,False
0.1,5.0,5.0,5.0,1.0,6.0,-1.1255000641261305e-17,0.4674660037540119,1.1821037205547882,-10.779243369633413,0.0,10.438463681146331,0.0,True
0.1,5.0,5.0,5.0,1.0,8.0,1.1543342636120595,1.0675157894504696e-25,0.417036678434902,15.825748839040122,0.0,-20.045454458270374,0.0,True
0.1,5.0,5.0,5.0,1.0,8.0,2.023429377449862e-27,1.0279960980457715e-19,1.0,-6.0,0.0,-8.12,0.0,False
0.1,5.0,5.0,5.0,1.0,8.0,-4.434337031819299e-25,0.4938606134207713,1.1524364409302128,-10.641783930455588,0.0,9.99291743715418,0.0,True
0.1,5.0,5.0,5.0,1.0,10.0,1.2006330110866508,-1.6465560005447933e-20,0.4954681304411508,17.893553053250344,0.0,-20.325446478355087,0.0,True
0.1,5.0,5.0,5.0,1.0,10.0,-7.039454984150119e-28,4.3175482498210536e-20,1.0,-6.0,0.0,-8.12,0.0,False
0.1,5.0,5.0,5.0,1.0,10.0,1.8459919472910677e-23,0.5123140996718912,1.1312328683613102,-10.554751289245667,0.0,9.690659669688161,0.0,True
0.1,5.0,5.0,5.0,3.0,4.0,6.043545436432314e-23,5.349437253866562e-74,1.0,-8.0,0.0,-8.12,0.0,False
0.1,5.0,5.0,5.0,3.0,4.0,-1.0351451730971842e-23,0.42619613310339954,1.2270539298403633,-14.036099630733741,0.0,11.163841604242918,0.0,True
0.1,5.0,5.0,5.0,3.0,6.0,1.0075805837746838,1.2635891080015359e-20,0.06938291993357826,7.266321406384037,0.0,-19.03495905398589,0.0,True
0.1,5.0,5.0,5.0,3.0,6.0,1.1774403167712566e-18,9.0014833403665e-19,1.0,-8.0,0.0,-8.12,0.0,False
0.1,5.0,5.0,5.0,3.0,6.0,-5.785720449057121e-22,0.4674660037540115,1.182103720554788,-13.573981781932348,0.0,10.438463681146306,0.0,True
0.1,5.0,5.0,5.0,3.0,8.0,1.0664531075952295,-2.225746366189563e-18,0.21809096639407854,12.36375619124238,0.0,-19.53551670147869,0.0,True
0.1,5.0,5.0,5.0,3.0,8.0,2.8967469422085843e-24,3.108244640848044e-17,1.0,-8.0,0.0,-8.12,0.0,False
0.1,5.0,5.0,5.0,3.0,8.0,-3.1233172605189215e-25,0.4938606134207713,1.1524364409302128,-13.298003431223378,0.0,9.99291743715418,0.0,True
0.1,5.0,5.0,5.0,3.0,10.0,1.1205470340037136,9.223867907682797e-20,0.3094058895220143,15.5633480631329,0.0,-19.986750061820395,0.0,True
0.1,5.0,5.0,5.0,3.0,10.0,-9.832962923927848e-29,2.9341950415440425e-20,1.0,-8.0,0.0,-8.12,0.0,False
0.1,5.0,5.0,5.0,3.0,10.0,1.1434946855884586e-18,0.5123140996718911,1.1312328683613102,-13.114126894167581,0.0,9.690659669688154,0.0,True
0.1,5.0,5.0,5.0,3.0,10.0,1.1601363187421067e-20,-1.866975326809344,2.7427984354574284,-98.38568776560858,0.0,71.1081801540672,0.0,True
0.1,5.0,5.0,7.0,0.5,4.0,1.037674071820912,-9.09626996675895e-19,0.19242439050295657,9.45696180383348,0.0,-19.159899731653898,0.0,True
0.1,5.0,5.0,7.0,0.5,4.0,2.142178170059709e-18,1.7240801430350873e-17,1.0,-5.5,0.0,-6.119999999999999,0.0,False
0.1,5.0,5.0,7.0,0.5,4.0,-1.3159706837985615e-20,0.29349050124365555,1.1507391800604414,-8.227161583443937,0.0,8.707516829357354,0.0,True
0.1,5.0,5.0,7.0,0.5,4.0,-6.415234606867109e-24,-0.6608940977061828,1.7643667646700216,-21.90856529337313,0.0,29.09052227495474,0.0,True
0.1,5.0,5.0,7.0,0.5,6.0,1.1202255115929864,5.391364938232611e-23,0.37254740158811595,13.856859298392953,0.0,-19.489654436408646,0.0,True
0.1,5.0,5.0,7.0,0.5,6.0,4.650709256745172e-19,1.7082297873011157e-20,1.0,-5.499999999999999,0.0,-6.12,0.0,False
0.1,5.0,5.0,7.0,0.5,6.0,2.0453284647466707e-21,0.32597713521502736,1.123971274796829,-8.112834421931886,0.0,8.178344263625412,0.0,True
0.1,5.0,5.0,7.0,0.5,6.0,-1.1421818439081877e-26,-0.8628261640089472,1.8685471541814604,-27.362456693408397,0.0,34.12151749831154,0.0,True
0.1,5.0,5.0,7.0,0.5,8.0,1.1786744957317785,1.8297478088879718e-26,0.4790224124167891,16.45681628177736,0.0,-19.641013065114887,0.0,True
0.1,5.0,5.0,7.0,0.5,8.0,1.5731456598852727e-20,3.556449694883049e-20,1.0,-5.5,0.0,-6.119999999999999,0.0,False
0.1,5.0,5.0,7.0,0.5,8.0,1.7361876842118411e-22,0.34765021224870585,1.1057530863169989,-8.049427327486836,0.0,7.83540122901497,0.0,True
0.1,5.0,5.0,7.0,0.5,10.0,-1.463465721284709e-23,-1.218358051935337,2.0390774399009683,-39.13708634868573,0.0,43.340404606947736,0.0,True
0.1,5.0,5.0,7.0,0.5,10.0,1.2209936604388725,-6.360047942665313e-20,0.5527523443504251,18.234048997844305,0.0,-19.702583205872475,0.0,True
0.1,5.0,5.0,7.0,0.5,10.0,1.492960536333326e-22,3.34375993072291e-20,1.0,-5.5,0.0,-6.119999999999998,0.0,False
0.1,5.0,5.0,7.0,0.5,10.0,1.80148682843983e-26,0.3633133993182768,1.0923976382869411,-8.010012323063128,0.0,7.5928507307982676,0.0,True
0.1,5.0,5.0,7.0,1.0,4.0,1.0124301789065162,3.587555018063506e-20,0.10311199123440462,7.549952615960239,0.0,-19.041912393735714,0.0,True
0.1,5.0,5.0,7.0,1.0,4.0,2.7903656964806836e-25,2.1947181881025424e-19,1.0,-6.0,0.0,-6.119999999999999,0.0,False
0.1,5.0,5.0,7.0,1.0,4.0,4.0018448735689955e-21,0.29349050124365567,1.1507391800604414,-8.889261913707026,0.0,8.70751682935736,0.0,True
0.1,5.0,5.0,7.0,1.0,4.0,-7.353826284878215e-21,-0.6608940977061828,1.7643667646700216,-23.465060333509207,0.0,29.09052227495474,0.0,True
0.1,5.0,5.0,7.0,1.0,6.0,1.0921936725326629,2.1147052093986798e-20,0.30414923931310833,12.820857771787766,0.0,-19.45084173875106,0.0,True
0.1,5.0,5.0,7.0,1.0,6.0,-1.6725133860028412e-27,3.750020101078432e-21,1.0,-6.0,0.0,-6.12,0.0,False
0.1,5.0,5.0,7.0,1.0,6.0,-3.3246832878722335e-19,0.32597713521502747,1.123971274796829,-8.744490135216093,0.0,8.17834426362542,0.0,True
0.1,5.0,5.0,7.0,1.0,8.0,1.1543342636120595,7.079624875372182e-27,0.417036678434902,15.825748839040122,0.0,-19.69761527595034,0.0,True
0.1,5.0,5.0,7.0,1.0,8.0,-4.747497239007228e-28,7.280972216112443e-22,1.0,-6.0,0.0,-6.119999999999999,0.0,False
0.1,5.0,5.0,7.0,1.0,8.0,-5.3623987546538005e-24,-1.0466728820401572,1.9585836067484677,-35.02324284484383,0.0,38.836703648143455,0.0,True
0.1,5.0,5.0,7.0,1.0,8.0,5.588178318792744e-23,0.3476502122487058,1.1057530863169989,-8.66077227143662,0.0,7.835401229014966,0.0,True
0.1,5.0,5.0,7.0,1.0,10.0,1.2006330110866508,-3.701010634283075e-21,0.4954681304411508,17.893553053250344,0.0,-19.834469141789388,0.0,True
0.1,5.0,5.0,7.0,1.0,10.0,-3.5750724594044296e-29,2.5627172025281356e-22,1.0,-6.0,0.0,-6.119999999999998,0.0,False
0.1,5.0,5.0,7.0,1.0,10.0,2.693896161501579e-19,-1.218358051935337,2.0390774399009683,-41.21600475164227,0.0,43.340404606947736,0.0,True
0.1,5.0,5.0,7.0,1.0,10.0,1.7108487146296732e-23,0.36331339931827666,1.0923976382869411,-8.606678623130568,0.0,7.5928507307982605,0.0,True
0.1,5.0,5.0,7.0,3.0,4.0,3.593982757693443e-23,-2.053605614428917e-29,1.0,-8.0,0.0,-6.119999999999999,0.0,False
0.1,5.0,5.0,7.0,3.0,4.0,-1.4621093914384245e-27,0.2934905012436556,1.1507391800604414,-11.53766323475938,0.0,8.707516829357356,0.0,True
0.1,5.0,5.0,7.0,3.0,4.0,3.089477582620077e-21,-0.6608940977061829,1.7643667646700218,-29.691040494053535,0.0,29.090522274954758,0.0,True
0.1,5.0,5.0,7.0,3.0,6.0,1.0075805837746838,4.3224671067985815e-20,0.06938291993357826,7.266321406384037,0.0,-19.02533107482887,0.0,True
0.1,5.0,5.0,7.0,3.0,6.0,-3.2339087151573675e-30,1.1815432824552263e-20,1.0,-8.0,0.0,-6.12,0.0,False
0.1,5.0,5.0,7.0,3.0,6.0,-2.493832416780171e-22,0.32597713521502736,1.123971274796829,-11.271112988352908,0.0,8.178344263625412,0.0,True
0.1,5.0,5.0,7.0,3.0,6.0,-6.909418098664622e-24,-0.8628261640089472,1.8685471541814604,-36.09112786190748,0.0,34.12151749831154,0.0,True
0.1,5.0,5.0,7.0,3.0,8.0,1.0664531075952295,-7.317458074325797e-18,0.21809096639407854,12.36375619124238,0.0,-19.440389362233283,0.0,True
0.1,5.0,5.0,7.0,3.0,8.0,-7.306567745185775e-29,4.0475111887425754e-19,1.0,-8.0,0.0,-6.119999999999999,0.0,False
0.1,5.0,5.0,7.0,3.0,8.0,2.457498346815066e-20,0.34765021224870585,1.1057530863169989,-11.106152047235756,0.0,7.83540122901497,0.0,True
0.1,5.0,5.0,7.0,3.0,8.0,-2.2646705906841645e-19,-1.0466728820401574,1.958583606748468,-42.695342334091514,0.0,38.83670364814349,0.0,True
0.1,5.0,5.0,7.0,3.0,10.0,1.1205470340037136,6.862964707809604e-20,0.3094058895220143,15.5633480631329,0.0,-19.795286052878577,0.0,True
0.1,5.0,5.0,7.0,3.0,10.0,-1.0297810114898374e-30,1.2340952118181013e-21,1.0,-8.0,0.0,-6.119999999999998,0.0,False
0.1,5.0,5.0,7.0,3.0,10.0,-5.433833265065184e-24,0.3633133993182767,1.0923976382869411,-10.993343823400341,0.0,7.592850730798262,0.0,True
0.1,5.0,5.0,7.0,3.0,10.0,1.2384863776480215e-24,-1.218358051935337,2.0390774399009683,-49.531678363468444,0.0,43.340404606947736,0.0,True
0.1,5.5,1.0,3.0,0.5,4.0,1.1062264293418556,1.5385782798894673e-22,0.6940657717563922,10.315980633051854,0.0,-18.833679054329032,0.0,True
0.1,5.5,1.0,3.0,0.5,4.0,2.104942596011543e-19,1.096638750277178e-17,1.0,-1.5,0.0,-10.12,0.0,False
0.1,5.5,1.0,3.0,0.5,4.0,-6.539885085770011e-19,0.6203175229988641,1.2885953720045848,-6.708057418687783,0.0,12.601157830709688,0.0,True
0.1,5.5,1.0,3.0,0.5,6.0,1.130496901813633,2.9342890101384225e-29,0.7869961258316295,11.002370224453081,0.0,-18.738347277087826,0.0,True
0.1,5.5,1.0,3.0,0.5,6.0,5.09770344260205e-19,2.94129568771514e-17,1.0,-1.5,0.0,-10.12,0.0,False
0.1,5.5,1.0,3.0,0.5,6.0,8.062189266237851e-26,0.6606513798343442,1.2182301228385115,-7.009731240906873,0.0,11.858000215658073,0.0,True
0.1,5.5,1.0,3.0,0.5,8.0,6.705337803591656e-18,7.132944182687966e-29,1.0,-1.5,0.0,-10.12,0.0,False
0.1,5.5,1.0,3.0,0.5,8.0,1.1438341785483817,-5.905582829536918e-19,0.8364554214980686,11.36629046863622,0.0,-18.674913257429857,0.0,True
0.1,5.5,1.0,3.0,0.5,8.0,2.542485878537611e-25,0.6840537753671422,1.1754735878477653,-7.201115294422233,0.0,11.449960347376097,0.0,True
0.1,5.5,1.0,3.0,0.5,10.0,1.0058255686751862e-17,-1.0033157774505656e-28,1.0,-1.5,0.0,-10.12,0.0,False
0.1,5.5,1.0,3.0,0.5,10.0,1.1522548308011666,1.033935505259908e-19,0.8672308804895374,11.591974978938248,0.0,-18.63072529113808,0.0,True
0.1,5.5,1.0,3.0,0.5,10.0,-1.1182108761900096e-18,0.6993236796618852,1.1467160826807516,-7.33246421535483,0.0,11.19402697633918,0.0,True
0.1,5.5,1.0,3.0,1.0,4.0,1.0922288330575343,5.5899897603678805e-24,0.5526385660891664,10.494711334142,0.0,-19.182610214821736,0.0,True
0.1,5.5,1.0,3.0,1.0,4.0,-2.2005576936955404e-26,1.645799599372556e-23,1.0,-2.0,0.0,-10.12,0.0,False
0.1,5.5,1.0,3.0,1.0,4.0,-6.943217948554084e-23,-1.832989281291648,3.519887278997554,-61.603165684115204,0.0,82.3878107636686,0.0,True
0.1,5.5,1.0,3.0,1.0,4.0,-7.575393407513926e-24,0.620317522998864,1.2885953720045846,-7.5382964350635975,0.0,12.601157830709683,0.0,True
0.1,5.5,1.0,3.0,1.0,6.0,1.1302174774656426,-1.1091428503618118e-23,0.6806521134077999,11.724175230866114,0.0,-19.202878647797966,0.0,True
0.1,5.5,1.0,3.0,1.0,6.0,4.2120671440522e-27,5.0246788940526834e-21,1.0,-2.0,0.0,-10.12,0.0,False
0.1,5.5,1.0,3.0,1.0,6.0,7.24804852194586e-18,-2.3868977237680435,3.848640371864534,-92.06626237516174,0.0,100.2446099451358,0.0,True
0.1,5.5,1.0,3.0,1.0,6.0,5.503423103135799e-23,0.6606513798343443,1.2182301228385115,-7.751773557002442,0.0,11.858000215658079,0.0,True
0.1,5.5,1.0,3.0,1.0,8.0,-7.910492179938694e-22,0.6840537753671422,1.1754735878477653,-7.891984372286082,0.0,11.449960347376097,0.0,True
0.1,5.5,1.0,3.0,1.0,8.0,1.1522587197765655,-7.725771795474835e-19,0.7510562205060383,12.39705816012404,0.0,-19.194789581129164,0.0,True
0.1,5.5,1.0,3.0,1.0,8.0,7.826250780943755e-24,1.0685277784242208e-19,1.0,-2.0,0.0,-10.12,0.0,False
0.1,5.5,1.0,3.0,1.0,8.0,-1.207108177895788e-27,-2.8854480823826933,4.122178988547236,-125.23560379918118,0.0,116.585088660016,0.0,True
0.1,5.5,1.0,3.0,1.0,8.0,4.672134961089764,-5.545044577301945,8.437411306355154,2532.124975651233,0.0,417.9709143914199,0.0,True
0.1,5.5,1.0,3.0,1.0,10.0,4.8289578334107915e-21,6.340532645058544e-30,1.0,-2.0,0.0,-10.12,0.0,False
0.1,5.5,1.0,3.0,1.0,10.0,1.1665949535254645,3.926643634376716e-21,0.7958584321613379,12.822814451370585,0.0,-19.181349213580912,0.0,True
0.1,5.5,1.0,3.0,1.0,10.0,-2.0543137040531083e-24,-3.3466177300156033,4.359955069256436,-160.7687749420383,0.0,131.8834130223368,0.0,True
0.1,5.5,1.0,3.0,1.0,10.0,1.0996225235479191e-21,0.6993236796618852,1.1467160826807516,-7.989943102494174,0.0,11.19402697633918,0.0,True
0.1,5.5,1.0,3.0,3.0,4.0,1.0086188148950885,-2.3356882871880684e-20,0.10985207545967379,7.315203717718767,0.0,-19.035072260049787,0.0,True
0.1,5.5,1.0,3.0,3.0,4.0,1.9910560461578155e-19,2.187935177832637e-19,1.0,-4.0,0.0,-10.12,0.0,False
0.1,5.5,1.0,3.0,3.0,4.0,-1.1859949419258912e-23,-1.832989281291648,3.519887278997554,-86.38237859781282,0.0,82.3878107636686,0.0,True
0.1,5.5,1.0,3.0,3.0,4.0,1.775106641841899e-25,0.6203175229988641,1.2885953720045848,-10.85925250056687,0.0,12.601157830709688,0.0,True
0.1,5.5,1.0,3.0,3.0,6.0,1.0697418668422325,4.0081713212893343e-25,0.33246386402285566,11.26238994040603,0.0,-19.48283715815634,0.0,True
0.1,5.5,1.0,3.0,3.0,6.0,1.1552214780132195e-23,8.811126976147088e-22,1.0,-4.0,0.0,-10.12,0.0,False
0.1,5.5,1.0,3.0,3.0,6.0,2.090751989485769e-20,0.6606513798343442,1.2182301228385115,-10.71994282138471,0.0,11.858000215658073,0.0,True
0.1,5.5,1.0,3.0,3.0,8.0,1.1180577730061256,1.673110650220295e-22,0.45310173209650506,13.465043230093938,0.0,-19.81690758622303,0.0,True
0.1,5.5,1.0,3.0,3.0,8.0,-2.9652199054629088e-27,6.926981061200191e-23,1.0,-4.0,0.0,-10.12,0.0,False
0.1,5.5,1.0,3.0,3.0,8.0,2.887147783072929e-19,0.6840537753671423,1.1754735878477653,-10.655460683741481,0.0,11.4499603473761,0.0,True
0.1,5.5,1.0,3.0,3.0,10.0,1.153653134192753,2.404229099397566e-26,0.5341795560885333,14.942171320718305,0.0,-20.04981259666283,0.0,True
0.1,5.5,1.0,3.0,3.0,10.0,7.71672309605774e-32,9.281843414014564e-24,1.0,-4.0,0.0,-10.12,0.0,False
0.1,5.5,1.0,3.0,3.0,10.0,-1.3288429065995938e-19,0.6993236796618851,1.1467160826807516,-10.61985865105155,0.0,11.194026976339174,0.0,True
0.1,5.5,1.0,5.0,0.5,4.0,1.1062264293418553,7.46634983634959e-26,0.6940657717563923,10.315980633051844,0.0,-17.87022446328144,0.0,True
0.1,5.5,1.0,5.0,0.5,4.0,1.7483087478529056e-20,4.148930847220119e-18,1.0,-1.5,0.0,-8.12,0.0,False
0.1,5.5,1.0,5.0,0.5,4.0,6.927577045614086e-21,0.42619613310339954,1.2270539298403633,-4.249300876945325,0.0,11.163841604242918,0.0,True
0.1,5.5,1.0,5.0,0.5,6.0,1.130496901813633,2.683545871221018e-29,0.7869961258316295,11.002370224453081,0.0,-17.499621472939836,0.0,True
0.1,5.5,1.0,5.0,0.5,6.0,1.6583290566197977e-21,2.3192711699165954e-17,1.0,-1.5,0.0,-8.12,0.0,False
0.1,5.5,1.0,5.0,0.5,6.0,1.4727786581443409e-24,0.4674660037540116,1.182103720554788,-4.491081941960779,0.0,10.43846368114631,0.0,True
0.1,5.5,1.0,5.0,0.5,6.0,2.1199097516364462,1.4552509122798347,2.0157931222288594,184.25914199235928,0.0,30.578005309253385,0.0,True
0.1,5.5,1.0,5.0,0.5,8.0,1.4125676169581828e-24,-1.31026143762789e-33,1.0,-1.5,0.0,-8.12,0.0,False
0.1,5.5,1.0,5.0,0.5,8.0,-3.941614573527128e-21,0.49386061342077137,1.1524364409302128,-4.665290053728057,0.0,9.992917437154183,0.0,True
0.1,5.5,1.0,5.0,0.5,8.0,1.1438341785483817,1.283041317071358e-26,0.8364554214980686,11.36629046863622,0.0,-17.275597913122834,0.0,True
0.1,5.5,1.0,5.0,0.5,10.0,4.6429216420836694e-20,5.590601253934505e-29,1.0,-1.5,0.0,-8.12,0.0,False
0.1,5.5,1.0,5.0,0.5,10.0,-1.7367835692923704e-19,0.5123140996718912,1.1312328683613102,-4.7961561781713575,0.0,9.690659669688161,0.0,True
0.1,5.5,1.0,5.0,0.5,10.0,1.1522548308011666,4.127064980727404e-23,0.8672308804895374,11.591974978938248,0.0,-17.126546490988762,0.0,True
0.1,5.5,1.0,5.0,1.0,4.0,1.0922288330575343,1.0438369275999757e-25,0.5526385660891664,10.494711334142,0.0,-18.571791445363555,0.0,True
0.1,5.5,1.0,5.0,1.0,4.0,3.78844338269186e-21,-5.885726404445913e-25,1.0,-2.0,0.0,-8.12,0.0,False
0.1,5.5,1.0,5.0,1.0,4.0,4.826886051170853e-25,0.42619613310339954,1.2270539298403633,-5.002131550313664,0.0,11.163841604242918,0.0,True
0.1,5.5,1.0,5.0,1.0,4.0,2.201286681785208,1.5208931844916873,2.0742714525147328,265.6016764022769,0.0,36.210901408046624,0.0,True
0.1,5.5,1.0,5.0,1.0,6.0,1.1302174774656424,-1.0456519624981651e-26,0.6806521134078001,11.724175230866104,0.0,-18.276304048824958,0.0,True
0.1,5.5,1.0,5.0,1.0,6.0,2.051258638880337e-19,-1.1480865428950348e-26,1.0,-2.0,0.0,-8.12,0.0,False
0.1,5.5,1.0,5.0,1.0,6.0,-5.47132412318606e-20,0.4674660037540116,1.182103720554788,-5.189766545035516,0.0,10.43846368114631,0.0,True
0.1,5.5,1.0,5.0,1.0,6.0,3.111707833005141,-2.6838959166122676,4.5820663331769484,157.9742394570656,0.0,869.7492364180434,0.0,True
0.1,5.5,1.0,5.0,1.0,8.0,1.1522587197765652,-1.9248923004183353e-22,0.7510562205060383,12.397058160124026,0.0,-18.06661868840753,0.0,True
0.1,5.5,1.0,5.0,1.0,8.0,3.821688328887927e-21,8.417433753912075e-18,1.0,-2.0,0.0,-8.12,0.0,False
0.1,5.5,1.0,5.0,1.0,8.0,-2.3958026166304875e-25,0.4938606134207714,1.1524364409302128,-5.329344928920005,0.0,9.992917437154183,0.0,True
0.1,5.5,1.0,5.0,1.0,10.0,2.4601520319861963e-23,-2.3813316454868546e-32,1.0,-2.0,0.0,-8.12,0.0,False
0.1,5.5,1.0,5.0,1.0,10.0,1.1665949535254645,7.254043546853063e-25,0.7958584321613379,12.822814451370585,0.0,-17.914567925496307,0.0,True
0.1,5.5,1.0,5.0,1.0,10.0,-3.6543280925879536e-23,0.5123140996718911,1.1312328683613102,-5.436000079401835,0.0,9.690659669688154,0.0,True
0.1,5.5,1.0,5.0,1.0,10.0,-1.1458636056642739e-26,-1.8669753268093443,2.7427984354574293,-53.2480282203223,0.0,71.10818015406726,0.0,True
0.1,5.5,1.0,5.0,3.0,4.0,1.0086188148950885,-7.313387492682029e-20,0.10985207545967379,7.315203717718767,0.0,-19.010937303084194,0.0,True
0.1,5.5,1.0,5.0,3.0,4.0,7.486830303469493e-21,4.718691726981438e-22,1.0,-4.0,0.0,-8.12,0.0,False
0.1,5.5,1.0,5.0,3.0,4.0,-2.536555810742395e-21,0.4261961331033996,1.2270539298403633,-8.013454243787024,0.0,11.163841604242922,0.0,True
0.1,5.5,1.0,5.0,3.0,4.0,4.468366661113234e-22,-1.020896947053605,2.302788220629214,-32.6341814747516,0.0,46.60673942344566,0.0,True
0.1,5.5,1.0,5.0,3.0,6.0,1.0697418668422325,8.816026288011005e-26,0.33246386402285566,11.26238994040603,0.0,-19.261772716394322,0.0,True
0.1,5.5,1.0,5.0,3.0,6.0,2.93746582207241e-25,6.167036976586846e-25,1.0,-4.0,0.0,-8.12,0.0,False
0.1,5.5,1.0,5.0,3.0,6.0,-1.4781530138215073e-20,0.4674660037540115,1.182103720554788,-7.98450495733446,0.0,10.438463681146306,0.0,True
0.1,5.5,1.0,5.0,3.0,6.0,2.9619326329542225e-22,-1.3291401432722414,2.4721779337147956,-43.80873912800241,0.0,55.351397364899356,0.0,True
0.1,5.5,1.0,5.0,3.0,8.0,1.1180577730061256,4.3835229510399405e-23,0.45310173209650506,13.465043230093938,0.0,-19.406305226965326,0.0,True
0.1,5.5,1.0,5.0,3.0,8.0,3.1782830469489167e-19,2.904762552858215e-17,1.0,-4.0,0.0,-8.12,0.0,False
0.1,5.5,1.0,5.0,3.0,8.0,8.930691672580562e-20,0.4938606134207713,1.1524364409302128,-7.985564429687796,0.0,9.99291743715418,0.0,True
0.1,5.5,1.0,5.0,3.0,10.0,1.153653134192753,1.1340862551648543e-28,0.5341795560885333,14.942171320718305,0.0,-19.47911700037694,0.0,True
0.1,5.5,1.0,5.0,3.0,10.0,3.417784836941631e-24,9.044073525938359e-18,1.0,-4.0,0.0,-8.12,0.0,False
0.1,5.5,1.0,5.0,3.0,10.0,-1.3204196230243897e-19,0.5123140996718912,1.1312328683613102,-7.9953756843237525,0.0,9.690659669688161,0.0,True
0.1,5.5,1.0,5.0,3.0,10.0,-2.2710279942136143e-25,-1.866975326809344,2.7427984354574284,-68.2939147354177,0.0,71.1081801540672,0.0,True
0.1,5.5,1.0,7.0,0.5,4.0,1.1062264293418556,2.3245913972426313e-22,0.6940657717563922,10.315980633051854,0.0,-16.90676987223385,0.0,True
0.1,5.5,1.0,7.0,0.5,4.0,1.3994160419918644e-20,2.5104679720950216e-19,1.0,-1.5,0.0,-6.119999999999999,0.0,False
0.1,5.5,1.0,7.0,0.5,4.0,8.95871415432246e-25,0.2934905012436556,1.1507391800604414,-2.9303589413392297,0.0,8.707516829357356,0.0,True
0.1,5.5,1.0,7.0,0.5,4.0,7.728002081201431e-20,-0.6608940977061828,1.7643667646700216,-9.45660497228449,0.0,29.09052227495474,0.0,True
0.1,5.5,1.0,7.0,0.5,6.0,1.130496901813633,1.1173664728632512e-22,0.7869961258316295,11.002370224453081,0.0,-16.26089566879185,0.0,True
0.1,5.5,1.0,7.0,0.5,6.0,4.753908568461229e-19,4.374316651980958e-18,1.0,-1.5,0.0,-6.12,0.0,False
0.1,5.5,1.0,7.0,0.5,6.0,1.6616517236064592e-20,0.32597713521502736,1.123971274796829,-3.0595887156582515,0.0,8.178344263625412,0.0,True
0.1,5.5,1.0,7.0,0.5,6.0,5.7155684292624e-26,-0.8628261640089473,1.8685471541814604,-13.39658282380986,0.0,34.121517498311555,0.0,True
0.1,5.5,1.0,7.0,0.5,8.0,1.0926693435631007e-26,0.3476502122487057,1.1057530863169989,-3.1586677758885613,0.0,7.835401229014961,0.0,True
0.1,5.5,1.0,7.0,0.5,8.0,2.407247887159597e-18,2.5316614761157376e-17,1.0,-1.5,0.0,-6.119999999999999,0.0,False
0.1,5.5,1.0,7.0,0.5,8.0,-1.0714621848451465e-17,-1.0466728820401574,1.958583606748468,-17.76101899403657,0.0,38.83670364814349,0.0,True
0.1,5.5,1.0,7.0,0.5,8.0,1.1438341785483817,5.92832719445483e-20,0.8364554214980686,11.36629046863622,0.0,-15.87628256881581,0.0,True
0.1,5.5,1.0,7.0,0.5,10.0,2.7682678669786453e-18,8.490527400707995e-27,1.0,-1.5,0.0,-6.119999999999998,0.0,False
0.1,5.5,1.0,7.0,0.5,10.0,3.4511655366331563e-19,0.3633133993182767,1.0923976382869411,-3.2366819225235792,0.0,7.592850730798262,0.0,True
0.1,5.5,1.0,7.0,0.5,10.0,1.1522548308011666,2.7951819388260908e-24,0.8672308804895374,11.591974978938248,0.0,-15.622367690839447,0.0,True
0.1,5.5,1.0,7.0,1.0,4.0,1.0922288330575345,3.418343914655847e-20,0.5526385660891662,10.494711334142012,0.0,-17.96097267590538,0.0,True
0.1,5.5,1.0,7.0,1.0,4.0,1.0451455312382348e-22,3.030704357996047e-17,1.0,-2.0,0.0,-6.119999999999999,0.0,False
0.1,5.5,1.0,7.0,1.0,4.0,3.9340813330598565e-20,0.2934905012436556,1.1507391800604414,-3.5924592716023183,0.0,8.707516829357356,0.0,True
0.1,5.5,1.0,7.0,1.0,4.0,-7.801183573943436e-22,-0.6608940977061828,1.7643667646700216,-11.01310001242057,0.0,29.09052227495474,0.0,True
0.1,5.5,1.0,7.0,1.0,4.0,1.8888193936096516,1.0752394332251032,1.6853802047054474,27.520283006674575,0.0,176.83438563082842,0.0,True
0.1,5.5,1.0,7.0,1.0,6.0,1.1302174774656424,1.4692274430073075e-23,0.6806521134078001,11.724175230866104,0.0,-17.34972944985195,0.0,True
0.1,5.5,1.0,7.0,1.0,6.0,-2.765547529586358e-29,2.938882961384833e-24,1.0,-2.0,0.0,-6.12,0.0,False
0.1,5.5,1.0,7.0,1.0,6.0,-8.285428714884229e-17,0.32597713521502775,1.1239712747968293,-3.6912444289424595,0.0,8.178344263625437,0.0,True
0.1,5.5,1.0,7.0,1.0,6.0,-3.541441314500809e-21,-0.8628261640089471,1.86854715418146,-15.142317057509668,0.0,34.1215174983115,0.0,True
0.1,5.5,1.0,7.0,1.0,8.0,1.1522587197765655,-4.1359671577136876e-24,0.7510562205060383,12.39705816012404,0.0,-16.938447795685907,0.0,True
0.1,5.5,1.0,7.0,1.0,8.0,-1.3028449637621244e-28,1.5674827429910532e-22,1.0,-2.0,0.0,-6.119999999999999,0.0,False
0.1,5.5,1.0,7.0,1.0,8.0,-7.02410860304637e-18,0.34765021224870585,1.1057530863169989,-3.7700127198383466,0.0,7.83540122901497,0.0,True
0.1,5.5,1.0,7.0,1.0,10.0,-5.902727453963122e-24,-1.2183580519353372,2.039077439900969,-24.584657527989926,0.0,43.340404606947764,0.0,True
0.1,5.5,1.0,7.0,1.0,10.0,-1.036844968937149e-28,1.711776755842124e-21,1.0,-2.0,0.0,-6.119999999999998,0.0,False
0.1,5.5,1.0,7.0,1.0,10.0,5.266488354123788e-20,0.36331339931827683,1.0923976382869411,-3.8333482225910247,0.0,7.592850730798269,0.0,True
0.1,5.5,1.0,7.0,1.0,10.0,1.1665949535254645,1.1093012930746255e-23,0.7958584321613379,12.822814451370585,0.0,-16.6477866374117,0.0,True
0.1,5.5,1.0,7.0,3.0,4.0,1.0086188148950885,-1.5154995671947131e-21,0.10985207545967379,7.315203717718767,0.0,-18.986802346118598,0.0,True
0.1,5.5,1.0,7.0,3.0,4.0,1.459403613940956e-26,1.0356885869368306e-19,1.0,-4.0,0.0,-6.119999999999999,0.0,False
0.1,5.5,1.0,7.0,3.0,4.0,-2.826795539602823e-26,0.29349050124365555,1.1507391800604414,-6.240860592654672,0.0,8.707516829357354,0.0,True
0.1,5.5,1.0,7.0,3.0,6.0,1.0697418668422325,3.2761175754046846e-19,0.33246386402285566,11.26238994040603,0.0,-19.04070827463231,0.0,True
0.1,5.5,1.0,7.0,3.0,6.0,-4.916126079740936e-27,-6.123092201044026e-26,1.0,-4.0,0.0,-6.12,0.0,False
0.1,5.5,1.0,7.0,3.0,6.0,-5.208064626649778e-25,0.3259771352150274,1.123971274796829,-6.217867282079274,0.0,8.178344263625416,0.0,True
0.1,5.5,1.0,7.0,3.0,6.0,-3.09850530257851e-18,-0.8628261640089472,1.8685471541814604,-22.125253992308945,0.0,34.12151749831154,0.0,True
0.1,5.5,1.0,7.0,3.0,8.0,1.1180577730061256,5.839493645699577e-24,0.45310173209650506,13.465043230093938,0.0,-18.99570286770762,0.0,True
0.1,5.5,1.0,7.0,3.0,8.0,4.0085401897692734e-20,5.3378204810424516e-17,1.0,-4.0,0.0,-6.119999999999997,0.0,False
0.1,5.5,1.0,7.0,3.0,8.0,2.516803032653944e-25,0.34765021224870585,1.1057530863169989,-6.2153924956374835,0.0,7.83540122901497,0.0,True
0.1,5.5,1.0,7.0,3.0,10.0,1.153653134192753,1.2001868903987282e-21,0.5341795560885333,14.942171320718305,0.0,-18.908421404091058,0.0,True
0.1,5.5,1.0,7.0,3.0,10.0,2.1936959596747985e-22,4.8299021786641164e-17,1.0,-4.0,0.0,-6.1199999999999966,0.0,False
0.1,5.5,1.0,7.0,3.0,10.0,4.1425067751749245e-21,0.3633133993182769,1.0923976382869411,-6.220013422860799,0.0,7.592850730798272,0.0,True
0.1,5.5,1.0,7.0,3.0,10.0,-1.2356851325735816e-24,-1.218358051935337,2.0390774399009683,-32.90033113981609,0.0,43.340404606947736,0.0,True
0.1,5.5,3.0,3.0,0.5,4.0,1.088454561280615,3.963918965600866e-20,0.40763333401371205,11.758996782612128,0.0,-19.552195187042166,0.0,True
0.1,5.5,3.0,3.0,0.5,4.0,4.4277763268438884e-20,1.0442639861186263e-20,1.0,-3.5,0.0,-10.12,0.0,False
0.1,5.5,3.0,3.0,0.5,4.0,-3.475022020426526e-25,0.6203175229988641,1.2885953720045848,-10.029013484191053,0.0,12.601157830709688,0.0,True
0.1,5.5,3.0,3.0,0.5,6.0,1.1489873763494447,2.3184460287959967e-23,0.5599426696632066,14.211993689399677,0.0,-19.90239876748205,0.0,True
0.1,5.5,3.0,3.0,0.5,6.0,7.504375741302281e-20,1.7223157441702918e-19,1.0,-3.4999999999999996,0.0,-10.12,0.0,False
0.1,5.5,3.0,3.0,0.5,6.0,-7.484402640831661e-25,0.6606513798343442,1.2182301228385115,-9.977900505289142,0.0,11.858000215658073,0.0,True
0.1,5.5,3.0,3.0,0.5,8.0,1.1865500180435553,2.905837459735989e-23,0.6480247636702097,15.61656558270967,0.0,-20.0964122471276,0.0,True
0.1,5.5,3.0,3.0,0.5,8.0,3.120149568980514e-19,1.987053170539655e-19,1.0,-3.5,0.0,-10.12,0.0,False
0.1,5.5,3.0,3.0,0.5,8.0,-1.40951152050755e-25,0.6840537753671422,1.1754735878477653,-9.96459160587763,0.0,11.449960347376097,0.0,True
0.1,5.5,3.0,3.0,0.5,10.0,1.9811315590177984e-19,3.844935592845416e-27,1.0,-3.5000000000000004,0.0,-10.12,0.0,False
0.1,5.5,3.0,3.0,0.5,10.0,1.2119628148928172,3.0894549644002027e-21,0.7062292270634158,16.5342243603323,0.0,-20.21651594491932,0.0,True
0.1,5.5,3.0,3.0,0.5,10.0,4.377691760845206e-17,0.6993236796618851,1.1467160826807516,-9.962379763912205,0.0,11.194026976339174,0.0,True
0.1,5.5,3.0,3.0,0.5,10.0,1.382454084496535e-26,-3.3466177300156037,4.359955069256438,-189.28258725094074,0.0,131.88341302233692,0.0,True
0.1,5.5,3.0,3.0,1.0,4.0,1.0581687655219234,1.9879466225364404e-19,0.30017428979613037,10.676067144941138,0.0,-19.400054834744385,0.0,True
0.1,5.5,3.0,3.0,1.0,4.0,1.294504968249576e-24,4.2171295556816106e-24,1.0,-4.0,0.0,-10.12,0.0,False
0.1,5.5,3.0,3.0,1.0,4.0,-5.410167041584835e-19,0.6203175229988641,1.2885953720045848,-10.85925250056687,0.0,12.601157830709688,0.0,True
0.1,5.5,3.0,3.0,1.0,4.0,-2.080775254257842e-23,-1.832989281291648,3.519887278997554,-86.38237859781282,0.0,82.3878107636686,0.0,True
0.1,5.5,3.0,3.0,1.0,6.0,1.1260416217515403,8.772335012500996e-21,0.47167927753465044,13.804244306321065,0.0,-19.87017892084668,0.0,True
0.1,5.5,3.0,3.0,1.0,6.0,4.4780572758597485e-20,2.5986911678348137e-17,1.0,-4.0,0.0,-10.12,0.0,False
0.1,5.5,3.0,3.0,1.0,6.0,-1.9315484089694462e-24,0.6606513798343443,1.2182301228385115,-10.719942821384713,0.0,11.858000215658079,0.0,True
0.1,5.5,3.0,3.0,1.0,6.0,-2.3494061971522724e-21,-2.386897723768044,3.848640371864535,-121.69032779905294,0.0,100.24460994513586,0.0,True
0.1,5.5,3.0,3.0,1.0,6.0,5.55885772252729,-6.562961041152193,9.660854155798537,6612.792816415867,0.0,525.1315854676293,0.0,True
0.1,5.5,3.0,3.0,1.0,8.0,1.170686343235774,-3.819372920368047e-24,0.5717167143003912,15.622037904925726,0.0,-20.156883104065372,0.0,True
0.1,5.5,3.0,3.0,1.0,8.0,1.0497650603095307e-20,5.492998168090116e-18,1.0,-4.0,0.0,-10.12,0.0,False
0.1,5.5,3.0,3.0,1.0,8.0,4.8185222310471604e-20,0.6840537753671422,1.1754735878477653,-10.655460683741477,0.0,11.449960347376097,0.0,True
0.1,5.5,3.0,3.0,1.0,8.0,7.562838928292968e-19,-2.885448082382693,4.122178988547235,-159.22032302642174,0.0,116.58508866001593,0.0,True
0.1,5.5,3.0,3.0,1.0,10.0,-3.6118998398893656e-24,0.6993236796618852,1.1467160826807516,-10.619858651051551,0.0,11.19402697633918,0.0,True
0.1,5.5,3.0,3.0,1.0,10.0,1.2017934345482026,3.5417232298211152e-25,0.6389231351692087,16.829976128647463,0.0,-20.344530319077162,0.0,True
0.1,5.5,3.0,3.0,1.0,10.0,1.1048456278945016e-19,4.591866600648476e-19,1.0,-4.0,0.0,-10.12,0.0,False
0.1,5.5,3.0,3.0,3.0,4.0,7.706616376185302e-26,3.638464843957491e-135,1.0,-6.0,0.0,-10.12,0.0,False
0.1,5.5,3.0,3.0,3.0,4.0,-1.2209037409214762e-22,0.6203175229988641,1.2885953720045848,-14.180208566070139,0.0,12.601157830709688,0.0,True
0.1,5.5,3.0,3.0,3.0,6.0,1.037488845664797,2.1006861184498013e-18,0.19271267134084524,10.369919574770456,0.0,-19.305426642455433,0.0,True
0.1,5.5,3.0,3.0,3.0,6.0,2.2330115250135653e-23,3.8239154157519983e-19,1.0,-6.0,0.0,-10.12,0.0,False
0.1,5.5,3.0,3.0,3.0,6.0,-8.097840116543024e-18,0.6606513798343443,1.2182301228385115,-13.688112085766981,0.0,11.858000215658079,0.0,True
0.1,5.5,3.0,3.0,3.0,8.0,1.0952649376998826,3.856046186398089e-27,0.3252220278879656,13.896068615043404,0.0,-19.820382807694475,0.0,True
0.1,5.5,3.0,3.0,3.0,8.0,-2.358881403297917e-28,9.602298632453196e-24,1.0,-6.0,0.0,-10.12,0.0,False
0.1,5.5,3.0,3.0,3.0,8.0,-2.2381516972335973e-20,0.6840537753671422,1.1754735878477653,-13.418936995196876,0.0,11.449960347376097,0.0,True
0.1,5.5,3.0,3.0,3.0,8.0,-2.175102439981157e-20,-2.8854480823826933,4.122178988547236,-193.20504225366244,0.0,116.585088660016,0.0,True
0.1,5.5,3.0,3.0,3.0,10.0,1.1413978334722392,8.646862924680532e-26,0.4137449435851953,16.26536484201749,0.0,-20.227761098365512,0.0,True
0.1,5.5,3.0,3.0,3.0,10.0,1.8161578337007843e-21,3.039222622585088e-17,1.0,-6.0,0.0,-10.12,0.0,False
0.1,5.5,3.0,3.0,3.0,10.0,-1.2702073203058487e-21,0.6993236796618852,1.1467160826807516,-13.249774199608929,0.0,11.19402697633918,0.0,True
0.1,5.5,3.0,3.0,3.0,10.0,-7.272464509021815e-24,-3.3466177300156033,4.359955069256436,-236.8056077657779,0.0,131.8834130223368,0.0,True
0.1,5.5,3.0,5.0,0.5,4.0,1.088454561280615,1.5473597583173526e-20,0.40763333401371205,11.758996782612128,0.0,-19.219865317043897,0.0,True
0.1,5.5,3.0,5.0,0.5,4.0,5.553722641501118e-22,4.0377619708346006e-17,1.0,-3.5,0.0,-8.12,0.0,False
0.1,5.5,3.0,5.0,0.5,4.0,2.1963251156893974e-20,0.42619613310339954,1.2270539298403633,-7.260623570418683,0.0,11.163841604242918,0.0,True
0.1,5.5,3.0,5.0,0.5,6.0,1.1489873763494447,1.5457040725257613e-25,0.5599426696632066,14.211993689399677,0.0,-19.27532718086293,0.0,True
0.1,5.5,3.0,5.0,0.5,6.0,3.285538904087722e-19,4.594707319817742e-18,1.0,-3.4999999999999996,0.0,-8.12,0.0,False
0.1,5.5,3.0,5.0,0.5,6.0,1.3178931163675685e-24,0.4674660037540116,1.182103720554788,-7.285820354259723,0.0,10.43846368114631,0.0,True
0.1,5.5,3.0,5.0,0.5,8.0,1.1865500180435553,3.83430580770336e-27,0.6480247636702097,15.61656558270967,0.0,-19.256540058467937,0.0,True
0.1,5.5,3.0,5.0,0.5,8.0,7.477130092135403e-19,3.3774772342072495e-20,1.0,-3.5,0.0,-8.12,0.0,False
0.1,5.5,3.0,5.0,0.5,8.0,2.937894321455365e-24,0.49386061342077137,1.1524364409302128,-7.321509554495849,0.0,9.992917437154183,0.0,True
0.1,5.5,3.0,5.0,0.5,8.0,-4.0099416977239733e-25,-1.6079653733253538,2.6159704011333402,-52.289210942894314,0.0,63.45010907141916,0.0,True
0.1,5.5,3.0,5.0,0.5,10.0,6.969204288949512e-23,-2.673573421015309e-28,1.0,-3.5000000000000004,0.0,-8.12,0.0,False
0.1,5.5,3.0,5.0,0.5,10.0,1.2119628148928172,-2.195342036282678e-23,0.7062292270634158,16.5342243603323,0.0,-19.21899650260214,0.0,True
0.1,5.5,3.0,5.0,0.5,10.0,-4.6893551349636495e-19,0.5123140996718911,1.1312328683613102,-7.355531783093272,0.0,9.690659669688154,0.0,True
0.1,5.5,3.0,5.0,0.5,10.0,-4.45366022992735e-19,-1.866975326809344,2.7427984354574284,-64.53244310664385,0.0,71.1081801540672,0.0,True
0.1,5.5,3.0,5.0,1.0,4.0,1.0581687655219234,1.011912887738192e-19,0.30017428979613037,10.676067144941138,0.0,-19.219845626235163,0.0,True
0.1,5.5,3.0,5.0,1.0,4.0,3.768890469600873e-18,4.073963520003226e-18,1.0,-4.0,0.0,-8.12,0.0,False
0.1,5.5,3.0,5.0,1.0,4.0,-2.4578916615028123e-22,-1.0208969470536047,2.302788220629213,-32.63418147475157,0.0,46.6067394234456,0.0,True
0.1,5.5,3.0,5.0,1.0,4.0,-1.5882903377614506e-23,0.42619613310339954,1.2270539298403633,-8.013454243787024,0.0,11.163841604242918,0.0,True
0.1,5.5,3.0,5.0,1.0,6.0,1.1260416217515403,2.2472071842881006e-21,0.47167927753465044,13.804244306321065,0.0,-19.425216239135462,0.0,True
0.1,5.5,3.0,5.0,1.0,6.0,6.050791849598802e-22,4.62982620330187e-18,1.0,-4.0,0.0,-8.12,0.0,False
0.1,5.5,3.0,5.0,1.0,6.0,4.0068375300619286e-25,-1.3291401432722416,2.4721779337147956,-43.80873912800243,0.0,55.3513973648994,0.0,True
0.1,5.5,3.0,5.0,1.0,6.0,1.4549487623324108e-18,0.46746600375401165,1.182103720554788,-7.984504957334462,0.0,10.438463681146313,0.0,True
0.1,5.5,3.0,5.0,1.0,6.0,3.8913245618153636,-3.5942803405521593,5.45637311982165,2318.788295473598,0.0,238.7772399918748,0.0,True
0.1,5.5,3.0,5.0,1.0,8.0,1.170686343235774,1.2139471166097082e-26,0.5717167143003912,15.622037904925726,0.0,-19.503163101244503,0.0,True
0.1,5.5,3.0,5.0,1.0,8.0,1.2415640105535694e-20,3.984349770968952e-18,1.0,-4.0,0.0,-8.12,0.0,False
0.1,5.5,3.0,5.0,1.0,8.0,2.893306021987896,2.5352601790303324,2.401208941838251,607.0677084459664,0.0,52.88784188524741,0.0,True
0.1,5.5,3.0,5.0,1.0,8.0,1.696916799954746e-22,0.4938606134207713,1.1524364409302128,-7.985564429687796,0.0,9.99291743715418,0.0,True
0.1,5.5,3.0,5.0,1.0,8.0,9.848123763561007e-25,-1.6079653733253538,2.6159704011333402,-55.71086151269718,0.0,63.45010907141916,0.0,True
0.1,5.5,3.0,5.0,1.0,10.0,1.2017934345482029,-3.5939017551837754e-19,0.6389231351692086,16.829976128647473,0.0,-19.528084773768263,0.0,True
0.1,5.5,3.0,5.0,1.0,10.0,8.209149132833946e-20,3.559331757734865e-18,1.0,-4.0,0.0,-8.12,0.0,False
0.1,5.5,3.0,5.0,1.0,10.0,2.9784533443539685,2.70172513084671,2.431863260201001,613.0339369890161,0.0,53.17902076833059,0.0,True
0.1,5.5,3.0,5.0,1.0,10.0,8.07592022451363e-22,0.5123140996718911,1.1312328683613102,-7.995375684323751,0.0,9.690659669688154,0.0,True
0.1,5.5,3.0,5.0,3.0,4.0,2.2902666607638523e-20,3.718615580597726e-99,1.0,-6.0,0.0,-8.12,0.0,False
0.1,5.5,3.0,5.0,3.0,4.0,-1.2080029343450776e-19,0.4261961331033996,1.2270539298403633,-11.024776937260382,0.0,11.163841604242922,0.0,True
0.1,5.5,3.0,5.0,3.0,4.0,1.3366096302048422e-24,-1.020896947053605,2.302788220629214,-43.239848652888924,0.0,46.60673942344566,0.0,True
0.1,5.5,3.0,5.0,3.0,6.0,1.037488845664797,1.864952297150621e-19,0.19271267134084524,10.369919574770456,0.0,-19.231150295064783,0.0,True
0.1,5.5,3.0,5.0,3.0,6.0,-2.0609494298096905e-28,4.375672791068251e-22,1.0,-6.0,0.0,-8.12,0.0,False
0.1,5.5,3.0,5.0,3.0,6.0,3.1786757638694233e-22,0.46746600375401165,1.182103720554788,-10.779243369633404,0.0,10.438463681146313,0.0,True
0.1,5.5,3.0,5.0,3.0,6.0,1.8912391155483724e-23,-1.3291401432722414,2.4721779337147956,-56.03206659989512,0.0,55.351397364899356,0.0,True
0.1,5.5,3.0,5.0,3.0,8.0,1.0952649376998829,8.124759779000374e-19,0.3252220278879654,13.896068615043413,0.0,-19.608844072847354,0.0,True
0.1,5.5,3.0,5.0,3.0,8.0,2.938374848187171e-22,2.8175491785639927e-17,1.0,-6.0,0.0,-8.12,0.0,False
0.1,5.5,3.0,5.0,3.0,8.0,1.8873688755949368e-21,0.49386061342077126,1.1524364409302128,-10.641783930455587,0.0,9.99291743715418,0.0,True
0.1,5.5,3.0,5.0,3.0,8.0,-6.59121180433764e-23,-1.6079653733253538,2.6159704011333402,-69.39746379190863,0.0,63.45010907141916,0.0,True
0.1,5.5,3.0,5.0,3.0,10.0,1.1413978334722392,2.169916649022125e-26,0.4137449435851953,16.26536484201749,0.0,-19.88539134168088,0.0,True
0.1,5.5,3.0,5.0,3.0,10.0,2.6378506817241004e-24,6.8852883092143646e-18,1.0,-6.0,0.0,-8.12,0.0,False
0.1,5.5,3.0,5.0,3.0,10.0,5.198695854215274e-22,0.5123140996718912,1.1312328683613102,-10.554751289245667,0.0,9.690659669688161,0.0,True
0.1,5.5,3.0,5.0,3.0,10.0,1.4168768957602568e-19,-1.866975326809344,2.7427984354574284,-83.33980125051315,0.0,71.1081801540672,0.0,True
0.1,5.5,3.0,7.0,0.5,4.0,1.088454561280615,1.8557476449555294e-21,0.40763333401371205,11.758996782612128,0.0,-18.88753544704563,0.0,True
0.1,5.5,3.0,7.0,0.5,4.0,9.213618285588459e-25,3.6782472387584685e-21,1.0,-3.5,0.0,-6.119999999999999,0.0,False
0.1,5.5,3.0,7.0,0.5,4.0,6.677542217450131e-23,0.29349050124365555,1.1507391800604414,-5.578760262391583,0.0,8.707516829357354,0.0,True
0.1,5.5,3.0,7.0,0.5,6.0,1.148987376349445,-1.970605297982149e-20,0.5599426696632064,14.211993689399689,0.0,-18.64825559424382,0.0,True
0.1,5.5,3.0,7.0,0.5,6.0,-6.272655991628052e-27,7.729540536040366e-23,1.0,-3.4999999999999996,0.0,-6.12,0.0,False
0.1,5.5,3.0,7.0,0.5,6.0,-3.461842743150128e-26,0.3259771352150274,1.123971274796829,-5.586211568795069,0.0,8.178344263625416,0.0,True
0.1,5.5,3.0,7.0,0.5,6.0,1.431938303751199e-19,-0.8628261640089472,1.8685471541814604,-20.379519758609128,0.0,34.12151749831154,0.0,True
0.1,5.5,3.0,7.0,0.5,8.0,1.1865500180435553,1.8812122238242557e-25,0.6480247636702097,15.61656558270967,0.0,-18.416667869808276,0.0,True
0.1,5.5,3.0,7.0,0.5,8.0,3.4047064205412326e-20,2.157235041481979e-18,1.0,-3.5,0.0,-6.119999999999999,0.0,False
0.1,5.5,3.0,7.0,0.5,8.0,-2.5879904505305677e-21,0.3476502122487058,1.1057530863169989,-5.6040475516876995,0.0,7.835401229014966,0.0,True
0.1,5.5,3.0,7.0,0.5,10.0,1.3278686348564355e-21,0.36331339931827683,1.0923976382869411,-5.623347122793355,0.0,7.592850730798269,0.0,True
0.1,5.5,3.0,7.0,0.5,10.0,2.1911412620322328e-21,2.3160972077766527e-24,1.0,-3.5000000000000004,0.0,-6.119999999999998,0.0,False
0.1,5.5,3.0,7.0,0.5,10.0,1.2119628148928172,2.894613702024331e-20,0.7062292270634158,16.5342243603323,0.0,-18.22147706028496,0.0,True
0.1,5.5,3.0,7.0,1.0,4.0,1.0581687655219234,2.0351311614852888e-20,0.30017428979613037,10.676067144941138,0.0,-19.03963641772594,0.0,True
0.1,5.5,3.0,7.0,1.0,4.0,1.7105980343555166e-25,-1.6841592994872762e-25,1.0,-4.0,0.0,-6.119999999999999,0.0,False
0.1,5.5,3.0,7.0,1.0,4.0,-1.2903797432080239e-21,0.29349050124365555,1.1507391800604414,-6.240860592654672,0.0,8.707516829357354,0.0,True
0.1,5.5,3.0,7.0,1.0,4.0,4.95625781967747e-22,-0.6608940977061828,1.7643667646700216,-17.23908017296489,0.0,29.09052227495474,0.0,True
0.1,5.5,3.0,7.0,1.0,6.0,1.1260416217515403,2.2950081035548847e-22,0.47167927753465044,13.804244306321065,0.0,-18.98025355742424,0.0,True
0.1,5.5,3.0,7.0,1.0,6.0,9.1985335627188e-21,3.9995325548200656e-25,1.0,-4.0,0.0,-6.12,0.0,False
0.1,5.5,3.0,7.0,1.0,6.0,-2.8621489632448984e-20,0.3259771352150273,1.123971274796829,-6.217867282079273,0.0,8.178344263625409,0.0,True
0.1,5.5,3.0,7.0,1.0,8.0,1.170686343235774,2.860998763655408e-22,0.5717167143003912,15.622037904925726,0.0,-18.849443098423635,0.0,True
0.1,5.5,3.0,7.0,1.0,8.0,-8.003833829664161e-29,4.358910737316078e-24,1.0,-4.0,0.0,-6.119999999999999,0.0,False
0.1,5.5,3.0,7.0,1.0,8.0,1.8432346701680413e-21,0.34765021224870585,1.1057530863169989,-6.2153924956374835,0.0,7.83540122901497,0.0,True
0.1,5.5,3.0,7.0,1.0,10.0,3.377390046968823,-2.917858697636246,4.108038683219025,1213.6427697888569,0.0,176.03068770547793,0.0,True
0.1,5.5,3.0,7.0,1.0,10.0,1.2017934345482026,-7.148294722827054e-21,0.6389231351692087,16.829976128647463,0.0,-18.711639228459358,0.0,True
0.1,5.5,3.0,7.0,1.0,10.0,1.6698696983686882e-19,5.3546687439131155e-17,1.0,-4.0,0.0,-6.1199999999999966,0.0,False
0.1,5.5,3.0,7.0,1.0,10.0,1.434949326472533e-25,0.3633133993182767,1.0923976382869411,-6.220013422860796,0.0,7.592850730798262,0.0,True
0.1,5.5,3.0,7.0,1.0,10.0,3.124419501151907e-21,-1.2183580519353372,2.039077439900969,-32.9003311398161,0.0,43.340404606947764,0.0,True
0.1,5.5,3.0,7.0,3.0,4.0,1.1632310983282905e-23,2.7966563954087355e-17,1.0,-6.0,0.0,-6.119999999999999,0.0,False
0.1,5.5,3.0,7.0,3.0,4.0,2.4828317830113004e-23,0.2934905012436556,1.1507391800604414,-8.889261913707026,0.0,8.707516829357356,0.0,True
0.1,5.5,3.0,7.0,3.0,4.0,2.99860292679673e-23,-0.6608940977061829,1.7643667646700218,-23.465060333509214,0.0,29.090522274954758,0.0,True
0.1,5.5,3.0,7.0,3.0,6.0,1.037488845664797,-1.971012632735043e-18,0.19271267134084524,10.369919574770456,0.0,-19.156873947674132,0.0,True
0.1,5.5,3.0,7.0,3.0,6.0,-3.6320306902271957e-31,5.187646102268659e-25,1.0,-6.0,0.0,-6.12,0.0,False
0.1,5.5,3.0,7.0,3.0,6.0,1.3154862647678843e-26,0.32597713521502736,1.123971274796829,-8.74449013521609,0.0,8.178344263625412,0.0,True
0.1,5.5,3.0,7.0,3.0,6.0,1.470639887414053e-19,-0.8628261640089472,1.8685471541814604,-29.108190927108215,0.0,34.12151749831154,0.0,True
0.1,5.5,3.0,7.0,3.0,8.0,1.0952649376998826,1.0405876529719682e-18,0.3252220278879656,13.896068615043404,0.0,-19.397305338000233,0.0,True
0.1,5.5,3.0,7.0,3.0,8.0,2.310887163602169e-24,8.659648625783488e-18,1.0,-6.0,0.0,-6.119999999999999,0.0,False
0.1,5.5,3.0,7.0,3.0,8.0,-8.333577695697878e-21,0.34765021224870585,1.1057530863169989,-8.66077227143662,0.0,7.83540122901497,0.0,True
0.1,5.5,3.0,7.0,3.0,8.0,1.5486441307017516e-18,-1.0466728820401574,1.958583606748468,-35.023242844843836,0.0,38.83670364814349,0.0,True
0.1,5.5,3.0,7.0,3.0,10.0,1.1413978334722394,1.2078646400864164e-20,0.4137449435851951,16.265364842017497,0.0,-19.543021584996247,0.0,True
0.1,5.5,3.0,7.0,3.0,10.0,1.5270975862958385e-26,2.425217623410184e-18,1.0,-6.0,0.0,-6.119999999999998,0.0,False
0.1,5.5,3.0,7.0,3.0,10.0,-1.969045413263407e-23,0.3633133993182767,1.0923976382869411,-8.606678623130568,0.0,7.592850730798262,0.0,True
0.1,5.5,3.0,7.0,3.0,10.0,-1.8264406419112274e-20,-1.2183580519353372,2.039077439900969,-41.21600475164228,0.0,43.340404606947764,0.0,True
0.1,5.5,5.0,3.0,0.5,4.0,1.035573359902343,4.181711084317406e-18,0.19569086219542942,10.03786918349317,0.0,-19.27872653423528,0.0,True
0.1,5.5,5.0,3.0,0.5,4.0,3.731117060133486e-20,1.731224853537468e-17,1.0,-5.5,0.0,-10.12,0.0,False
0.1,5.5,5.0,3.0,0.5,4.0,1.3082310133008443e-17,0.6203175229988641,1.2885953720045848,-13.349969549694322,0.0,12.601157830709688,0.0,True
0.1,5.5,5.0,3.0,0.5,4.0,3.120332479293465e-18,-1.832989281291648,3.519887278997554,-104.96678828308603,0.0,82.3878107636686,0.0,True
0.1,5.5,5.0,3.0,0.5,6.0,1.1143963203380107,2.3291510258965832e-21,0.37906042060855094,14.535199571197758,0.0,-19.95393267146416,0.0,True
0.1,5.5,5.0,3.0,0.5,6.0,9.639784020770327e-24,2.775484636544607e-19,1.0,-5.499999999999999,0.0,-10.12,0.0,False
0.1,5.5,5.0,3.0,0.5,6.0,4.482356185201975e-18,-2.386897723768044,3.848640371864535,-143.9083768669713,0.0,100.24460994513586,0.0,True
0.1,5.5,5.0,3.0,0.5,6.0,-5.506705119526791e-18,0.6606513798343445,1.2182301228385117,-12.946069769671421,0.0,11.858000215658087,0.0,True
0.1,5.5,5.0,3.0,0.5,8.0,1.1701387994124435,2.494495091494993e-23,0.4865406962911021,17.17598894863028,0.0,-20.419799590416517,0.0,True
0.1,5.5,5.0,3.0,0.5,8.0,-1.060447264479739e-27,9.384320670899554e-20,1.0,-5.5,0.0,-10.12,0.0,False
0.1,5.5,5.0,3.0,0.5,8.0,2.1420358949943497e-21,0.6840537753671422,1.1754735878477653,-12.728067917333025,0.0,11.449960347376097,0.0,True
0.1,5.5,5.0,3.0,0.5,8.0,4.3874865826582235e-25,-2.8854480823826933,4.122178988547236,-184.70886244685227,0.0,116.585088660016,0.0,True
0.1,5.5,5.0,3.0,0.5,10.0,1.21037663519191,8.23194458339603e-28,0.560496520294453,18.971847831481227,0.0,-20.7478488064716,0.0,True
0.1,5.5,5.0,3.0,0.5,10.0,-7.412639540579118e-29,5.966085727595888e-20,1.0,-5.5,0.0,-10.12,0.0,False
0.1,5.5,5.0,3.0,0.5,10.0,1.1259537917964337e-24,0.6993236796618851,1.1467160826807516,-12.592295312469581,0.0,11.194026976339174,0.0,True
0.1,5.5,5.0,3.0,0.5,10.0,-1.8936527143739866e-25,-3.346617730015604,4.359955069256438,-227.3010036628106,0.0,131.883413022337,0.0,True
0.1,5.5,5.0,3.0,1.0,4.0,1.011631621826655,-2.106025114112156e-22,0.1045262790053253,8.086149985425427,0.0,-19.074104219927726,0.0,True
0.1,5.5,5.0,3.0,1.0,4.0,1.2008021054788809e-27,3.2479082931359255e-19,1.0,-6.0,0.0,-10.12,0.0,False
0.1,5.5,5.0,3.0,1.0,4.0,3.5259845884940745e-22,0.6203175229988641,1.2885953720045848,-14.180208566070139,0.0,12.601157830709688,0.0,True
0.1,5.5,5.0,3.0,1.0,4.0,-5.203954792284486e-19,-1.832989281291648,3.519887278997554,-111.16159151151042,0.0,82.3878107636686,0.0,True
0.1,5.5,5.0,3.0,1.0,6.0,1.0877254500316185,2.7197842651115893e-19,0.30983111812288266,13.483907421712724,0.0,-19.753421964410123,0.0,True
0.1,5.5,5.0,3.0,1.0,6.0,1.0022249548663195e-20,2.707872722119158e-17,1.0,-6.0,0.0,-10.12,0.0,False
0.1,5.5,5.0,3.0,1.0,6.0,1.2535129157150334e-23,0.6606513798343443,1.2182301228385115,-13.688112085766981,0.0,11.858000215658079,0.0,True
0.1,5.5,5.0,3.0,1.0,8.0,1.1471374799811316,2.888251501905033e-24,0.4242830758848608,16.546576361214303,0.0,-20.27810934272119,0.0,True
0.1,5.5,5.0,3.0,1.0,8.0,3.153485983661651e-23,4.461236764898636e-18,1.0,-6.0,0.0,-10.12,0.0,False
0.1,5.5,5.0,3.0,1.0,8.0,6.040516999417171e-25,0.6840537753671422,1.1754735878477653,-13.418936995196876,0.0,11.449960347376097,0.0,True
0.1,5.5,5.0,3.0,1.0,10.0,1.1912939067454624,-7.68461045989949e-28,0.5032865897128966,18.643119132228996,0.0,-20.662317683501357,0.0,True
0.1,5.5,5.0,3.0,1.0,10.0,2.6562327185375604e-25,2.540863405481053e-18,1.0,-6.0,0.0,-10.12,0.0,False
0.1,5.5,5.0,3.0,1.0,10.0,1.6154056958844313e-25,-3.3466177300156033,4.359955069256436,-236.8056077657779,0.0,131.8834130223368,0.0,True
0.1,5.5,5.0,3.0,1.0,10.0,8.786512721245633e-26,0.6993236796618852,1.1467160826807516,-13.249774199608929,0.0,11.19402697633918,0.0,True
0.1,5.5,5.0,3.0,3.0,4.0,8.483808380624555e-19,-3.105004997938922e-31,1.0,-8.0,0.0,-10.12,0.0,False
0.1,5.5,5.0,3.0,3.0,4.0,-5.874975327317447e-24,0.6203175229988641,1.2885953720045848,-17.501164631573406,0.0,12.601157830709688,0.0,True
0.1,5.5,5.0,3.0,3.0,6.0,1.0070826909647028,2.74046673694987e-21,0.07030241576268503,7.797041307003925,0.0,-19.03833365769193,0.0,True
0.1,5.5,5.0,3.0,3.0,6.0,-5.113252499413486e-23,-2.386897723768044,3.848640371864535,-180.93845864683527,0.0,100.24460994513586,0.0,True
0.1,5.5,5.0,3.0,3.0,6.0,-3.248853028746151e-29,1.0117276793535174e-23,1.0,-8.0,0.0,-10.12,0.0,False
0.1,5.5,5.0,3.0,3.0,6.0,3.278035207539251e-17,0.6606513798343443,1.2182301228385115,-16.65628135014925,0.0,11.858000215658079,0.0,True
0.1,5.5,5.0,3.0,3.0,8.0,1.0633461548991445,7.071669213521484e-18,0.22264028146707815,13.029144728271088,0.0,-19.585918429266734,0.0,True
0.1,5.5,5.0,3.0,3.0,8.0,1.5412631463971527e-19,4.2986564834528696e-18,1.0,-8.0,0.0,-10.12,0.0,False
0.1,5.5,5.0,3.0,3.0,8.0,2.00690818711557e-20,0.6840537753671422,1.1754735878477653,-16.182413306652272,0.0,11.449960347376097,0.0,True
0.1,5.5,5.0,3.0,3.0,10.0,1.1153174508404808,3.973820899144494e-19,0.31583684111788046,16.30758402497893,0.0,-20.09774941385149,0.0,True
0.1,5.5,5.0,3.0,3.0,10.0,-1.2459180255393727e-28,1.0304977884006919e-22,1.0,-8.0,0.0,-10.12,0.0,False
0.1,5.5,5.0,3.0,3.0,10.0,-6.847420756253511e-19,0.6993236796618851,1.1467160826807516,-15.879689748166303,0.0,11.194026976339174,0.0,True
0.1,5.5,5.0,3.0,3.0,10.0,1.5509725407285118e-18,-3.3466177300156037,4.359955069256438,-274.82402417764786,0.0,131.88341302233692,0.0,True
0.1,5.5,5.0,5.0,0.5,4.0,1.035573359902343,5.049060052705103e-19,0.19569086219542942,10.03786918349317,0.0,-19.202136707141698,0.0,True
0.1,5.5,5.0,5.0,0.5,4.0,6.248798366500864e-24,6.445365160501623e-20,1.0,-5.5,0.0,-8.12,0.0,False
0.1,5.5,5.0,5.0,0.5,4.0,-7.855994839309058e-19,0.4261961331033997,1.2270539298403635,-10.271946263892046,0.0,11.163841604242931,0.0,True
0.1,5.5,5.0,5.0,0.5,6.0,1.1143963203380107,9.970162817518105e-22,0.37906042060855094,14.535199571197758,0.0,-19.666559066520296,0.0,True
0.1,5.5,5.0,5.0,0.5,6.0,-2.8075609690994364e-27,1.6125253312166415e-21,1.0,-5.499999999999999,0.0,-8.12,0.0,False
0.1,5.5,5.0,5.0,0.5,6.0,1.2186937267744426e-19,0.4674660037540116,1.182103720554788,-10.080558766558667,0.0,10.43846368114631,0.0,True
0.1,5.5,5.0,5.0,0.5,8.0,1.1701387994124435,1.874254279587956e-24,0.4865406962911021,17.17598894863028,0.0,-19.946355892121655,0.0,True
0.1,5.5,5.0,5.0,0.5,8.0,-1.5303670449694303e-28,4.390346550538448e-22,1.0,-5.5,0.0,-8.12,0.0,False
0.1,5.5,5.0,5.0,0.5,8.0,1.2564731333012708e-20,0.4938606134207713,1.1524364409302128,-9.97772905526364,0.0,9.99291743715418,0.0,True
0.1,5.5,5.0,5.0,0.5,8.0,-2.657549130173148e-26,-1.6079653733253538,2.6159704011333402,-65.97581322210577,0.0,63.45010907141916,0.0,True
0.1,5.5,5.0,5.0,0.5,10.0,1.21037663519191,2.1055161709465402e-27,0.560496520294453,18.971847831481227,0.0,-20.11953610794722,0.0,True
0.1,5.5,5.0,5.0,0.5,10.0,-2.3904533383858615e-31,1.6586743536597874e-22,1.0,-5.5,0.0,-8.12,0.0,False
0.1,5.5,5.0,5.0,0.5,10.0,-6.21710292563351e-19,0.5123140996718911,1.1312328683613102,-9.914907388015187,0.0,9.690659669688154,0.0,True
0.1,5.5,5.0,5.0,0.5,10.0,-3.417583554727152e-19,-1.8669753268093443,2.7427984354574293,-79.57832962173931,0.0,71.10818015406726,0.0,True
0.1,5.5,5.0,5.0,1.0,4.0,1.011631621826655,8.720034216060665e-21,0.1045262790053253,8.086149985425427,0.0,-19.052252733922327,0.0,True
0.1,5.5,5.0,5.0,1.0,4.0,-1.4627492470558934e-30,1.5698375401247922e-24,1.0,-6.0,0.0,-8.12,0.0,False
0.1,5.5,5.0,5.0,1.0,4.0,3.970720273073483e-26,0.4261961331033995,1.2270539298403633,-11.02477693726038,0.0,11.163841604242917,0.0,True
0.1,5.5,5.0,5.0,1.0,4.0,4.193799142321119e-24,-1.0208969470536047,2.302788220629213,-43.23984865288889,0.0,46.6067394234456,0.0,True
0.1,5.5,5.0,5.0,1.0,6.0,1.0877254500316185,1.9671609308361752e-19,0.30983111812288266,13.483907421712724,0.0,-19.56143132089557,0.0,True
0.1,5.5,5.0,5.0,1.0,6.0,4.009530701192353e-24,8.560268626675438e-19,1.0,-6.0,0.0,-8.12,0.0,False
0.1,5.5,5.0,5.0,1.0,6.0,-1.5805178293129663e-25,0.4674660037540116,1.182103720554788,-10.779243369633404,0.0,10.43846368114631,0.0,True
0.1,5.5,5.0,5.0,1.0,6.0,2.9906766745643e-19,-1.3291401432722416,2.4721779337147956,-56.03206659989514,0.0,55.3513973648994,0.0,True
0.1,5.5,5.0,5.0,1.0,8.0,1.1471374799811316,7.70590442921834e-25,0.4242830758848608,16.546576361214303,0.0,-19.918077085756554,0.0,True
0.1,5.5,5.0,5.0,1.0,8.0,1.4548640429876397e-27,1.6876913692896286e-19,1.0,-6.0,0.0,-8.12,0.0,False
0.1,5.5,5.0,5.0,1.0,8.0,-9.9185927082244e-25,0.49386061342077126,1.1524364409302128,-10.641783930455587,0.0,9.99291743715418,0.0,True
0.1,5.5,5.0,5.0,1.0,10.0,1.1912939067454624,-1.8901318419165596e-28,0.5032865897128966,18.643119132228996,0.0,-20.155722900731682,0.0,True
0.1,5.5,5.0,5.0,1.0,10.0,-5.984967895069276e-28,8.32075801179044e-20,1.0,-6.0,0.0,-8.12,0.0,False
0.1,5.5,5.0,5.0,1.0,10.0,3.8707428049310928e-22,0.5123140996718911,1.1312328683613102,-10.554751289245665,0.0,9.690659669688154,0.0,True
0.1,5.5,5.0,5.0,3.0,4.0,2.779431063548309e-21,4.855990594641552e-21,1.0,-8.0,0.0,-8.12,0.0,False
0.1,5.5,5.0,5.0,3.0,4.0,-2.5699597344989697e-24,0.4261961331033996,1.2270539298403633,-14.036099630733741,0.0,11.163841604242922,0.0,True
0.1,5.5,5.0,5.0,3.0,6.0,1.0070826909647028,9.353411217464242e-21,0.07030241576268503,7.797041307003925,0.0,-19.02844879836779,0.0,True
0.1,5.5,5.0,5.0,3.0,6.0,2.202148661072227e-19,2.7405954601169404e-22,1.0,-8.0,0.0,-8.12,0.0,False
0.1,5.5,5.0,5.0,3.0,6.0,-2.1175238031021472e-22,0.46746600375401165,1.182103720554788,-13.57398178193235,0.0,10.438463681146313,0.0,True
0.1,5.5,5.0,5.0,3.0,8.0,1.0633461548991445,3.915611423957313e-18,0.22264028146707815,13.029144728271088,0.0,-19.486781039403255,0.0,True
0.1,5.5,5.0,5.0,3.0,8.0,3.903467563624483e-24,2.7392566576629405e-17,1.0,-8.0,0.0,-8.12,0.0,False
0.1,5.5,5.0,5.0,3.0,8.0,-6.083917168194036e-26,0.4938606134207713,1.1524364409302128,-13.298003431223378,0.0,9.99291743715418,0.0,True
0.1,5.5,5.0,5.0,3.0,8.0,2.8416505229370394e-19,-1.6079653733253536,2.61597040113334,-83.08406607112006,0.0,63.45010907141911,0.0,True
0.1,5.5,5.0,5.0,3.0,10.0,1.1153174508404808,4.034807503991351e-19,0.31583684111788046,16.30758402497893,0.0,-19.898243593436845,0.0,True
0.1,5.5,5.0,5.0,3.0,10.0,-1.5506095316499123e-28,2.5716152834330546e-20,1.0,-8.0,0.0,-8.12,0.0,False
0.1,5.5,5.0,5.0,3.0,10.0,-2.0600467866538593e-20,0.5123140996718911,1.1312328683613102,-13.114126894167581,0.0,9.690659669688154,0.0,True
0.1,5.5,5.0,7.0,0.5,4.0,1.035573359902343,-1.7544998134593014e-18,0.19569086219542942,10.03786918349317,0.0,-19.125546880048116,0.0,True
0.1,5.5,5.0,7.0,0.5,4.0,1.3966044695769314e-27,-7.744203995945369e-25,1.0,-5.5,0.0,-6.119999999999999,0.0,False
0.1,5.5,5.0,7.0,0.5,4.0,-5.076192042085937e-18,0.29349050124365594,1.1507391800604416,-8.227161583443943,0.0,8.707516829357383,0.0,True
0.1,5.5,5.0,7.0,0.5,4.0,-4.631306701501975e-22,-0.6608940977061827,1.7643667646700214,-21.908565293373123,0.0,29.090522274954722,0.0,True
0.1,5.5,5.0,7.0,0.5,6.0,1.1143963203380107,2.458847129831216e-22,0.37906042060855094,14.535199571197758,0.0,-19.379185461576434,0.0,True
0.1,5.5,5.0,7.0,0.5,6.0,3.771920328787078e-19,3.2244904424484763e-20,1.0,-5.499999999999999,0.0,-6.12,0.0,False
0.1,5.5,5.0,7.0,0.5,6.0,-1.0096727857041704e-18,0.3259771352150275,1.1239712747968291,-8.11283442193189,0.0,8.178344263625423,0.0,True
0.1,5.5,5.0,7.0,0.5,8.0,1.1701387994124435,9.125991462162113e-26,0.4865406962911021,17.17598894863028,0.0,-19.472912193826794,0.0,True
0.1,5.5,5.0,7.0,0.5,8.0,6.5906762372027544e-21,1.0263339820024228e-19,1.0,-5.5,0.0,-6.119999999999999,0.0,False
0.1,5.5,5.0,7.0,0.5,8.0,-2.131157823704424e-20,0.34765021224870585,1.1057530863169989,-8.049427327486836,0.0,7.83540122901497,0.0,True
0.1,5.5,5.0,7.0,0.5,10.0,-1.6372812379265424e-21,-1.218358051935337,2.0390774399009683,-39.13708634868573,0.0,43.340404606947736,0.0,True
0.1,5.5,5.0,7.0,0.5,10.0,1.21037663519191,1.2248987704407209e-18,0.560496520294453,18.971847831481227,0.0,-19.491223409422837,0.0,True
0.1,5.5,5.0,7.0,0.5,10.0,1.727656461177629e-24,7.253092205647701e-20,1.0,-5.5,0.0,-6.119999999999998,0.0,False
0.1,5.5,5.0,7.0,0.5,10.0,8.264042472045454e-23,0.3633133993182768,1.0923976382869411,-8.010012323063128,0.0,7.5928507307982676,0.0,True
0.1,5.5,5.0,7.0,1.0,4.0,1.011631621826655,2.850360508605024e-20,0.1045262790053253,8.086149985425427,0.0,-19.03040124791693,0.0,True
0.1,5.5,5.0,7.0,1.0,4.0,-1.7301965285811944e-27,4.787802649489759e-19,1.0,-6.0,0.0,-6.119999999999999,0.0,False
0.1,5.5,5.0,7.0,1.0,4.0,4.268413519487012e-22,0.2934905012436556,1.1507391800604414,-8.889261913707026,0.0,8.707516829357356,0.0,True
0.1,5.5,5.0,7.0,1.0,6.0,1.0877254500316185,8.878510954653958e-20,0.30983111812288266,13.483907421712724,0.0,-19.369440677381018,0.0,True
0.1,5.5,5.0,7.0,1.0,6.0,-1.3077314693282102e-27,8.93949239164147e-21,1.0,-6.0,0.0,-6.12,0.0,False
0.1,5.5,5.0,7.0,1.0,6.0,-3.1750326148824954e-22,-0.8628261640089473,1.8685471541814604,-29.108190927108218,0.0,34.121517498311555,0.0,True
0.1,5.5,5.0,7.0,1.0,6.0,6.95045022533315e-23,0.3259771352150273,1.123971274796829,-8.74449013521609,0.0,8.178344263625409,0.0,True
0.1,5.5,5.0,7.0,1.0,8.0,1.1471374799811316,9.925914138611708e-26,0.4242830758848608,16.546576361214303,0.0,-19.558044828791914,0.0,True
0.1,5.5,5.0,7.0,1.0,8.0,-4.818004571306273e-28,2.3147169034367306e-21,1.0,-6.0,0.0,-6.119999999999999,0.0,False
0.1,5.5,5.0,7.0,1.0,8.0,1.1445387943166537e-19,-1.0466728820401574,1.958583606748468,-35.023242844843836,0.0,38.83670364814349,0.0,True
0.1,5.5,5.0,7.0,1.0,8.0,4.191312652747862e-23,0.3476502122487059,1.1057530863169989,-8.66077227143662,0.0,7.8354012290149715,0.0,True
0.1,5.5,5.0,7.0,1.0,10.0,1.1912939067454624,-6.303868121516506e-21,0.5032865897128966,18.643119132228996,0.0,-19.649128117962004,0.0,True
0.1,5.5,5.0,7.0,1.0,10.0,-2.5509628225951627e-29,9.970338575727788e-22,1.0,-6.0,0.0,-6.119999999999998,0.0,False
0.1,5.5,5.0,7.0,1.0,10.0,1.9220043753076298e-25,-1.218358051935337,2.0390774399009683,-41.21600475164227,0.0,43.340404606947736,0.0,True
0.1,5.5,5.0,7.0,1.0,10.0,1.1804214818583237e-23,0.36331339931827683,1.0923976382869411,-8.606678623130572,0.0,7.592850730798269,0.0,True
0.1,5.5,5.0,7.0,3.0,4.0,4.074706641617203e-22,1.4159166998200026e-20,1.0,-8.0,0.0,-6.119999999999999,0.0,False
0.1,5.5,5.0,7.0,3.0,4.0,-1.2044237424138127e-22,0.29349050124365555,1.1507391800604414,-11.537663234759378,0.0,8.707516829357354,0.0,True
0.1,5.5,5.0,7.0,3.0,6.0,1.0070826909647028,3.1709304775908286e-20,0.07030241576268503,7.797041307003925,0.0,-19.018563939043652,0.0,True
0.1,5.5,5.0,7.0,3.0,6.0,-4.503301178565147e-30,5.74765721618261e-21,1.0,-8.0,0.0,-6.12,0.0,False
0.1,5.5,5.0,7.0,3.0,6.0,-7.717891979255601e-23,0.32597713521502736,1.123971274796829,-11.271112988352908,0.0,8.178344263625412,0.0,True
0.1,5.5,5.0,7.0,3.0,6.0,-2.8005819382413615e-26,-0.8628261640089472,1.8685471541814604,-36.09112786190748,0.0,34.12151749831154,0.0,True
0.1,5.5,5.0,7.0,3.0,8.0,1.0633461548991445,-6.176257884358984e-18,0.22264028146707815,13.029144728271088,0.0,-19.387643649539775,0.0,True
0.1,5.5,5.0,7.0,3.0,8.0,-1.3191541598283709e-28,2.864176977462331e-19,1.0,-8.0,0.0,-6.119999999999999,0.0,False
0.1,5.5,5.0,7.0,3.0,8.0,-1.1841381274380692e-21,0.3476502122487058,1.1057530863169989,-11.106152047235756,0.0,7.835401229014966,0.0,True
0.1,5.5,5.0,7.0,3.0,8.0,2.1788712816471017e-21,-1.0466728820401574,1.958583606748468,-42.695342334091514,0.0,38.83670364814349,0.0,True
0.1,5.5,5.0,7.0,3.0,10.0,1.1153174508404808,3.322618050527236e-19,0.31583684111788046,16.30758402497893,0.0,-19.698737773022206,0.0,True
0.1,5.5,5.0,7.0,3.0,10.0,-1.349478799489754e-30,1.2069737510671577e-21,1.0,-8.0,0.0,-6.119999999999998,0.0,False
0.1,5.5,5.0,7.0,3.0,10.0,-3.5927792320533924e-25,0.36331339931827683,1.0923976382869411,-10.993343823400346,0.0,7.592850730798269,0.0,True
0.1,5.5,5.0,7.0,3.0,10.0,-5.875567288540725e-23,-1.218358051935337,2.0390774399009683,-49.531678363468444,0.0,43.340404606947736,0.0,True
0.1,5.5,5.0,7.0,3.0,10.0,4.7364703409366165,-4.898705940012764,5.459340710886711,5957.604813127551,0.0,350.8389758276394,0.0,True
0.1,6.5,1.0,3.0,0.5,4.0,1.0938477581427222,6.76159700350933e-25,0.7008742705015352,11.39395715073324,0.0,-18.6458678411109,0.0,True
0.1,6.5,1.0,3.0,0.5,4.0,1.0802952142754832e-20,3.8224489796223066e-19,1.0,-1.5,0.0,-10.12,0.0,False
0.1,6.5,1.0,3.0,0.5,4.0,1.0724802242473032e-23,0.6203175229988641,1.2885953720045848,-6.708057418687783,0.0,12.601157830709688,0.0,True
0.1,6.5,1.0,3.0,0.5,6.0,1.1152610460113057,-4.149996876941041e-31,0.7926987998749614,12.08406030220881,0.0,-18.511157962419244,0.0,True
0.1,6.5,1.0,3.0,0.5,6.0,3.417143048739225e-20,2.5058362873461303e-18,1.0,-1.5,0.0,-10.12,0.0,False
0.1,6.5,1.0,3.0,0.5,6.0,7.959677531161479e-24,0.6606513798343443,1.2182301228385115,-7.009731240906875,0.0,11.858000215658079,0.0,True
0.1,6.5,1.0,3.0,0.5,8.0,6.680030928455696e-21,-1.892753140804513e-32,1.0,-1.5,0.0,-10.12,0.0,False
0.1,6.5,1.0,3.0,0.5,8.0,1.1269902269812024,-1.9180567884133396e-18,0.8412366285361073,12.448320676385007,0.0,-18.427088588937792,0.0,True
0.1,6.5,1.0,3.0,0.5,8.0,2.1399170524682495e-21,0.6840537753671424,1.1754735878477653,-7.2011152944222365,0.0,11.449960347376104,0.0,True
0.1,6.5,1.0,3.0,0.5,10.0,7.739632860999386e-18,-1.4525551268274834e-28,1.0,-1.5,0.0,-10.12,0.0,False
0.1,6.5,1.0,3.0,0.5,10.0,1.134380157763909,-8.72897334045185e-20,0.8713181657671529,12.67362368955972,0.0,-18.370301264634048,0.0,True
0.1,6.5,1.0,3.0,0.5,10.0,9.53594247328374e-22,0.6993236796618851,1.1467160826807516,-7.332464215354827,0.0,11.194026976339174,0.0,True
0.1,6.5,1.0,3.0,1.0,4.0,1.0820133831191818,5.815190024501075e-24,0.5609676395316185,11.596445369800195,0.0,-19.024850745501723,0.0,True
0.1,6.5,1.0,3.0,1.0,4.0,3.492977326631092e-26,-2.073504187708952e-25,1.0,-2.0,0.0,-10.12,0.0,False
0.1,6.5,1.0,3.0,1.0,4.0,-2.7785534905011305e-25,-1.8329892812916482,3.5198872789975546,-61.603165684115226,0.0,82.38781076366864,0.0,True
0.1,6.5,1.0,3.0,1.0,4.0,-9.952975999639363e-24,0.6203175229988642,1.2885953720045848,-7.538296435063602,0.0,12.601157830709695,0.0,True
0.1,6.5,1.0,3.0,1.0,6.0,1.1158713923818708,5.592740417425657e-27,0.6887077589159363,12.841386744620795,0.0,-18.98128330979406,0.0,True
0.1,6.5,1.0,3.0,1.0,6.0,-2.2424845722872683e-26,2.1291812385164005e-23,1.0,-2.0,0.0,-10.12,0.0,False
0.1,6.5,1.0,3.0,1.0,6.0,-3.817479358372677e-25,-2.386897723768044,3.848640371864535,-92.06626237516178,0.0,100.24460994513586,0.0,True
0.1,6.5,1.0,3.0,1.0,6.0,1.4497893218124264e-21,0.6606513798343443,1.2182301228385115,-7.751773557002442,0.0,11.858000215658079,0.0,True
0.1,6.5,1.0,3.0,1.0,6.0,4.013111574166521,-4.581992961734338,7.471063624014183,1948.0040066195115,0.0,320.9930182949546,0.0,True
0.1,6.5,1.0,3.0,1.0,8.0,1.1354336386429766,-2.604658471668408e-24,0.7582732097946194,13.518211975042085,0.0,-18.93694107233117,0.0,True
0.1,6.5,1.0,3.0,1.0,8.0,-6.7371159533184e-27,8.16909719297697e-22,1.0,-2.0,0.0,-10.12,0.0,False
0.1,6.5,1.0,3.0,1.0,8.0,2.7679803877884533e-24,-2.8854480823826933,4.122178988547236,-125.23560379918118,0.0,116.585088660016,0.0,True
0.1,6.5,1.0,3.0,1.0,8.0,1.796600343651447e-21,0.6840537753671422,1.1754735878477653,-7.891984372286082,0.0,11.449960347376097,0.0,True
0.1,6.5,1.0,3.0,1.0,10.0,5.806895788062338e-20,-5.215612904245357e-30,1.0,-2.0,0.0,-10.12,0.0,False
0.1,6.5,1.0,3.0,1.0,10.0,1.1481179459332178,7.584157917228195e-21,0.8022737773339133,13.944677810376364,0.0,-18.900393042584504,0.0,True
0.1,6.5,1.0,3.0,1.0,10.0,-1.7216665851040224e-22,-3.3466177300156033,4.359955069256436,-160.7687749420383,0.0,131.8834130223368,0.0,True
0.1,6.5,1.0,3.0,1.0,10.0,-5.292166657588591e-22,0.6993236796618851,1.1467160826807516,-7.989943102494172,0.0,11.194026976339174,0.0,True
0.1,6.5,1.0,3.0,3.0,4.0,1.0075597622356365,1.4216667884948217e-18,0.11172040983320919,8.347251348104203,0.0,-19.021339195766643,0.0,True
0.1,6.5,1.0,3.0,3.0,4.0,5.999569934168549e-19,4.648147517162187e-19,1.0,-4.0,0.0,-10.12,0.0,False
0.1,6.5,1.0,3.0,3.0,4.0,3.778209862510775e-25,-1.832989281291648,3.519887278997554,-86.38237859781282,0.0,82.3878107636686,0.0,True
0.1,6.5,1.0,3.0,3.0,4.0,-6.058065210253812e-25,0.6203175229988641,1.2885953720045848,-10.85925250056687,0.0,12.601157830709688,0.0,True
0.1,6.5,1.0,3.0,3.0,4.0,5.217556515001321,-6.541896912407448,9.277277420595933,9166.872928060737,0.0,505.06131149192515,0.0,True
0.1,6.5,1.0,3.0,3.0,6.0,1.0629101689052574,7.516768420481521e-24,0.34096281748871515,12.430526591105524,0.0,-19.380434530169357,0.0,True
0.1,6.5,1.0,3.0,3.0,6.0,7.66221543874255e-24,3.9819682545736166e-21,1.0,-4.0,0.0,-10.12,0.0,False
0.1,6.5,1.0,3.0,3.0,6.0,2.890290655810324e-18,-2.386897723768044,3.848640371864535,-121.69032779905294,0.0,100.24460994513586,0.0,True
0.1,6.5,1.0,3.0,3.0,6.0,-4.566196213560629e-18,0.6606513798343442,1.2182301228385115,-10.71994282138471,0.0,11.858000215658073,0.0,True
0.1,6.5,1.0,3.0,3.0,8.0,1.1069422848916437,6.94069081686699e-22,0.46392196533950436,14.697436827424156,0.0,-19.642458379401226,0.0,True
0.1,6.5,1.0,3.0,3.0,8.0,-4.067845709800209e-28,8.741793170771872e-22,1.0,-4.0,0.0,-10.12,0.0,False
0.1,6.5,1.0,3.0,3.0,8.0,-2.4340364673392505e-20,0.6840537753671422,1.1754735878477653,-10.655460683741477,0.0,11.449960347376097,0.0,True
0.1,6.5,1.0,3.0,3.0,8.0,-3.983084928205724e-25,-2.8854480823826933,4.122178988547236,-159.2203230264218,0.0,116.585088660016,0.0,True
0.1,6.5,1.0,3.0,3.0,10.0,1.1392931374451079,2.8737816050468627e-26,0.545703901439669,16.2062461202737,0.0,-19.81985654608325,0.0,True
0.1,6.5,1.0,3.0,3.0,10.0,-1.918144974440158e-29,3.184985104943817e-22,1.0,-4.0,0.0,-10.12,0.0,False
0.1,6.5,1.0,3.0,3.0,10.0,-6.10230848043402e-21,0.6993236796618851,1.1467160826807516,-10.61985865105155,0.0,11.194026976339174,0.0,True
0.1,6.5,1.0,3.0,3.0,10.0,4.480631617022378e-19,-3.3466177300156037,4.359955069256438,-198.78719135390818,0.0,131.88341302233692,0.0,True
0.1,6.5,1.0,5.0,0.5,4.0,1.0938477581427222,1.5563285806197702e-28,0.7008742705015352,11.39395715073324,0.0,-17.663418355008783,0.0,True
0.1,6.5,1.0,5.0,0.5,4.0,8.849850923574843e-20,2.3149516120783282e-17,1.0,-1.5,0.0,-8.12,0.0,False
0.1,6.5,1.0,5.0,0.5,4.0,-3.341370752001696e-19,0.4261961331033996,1.2270539298403633,-4.249300876945325,0.0,11.163841604242922,0.0,True
0.1,6.5,1.0,5.0,0.5,4.0,9.293379351912094e-20,-1.0208969470536047,2.302788220629213,-19.377097502079927,0.0,46.6067394234456,0.0,True
0.1,6.5,1.0,5.0,0.5,6.0,1.9657999712025602,1.3579507685550098,1.8926303203859538,159.91215750019052,0.0,27.997492472841493,0.0,True
0.1,6.5,1.0,5.0,0.5,6.0,1.1065223488455408e-18,9.8204237396004e-21,1.0,-1.5,0.0,-8.12,0.0,False
0.1,6.5,1.0,5.0,0.5,6.0,-8.159442040368044e-22,0.46746600375401165,1.182103720554788,-4.491081941960781,0.0,10.438463681146313,0.0,True
0.1,6.5,1.0,5.0,0.5,6.0,1.1152610460113057,3.532296378981579e-24,0.7926987998749614,12.08406030220881,0.0,-17.254415187772835,0.0,True
0.1,6.5,1.0,5.0,0.5,8.0,8.249202294478691e-22,-4.941565743518787e-32,1.0,-1.5,0.0,-8.12,0.0,False
0.1,6.5,1.0,5.0,0.5,8.0,-2.210670301592142e-19,0.4938606134207713,1.1524364409302128,-4.6652900537280555,0.0,9.99291743715418,0.0,True
0.1,6.5,1.0,5.0,0.5,8.0,1.1269902269812024,4.185393040515084e-21,0.8412366285361073,12.448320676385007,0.0,-17.0117304585562,0.0,True
0.1,6.5,1.0,5.0,0.5,10.0,1.1860926259785613e-17,6.939500619344897e-30,1.0,-1.5,0.0,-8.12,0.0,False
0.1,6.5,1.0,5.0,0.5,10.0,1.1343801577639088,-3.450649334455772e-23,0.8713181657671529,12.673623689559706,0.0,-16.85191057264237,0.0,True
0.1,6.5,1.0,5.0,0.5,10.0,-1.8400726404446472e-17,0.5123140996718911,1.1312328683613102,-4.796156178171357,0.0,9.690659669688154,0.0,True
0.1,6.5,1.0,5.0,1.0,4.0,1.0820133831191818,1.8352198766017615e-25,0.5609676395316185,11.596445369800195,0.0,-18.395481360298373,0.0,True
0.1,6.5,1.0,5.0,1.0,4.0,1.1102191224006168e-18,-4.666233603376221e-25,1.0,-2.0,0.0,-8.12,0.0,False
0.1,6.5,1.0,5.0,1.0,4.0,-7.32899289309476e-22,0.4261961331033995,1.2270539298403633,-5.002131550313663,0.0,11.163841604242917,0.0,True
0.1,6.5,1.0,5.0,1.0,4.0,-1.0789260461469094e-25,-1.020896947053605,2.302788220629214,-22.028514296614272,0.0,46.60673942344566,0.0,True
0.1,6.5,1.0,5.0,1.0,6.0,1.115871392381871,1.2153076721003651e-23,0.688707758915936,12.841386744620808,0.0,-18.03264655541204,0.0,True
0.1,6.5,1.0,5.0,1.0,6.0,5.865146120438393e-23,9.100291809370063e-20,1.0,-2.0,0.0,-8.12,0.0,False
0.1,6.5,1.0,5.0,1.0,6.0,-4.473715982131801e-25,0.46746600375401165,1.182103720554788,-5.189766545035517,0.0,10.438463681146313,0.0,True
0.1,6.5,1.0,5.0,1.0,6.0,-6.611992293847334e-23,-1.3291401432722414,2.4721779337147956,-31.5854116561097,0.0,55.351397364899356,0.0,True
0.1,6.5,1.0,5.0,1.0,6.0,2.8896695078634975,-2.5594568083800904,4.371468495466981,760.8037190452142,0.0,148.1127243659402,0.0,True
0.1,6.5,1.0,5.0,1.0,8.0,2.6794892601703196e-19,0.49386061342077137,1.1524364409302128,-5.329344928920005,0.0,9.992917437154183,0.0,True
0.1,6.5,1.0,5.0,1.0,8.0,1.1354336386429766,-4.202857436458267e-20,0.7582732097946194,13.518211975042085,0.0,-17.7869845509467,0.0,True
0.1,6.5,1.0,5.0,1.0,8.0,1.3656090406049805e-22,2.171847338867919e-19,1.0,-2.0,0.0,-8.12,0.0,False
0.1,6.5,1.0,5.0,1.0,8.0,-7.11589612971898e-25,-1.6079653733253534,2.61597040113334,-42.024259233485694,0.0,63.450109071419085,0.0,True
0.1,6.5,1.0,5.0,1.0,10.0,2.4714254187675595e-18,-5.992761050218617e-28,1.0,-2.0,0.0,-8.12,0.0,False
0.1,6.5,1.0,5.0,1.0,10.0,1.1481179459332178,-1.3959783405075473e-24,0.8022737773339133,13.944677810376364,0.0,-17.613106614989253,0.0,True
0.1,6.5,1.0,5.0,1.0,10.0,-4.127514611248541e-20,0.5123140996718912,1.1312328683613102,-5.436000079401836,0.0,9.690659669688161,0.0,True
0.1,6.5,1.0,5.0,3.0,4.0,1.0075597622356365,2.5255090721556907e-19,0.11172040983320919,8.347251348104203,0.0,-18.996376295820045,0.0,True
0.1,6.5,1.0,5.0,3.0,4.0,1.1967566707473376e-20,1.4127560762228705e-20,1.0,-4.0,0.0,-8.12,0.0,False
0.1,6.5,1.0,5.0,3.0,4.0,-5.411390172311646e-23,0.42619613310339954,1.2270539298403633,-8.013454243787024,0.0,11.163841604242918,0.0,True
0.1,6.5,1.0,5.0,3.0,4.0,3.862437048857531e-18,-1.0208969470536047,2.302788220629213,-32.63418147475157,0.0,46.6067394234456,0.0,True
0.1,6.5,1.0,5.0,3.0,6.0,1.0629101689052574,2.6005890833850188e-24,0.34096281748871515,12.430526591105524,0.0,-19.14792324434967,0.0,True
0.1,6.5,1.0,5.0,3.0,6.0,3.7629762188738586e-26,9.031609575965744e-23,1.0,-4.0,0.0,-8.12,0.0,False
0.1,6.5,1.0,5.0,3.0,6.0,-1.4127624476946298e-20,0.4674660037540116,1.182103720554788,-7.98450495733446,0.0,10.43846368114631,0.0,True
0.1,6.5,1.0,5.0,3.0,6.0,1.663287344020812e-23,-1.3291401432722414,2.4721779337147956,-43.80873912800241,0.0,55.351397364899356,0.0,True
0.1,6.5,1.0,5.0,3.0,8.0,1.1069422848916437,2.2556146618675544e-22,0.46392196533950436,14.697436827424156,0.0,-19.21201119955229,0.0,True
0.1,6.5,1.0,5.0,3.0,8.0,-4.907583966547409e-30,1.3010989973917505e-23,1.0,-4.0,0.0,-8.12,0.0,False
0.1,6.5,1.0,5.0,3.0,8.0,-2.1710208206460907e-19,0.4938606134207713,1.1524364409302128,-7.985564429687796,0.0,9.99291743715418,0.0,True
0.1,6.5,1.0,5.0,3.0,8.0,1.3210171317699886e-22,-1.6079653733253536,2.61597040113334,-55.71086151269715,0.0,63.45010907141911,0.0,True
0.1,6.5,1.0,5.0,3.0,10.0,1.1392931374451079,4.261939364777475e-28,0.545703901439669,16.2062461202737,0.0,-19.2242710499903,0.0,True
0.1,6.5,1.0,5.0,3.0,10.0,-1.2848274678352065e-28,1.6728143456826468e-24,1.0,-4.0,0.0,-8.12,0.0,False
0.1,6.5,1.0,5.0,3.0,10.0,-1.1891377880060987e-19,0.5123140996718912,1.1312328683613102,-7.9953756843237525,0.0,9.690659669688161,0.0,True
0.1,6.5,1.0,5.0,3.0,10.0,-3.237197378568808e-23,-1.866975326809344,2.7427984354574284,-68.2939147354177,0.0,71.1081801540672,0.0,True
0.1,6.5,1.0,7.0,0.5,4.0,1.0938477581427222,1.7960700287524686e-23,0.7008742705015352,11.39395715073324,0.0,-16.680968868906664,0.0,True
0.1,6.5,1.0,7.0,0.5,4.0,1.0359592931013985e-18,3.083507820139282e-18,1.0,-1.5,0.0,-6.119999999999999,0.0,False
0.1,6.5,1.0,7.0,0.5,4.0,-3.230534753774184e-17,0.293490501243656,1.1507391800604418,-2.930358941339234,0.0,8.70751682935739,0.0,True
0.1,6.5,1.0,7.0,0.5,4.0,1.6414187565857408,0.8501843271826754,1.5913595492094825,22.478004231853113,0.0,105.6656945427431,0.0,True
0.1,6.5,1.0,7.0,0.5,4.0,-5.526222420230585e-21,-0.6608940977061828,1.7643667646700216,-9.45660497228449,0.0,29.09052227495474,0.0,True
0.1,6.5,1.0,7.0,0.5,6.0,1.1152610460113057,6.728922970297779e-26,0.7926987998749614,12.08406030220881,0.0,-15.997672413126427,0.0,True
0.1,6.5,1.0,7.0,0.5,6.0,9.518073659530233e-18,3.2717969008725904e-17,1.0,-1.5,0.0,-6.12,0.0,False
0.1,6.5,1.0,7.0,0.5,6.0,4.472546298624584e-24,-0.862826164008947,1.86854715418146,-13.39658282380985,0.0,34.1215174983115,0.0,True
0.1,6.5,1.0,7.0,0.5,6.0,-8.707698642837898e-20,0.32597713521502736,1.123971274796829,-3.0595887156582515,0.0,8.178344263625412,0.0,True
0.1,6.5,1.0,7.0,0.5,8.0,2.3275427505605597,-1.7889992832918946,3.1232717242056713,88.44019649261813,0.0,334.4888759377907,0.0,True
0.1,6.5,1.0,7.0,0.5,8.0,-4.736322569765306e-26,8.490209477822426e-26,1.0,-1.5,0.0,-6.119999999999999,0.0,False
0.1,6.5,1.0,7.0,0.5,8.0,1.9779276558608332e-19,0.34765021224870574,1.1057530863169989,-3.1586677758885617,0.0,7.835401229014964,0.0,True
0.1,6.5,1.0,7.0,0.5,8.0,1.1269902269812024,1.2307301457665947e-21,0.8412366285361073,12.448320676385007,0.0,-15.596372328174606,0.0,True
0.1,6.5,1.0,7.0,0.5,8.0,-1.8072637677823284e-24,-1.0466728820401572,1.9585836067484677,-17.76101899403656,0.0,38.836703648143455,0.0,True
0.1,6.5,1.0,7.0,0.5,10.0,5.0230175403645135e-23,-1.183442323632258e-31,1.0,-1.5,0.0,-6.119999999999998,0.0,False
0.1,6.5,1.0,7.0,0.5,10.0,4.5924996523110205e-20,0.36331339931827683,1.0923976382869411,-3.236681922523581,0.0,7.592850730798269,0.0,True
0.1,6.5,1.0,7.0,0.5,10.0,1.1343801577639088,5.4089042986809843e-20,0.8713181657671529,12.673623689559706,0.0,-15.333519880650698,0.0,True
0.1,6.5,1.0,7.0,1.0,4.0,1.082013383119182,2.0711623492524674e-20,0.5609676395316183,11.59644536980021,0.0,-17.766111975095026,0.0,True
0.1,6.5,1.0,7.0,1.0,4.0,1.3294950060344468e-20,4.730783566044694e-17,1.0,-2.0,0.0,-6.119999999999997,0.0,False
0.1,6.5,1.0,7.0,1.0,4.0,4.0164817052611507e-19,0.2934905012436556,1.1507391800604414,-3.5924592716023183,0.0,8.707516829357356,0.0,True
0.1,6.5,1.0,7.0,1.0,4.0,3.836418646529585e-23,-0.6608940977061827,1.7643667646700214,-11.013100012420566,0.0,29.090522274954722,0.0,True
0.1,6.5,1.0,7.0,1.0,6.0,1.1158713923818708,3.2370390788370333e-25,0.6887077589159363,12.841386744620795,0.0,-17.084009801030014,0.0,True
0.1,6.5,1.0,7.0,1.0,6.0,-9.414625902917664e-28,8.74371541969406e-23,1.0,-2.0,0.0,-6.12,0.0,False
0.1,6.5,1.0,7.0,1.0,6.0,-6.828070520184058e-18,0.32597713521502747,1.123971274796829,-3.6912444289424577,0.0,8.17834426362542,0.0,True
0.1,6.5,1.0,7.0,1.0,8.0,2.500262925758037,-1.989277958335057,3.290451940217955,102.64144614113954,0.0,462.2575775883063,0.0,True
0.1,6.5,1.0,7.0,1.0,8.0,-1.7028626715489814e-27,1.634390990409332e-21,1.0,-2.0,0.0,-6.119999999999999,0.0,False
0.1,6.5,1.0,7.0,1.0,8.0,1.4309676590011562e-19,0.3476502122487058,1.1057530863169989,-3.770012719838346,0.0,7.835401229014966,0.0,True
0.1,6.5,1.0,7.0,1.0,8.0,1.1354336386429766,3.199178511231607e-22,0.7582732097946194,13.518211975042085,0.0,-16.63702802956223,0.0,True
0.1,6.5,1.0,7.0,1.0,8.0,-7.229641352554074e-23,-1.0466728820401576,1.9585836067484683,-19.679043866348493,0.0,38.836703648143526,0.0,True
0.1,6.5,1.0,7.0,1.0,10.0,3.0247524667362304e-22,1.6662778771952603e-30,1.0,-2.0,0.0,-6.119999999999998,0.0,False
0.1,6.5,1.0,7.0,1.0,10.0,2.0604675259332033e-21,0.3633133993182769,1.0923976382869411,-3.8333482225910247,0.0,7.592850730798272,0.0,True
0.1,6.5,1.0,7.0,1.0,10.0,1.1481179459332178,1.4155462794694715e-27,0.8022737773339133,13.944677810376364,0.0,-16.325820187394,0.0,True
0.1,6.5,1.0,7.0,3.0,4.0,1.0075597622356365,-2.8637102666510923e-19,0.11172040983320919,8.347251348104203,0.0,-18.971413395873444,0.0,True
0.1,6.5,1.0,7.0,3.0,4.0,9.725243215899092e-23,1.2038210053505695e-22,1.0,-4.0,0.0,-6.119999999999999,0.0,False
0.1,6.5,1.0,7.0,3.0,4.0,-1.2624727776816945e-19,0.29349050124365555,1.1507391800604414,-6.240860592654672,0.0,8.707516829357354,0.0,True
0.1,6.5,1.0,7.0,3.0,4.0,-1.4193543016948532e-19,-0.6608940977061828,1.7643667646700216,-17.23908017296489,0.0,29.09052227495474,0.0,True
0.1,6.5,1.0,7.0,3.0,6.0,1.0629101689052574,4.457929273044615e-25,0.34096281748871515,12.430526591105524,0.0,-18.915411958529983,0.0,True
0.1,6.5,1.0,7.0,3.0,6.0,2.1754198705412242e-18,3.6822494671320334e-20,1.0,-4.0,0.0,-6.12,0.0,False
0.1,6.5,1.0,7.0,3.0,6.0,1.3169608799928236e-25,0.32597713521502736,1.123971274796829,-6.217867282079274,0.0,8.178344263625412,0.0,True
0.1,6.5,1.0,7.0,3.0,8.0,1.1069422848916437,4.035813653288145e-23,0.46392196533950436,14.697436827424156,0.0,-18.781564019703353,0.0,True
0.1,6.5,1.0,7.0,3.0,8.0,5.895608181508729e-25,1.7981340659560394e-21,1.0,-4.0,0.0,-6.119999999999999,0.0,False
0.1,6.5,1.0,7.0,3.0,8.0,5.477728715231012e-26,0.3476502122487059,1.1057530863169989,-6.215392495637484,0.0,7.8354012290149715,0.0,True
0.1,6.5,1.0,7.0,3.0,10.0,1.1392931374451079,2.9036903128806096e-21,0.545703901439669,16.2062461202737,0.0,-18.62868555389735,0.0,True
0.1,6.5,1.0,7.0,3.0,10.0,8.30011379705549e-20,7.081605734564216e-22,1.0,-4.0,0.0,-6.119999999999998,0.0,False
0.1,6.5,1.0,7.0,3.0,10.0,6.256196386111561e-21,0.36331339931827683,1.0923976382869411,-6.220013422860799,0.0,7.592850730798269,0.0,True
0.1,6.5,1.0,7.0,3.0,10.0,5.22299157860057e-20,-1.2183580519353372,2.039077439900969,-32.9003311398161,0.0,43.340404606947764,0.0,True
0.1,6.5,3.0,3.0,0.5,4.0,1.079708537096691,8.689641834679657e-28,0.41711473746026173,12.932480033156942,0.0,-19.41780345909531,0.0,True
0.1,6.5,3.0,3.0,0.5,4.0,1.3404315626830249e-24,2.3256941924763876e-19,1.0,-3.5,0.0,-10.12,0.0,False
0.1,6.5,3.0,3.0,0.5,4.0,-5.622982357060116e-22,0.620317522998864,1.2885953720045846,-10.029013484191047,0.0,12.601157830709683,0.0,True
0.1,6.5,3.0,3.0,0.5,4.0,5.932081301966113e-19,-1.832989281291648,3.519887278997554,-80.18757536938841,0.0,82.3878107636686,0.0,True
0.1,6.5,3.0,3.0,0.5,6.0,1.134570709398337,1.22277999925289e-23,0.5709164351251181,15.439687847613937,0.0,-19.67257983586626,0.0,True
0.1,6.5,3.0,3.0,0.5,6.0,8.783917261677036e-19,1.0011987339188709e-21,1.0,-3.4999999999999996,0.0,-10.12,0.0,False
0.1,6.5,3.0,3.0,0.5,6.0,-1.6256373480428927e-22,0.6606513798343443,1.2182301228385115,-9.977900505289146,0.0,11.858000215658079,0.0,True
0.1,6.5,3.0,3.0,0.5,8.0,1.1684287527616137,2.3484292907399084e-23,0.658693562429985,16.861369348435577,0.0,-19.80493901157824,0.0,True
0.1,6.5,3.0,3.0,0.5,8.0,1.5636242681975104e-18,4.011239563239679e-22,1.0,-3.5,0.0,-10.12,0.0,False
0.1,6.5,3.0,3.0,0.5,8.0,-2.919288958119637e-23,0.6840537753671422,1.1754735878477653,-9.96459160587763,0.0,11.449960347376097,0.0,True
0.1,6.5,3.0,3.0,0.5,10.0,1.3067054910097241e-24,-2.490795446350372e-31,1.0,-3.5000000000000004,0.0,-10.12,0.0,False
0.1,6.5,3.0,3.0,0.5,10.0,1.191227472871731,1.3173977117190897e-22,0.716195421575126,17.784146942071438,0.0,-19.882476273272047,0.0,True
0.1,6.5,3.0,3.0,0.5,10.0,-6.4756503081543654e-24,0.6993236796618852,1.1467160826807516,-9.962379763912207,0.0,11.19402697633918,0.0,True
0.1,6.5,3.0,3.0,0.5,10.0,5.2002728457239895,-6.762352838506676,9.310257239742933,4243.6875549136485,0.0,526.3333535570754,0.0,True
0.1,6.5,3.0,3.0,1.0,4.0,1.0523649949019682,8.587533073481129e-27,0.30782994844061284,11.824409729162928,0.0,-19.31443385112501,0.0,True
0.1,6.5,3.0,3.0,1.0,4.0,7.14857715790809e-25,5.605999554388683e-23,1.0,-4.0,0.0,-10.12,0.0,False
0.1,6.5,3.0,3.0,1.0,4.0,-1.543899332235268e-20,0.6203175229988642,1.2885953720045848,-10.859252500566871,0.0,12.601157830709695,0.0,True
0.1,6.5,3.0,3.0,1.0,6.0,1.1142078880078656,1.2645141528047245e-20,0.4827253259587715,15.044802645315949,0.0,-19.68346520257284,0.0,True
0.1,6.5,3.0,3.0,1.0,6.0,-4.126169723999308e-32,3.635212060145231e-24,1.0,-4.0,0.0,-10.12,0.0,False
0.1,6.5,3.0,3.0,1.0,6.0,-1.117714231780354e-20,0.6606513798343443,1.2182301228385115,-10.719942821384713,0.0,11.858000215658079,0.0,True
0.1,6.5,3.0,3.0,1.0,6.0,5.049981137434458,-6.101492323356032,8.988141999134701,5378.858248565851,0.0,465.69836959145596,0.0,True
0.1,6.5,3.0,3.0,1.0,8.0,1.154728885952154,-2.1655696787669673e-25,0.5833128749836554,16.897161324402987,0.0,-19.89962124994088,0.0,True
0.1,6.5,3.0,3.0,1.0,8.0,3.772147544961589e-19,1.678606054296107e-17,1.0,-4.0,0.0,-10.12,0.0,False
0.1,6.5,3.0,3.0,1.0,8.0,-1.4414169012116006e-24,0.6840537753671423,1.1754735878477653,-10.655460683741481,0.0,11.4499603473761,0.0,True
0.1,6.5,3.0,3.0,1.0,8.0,-4.840210700720941e-24,-2.885448082382694,4.122178988547237,-159.22032302642185,0.0,116.5850886600161,0.0,True
0.1,6.5,3.0,3.0,1.0,10.0,1.1828276628365941,5.625092739447438e-25,0.6502296800071301,18.1188749887415,0.0,-20.03622957754663,0.0,True
0.1,6.5,3.0,3.0,1.0,10.0,9.973005418846382e-19,2.7053524268698007e-17,1.0,-4.0,0.0,-10.12,0.0,False
0.1,6.5,3.0,3.0,1.0,10.0,1.2175571289140065e-18,0.6993236796618851,1.1467160826807516,-10.61985865105155,0.0,11.194026976339174,0.0,True
0.1,6.5,3.0,3.0,1.0,10.0,-5.915795408174651e-23,-3.3466177300156033,4.359955069256436,-198.7871913539081,0.0,131.8834130223368,0.0,True
0.1,6.5,3.0,3.0,3.0,4.0,3.702461860669643e-23,-1.290931351311727e-25,1.0,-6.0,0.0,-10.12,0.0,False
0.1,6.5,3.0,3.0,3.0,4.0,-4.9691644867961965e-19,0.6203175229988641,1.2885953720045848,-14.180208566070139,0.0,12.601157830709688,0.0,True
0.1,6.5,3.0,3.0,3.0,4.0,-1.3940181937213961e-24,-1.832989281291648,3.519887278997554,-111.16159151151042,0.0,82.3878107636686,0.0,True
0.1,6.5,3.0,3.0,3.0,6.0,1.0338558494451742,4.570550905895415e-18,0.19835656192599815,11.522620538225004,0.0,-19.25478283999991,0.0,True
0.1,6.5,3.0,3.0,3.0,6.0,1.010996966963342e-21,4.275828676690667e-19,1.0,-6.0,0.0,-10.12,0.0,False
0.1,6.5,3.0,3.0,3.0,6.0,-2.426520367241728e-24,0.6606513798343444,1.2182301228385115,-13.688112085766985,0.0,11.858000215658084,0.0,True
0.1,6.5,3.0,3.0,3.0,8.0,1.0870507071042768,5.801851323366113e-25,0.33530542760355164,15.190352600967485,0.0,-19.69553436358186,0.0,True
0.1,6.5,3.0,3.0,3.0,8.0,-8.998683294310838e-28,1.564258459423275e-23,1.0,-6.0,0.0,-10.12,0.0,False
0.1,6.5,3.0,3.0,3.0,8.0,6.623054218953097e-19,0.6840537753671422,1.1754735878477653,-13.418936995196876,0.0,11.449960347376097,0.0,True
0.1,6.5,3.0,3.0,3.0,10.0,1.1295513808119082,1.791613654891262e-24,0.42585115514766025,17.636966270486102,0.0,-20.03988736405863,0.0,True
0.1,6.5,3.0,3.0,3.0,10.0,4.176316571022679e-21,3.138996817198989e-17,1.0,-6.0,0.0,-10.12,0.0,False
0.1,6.5,3.0,3.0,3.0,10.0,2.0859180720018057e-21,0.6993236796618852,1.1467160826807516,-13.249774199608929,0.0,11.19402697633918,0.0,True
0.1,6.5,3.0,5.0,0.5,4.0,1.079708537096691,5.463860918421043e-20,0.41711473746026173,12.932480033156942,0.0,-19.069834050682225,0.0,True
0.1,6.5,3.0,5.0,0.5,4.0,2.759565804149965e-20,3.011830660677486e-17,1.0,-3.5,0.0,-8.12,0.0,False
0.1,6.5,3.0,5.0,0.5,4.0,-3.573904974068036e-18,0.42619613310339954,1.2270539298403633,-7.260623570418683,0.0,11.163841604242918,0.0,True
0.1,6.5,3.0,5.0,0.5,6.0,1.134570709398337,1.6562031475270124e-25,0.5709164351251181,15.439687847613937,0.0,-19.02068868407431,0.0,True
0.1,6.5,3.0,5.0,0.5,6.0,8.433076876668795e-19,5.8522928042477436e-18,1.0,-3.4999999999999996,0.0,-8.12,0.0,False
0.1,6.5,3.0,5.0,0.5,6.0,1.5735917638826188e-21,0.46746600375401165,1.182103720554788,-7.285820354259725,0.0,10.438463681146313,0.0,True
0.1,6.5,3.0,5.0,0.5,6.0,2.958553632463686e-20,-1.3291401432722414,2.4721779337147956,-40.75290726002923,0.0,55.351397364899356,0.0,True
0.1,6.5,3.0,5.0,0.5,8.0,-3.7815975341603816e-21,0.49386061342077137,1.1524364409302128,-7.321509554495849,0.0,9.992917437154183,0.0,True
0.1,6.5,3.0,5.0,0.5,8.0,1.1684287527616137,-4.318382114925373e-22,0.658693562429985,16.861369348435577,0.0,-18.937184593204833,0.0,True
0.1,6.5,3.0,5.0,0.5,8.0,1.488978352347383e-18,9.959127654613215e-19,1.0,-3.5,0.0,-8.12,0.0,False
0.1,6.5,3.0,5.0,0.5,8.0,-7.060398502859234e-22,-1.6079653733253538,2.6159704011333402,-52.289210942894314,0.0,63.45010907141916,0.0,True
0.1,6.5,3.0,5.0,0.5,10.0,5.155480922714325e-18,3.6420734243874233e-25,1.0,-3.5000000000000004,0.0,-8.12,0.0,False
0.1,6.5,3.0,5.0,0.5,10.0,1.191227472871731,-4.2497000348756144e-23,0.716195421575126,17.784146942071438,0.0,-18.8566045095017,0.0,True
0.1,6.5,3.0,5.0,0.5,10.0,5.109216504259081e-19,-1.8669753268093439,2.742798435457428,-64.53244310664384,0.0,71.10818015406716,0.0,True
0.1,6.5,3.0,5.0,0.5,10.0,-5.175513661902417e-24,0.5123140996718911,1.1312328683613102,-7.355531783093272,0.0,9.690659669688154,0.0,True
0.1,6.5,3.0,5.0,1.0,4.0,1.0523649949019682,3.446259321624951e-19,0.30782994844061284,11.824409729162928,0.0,-19.12491529681111,0.0,True
0.1,6.5,3.0,5.0,1.0,4.0,2.874977474720436e-18,2.3520841085573464e-21,1.0,-4.0,0.0,-8.12,0.0,False
0.1,6.5,3.0,5.0,1.0,4.0,-4.116496295635796e-24,0.42619613310339954,1.2270539298403633,-8.013454243787024,0.0,11.163841604242918,0.0,True
0.1,6.5,3.0,5.0,1.0,4.0,1.6058992359174417e-17,-1.0208969470536047,2.302788220629213,-32.63418147475157,0.0,46.6067394234456,0.0,True
0.1,6.5,3.0,5.0,1.0,6.0,1.1142078880078656,6.917692681580539e-21,0.4827253259587715,15.044802645315949,0.0,-19.21741772192884,0.0,True
0.1,6.5,3.0,5.0,1.0,6.0,1.8722269871309198e-21,2.529198818209657e-22,1.0,-4.0,0.0,-8.12,0.0,False
0.1,6.5,3.0,5.0,1.0,6.0,-5.666653777552508e-20,0.46746600375401165,1.182103720554788,-7.984504957334462,0.0,10.438463681146313,0.0,True
0.1,6.5,3.0,5.0,1.0,8.0,1.154728885952154,-1.418510406024505e-27,0.5833128749836554,16.897161324402987,0.0,-19.219113429697483,0.0,True
0.1,6.5,3.0,5.0,1.0,8.0,1.94454936718067e-19,3.793218856311255e-21,1.0,-4.0,0.0,-8.12,0.0,False
0.1,6.5,3.0,5.0,1.0,8.0,9.709723103340901e-22,0.4938606134207713,1.1524364409302128,-7.985564429687796,0.0,9.99291743715418,0.0,True
0.1,6.5,3.0,5.0,1.0,8.0,-6.887412034852577e-24,-1.6079653733253538,2.6159704011333402,-55.71086151269718,0.0,63.45010907141916,0.0,True
0.1,6.5,3.0,5.0,1.0,10.0,1.1828276628365941,-3.480838652414806e-26,0.6502296800071301,18.1188749887415,0.0,-19.190632304022284,0.0,True
0.1,6.5,3.0,5.0,1.0,10.0,4.779448545355628e-19,2.486884463141831e-20,1.0,-4.0,0.0,-8.12,0.0,False
0.1,6.5,3.0,5.0,1.0,10.0,-5.89544547263614e-21,0.5123140996718911,1.1312328683613102,-7.995375684323751,0.0,9.690659669688154,0.0,True
0.1,6.5,3.0,5.0,1.0,10.0,6.45618087012818e-18,-1.866975326809344,2.7427984354574284,-68.2939147354177,0.0,71.1081801540672,0.0,True
0.1,6.5,3.0,5.0,3.0,4.0,3.256154605296483e-19,4.107893279658021e-18,1.0,-6.0,0.0,-8.12,0.0,False
0.1,6.5,3.0,5.0,3.0,4.0,-4.7523391689440107e-23,0.4261961331033996,1.2270539298403633,-11.024776937260382,0.0,11.163841604242922,0.0,True
0.1,6.5,3.0,5.0,3.0,4.0,1.374579693683954e-19,-1.0208969470536047,2.302788220629213,-43.23984865288889,0.0,46.6067394234456,0.0,True
0.1,6.5,3.0,5.0,3.0,6.0,1.0338558494451742,1.2472575451160905e-17,0.19835656192599815,11.522620538225004,0.0,-19.176092188681704,0.0,True
0.1,6.5,3.0,5.0,3.0,6.0,-6.892011565397666e-28,2.9972564674492624e-22,1.0,-6.0,0.0,-8.12,0.0,False
0.1,6.5,3.0,5.0,3.0,6.0,3.321915951636706e-25,0.4674660037540116,1.182103720554788,-10.779243369633404,0.0,10.43846368114631,0.0,True
0.1,6.5,3.0,5.0,3.0,8.0,1.0870507071042768,2.4576906651675807e-25,0.33530542760355164,15.190352600967485,0.0,-19.47067490402106,0.0,True
0.1,6.5,3.0,5.0,3.0,8.0,4.953147309573747e-22,3.2270643381937334e-17,1.0,-6.0,0.0,-8.12,0.0,False
0.1,6.5,3.0,5.0,3.0,8.0,7.956766634421213e-26,0.4938606134207714,1.1524364409302128,-10.641783930455588,0.0,9.992917437154183,0.0,True
0.1,6.5,3.0,5.0,3.0,8.0,-1.0019061801377568e-17,-1.6079653733253536,2.61597040113334,-69.3974637919086,0.0,63.45010907141911,0.0,True
0.1,6.5,3.0,5.0,3.0,10.0,1.1295513808119082,6.298342134703784e-25,0.42585115514766025,17.636966270486102,0.0,-19.677188951377435,0.0,True
0.1,6.5,3.0,5.0,3.0,10.0,2.6099230335270135e-24,1.1753442100797743e-17,1.0,-6.0,0.0,-8.12,0.0,False
0.1,6.5,3.0,5.0,3.0,10.0,-1.2537870193583697e-18,0.5123140996718912,1.1312328683613102,-10.554751289245667,0.0,9.690659669688161,0.0,True
0.1,6.5,3.0,7.0,0.5,4.0,1.079708537096691,1.2448848499072857e-20,0.41711473746026173,12.932480033156942,0.0,-18.721864642269136,0.0,True
0.1,6.5,3.0,7.0,0.5,4.0,2.3055586448456726e-23,5.305791105837099e-21,1.0,-3.5,0.0,-6.119999999999999,0.0,False
0.1,6.5,3.0,7.0,0.5,4.0,1.355690597780328e-23,0.29349050124365555,1.1507391800604414,-5.578760262391583,0.0,8.707516829357354,0.0,True
0.1,6.5,3.0,7.0,0.5,4.0,1.9862878463333493,1.2337094675194165,1.6908986336865361,264.9444944940766,0.0,32.58707286143711,0.0,True
0.1,6.5,3.0,7.0,0.5,6.0,1.1345707093983375,-2.0019633595748648e-20,0.5709164351251177,15.439687847613964,0.0,-18.36879753228237,0.0,True
0.1,6.5,3.0,7.0,0.5,6.0,1.7321968684467642e-23,3.773083011311533e-21,1.0,-3.4999999999999996,0.0,-6.12,0.0,False
0.1,6.5,3.0,7.0,0.5,6.0,3.788876755862591e-19,0.32597713521502747,1.123971274796829,-5.58621156879507,0.0,8.17834426362542,0.0,True
0.1,6.5,3.0,7.0,0.5,6.0,-1.1664886205503102e-24,-0.8628261640089473,1.8685471541814604,-20.379519758609128,0.0,34.121517498311555,0.0,True
0.1,6.5,3.0,7.0,0.5,8.0,2.834514372709681,-2.2924091358708085,3.589629258171515,771.045307561699,0.0,129.81027912036512,0.0,True
0.1,6.5,3.0,7.0,0.5,8.0,8.424249050075264e-20,1.8976535518280034e-20,1.0,-3.5,0.0,-6.119999999999999,0.0,False
0.1,6.5,3.0,7.0,0.5,8.0,4.310204640786889e-24,0.34765021224870585,1.1057530863169989,-5.6040475516876995,0.0,7.83540122901497,0.0,True
0.1,6.5,3.0,7.0,0.5,8.0,1.1684287527616137,3.3432273524242226e-21,0.658693562429985,16.861369348435577,0.0,-18.069430174831425,0.0,True
0.1,6.5,3.0,7.0,0.5,10.0,1.0405820953522276e-19,1.3246635905830817e-25,1.0,-3.5000000000000004,0.0,-6.119999999999998,0.0,False
0.1,6.5,3.0,7.0,0.5,10.0,-7.314063325091879e-19,-1.218358051935337,2.0390774399009683,-30.82141273685955,0.0,43.340404606947736,0.0,True
0.1,6.5,3.0,7.0,0.5,10.0,1.1970625013917835e-20,0.3633133993182769,1.0923976382869411,-5.623347122793355,0.0,7.592850730798272,0.0,True
0.1,6.5,3.0,7.0,0.5,10.0,1.191227472871731,3.4993631204066345e-22,0.716195421575126,17.784146942071438,0.0,-17.830732745731357,0.0,True
0.1,6.5,3.0,7.0,1.0,4.0,1.0523649949019682,1.9886055882166125e-19,0.30782994844061284,11.824409729162928,0.0,-18.93539674249721,0.0,True
0.1,6.5,3.0,7.0,1.0,4.0,1.105361070903705e-24,-4.975969730530903e-27,1.0,-4.0,0.0,-6.119999999999999,0.0,False
0.1,6.5,3.0,7.0,1.0,4.0,-8.768654705009989e-23,0.29349050124365555,1.1507391800604414,-6.240860592654672,0.0,8.707516829357354,0.0,True
0.1,6.5,3.0,7.0,1.0,6.0,1.1142078880078656,1.0152520953078787e-21,0.4827253259587715,15.044802645315949,0.0,-18.751370241284835,0.0,True
0.1,6.5,3.0,7.0,1.0,6.0,3.902006164037194e-18,3.083024328073022e-22,1.0,-4.0,0.0,-6.12,0.0,False
0.1,6.5,3.0,7.0,1.0,6.0,3.1179534165710894e-22,0.32597713521502736,1.123971274796829,-6.217867282079274,0.0,8.178344263625412,0.0,True
0.1,6.5,3.0,7.0,1.0,8.0,1.154728885952154,-3.2100662432277226e-22,0.5833128749836554,16.897161324402987,0.0,-18.538605609454088,0.0,True
0.1,6.5,3.0,7.0,1.0,8.0,2.0082170711879644e-19,3.6361744688365375e-17,1.0,-4.0,0.0,-6.119999999999997,0.0,False
0.1,6.5,3.0,7.0,1.0,8.0,-9.13714747487252e-18,0.347650212248706,1.105753086316999,-6.215392495637486,0.0,7.835401229014979,0.0,True
0.1,6.5,3.0,7.0,1.0,8.0,-2.4289058826191162e-24,-1.0466728820401572,1.9585836067484677,-27.351143355596154,0.0,38.836703648143455,0.0,True
0.1,6.5,3.0,7.0,1.0,10.0,1.1828276628365941,2.1602624962327668e-23,0.6502296800071301,18.1188749887415,0.0,-18.345035030497932,0.0,True
0.1,6.5,3.0,7.0,1.0,10.0,4.309198952058646e-19,4.718061155992353e-17,1.0,-4.0,0.0,-6.1199999999999966,0.0,False
0.1,6.5,3.0,7.0,1.0,10.0,1.3003240859139165e-21,0.36331339931827683,1.0923976382869411,-6.220013422860799,0.0,7.592850730798269,0.0,True
0.1,6.5,3.0,7.0,1.0,10.0,-5.786775629403944e-23,-1.218358051935337,2.0390774399009683,-32.90033113981609,0.0,43.340404606947736,0.0,True
0.1,6.5,3.0,7.0,3.0,4.0,6.273038681611722e-25,1.1449959460219387e-17,1.0,-6.0,0.0,-6.119999999999999,0.0,False
0.1,6.5,3.0,7.0,3.0,4.0,7.743119435460207e-24,0.2934905012436556,1.1507391800604414,-8.889261913707026,0.0,8.707516829357356,0.0,True
0.1,6.5,3.0,7.0,3.0,4.0,3.495202665206857,-3.114654328606521,4.233378397010084,3905.3095450734963,0.0,196.08969196616658,0.0,True
0.1,6.5,3.0,7.0,3.0,6.0,1.0338558494451742,4.3070110593384435e-18,0.19835656192599815,11.522620538225004,0.0,-19.0974015373635,0.0,True
0.1,6.5,3.0,7.0,3.0,6.0,-1.5261507103618443e-30,2.5103697024900314e-25,1.0,-6.0,0.0,-6.12,0.0,False
0.1,6.5,3.0,7.0,3.0,6.0,2.2480752387670334e-27,0.32597713521502736,1.123971274796829,-8.74449013521609,0.0,8.178344263625412,0.0,True
0.1,6.5,3.0,7.0,3.0,8.0,1.0870507071042768,4.3990213622811475e-26,0.33530542760355164,15.190352600967485,0.0,-19.24581544446026,0.0,True
0.1,6.5,3.0,7.0,3.0,8.0,3.1999582529047637e-24,1.386592924315532e-17,1.0,-6.0,0.0,-6.119999999999999,0.0,False
0.1,6.5,3.0,7.0,3.0,8.0,-1.549727724379499e-22,0.34765021224870585,1.1057530863169989,-8.66077227143662,0.0,7.83540122901497,0.0,True
0.1,6.5,3.0,7.0,3.0,10.0,1.1295513808119082,1.249579278067481e-25,0.42585115514766025,17.636966270486102,0.0,-19.31449053869624,0.0,True
0.1,6.5,3.0,7.0,3.0,10.0,1.3233583878597704e-26,5.5261123793597216e-18,1.0,-6.0,0.0,-6.119999999999998,0.0,False
0.1,6.5,3.0,7.0,3.0,10.0,-1.8582132959791137e-23,0.3633133993182767,1.0923976382869411,-8.606678623130568,0.0,7.592850730798262,0.0,True
0.1,6.5,3.0,7.0,3.0,10.0,3.2662533345186323e-24,-1.218358051935337,2.0390774399009683,-41.21600475164227,0.0,43.340404606947736,0.0,True
0.1,6.5,5.0,3.0,0.5,4.0,1.0320397645350852,2.2424052239735596e-25,0.20117044331377454,11.174119183526292,0.0,-19.229461900363376,0.0,True
0.1,6.5,5.0,3.0,0.5,4.0,1.9229553003020904e-19,1.9550840602886886e-17,1.0,-5.5,0.0,-10.12,0.0,False
0.1,6.5,5.0,3.0,0.5,4.0,1.2392773093131187e-25,0.6203175229988641,1.2885953720045848,-13.349969549694322,0.0,12.601157830709688,0.0,True
0.1,6.5,5.0,3.0,0.5,4.0,-2.6746398411278065e-23,-1.832989281291648,3.519887278997554,-104.96678828308603,0.0,82.3878107636686,0.0,True
0.1,6.5,5.0,3.0,0.5,6.0,1.104456718483952,1.5494930199586228e-20,0.3900876784978302,15.84050548108399,0.0,-19.79946897082791,0.0,True
0.1,6.5,5.0,3.0,0.5,6.0,1.4348333836409882e-23,5.691382600458722e-19,1.0,-5.499999999999999,0.0,-10.12,0.0,False
0.1,6.5,5.0,3.0,0.5,6.0,-1.951558575805192e-23,-2.3868977237680435,3.848640371864534,-143.90837686697125,0.0,100.2446099451358,0.0,True
0.1,6.5,5.0,3.0,0.5,6.0,-8.393270490373616e-26,0.6606513798343443,1.2182301228385115,-12.946069769671414,0.0,11.858000215658079,0.0,True
0.1,6.5,5.0,3.0,0.5,8.0,1.1555922487323487,1.167880486731482e-22,0.49922745800114254,18.55202000867979,0.0,-20.184367490715328,0.0,True
0.1,6.5,5.0,3.0,0.5,8.0,-3.685986476012199e-27,2.979074238627022e-19,1.0,-5.5,0.0,-10.12,0.0,False
0.1,6.5,5.0,3.0,0.5,8.0,-1.7898812177357834e-24,-2.8854480823826933,4.122178988547236,-184.70886244685227,0.0,116.585088660016,0.0,True
0.1,6.5,5.0,3.0,0.5,8.0,2.43317741442372e-17,0.6840537753671423,1.1754735878477653,-12.728067917333028,0.0,11.4499603473761,0.0,True
0.1,6.5,5.0,3.0,0.5,10.0,1.1923223280016193,1.0782944841061894e-23,0.5735102398446397,20.380035625872107,0.0,-20.449808337409557,0.0,True
0.1,6.5,5.0,3.0,0.5,10.0,7.753872919230731e-28,2.5582520150395793e-19,1.0,-5.5,0.0,-10.12,0.0,False
0.1,6.5,5.0,3.0,0.5,10.0,5.396021830675163e-26,0.6993236796618851,1.1467160826807516,-12.592295312469581,0.0,11.194026976339174,0.0,True
0.1,6.5,5.0,3.0,1.0,4.0,1.0103142621092516,-1.517318844525221e-20,0.10685695530630868,9.145885421790405,0.0,-19.05704398640296,0.0,True
0.1,6.5,5.0,3.0,1.0,4.0,2.937415088455443e-22,3.143627087339786e-19,1.0,-6.0,0.0,-10.12,0.0,False
0.1,6.5,5.0,3.0,1.0,4.0,-3.1131152379760603e-21,0.6203175229988642,1.2885953720045848,-14.180208566070139,0.0,12.601157830709695,0.0,True
0.1,6.5,5.0,3.0,1.0,6.0,1.0800984065860322,3.100026142292271e-27,0.31947600205268334,14.762981145041689,0.0,-19.638488774608962,0.0,True
0.1,6.5,5.0,3.0,1.0,6.0,3.264595918824101e-20,3.031819356102738e-17,1.0,-6.0,0.0,-10.12,0.0,False
0.1,6.5,5.0,3.0,1.0,6.0,-3.8689383960509264e-22,0.6606513798343443,1.2182301228385115,-13.688112085766981,0.0,11.858000215658079,0.0,True
0.1,6.5,5.0,3.0,1.0,6.0,-5.586839148520041e-25,-2.386897723768044,3.848640371864535,-151.31439322294412,0.0,100.24460994513586,0.0,True
0.1,6.5,5.0,3.0,1.0,8.0,1.1348304310281192,3.5675791098791525e-23,0.4365699531054833,17.926093604197604,0.0,-20.08208465518311,0.0,True
0.1,6.5,5.0,3.0,1.0,8.0,5.333751113108518e-23,7.913037421145868e-18,1.0,-6.0,0.0,-10.12,0.0,False
0.1,6.5,5.0,3.0,1.0,8.0,-3.707879757366701e-23,0.6840537753671423,1.1754735878477653,-13.418936995196876,0.0,11.4499603473761,0.0,True
0.1,6.5,5.0,3.0,1.0,8.0,-1.830282508115624e-22,-2.885448082382693,4.122178988547235,-193.20504225366236,0.0,116.58508866001593,0.0,True
0.1,6.5,5.0,3.0,1.0,10.0,1.1753471988523818,1.5631804230643178e-26,0.5164956367524509,20.072346672153355,0.0,-20.40112684307036,0.0,True
0.1,6.5,5.0,3.0,1.0,10.0,2.499461404766857e-25,5.8429516603853354e-18,1.0,-6.0,0.0,-10.12,0.0,False
0.1,6.5,5.0,3.0,1.0,10.0,-6.01047796500726e-24,0.6993236796618852,1.1467160826807516,-13.249774199608929,0.0,11.19402697633918,0.0,True
0.1,6.5,5.0,3.0,3.0,4.0,2.831554751249087e-21,-4.992833548674629e-85,1.0,-8.0,0.0,-10.12,0.0,False
0.1,6.5,5.0,3.0,3.0,4.0,3.2893428987839987e-26,-1.832989281291648,3.519887278997554,-135.94080442520806,0.0,82.3878107636686,0.0,True
0.1,6.5,5.0,3.0,3.0,4.0,2.648794746277458e-25,0.6203175229988641,1.2885953720045848,-17.501164631573406,0.0,12.601157830709688,0.0,True
0.1,6.5,5.0,3.0,3.0,6.0,1.0062641219400161,1.7941749434666907e-21,0.07181314048826426,8.847556973638511,0.0,-19.028048394716354,0.0,True
0.1,6.5,5.0,3.0,3.0,6.0,1.5081144407266513e-21,-3.695723546402713e-25,1.0,-8.0,0.0,-10.12,0.0,False
0.1,6.5,5.0,3.0,3.0,6.0,4.2599636110358415e-19,0.6606513798343443,1.2182301228385115,-16.65628135014925,0.0,11.858000215658079,0.0,True
0.1,6.5,5.0,3.0,3.0,8.0,1.0580177340206367,1.8391773390812466e-25,0.23041145121726314,14.313226336484538,0.0,-19.509230613631516,0.0,True
0.1,6.5,5.0,3.0,3.0,8.0,5.3539758525756745e-27,-1.1951683675018396e-25,1.0,-8.0,0.0,-10.12,0.0,False
0.1,6.5,5.0,3.0,3.0,8.0,4.124848407801478e-22,0.6840537753671422,1.1754735878477653,-16.182413306652272,0.0,11.449960347376097,0.0,True
0.1,6.5,5.0,3.0,3.0,8.0,5.315584593094365e-24,-2.885448082382693,4.122178988547235,-227.18976148090297,0.0,116.58508866001593,0.0,True
0.1,6.5,5.0,3.0,3.0,10.0,1.1062995344860096,7.886983567337055e-27,0.3268557369978211,17.729912895014845,0.0,-19.95930314259801,0.0,True
0.1,6.5,5.0,3.0,3.0,10.0,-2.000271610612561e-27,2.620287387866951e-22,1.0,-8.0,0.0,-10.12,0.0,False
0.1,6.5,5.0,3.0,3.0,10.0,3.2991228334109124e-22,0.6993236796618852,1.1467160826807516,-15.879689748166307,0.0,11.19402697633918,0.0,True
0.1,6.5,5.0,5.0,0.5,4.0,1.0320397645350852,1.3282314960498252e-17,0.20117044331377454,11.174119183526292,0.0,-19.148522805837253,0.0,True
0.1,6.5,5.0,5.0,0.5,4.0,2.811275914166241e-23,1.1089604717789765e-19,1.0,-5.5,0.0,-8.12,0.0,False
0.1,6.5,5.0,5.0,0.5,4.0,2.5708346923144752e-20,0.4261961331033996,1.2270539298403633,-10.271946263892042,0.0,11.163841604242922,0.0,True
0.1,6.5,5.0,5.0,0.5,4.0,-2.564758711441975e-22,-1.0208969470536047,2.302788220629213,-40.58843185835456,0.0,46.6067394234456,0.0,True
0.1,6.5,5.0,5.0,0.5,6.0,1.104456718483952,7.844216958686975e-21,0.3900876784978302,15.84050548108399,0.0,-19.495132176996254,0.0,True
0.1,6.5,5.0,5.0,0.5,6.0,-4.148758937885275e-27,6.79830821398927e-21,1.0,-5.499999999999999,0.0,-8.12,0.0,False
0.1,6.5,5.0,5.0,0.5,6.0,-8.559869188912454e-20,0.46746600375401165,1.182103720554788,-10.080558766558669,0.0,10.438463681146313,0.0,True
0.1,6.5,5.0,5.0,0.5,6.0,-2.927571324126571e-19,-1.3291401432722416,2.4721779337147956,-52.976234731921956,0.0,55.3513973648994,0.0,True
0.1,6.5,5.0,5.0,0.5,8.0,1.1555922487323487,1.1991107799943673e-23,0.49922745800114254,18.55202000867979,0.0,-19.685911381070763,0.0,True
0.1,6.5,5.0,5.0,0.5,8.0,-2.2434387550189156e-29,3.1205124813476263e-21,1.0,-5.5,0.0,-8.12,0.0,False
0.1,6.5,5.0,5.0,0.5,8.0,-1.8750654202443914e-19,0.4938606134207713,1.1524364409302128,-9.97772905526364,0.0,9.99291743715418,0.0,True
0.1,6.5,5.0,5.0,0.5,10.0,1.1923223280016193,6.580828818335716e-26,0.5735102398446397,20.380035625872107,0.0,-19.791980346996244,0.0,True
0.1,6.5,5.0,5.0,0.5,10.0,2.8429678820964867e-30,1.757261200837945e-21,1.0,-5.5,0.0,-8.12,0.0,False
0.1,6.5,5.0,5.0,0.5,10.0,5.373471634571242e-17,0.5123140996718911,1.1312328683613102,-9.914907388015187,0.0,9.690659669688154,0.0,True
0.1,6.5,5.0,5.0,1.0,4.0,1.0103142621092516,-1.1146738785479206e-20,0.10685695530630868,9.145885421790405,0.0,-19.03420716860829,0.0,True
0.1,6.5,5.0,5.0,1.0,4.0,-3.600885337337187e-29,8.87582742967524e-25,1.0,-6.0,0.0,-8.12,0.0,False
0.1,6.5,5.0,5.0,1.0,4.0,-5.416606909477873e-25,0.4261961331033996,1.2270539298403633,-11.024776937260382,0.0,11.163841604242922,0.0,True
0.1,6.5,5.0,5.0,1.0,4.0,-9.897344739742272e-26,-1.020896947053605,2.302788220629214,-43.239848652888924,0.0,46.60673942344566,0.0,True
0.1,6.5,5.0,5.0,1.0,6.0,1.0800984065860322,6.341665986126339e-19,0.31947600205268334,14.762981145041689,0.0,-19.43435894283383,0.0,True
0.1,6.5,5.0,5.0,1.0,6.0,6.946524537924408e-24,1.348841044808526e-18,1.0,-6.0,0.0,-8.12,0.0,False
0.1,6.5,5.0,5.0,1.0,6.0,-5.445131330949759e-24,0.46746600375401165,1.182103720554788,-10.779243369633404,0.0,10.438463681146313,0.0,True
0.1,6.5,5.0,5.0,1.0,8.0,1.1348304310281192,1.1141847365083961e-23,0.4365699531054833,17.926093604197604,0.0,-19.70089800727406,0.0,True
0.1,6.5,5.0,5.0,1.0,8.0,-2.145303379888653e-27,4.2517010783804597e-19,1.0,-6.0,0.0,-8.12,0.0,False
0.1,6.5,5.0,5.0,1.0,8.0,3.57538560797746e-21,0.4938606134207713,1.1524364409302128,-10.641783930455588,0.0,9.99291743715418,0.0,True
0.1,6.5,5.0,5.0,1.0,10.0,1.1753471988523818,-2.4210712219461363e-27,0.5164956367524509,20.072346672153355,0.0,-19.867591357501723,0.0,True
0.1,6.5,5.0,5.0,1.0,10.0,1.7391270777703802e-29,2.722967165635814e-19,1.0,-6.0,0.0,-8.12,0.0,False
0.1,6.5,5.0,5.0,1.0,10.0,2.5435008967135726e-20,0.5123140996718911,1.1312328683613102,-10.554751289245665,0.0,9.690659669688154,0.0,True
0.1,6.5,5.0,5.0,1.0,10.0,-8.925763485587336e-22,-1.8669753268093443,2.7427984354574293,-83.33980125051318,0.0,71.10818015406726,0.0,True
0.1,6.5,5.0,5.0,3.0,4.0,6.288448287441974e-19,4.401149780189373e-75,1.0,-8.0,0.0,-8.12,0.0,False
0.1,6.5,5.0,5.0,3.0,4.0,-4.299468441082058e-25,0.42619613310339965,1.2270539298403635,-14.036099630733744,0.0,11.16384160424293,0.0,True
0.1,6.5,5.0,5.0,3.0,6.0,1.0062641219400161,5.682248656454029e-21,0.07181314048826426,8.847556973638511,0.0,-19.017734140422778,0.0,True
0.1,6.5,5.0,5.0,3.0,6.0,9.813146164061573e-26,-2.7531221217162453e-28,1.0,-8.0,0.0,-8.12,0.0,False
0.1,6.5,5.0,5.0,3.0,6.0,-1.707664240927477e-23,0.4674660037540115,1.182103720554788,-13.573981781932348,0.0,10.438463681146306,0.0,True
0.1,6.5,5.0,5.0,3.0,8.0,1.0580177340206367,3.894044550641371e-17,0.23041145121726314,14.313226336484538,0.0,-19.403051739927427,0.0,True
0.1,6.5,5.0,5.0,3.0,8.0,6.873785251575789e-24,2.0233515037173585e-17,1.0,-8.0,0.0,-8.12,0.0,False
0.1,6.5,5.0,5.0,3.0,8.0,5.466720863077202e-19,0.4938606134207713,1.1524364409302128,-13.298003431223378,0.0,9.99291743715418,0.0,True
0.1,6.5,5.0,5.0,3.0,8.0,-5.803835219795892e-22,-1.6079653733253536,2.61597040113334,-83.08406607112006,0.0,63.45010907141911,0.0,True
0.1,6.5,5.0,5.0,3.0,10.0,1.1062995344860098,5.960947837392683e-19,0.3268557369978209,17.729912895014856,0.0,-19.745633796981235,0.0,True
0.1,6.5,5.0,5.0,3.0,10.0,-3.029931247890817e-28,2.0655158318298343e-20,1.0,-8.0,0.0,-8.12,0.0,False
0.1,6.5,5.0,5.0,3.0,10.0,1.9690941585564625e-21,0.5123140996718912,1.1312328683613102,-13.114126894167583,0.0,9.690659669688161,0.0,True
0.1,6.5,5.0,5.0,3.0,10.0,1.4026783922445724e-18,-1.8669753268093443,2.7427984354574293,-98.38568776560862,0.0,71.10818015406726,0.0,True
0.1,6.5,5.0,7.0,0.5,4.0,1.0320397645350852,1.4486999039430614e-18,0.20117044331377454,11.174119183526292,0.0,-19.067583711311133,0.0,True
0.1,6.5,5.0,7.0,0.5,4.0,4.459917187118332e-27,-7.954792818154689e-25,1.0,-5.5,0.0,-6.119999999999999,0.0,False
0.1,6.5,5.0,7.0,0.5,4.0,1.4821349837421551e-19,0.29349050124365567,1.1507391800604414,-8.227161583443937,0.0,8.70751682935736,0.0,True
0.1,6.5,5.0,7.0,0.5,6.0,1.104456718483952,2.4112999460968744e-21,0.3900876784978302,15.84050548108399,0.0,-19.190795383164602,0.0,True
0.1,6.5,5.0,7.0,0.5,6.0,1.7295865809752762e-19,3.683965035521942e-17,1.0,-5.499999999999999,0.0,-6.119999999999998,0.0,False
0.1,6.5,5.0,7.0,0.5,6.0,7.882768704721096e-22,0.32597713521502736,1.123971274796829,-8.112834421931886,0.0,8.178344263625412,0.0,True
0.1,6.5,5.0,7.0,0.5,8.0,1.1555922487323487,7.374397589972304e-25,0.49922745800114254,18.55202000867979,0.0,-19.187455271426195,0.0,True
0.1,6.5,5.0,7.0,0.5,8.0,1.9266447075876295e-22,3.4954668280201435e-17,1.0,-5.5,0.0,-6.119999999999997,0.0,False
0.1,6.5,5.0,7.0,0.5,8.0,2.0438825142618368e-21,0.34765021224870585,1.1057530863169989,-8.049427327486836,0.0,7.83540122901497,0.0,True
0.1,6.5,5.0,7.0,0.5,8.0,7.688589671905837e-27,-1.0466728820401574,1.958583606748468,-33.10521797253192,0.0,38.83670364814349,0.0,True
0.1,6.5,5.0,7.0,0.5,10.0,3.1873427426079037e-20,-1.218358051935337,2.0390774399009683,-39.13708634868573,0.0,43.340404606947736,0.0,True
0.1,6.5,5.0,7.0,0.5,10.0,1.1923223280016193,3.699782179060698e-23,0.5735102398446397,20.380035625872107,0.0,-19.13415235658293,0.0,True
0.1,6.5,5.0,7.0,0.5,10.0,2.8623233557785826e-22,2.9978502123110283e-17,1.0,-5.5,0.0,-6.119999999999998,0.0,False
0.1,6.5,5.0,7.0,0.5,10.0,2.065865000599147e-21,0.36331339931827683,1.0923976382869411,-8.010012323063128,0.0,7.592850730798269,0.0,True
0.1,6.5,5.0,7.0,1.0,4.0,1.0103142621092516,1.4473389608064515e-20,0.10685695530630868,9.145885421790405,0.0,-19.01137035081362,0.0,True
0.1,6.5,5.0,7.0,1.0,4.0,4.614676156779159e-24,1.1263100794485033e-18,1.0,-6.0,0.0,-6.119999999999999,0.0,False
0.1,6.5,5.0,7.0,1.0,4.0,3.396632478401216e-23,0.2934905012436556,1.1507391800604414,-8.889261913707026,0.0,8.707516829357356,0.0,True
0.1,6.5,5.0,7.0,1.0,4.0,2.7780998954806284e-24,-0.6608940977061828,1.7643667646700216,-23.465060333509207,0.0,29.09052227495474,0.0,True
0.1,6.5,5.0,7.0,1.0,6.0,1.0800984065860322,6.134557279837136e-19,0.31947600205268334,14.762981145041689,0.0,-19.230229111058698,0.0,True
0.1,6.5,5.0,7.0,1.0,6.0,-2.1834391039034534e-27,3.7299657321573564e-20,1.0,-6.0,0.0,-6.12,0.0,False
0.1,6.5,5.0,7.0,1.0,6.0,4.119849743343891e-25,-0.8628261640089473,1.8685471541814604,-29.108190927108218,0.0,34.121517498311555,0.0,True
0.1,6.5,5.0,7.0,1.0,6.0,4.3815896896195154e-23,0.3259771352150273,1.123971274796829,-8.74449013521609,0.0,8.178344263625409,0.0,True
0.1,6.5,5.0,7.0,1.0,8.0,1.1348304310281192,1.973724709355668e-24,0.4365699531054833,17.926093604197604,0.0,-19.319711359365012,0.0,True
0.1,6.5,5.0,7.0,1.0,8.0,-3.554608009297857e-28,1.4838983647870563e-20,1.0,-6.0,0.0,-6.119999999999999,0.0,False
0.1,6.5,5.0,7.0,1.0,8.0,-2.6520938178033554e-22,0.3476502122487059,1.1057530863169989,-8.66077227143662,0.0,7.8354012290149715,0.0,True
0.1,6.5,5.0,7.0,1.0,8.0,-3.165992435516086e-20,-1.0466728820401572,1.9585836067484677,-35.02324284484383,0.0,38.836703648143455,0.0,True
0.1,6.5,5.0,7.0,1.0,10.0,1.1753471988523818,-6.514510593465737e-21,0.5164956367524509,20.072346672153355,0.0,-19.33405587193308,0.0,True
0.1,6.5,5.0,7.0,1.0,10.0,-3.7162559889381894e-30,8.285274013288091e-21,1.0,-6.0,0.0,-6.119999999999998,0.0,False
0.1,6.5,5.0,7.0,1.0,10.0,5.1849326611107555e-24,0.3633133993182768,1.0923976382869411,-8.60667862313057,0.0,7.5928507307982676,0.0,True
0.1,6.5,5.0,7.0,3.0,4.0,4.101199734141242e-19,-1.3189691742572125e-27,1.0,-8.0,0.0,-6.119999999999999,0.0,False
0.1,6.5,5.0,7.0,3.0,4.0,-8.668345671726601e-27,0.29349050124365567,1.1507391800604414,-11.53766323475938,0.0,8.70751682935736,0.0,True
0.1,6.5,5.0,7.0,3.0,4.0,1.1930203670062695e-19,-0.6608940977061828,1.7643667646700216,-29.691040494053524,0.0,29.09052227495474,0.0,True
0.1,6.5,5.0,7.0,3.0,6.0,1.0062641219400161,1.8904735493901382e-20,0.07181314048826426,8.847556973638511,0.0,-19.007419886129203,0.0,True
0.1,6.5,5.0,7.0,3.0,6.0,-4.0352768802711284e-30,1.5473036242375145e-21,1.0,-8.0,0.0,-6.12,0.0,False
0.1,6.5,5.0,7.0,3.0,6.0,-3.8352563388718325e-25,0.3259771352150273,1.123971274796829,-11.271112988352908,0.0,8.178344263625409,0.0,True
0.1,6.5,5.0,7.0,3.0,8.0,1.0580177340206367,-4.0712793308904e-25,0.23041145121726314,14.313226336484538,0.0,-19.296872866223335,0.0,True
0.1,6.5,5.0,7.0,3.0,8.0,-2.2492367671164933e-28,1.5297795449715082e-19,1.0,-8.0,0.0,-6.119999999999999,0.0,False
0.1,6.5,5.0,7.0,3.0,8.0,-2.529648468925633e-23,0.3476502122487058,1.1057530863169989,-11.106152047235756,0.0,7.835401229014966,0.0,True
0.1,6.5,5.0,7.0,3.0,10.0,1.1062995344860096,1.7308229574971016e-18,0.3268557369978211,17.729912895014845,0.0,-19.531964451364452,0.0,True
0.1,6.5,5.0,7.0,3.0,10.0,-1.9273078118454957e-30,1.2306718079249318e-21,1.0,-8.0,0.0,-6.119999999999998,0.0,False
0.1,6.5,5.0,7.0,3.0,10.0,-1.3154123368850882e-20,0.3633133993182769,1.0923976382869411,-10.993343823400346,0.0,7.592850730798272,0.0,True
0.1,6.5,5.0,7.0,3.0,10.0,4.7481096123145777e-23,-1.2183580519353372,2.039077439900969,-49.53167836346846,0.0,43.340404606947764,0.0,True
0.1,7.0,1.0,3.0,0.5,4.0,1.0887146061611337,4.515703134627068e-26,0.7036751265828518,11.926652347865112,0.0,-18.568525986647092,0.0,True
0.1,7.0,1.0,3.0,0.5,4.0,1.7539211763870136e-21,5.819686552960079e-20,1.0,-1.5,0.0,-10.12,0.0,False
0.1,7.0,1.0,3.0,0.5,4.0,6.625104345383465e-25,0.6203175229988641,1.2885953720045848,-6.708057418687783,0.0,12.601157830709688,0.0,True
0.1,7.0,1.0,3.0,0.5,6.0,1.1089505762114376,-4.7169842343694877e-29,0.7950381032533868,12.618443377747118,0.0,-18.417905818931892,0.0,True
0.1,7.0,1.0,3.0,0.5,6.0,5.515037306605863e-21,3.772825639193426e-19,1.0,-1.5,0.0,-10.12,0.0,False
0.1,7.0,1.0,3.0,0.5,6.0,9.561556476380614e-20,0.6606513798343443,1.2182301228385115,-7.009731240906875,0.0,11.858000215658079,0.0,True
0.1,7.0,1.0,3.0,0.5,8.0,2.4432415012168025e-19,-3.2546297359490156e-31,1.0,-1.5,0.0,-10.12,0.0,False
0.1,7.0,1.0,3.0,0.5,8.0,1.120020649931487,2.1542564132100244e-17,0.8431942179658811,12.982930866642697,0.0,-18.32558113156348,0.0,True
0.1,7.0,1.0,3.0,0.5,8.0,1.0929512041808337e-24,0.6840537753671422,1.1754735878477653,-7.201115294422233,0.0,11.449960347376097,0.0,True
0.1,7.0,1.0,3.0,0.5,10.0,2.240244622207973e-22,4.166719379678957e-34,1.0,-1.5,0.0,-10.12,0.0,False
0.1,7.0,1.0,3.0,0.5,10.0,1.1269895110796495,6.470691201866428e-26,0.8729894641916452,13.208133035745231,0.0,-18.26378453101991,0.0,True
0.1,7.0,1.0,3.0,0.5,10.0,1.7910376878228374e-23,0.6993236796618852,1.1467160826807516,-7.33246421535483,0.0,11.19402697633918,0.0,True
0.1,7.0,1.0,3.0,0.5,10.0,4.117321289106416,-5.31838896398513,7.790344891898753,1768.2204349854198,0.0,376.26194204309473,0.0,True
0.1,7.0,1.0,3.0,1.0,4.0,1.0777413933816,5.6970954762296135e-24,0.5644275583719577,12.139281511929795,0.0,-18.95919468344827,0.0,True
0.1,7.0,1.0,3.0,1.0,4.0,1.158541586487307e-25,-2.5640829410814588e-26,1.0,-2.0,0.0,-10.12,0.0,False
0.1,7.0,1.0,3.0,1.0,4.0,2.0975601948370277e-22,0.6203175229988642,1.2885953720045848,-7.538296435063602,0.0,12.601157830709695,0.0,True
0.1,7.0,1.0,3.0,1.0,6.0,1.1098753231881577,4.999129736261764e-28,0.6920441917444956,13.390962587085955,0.0,-18.889390423196925,0.0,True
0.1,7.0,1.0,3.0,1.0,6.0,-3.4880107384905063e-26,-2.013708808427111e-25,1.0,-2.0,0.0,-10.12,0.0,False
0.1,7.0,1.0,3.0,1.0,6.0,1.2097512419620195e-21,0.6606513798343443,1.2182301228385115,-7.751773557002442,0.0,11.858000215658079,0.0,True
0.1,7.0,1.0,3.0,1.0,8.0,1.128410469088059,-1.7103823476554854e-29,0.7612543399848375,14.069589247623558,0.0,-18.830340082035818,0.0,True
0.1,7.0,1.0,3.0,1.0,8.0,-2.1099795135926577e-26,4.149391755940467e-23,1.0,-2.0,0.0,-10.12,0.0,False
0.1,7.0,1.0,3.0,1.0,8.0,-9.552231630561213e-21,0.6840537753671422,1.1754735878477653,-7.891984372286082,0.0,11.449960347376097,0.0,True
0.1,7.0,1.0,3.0,1.0,8.0,4.158994878108729,-5.173266899385358,7.792776705328329,2090.5395711261094,0.0,368.11736858690523,0.0,True
0.1,7.0,1.0,3.0,1.0,10.0,4.860862097765728e-27,8.499484330572458e-38,1.0,-2.0,0.0,-10.12,0.0,False
0.1,7.0,1.0,3.0,1.0,10.0,1.1404137703836308,9.990796086650223e-21,0.8049184648479087,14.496456018236605,0.0,-18.784498665772215,0.0,True
0.1,7.0,1.0,3.0,1.0,10.0,-2.7610978654290356e-20,0.6993236796618851,1.1467160826807516,-7.989943102494172,0.0,11.194026976339174,0.0,True
0.1,7.0,1.0,3.0,3.0,4.0,1.0071233099609878,3.239968852057928e-18,0.1124898087165711,8.860462277147882,0.0,-19.015677693385367,0.0,True
0.1,7.0,1.0,3.0,3.0,4.0,7.835019606926245e-19,5.907883425615582e-19,1.0,-4.0,0.0,-10.12,0.0,False
0.1,7.0,1.0,3.0,3.0,4.0,-5.384574202679415e-22,-1.832989281291648,3.519887278997554,-86.38237859781282,0.0,82.3878107636686,0.0,True
0.1,7.0,1.0,3.0,3.0,4.0,-6.52835844396716e-25,0.6203175229988642,1.2885953720045848,-10.859252500566871,0.0,12.601157830709695,0.0,True
0.1,7.0,1.0,3.0,3.0,6.0,1.0600020178189116,2.3485876151235863e-23,0.34456417129490424,13.002295661447652,0.0,-19.33691162059353,0.0,True
0.1,7.0,1.0,3.0,3.0,6.0,4.460854196717851e-24,7.808540755802791e-21,1.0,-4.0,0.0,-10.12,0.0,False
0.1,7.0,1.0,3.0,3.0,6.0,5.07357122371264e-19,-2.386897723768044,3.848640371864535,-121.69032779905294,0.0,100.24460994513586,0.0,True
0.1,7.0,1.0,3.0,3.0,6.0,6.4848499161835024e-18,0.6606513798343442,1.2182301228385115,-10.71994282138471,0.0,11.858000215658073,0.0,True
0.1,7.0,1.0,3.0,3.0,8.0,1.1021953283144823,1.1764528551727888e-21,0.4685098879807572,15.297210493702925,0.0,-19.56827752387865,0.0,True
0.1,7.0,1.0,3.0,3.0,8.0,1.131480833061963e-29,2.494881437701047e-21,1.0,-4.0,0.0,-10.12,0.0,False
0.1,7.0,1.0,3.0,3.0,8.0,1.7224930588972044e-22,0.6840537753671423,1.1754735878477653,-10.655460683741481,0.0,11.4499603473761,0.0,True
0.1,7.0,1.0,3.0,3.0,10.0,1.1331629693659326,2.5816409125310584e-26,0.5505795897002239,16.81985619625101,0.0,-19.722327489798573,0.0,True
0.1,7.0,1.0,3.0,3.0,10.0,-1.2320187095013515e-28,1.1969968757375338e-21,1.0,-4.0,0.0,-10.12,0.0,False
0.1,7.0,1.0,3.0,3.0,10.0,2.3459867407190726e-24,0.6993236796618851,1.1467160826807516,-10.61985865105155,0.0,11.194026976339174,0.0,True
0.1,7.0,1.0,5.0,0.5,4.0,1.0887146061611337,1.8863232877967206e-21,0.7036751265828518,11.926652347865112,0.0,-17.578208619104306,0.0,True
0.1,7.0,1.0,5.0,0.5,4.0,6.768482102604009e-20,3.8184117876409526e-17,1.0,-1.5,0.0,-8.12,0.0,False
0.1,7.0,1.0,5.0,0.5,4.0,-1.8437277861353965e-18,0.42619613310339954,1.2270539298403633,-4.249300876945325,0.0,11.163841604242918,0.0,True
0.1,7.0,1.0,5.0,0.5,6.0,1.1089505762114376,9.54491124941139e-30,0.7950381032533868,12.618443377747118,0.0,-17.15373464768241,0.0,True
0.1,7.0,1.0,5.0,0.5,6.0,1.1441149883298121e-17,7.60885057622616e-24,1.0,-1.5,0.0,-8.12,0.0,False
0.1,7.0,1.0,5.0,0.5,6.0,-3.769475783894785e-21,0.4674660037540116,1.182103720554788,-4.491081941960779,0.0,10.43846368114631,0.0,True
0.1,7.0,1.0,5.0,0.5,8.0,1.980544531200615,1.4588912727482681,1.8399077610545806,162.60160265500335,0.0,26.594896548552548,0.0,True
0.1,7.0,1.0,5.0,0.5,8.0,1.120020649931487,-1.5122228373929427e-24,0.8431942179658811,12.982930866642697,0.0,-16.903628153141295,0.0,True
0.1,7.0,1.0,5.0,0.5,8.0,-1.732807203658009e-26,6.655285424060122e-26,1.0,-1.5,0.0,-8.12,0.0,False
0.1,7.0,1.0,5.0,0.5,8.0,4.016406586921773e-18,0.49386061342077126,1.1524364409302128,-4.6652900537280555,0.0,9.99291743715418,0.0,True
0.1,7.0,1.0,5.0,0.5,8.0,5.347357537463064e-21,-1.6079653733253534,2.61597040113334,-38.60260866368283,0.0,63.450109071419085,0.0,True
0.1,7.0,1.0,5.0,0.5,10.0,-4.439950099015196e-21,-1.8669753268093443,2.7427984354574293,-49.486556591548435,0.0,71.10818015406726,0.0,True
0.1,7.0,1.0,5.0,0.5,10.0,1.1269895110796495,-1.5374753350009087e-24,0.8729894641916452,13.208133035745231,0.0,-16.739563321840677,0.0,True
0.1,7.0,1.0,5.0,0.5,10.0,2.368730015140912e-18,2.6501022213433013e-17,1.0,-1.5,0.0,-8.12,0.0,False
0.1,7.0,1.0,5.0,0.5,10.0,-5.5946046952710366e-24,0.5123140996718912,1.1312328683613102,-4.7961561781713575,0.0,9.690659669688161,0.0,True
0.1,7.0,1.0,5.0,1.0,4.0,1.0777413933816,2.236771709404392e-25,0.5644275583719577,12.139281511929795,0.0,-18.32203774614881,0.0,True
0.1,7.0,1.0,5.0,1.0,4.0,8.443984545515014e-19,-1.8505933735675195e-25,1.0,-2.0,0.0,-8.12,0.0,False
0.1,7.0,1.0,5.0,1.0,4.0,2.161904587515353e-21,0.4261961331033995,1.2270539298403633,-5.002131550313663,0.0,11.163841604242917,0.0,True
0.1,7.0,1.0,5.0,1.0,6.0,1.1098753231881577,5.1683460717175785e-23,0.6920441917444956,13.390962587085955,0.0,-17.931540096542342,0.0,True
0.1,7.0,1.0,5.0,1.0,6.0,6.1763862602126856e-24,1.2152506298838529e-20,1.0,-2.0,0.0,-8.12,0.0,False
0.1,7.0,1.0,5.0,1.0,6.0,1.213731449125643e-23,0.46746600375401154,1.182103720554788,-5.189766545035516,0.0,10.438463681146308,0.0,True
0.1,7.0,1.0,5.0,1.0,6.0,1.6712011966219893e-23,-1.3291401432722416,2.4721779337147956,-31.585411656109713,0.0,55.3513973648994,0.0,True
0.1,7.0,1.0,5.0,1.0,8.0,1.128410469088059,1.038529031393175e-23,0.7612543399848375,14.069589247623558,0.0,-17.671323741744317,0.0,True
0.1,7.0,1.0,5.0,1.0,8.0,1.7233991760873774e-23,2.835209855580806e-20,1.0,-2.0,0.0,-8.12,0.0,False
0.1,7.0,1.0,5.0,1.0,8.0,7.194267022125858e-20,0.4938606134207713,1.1524364409302128,-5.329344928920004,0.0,9.99291743715418,0.0,True
0.1,7.0,1.0,5.0,1.0,8.0,1.214385149758807e-21,-1.6079653733253536,2.61597040113334,-42.0242592334857,0.0,63.45010907141911,0.0,True
0.1,7.0,1.0,5.0,1.0,10.0,4.6938736090597204e-18,2.2997967855731574e-27,1.0,-2.0,0.0,-8.12,0.0,False
0.1,7.0,1.0,5.0,1.0,10.0,1.1404137703836308,-4.0020753345492904e-23,0.8049184648479087,14.496456018236605,0.0,-17.48871119566599,0.0,True
0.1,7.0,1.0,5.0,1.0,10.0,2.7655038016027687e-17,0.512314099671891,1.1312328683613102,-5.436000079401833,0.0,9.690659669688147,0.0,True
0.1,7.0,1.0,5.0,1.0,10.0,9.18038456172763e-24,-1.866975326809344,2.7427984354574284,-53.24802822032227,0.0,71.1081801540672,0.0,True
0.1,7.0,1.0,5.0,3.0,4.0,1.0071233099609878,1.8230905604303876e-18,0.1124898087165711,8.860462277147882,0.0,-18.990369779255186,0.0,True
0.1,7.0,1.0,5.0,3.0,4.0,1.121998284183297e-20,2.805135761667912e-20,1.0,-4.0,0.0,-8.12,0.0,False
0.1,7.0,1.0,5.0,3.0,4.0,-2.926148182576624e-24,0.4261961331033996,1.2270539298403633,-8.013454243787024,0.0,11.163841604242922,0.0,True
0.1,7.0,1.0,5.0,3.0,4.0,-4.348572490722229e-21,-1.0208969470536047,2.302788220629213,-32.63418147475157,0.0,46.6067394234456,0.0,True
0.1,7.0,1.0,5.0,3.0,6.0,1.0600020178189116,9.151968016984532e-24,0.34456417129490424,13.002295661447652,0.0,-19.09946268431324,0.0,True
0.1,7.0,1.0,5.0,3.0,6.0,-4.617697071882312e-27,3.4525927564046566e-22,1.0,-4.0,0.0,-8.12,0.0,False
0.1,7.0,1.0,5.0,3.0,6.0,1.2173491705381318e-19,0.4674660037540116,1.182103720554788,-7.98450495733446,0.0,10.43846368114631,0.0,True
0.1,7.0,1.0,5.0,3.0,8.0,1.1021953283144823,4.214057342802684e-22,0.4685098879807572,15.297210493702925,0.0,-19.129274493607166,0.0,True
0.1,7.0,1.0,5.0,3.0,8.0,3.616874806463174e-31,9.545621796590802e-23,1.0,-4.0,0.0,-8.12,0.0,False
0.1,7.0,1.0,5.0,3.0,8.0,2.0898999934548395e-19,0.49386061342077137,1.1524364409302128,-7.985564429687797,0.0,9.992917437154183,0.0,True
0.1,7.0,1.0,5.0,3.0,10.0,1.1331629693659326,5.133773906086306e-28,0.5505795897002239,16.81985619625101,0.0,-19.11605172060964,0.0,True
0.1,7.0,1.0,5.0,3.0,10.0,-6.2536591964356e-28,3.098677584574796e-23,1.0,-4.0,0.0,-8.12,0.0,False
0.1,7.0,1.0,5.0,3.0,10.0,3.2048602049338806e-18,0.5123140996718912,1.1312328683613102,-7.9953756843237525,0.0,9.690659669688161,0.0,True
0.1,7.0,1.0,7.0,0.5,4.0,1.0887146061611335,5.636840110921343e-24,0.703675126582852,11.9266523478651,0.0,-16.587891251561512,0.0,True
0.1,7.0,1.0,7.0,0.5,4.0,4.748428445204277e-18,8.022046901183286e-18,1.0,-1.5,0.0,-6.119999999999999,0.0,False
0.1,7.0,1.0,7.0,0.5,4.0,1.358678245006873e-20,0.2934905012436555,1.1507391800604412,-2.9303589413392284,0.0,8.707516829357346,0.0,True
0.1,7.0,1.0,7.0,0.5,4.0,4.420134316972828e-22,-0.6608940977061829,1.7643667646700218,-9.456604972284492,0.0,29.090522274954758,0.0,True
0.1,7.0,1.0,7.0,0.5,4.0,1.60215774144623,0.8316581481595099,1.568669374831163,22.30975245343177,0.0,101.08946727249042,0.0,True
0.1,7.0,1.0,7.0,0.5,6.0,1.1089505762114376,3.059754017292083e-29,0.7950381032533868,12.618443377747118,0.0,-15.889563476432922,0.0,True
0.1,7.0,1.0,7.0,0.5,6.0,8.652851837786504e-18,5.317876412011247e-17,1.0,-1.5,0.0,-6.119999999999998,0.0,False
0.1,7.0,1.0,7.0,0.5,6.0,-1.6494623610193094e-21,0.3259771352150274,1.123971274796829,-3.0595887156582524,0.0,8.178344263625416,0.0,True
0.1,7.0,1.0,7.0,0.5,6.0,-1.0617163790571985e-18,-0.8628261640089472,1.8685471541814604,-13.396582823809858,0.0,34.12151749831154,0.0,True
0.1,7.0,1.0,7.0,0.5,8.0,1.7042687975954038,1.0194302843963199,1.546266824844156,101.99784333685355,0.0,21.243668713335108,0.0,True
0.1,7.0,1.0,7.0,0.5,8.0,1.263945883450874e-25,1.373972607031006e-23,1.0,-1.5,0.0,-6.119999999999999,0.0,False
0.1,7.0,1.0,7.0,0.5,8.0,8.588555554061852e-20,0.3476502122487058,1.1057530863169989,-3.1586677758885617,0.0,7.835401229014966,0.0,True
0.1,7.0,1.0,7.0,0.5,8.0,1.120020649931487,1.6141207992420074e-22,0.8431942179658811,12.982930866642697,0.0,-15.481675174719108,0.0,True
0.1,7.0,1.0,7.0,0.5,8.0,-1.343562019134736e-23,-1.0466728820401574,1.958583606748468,-17.76101899403657,0.0,38.83670364814349,0.0,True
0.1,7.0,1.0,7.0,0.5,10.0,2.1199446757183457e-25,-2.0944026069172552e-34,1.0,-1.5,0.0,-6.119999999999998,0.0,False
0.1,7.0,1.0,7.0,0.5,10.0,9.162380761630117e-21,0.3633133993182767,1.0923976382869411,-3.2366819225235792,0.0,7.592850730798262,0.0,True
0.1,7.0,1.0,7.0,0.5,10.0,1.1269895110796495,1.1268944219667545e-20,0.8729894641916452,13.208133035745231,0.0,-15.215342112661443,0.0,True
0.1,7.0,1.0,7.0,0.5,10.0,-7.63330993434457e-21,-1.218358051935337,2.0390774399009683,-22.50573912503337,0.0,43.340404606947736,0.0,True
0.1,7.0,1.0,7.0,1.0,4.0,1.0777413933816002,-9.563674834230574e-21,0.5644275583719576,12.139281511929807,0.0,-17.684880808849357,0.0,True
0.1,7.0,1.0,7.0,1.0,4.0,-3.238917276533679e-28,1.2093181100920065e-24,1.0,-2.0,0.0,-6.119999999999999,0.0,False
0.1,7.0,1.0,7.0,1.0,4.0,3.8923006988137445e-19,0.29349050124365555,1.1507391800604414,-3.592459271602318,0.0,8.707516829357354,0.0,True
0.1,7.0,1.0,7.0,1.0,4.0,2.1550960656047984,-1.444350557494731,2.9090952881423653,72.03872009060947,0.0,402.66914720239316,0.0,True
0.1,7.0,1.0,7.0,1.0,4.0,1.4688465133171286e-17,-0.6608940977061828,1.7643667646700216,-11.01310001242057,0.0,29.09052227495474,0.0,True
0.1,7.0,1.0,7.0,1.0,6.0,1.1098753231881577,3.876050416285151e-26,0.6920441917444956,13.390962587085955,0.0,-16.973689769887756,0.0,True
0.1,7.0,1.0,7.0,1.0,6.0,-3.528861985208294e-27,2.7273224020700537e-22,1.0,-2.0,0.0,-6.12,0.0,False
0.1,7.0,1.0,7.0,1.0,6.0,-9.502633299421165e-19,0.32597713521502736,1.123971274796829,-3.691244428942456,0.0,8.178344263625412,0.0,True
0.1,7.0,1.0,7.0,1.0,6.0,-3.521159233621921e-21,-0.8628261640089473,1.8685471541814604,-15.142317057509677,0.0,34.121517498311555,0.0,True
0.1,7.0,1.0,7.0,1.0,8.0,1.8141307009937575,1.1619333174915605,1.5642522424558063,134.93082078452727,0.0,24.18408609914001,0.0,True
0.1,7.0,1.0,7.0,1.0,8.0,-3.961072442572872e-27,4.275242959711662e-21,1.0,-2.0,0.0,-6.119999999999999,0.0,False
0.1,7.0,1.0,7.0,1.0,8.0,6.526369730042719e-20,0.3476502122487058,1.1057530863169989,-3.770012719838346,0.0,7.835401229014966,0.0,True
0.1,7.0,1.0,7.0,1.0,8.0,1.128410469088059,5.460549538456213e-23,0.7612543399848375,14.069589247623558,0.0,-16.512307401452816,0.0,True
0.1,7.0,1.0,7.0,1.0,8.0,5.278978781373339e-20,-1.0466728820401574,1.958583606748468,-19.679043866348486,0.0,38.83670364814349,0.0,True
0.1,7.0,1.0,7.0,1.0,10.0,1.9035277680153666e-28,3.51652785018003e-20,1.0,-2.0,0.0,-6.119999999999998,0.0,False
0.1,7.0,1.0,7.0,1.0,10.0,3.666184356449063e-23,0.36331339931827683,1.0923976382869411,-3.8333482225910247,0.0,7.592850730798269,0.0,True
0.1,7.0,1.0,7.0,1.0,10.0,1.1404137703836308,4.246421178068185e-20,0.8049184648479087,14.496456018236605,0.0,-16.19292372555976,0.0,True
0.1,7.0,1.0,7.0,3.0,4.0,1.0071233099609878,-1.2040372172309967e-19,0.1124898087165711,8.860462277147882,0.0,-18.965061865125005,0.0,True
0.1,7.0,1.0,7.0,3.0,4.0,5.981510045934458e-23,-1.24486602675178e-25,1.0,-4.0,0.0,-6.119999999999999,0.0,False
0.1,7.0,1.0,7.0,3.0,4.0,-2.6533853251001652e-24,0.2934905012436556,1.1507391800604414,-6.240860592654672,0.0,8.707516829357356,0.0,True
0.1,7.0,1.0,7.0,3.0,4.0,-9.914160824045125e-18,-0.6608940977061828,1.7643667646700216,-17.23908017296489,0.0,29.09052227495474,0.0,True
0.1,7.0,1.0,7.0,3.0,6.0,1.0600020178189116,1.976901895955252e-24,0.34456417129490424,13.002295661447652,0.0,-18.86201374803295,0.0,True
0.1,7.0,1.0,7.0,3.0,6.0,8.11625481133968e-19,1.3090100752662014e-18,1.0,-4.0,0.0,-6.12,0.0,False
0.1,7.0,1.0,7.0,3.0,6.0,4.7387230510666615e-21,0.3259771352150274,1.123971274796829,-6.217867282079274,0.0,8.178344263625416,0.0,True
0.1,7.0,1.0,7.0,3.0,8.0,1.1021953283144823,8.529276125498121e-23,0.4685098879807572,15.297210493702925,0.0,-18.690271463335684,0.0,True
0.1,7.0,1.0,7.0,3.0,8.0,5.7607543771802944e-21,2.669674968997531e-18,1.0,-4.0,0.0,-6.119999999999999,0.0,False
0.1,7.0,1.0,7.0,3.0,8.0,1.1522630779625077e-20,0.3476502122487058,1.1057530863169989,-6.215392495637483,0.0,7.835401229014966,0.0,True
0.1,7.0,1.0,7.0,3.0,10.0,1.1331629693659329,3.560610053896053e-21,0.5505795897002237,16.819856196251028,0.0,-18.50977595142071,0.0,True
0.1,7.0,1.0,7.0,3.0,10.0,3.0500615217031304e-19,2.0031270152886194e-18,1.0,-4.0,0.0,-6.119999999999998,0.0,False
0.1,7.0,1.0,7.0,3.0,10.0,2.952769224679175e-22,0.36331339931827683,1.0923976382869411,-6.220013422860799,0.0,7.592850730798269,0.0,True
0.1,7.0,1.0,7.0,3.0,10.0,-1.3787598315224451e-21,-1.218358051935337,2.0390774399009683,-32.90033113981609,0.0,43.340404606947736,0.0,True
0.1,7.0,3.0,3.0,0.5,4.0,1.0759922650669145,5.0415670970297266e-27,0.4211203227580854,13.506495108364534,0.0,-19.36086524501078,0.0,True
0.1,7.0,3.0,3.0,0.5,4.0,1.5886724215942613e-20,2.64621920290343e-18,1.0,-3.5,0.0,-10.12,0.0,False
0.1,7.0,3.0,3.0,0.5,4.0,-5.646871236215419e-21,0.6203175229988642,1.2885953720045848,-10.029013484191054,0.0,12.601157830709695,0.0,True
0.1,7.0,3.0,3.0,0.5,4.0,-3.3171396591796913e-22,-1.832989281291648,3.519887278997554,-80.18757536938841,0.0,82.3878107636686,0.0,True
0.1,7.0,3.0,3.0,0.5,6.0,1.1284413905041144,7.867752555952206e-24,0.575540009399047,16.03731789109358,0.0,-19.57553392778956,0.0,True
0.1,7.0,3.0,3.0,0.5,6.0,2.1511456350803962e-18,3.1644322630208857e-19,1.0,-3.4999999999999996,0.0,-10.12,0.0,False
0.1,7.0,3.0,3.0,0.5,6.0,-1.3123283022155222e-21,0.6606513798343442,1.2182301228385115,-9.977900505289142,0.0,11.858000215658073,0.0,True
0.1,7.0,3.0,3.0,0.5,8.0,4.764480332072466,-5.959433657353657,8.643000359973502,3683.2988789623378,0.0,445.400404084775,0.0,True
0.1,7.0,3.0,3.0,0.5,8.0,1.1607388846356053,3.226107319527721e-22,0.6631713104237227,17.466544136495195,0.0,-19.682402775177536,0.0,True
0.1,7.0,3.0,3.0,0.5,8.0,2.9873820141845013e-18,3.8040194601981105e-21,1.0,-3.5,0.0,-10.12,0.0,False
0.1,7.0,3.0,3.0,0.5,8.0,-2.537865244114415e-22,0.6840537753671423,1.1754735878477653,-9.964591605877631,0.0,11.4499603473761,0.0,True
0.1,7.0,3.0,3.0,0.5,10.0,5.491661185726289e-18,-1.5372315369218526e-25,1.0,-3.5000000000000004,0.0,-10.12,0.0,False
0.1,7.0,3.0,3.0,0.5,10.0,1.1824446460657712,3.1235681971728723e-23,0.7203649317980787,18.39167779088853,0.0,-19.742548840012848,0.0,True
0.1,7.0,3.0,3.0,0.5,10.0,-6.013063851054575e-23,0.6993236796618851,1.1467160826807516,-9.962379763912205,0.0,11.194026976339174,0.0,True
0.1,7.0,3.0,3.0,1.0,4.0,1.0498993082668133,6.330887330905776e-26,0.3110696515630419,12.387571402703111,0.0,-19.278095076999275,0.0,True
0.1,7.0,3.0,3.0,1.0,4.0,3.2790645342270347e-25,1.4874414445593463e-22,1.0,-4.0,0.0,-10.12,0.0,False
0.1,7.0,3.0,3.0,1.0,4.0,-5.844736711098515e-24,0.6203175229988641,1.2885953720045848,-10.85925250056687,0.0,12.601157830709688,0.0,True
0.1,7.0,3.0,3.0,1.0,6.0,1.1091539197664,5.377933331765549e-21,0.4874073259445125,15.648139308321856,0.0,-19.604103439585902,0.0,True
0.1,7.0,3.0,3.0,1.0,6.0,-1.1180806488524196e-29,2.5667395648408123e-23,1.0,-4.0,0.0,-10.12,0.0,False
0.1,7.0,3.0,3.0,1.0,6.0,3.4463597206717998e-18,0.6606513798343442,1.2182301228385115,-10.71994282138471,0.0,11.858000215658073,0.0,True
0.1,7.0,3.0,3.0,1.0,8.0,1.1479212862966999,-2.978956562272652e-26,0.5882114751459157,17.51561203501605,0.0,-19.790702966788455,0.0,True
0.1,7.0,3.0,3.0,1.0,8.0,-1.9810421630828266e-27,5.37253778665338e-24,1.0,-4.0,0.0,-10.12,0.0,False
0.1,7.0,3.0,3.0,1.0,8.0,-1.1265357818178695e-22,0.6840537753671422,1.1754735878477653,-10.655460683741477,0.0,11.449960347376097,0.0,True
0.1,7.0,3.0,3.0,1.0,10.0,1.1747511183782304,2.8372318834168187e-23,0.6549899524672742,18.7434117751201,0.0,-19.906199598766534,0.0,True
0.1,7.0,3.0,3.0,1.0,10.0,-3.7297224191192886e-27,2.140383229770886e-25,1.0,-4.0,0.0,-10.12,0.0,False
0.1,7.0,3.0,3.0,1.0,10.0,-8.482249070101889e-26,0.6993236796618852,1.1467160826807516,-10.619858651051551,0.0,11.19402697633918,0.0,True
0.1,7.0,3.0,3.0,1.0,10.0,3.4946563354725826,4.167191639426161,3.1564901221463235,1132.7527800591645,0.0,63.03520166615607,0.0,True
0.1,7.0,3.0,3.0,3.0,4.0,2.7290243507675983e-18,9.442127364058384e-19,1.0,-6.0,0.0,-10.12,0.0,False
0.1,7.0,3.0,3.0,3.0,4.0,3.230667671172693e-26,0.6203175229988642,1.2885953720045848,-14.180208566070139,0.0,12.601157830709695,0.0,True
0.1,7.0,3.0,3.0,3.0,4.0,1.0903218913406868e-23,-1.832989281291648,3.519887278997554,-111.16159151151042,0.0,82.3878107636686,0.0,True
0.1,7.0,3.0,3.0,3.0,6.0,1.0323056370439019,5.605442091038866e-25,0.200758803795538,12.087847880437403,0.0,-19.233169038490555,0.0,True
0.1,7.0,3.0,3.0,3.0,6.0,3.366874701303009e-21,4.2843832105646286e-19,1.0,-6.0,0.0,-10.12,0.0,False
0.1,7.0,3.0,3.0,3.0,6.0,-2.7896260999389937e-23,0.6606513798343443,1.2182301228385115,-13.688112085766981,0.0,11.858000215658079,0.0,True
0.1,7.0,3.0,3.0,3.0,6.0,-8.932491824388631e-19,-2.386897723768044,3.848640371864535,-151.31439322294412,0.0,100.24460994513586,0.0,True
0.1,7.0,3.0,3.0,3.0,8.0,1.083504932727776,2.3733288076054526e-24,0.33963459667445006,15.817744505049571,0.0,-19.64174521681107,0.0,True
0.1,7.0,3.0,3.0,3.0,8.0,-1.4725745095702358e-27,1.9754198629726134e-23,1.0,-6.0,0.0,-10.12,0.0,False
0.1,7.0,3.0,3.0,3.0,8.0,8.741731153834408e-18,0.6840537753671421,1.1754735878477651,-13.41893699519687,0.0,11.449960347376093,0.0,True
0.1,7.0,3.0,3.0,3.0,10.0,1.1244304098844988,5.2445139447755144e-24,0.4310453139971401,18.298336354666862,0.0,-19.9590107298805,0.0,True
0.1,7.0,3.0,3.0,3.0,10.0,5.6499360050084136e-21,2.5303661733150255e-17,1.0,-6.0,0.0,-10.12,0.0,False
0.1,7.0,3.0,3.0,3.0,10.0,4.330900552416858e-20,0.6993236796618852,1.1467160826807516,-13.249774199608929,0.0,11.19402697633918,0.0,True
0.1,7.0,3.0,5.0,0.5,4.0,1.0759922650669145,5.689261334551921e-20,0.4211203227580854,13.506495108364534,0.0,-19.00618059253103,0.0,True
0.1,7.0,3.0,5.0,0.5,4.0,1.0199030970262848e-19,1.9568533375803936e-17,1.0,-3.5,0.0,-8.12,0.0,False
0.1,7.0,3.0,5.0,0.5,4.0,-1.4509118107504223e-17,0.4261961331033997,1.2270539298403635,-7.260623570418686,0.0,11.163841604242931,0.0,True
0.1,7.0,3.0,5.0,0.5,6.0,1.1284413905041144,1.3299113876067073e-25,0.575540009399047,16.03731789109358,0.0,-18.91304132295145,0.0,True
0.1,7.0,3.0,5.0,0.5,6.0,1.3631354366517812e-18,4.258077587540432e-18,1.0,-3.4999999999999996,0.0,-8.12,0.0,False
0.1,7.0,3.0,5.0,0.5,6.0,3.682981610831435e-20,0.46746600375401165,1.182103720554788,-7.285820354259725,0.0,10.438463681146313,0.0,True
0.1,7.0,3.0,5.0,0.5,6.0,-3.9516170773698406e-22,-1.3291401432722416,2.4721779337147956,-40.75290726002925,0.0,55.3513973648994,0.0,True
0.1,7.0,3.0,5.0,0.5,8.0,1.1607388846356053,1.0832016722532073e-25,0.6631713104237227,17.466544136495195,0.0,-18.802810401239302,0.0,True
0.1,7.0,3.0,5.0,0.5,8.0,2.130906800237908e-18,1.1720992891041841e-18,1.0,-3.5,0.0,-8.12,0.0,False
0.1,7.0,3.0,5.0,0.5,8.0,-3.5458260179821934e-22,-1.6079653733253536,2.61597040113334,-52.289210942894286,0.0,63.45010907141911,0.0,True
0.1,7.0,3.0,5.0,0.5,8.0,-7.592745570638402e-22,0.4938606134207712,1.1524364409302128,-7.321509554495847,0.0,9.992917437154176,0.0,True
0.1,7.0,3.0,5.0,0.5,10.0,6.280823752670122e-25,-1.8669753268093443,2.7427984354574293,-64.53244310664388,0.0,71.10818015406726,0.0,True
0.1,7.0,3.0,5.0,0.5,10.0,1.1824446460657712,-1.8338442782115694e-23,0.7203649317980787,18.39167779088853,0.0,-18.704697570083944,0.0,True
0.1,7.0,3.0,5.0,0.5,10.0,2.437443391637809e-18,3.050745335113422e-19,1.0,-3.5000000000000004,0.0,-8.12,0.0,False
0.1,7.0,3.0,5.0,0.5,10.0,1.0035174043785944e-22,0.5123140996718912,1.1312328683613102,-7.355531783093273,0.0,9.690659669688161,0.0,True
0.1,7.0,3.0,5.0,1.0,4.0,1.0498993082668133,3.387468875376133e-27,0.3110696515630419,12.387571402703111,0.0,-19.084566420752168,0.0,True
0.1,7.0,3.0,5.0,1.0,4.0,1.5626770429985606e-18,2.1049929861742492e-19,1.0,-4.0,0.0,-8.12,0.0,False
0.1,7.0,3.0,5.0,1.0,4.0,-1.8894895009466827e-24,0.4261961331033996,1.2270539298403633,-8.013454243787024,0.0,11.163841604242922,0.0,True
0.1,7.0,3.0,5.0,1.0,6.0,1.1091539197663998,1.0102795856913762e-20,0.48740732594451286,15.648139308321841,0.0,-19.128971636817134,0.0,True
0.1,7.0,3.0,5.0,1.0,6.0,3.1856870889130905e-20,1.327521469415169e-19,1.0,-4.0,0.0,-8.12,0.0,False
0.1,7.0,3.0,5.0,1.0,6.0,-1.2293713360127951e-20,0.4674660037540116,1.182103720554788,-7.98450495733446,0.0,10.43846368114631,0.0,True
0.1,7.0,3.0,5.0,1.0,6.0,7.739908105348213e-18,-1.3291401432722414,2.4721779337147956,-43.80873912800241,0.0,55.351397364899356,0.0,True
0.1,7.0,3.0,5.0,1.0,8.0,1.1479212862966999,-4.060224564269025e-28,0.5882114751459157,17.51561203501605,0.0,-19.098717487801785,0.0,True
0.1,7.0,3.0,5.0,1.0,8.0,5.183880928275414e-19,2.9425151739197154e-20,1.0,-4.0,0.0,-8.12,0.0,False
0.1,7.0,3.0,5.0,1.0,8.0,2.4728449301689472e-22,0.4938606134207713,1.1524364409302128,-7.985564429687796,0.0,9.99291743715418,0.0,True
0.1,7.0,3.0,5.0,1.0,10.0,1.1747511183782304,-1.2123471105861034e-28,0.6549899524672742,18.7434117751201,0.0,-19.04817592310037,0.0,True
0.1,7.0,3.0,5.0,1.0,10.0,9.755892221542291e-19,8.012784467716299e-22,1.0,-4.0,0.0,-8.12,0.0,False
0.1,7.0,3.0,5.0,1.0,10.0,-2.2299848234924134e-21,0.5123140996718911,1.1312328683613102,-7.995375684323751,0.0,9.690659669688154,0.0,True
0.1,7.0,3.0,5.0,3.0,4.0,4.511189090566765e-20,2.08483855283481e-18,1.0,-6.0,0.0,-8.12,0.0,False
0.1,7.0,3.0,5.0,3.0,4.0,4.146473914005683e-19,0.42619613310339965,1.2270539298403635,-11.024776937260384,0.0,11.16384160424293,0.0,True
0.1,7.0,3.0,5.0,3.0,4.0,-1.797176219685323e-20,-1.020896947053605,2.302788220629214,-43.239848652888924,0.0,46.60673942344566,0.0,True
0.1,7.0,3.0,5.0,3.0,6.0,1.0323056370439019,4.829975425507358e-18,0.200758803795538,12.087847880437403,0.0,-19.152560843887727,0.0,True
0.1,7.0,3.0,5.0,3.0,6.0,-9.908588896536588e-28,2.4407563720183997e-22,1.0,-6.0,0.0,-8.12,0.0,False
0.1,7.0,3.0,5.0,3.0,6.0,1.3191878832376386e-21,0.4674660037540116,1.182103720554788,-10.779243369633404,0.0,10.43846368114631,0.0,True
0.1,7.0,3.0,5.0,3.0,6.0,-1.7549650507793436e-25,-1.3291401432722414,2.4721779337147956,-56.03206659989512,0.0,55.351397364899356,0.0,True
0.1,7.0,3.0,5.0,3.0,8.0,1.0835049327277761,1.158308280874588e-24,0.33963459667444973,15.81774450504958,0.0,-19.41104189829464,0.0,True
0.1,7.0,3.0,5.0,3.0,8.0,5.320758510890656e-22,3.445390016839704e-17,1.0,-6.0,0.0,-8.12,0.0,False
0.1,7.0,3.0,5.0,3.0,8.0,6.823953539281702e-23,0.49386061342077137,1.1524364409302128,-10.641783930455588,0.0,9.992917437154183,0.0,True
0.1,7.0,3.0,5.0,3.0,10.0,1.1244304098844988,1.997856851914897e-24,0.4310453139971401,18.298336354666862,0.0,-19.587410604442717,0.0,True
0.1,7.0,3.0,5.0,3.0,10.0,2.173748231179701e-24,1.5134531997862704e-17,1.0,-6.0,0.0,-8.12,0.0,False
0.1,7.0,3.0,5.0,3.0,10.0,5.1435052362426215e-25,0.5123140996718912,1.1312328683613102,-10.554751289245667,0.0,9.690659669688161,0.0,True
0.1,7.0,3.0,7.0,0.5,4.0,1.0759922650669145,2.5992170039652742e-20,0.4211203227580854,13.506495108364534,0.0,-18.65149594005128,0.0,True
0.1,7.0,3.0,7.0,0.5,4.0,1.2476638592016179e-22,7.860885930402206e-21,1.0,-3.5,0.0,-6.119999999999999,0.0,False
0.1,7.0,3.0,7.0,0.5,4.0,5.298769234038674e-24,0.2934905012436556,1.1507391800604414,-5.578760262391583,0.0,8.707516829357356,0.0,True
0.1,7.0,3.0,7.0,0.5,4.0,1.9237941629774007,1.1956222735974793,1.651155096211251,246.68531766730445,0.0,31.734610362327032,0.0,True
0.1,7.0,3.0,7.0,0.5,4.0,1.9671123885012535e-23,-0.6608940977061828,1.7643667646700216,-15.682585132828809,0.0,29.09052227495474,0.0,True
0.1,7.0,3.0,7.0,0.5,6.0,1.1284413905041146,-1.5279437129215876e-20,0.5755400093990468,16.037317891093597,0.0,-18.250548718113343,0.0,True
0.1,7.0,3.0,7.0,0.5,6.0,1.9539805428672887e-21,3.8657943423193363e-20,1.0,-3.4999999999999996,0.0,-6.12,0.0,False
0.1,7.0,3.0,7.0,0.5,6.0,-1.820630344342896e-20,0.3259771352150273,1.123971274796829,-5.586211568795068,0.0,8.178344263625409,0.0,True
0.1,7.0,3.0,7.0,0.5,8.0,2.7438469866107362,-2.242214964842781,3.516912883511095,725.6270634466205,0.0,126.1412163220881,0.0,True
0.1,7.0,3.0,7.0,0.5,8.0,7.74030168741563e-22,-7.953799777860484e-25,1.0,-3.5,0.0,-6.119999999999999,0.0,False
0.1,7.0,3.0,7.0,0.5,8.0,-2.5166306862676757e-23,0.3476502122487058,1.1057530863169989,-5.6040475516876995,0.0,7.835401229014966,0.0,True
0.1,7.0,3.0,7.0,0.5,8.0,1.1607388846356053,9.205881303490841e-22,0.6631713104237227,17.466544136495195,0.0,-17.923218027301065,0.0,True
0.1,7.0,3.0,7.0,0.5,8.0,3.341975272395456e-22,-1.0466728820401572,1.9585836067484677,-25.433118483284236,0.0,38.836703648143455,0.0,True
0.1,7.0,3.0,7.0,0.5,10.0,-3.3678264335861656e-23,0.36331339931827683,1.0923976382869411,-5.623347122793355,0.0,7.592850730798269,0.0,True
0.1,7.0,3.0,7.0,0.5,10.0,1.1824446460657712,-3.5942802402222896e-26,0.7203649317980787,18.39167779088853,0.0,-17.666846300155044,0.0,True
0.1,7.0,3.0,7.0,0.5,10.0,3.2234701143550986e-18,9.244127984264921e-18,1.0,-3.5000000000000004,0.0,-6.119999999999998,0.0,False
0.1,7.0,3.0,7.0,1.0,4.0,1.0498993082668133,4.1357851895278496e-19,0.3110696515630419,12.387571402703111,0.0,-18.891037764505064,0.0,True
0.1,7.0,3.0,7.0,1.0,4.0,2.164747710355157e-17,-0.6608940977061828,1.7643667646700216,-17.23908017296489,0.0,29.09052227495474,0.0,True
0.1,7.0,3.0,7.0,1.0,4.0,-6.242228441103797e-29,2.883269206311229e-22,1.0,-4.0,0.0,-6.119999999999999,0.0,False
0.1,7.0,3.0,7.0,1.0,4.0,-1.288108884030044e-23,0.2934905012436556,1.1507391800604414,-6.240860592654672,0.0,8.707516829357356,0.0,True
0.1,7.0,3.0,7.0,1.0,6.0,1.1091539197663998,1.796155754267039e-21,0.48740732594451286,15.648139308321841,0.0,-18.653839834048373,0.0,True
0.1,7.0,3.0,7.0,1.0,6.0,-9.74264102250784e-29,2.648492686506468e-24,1.0,-4.0,0.0,-6.12,0.0,False
0.1,7.0,3.0,7.0,1.0,6.0,-3.248784975338261e-21,0.3259771352150273,1.123971274796829,-6.217867282079273,0.0,8.178344263625409,0.0,True
0.1,7.0,3.0,7.0,1.0,6.0,1.640767573987287e-23,-0.8628261640089472,1.8685471541814604,-22.125253992308945,0.0,34.12151749831154,0.0,True
0.1,7.0,3.0,7.0,1.0,8.0,1.1479212862966999,-1.689250334133446e-22,0.5882114751459157,17.51561203501605,0.0,-18.40673200881512,0.0,True
0.1,7.0,3.0,7.0,1.0,8.0,3.5738963920691804e-19,5.30954223646753e-17,1.0,-4.0,0.0,-6.119999999999997,0.0,False
0.1,7.0,3.0,7.0,1.0,8.0,5.3092981605406585e-24,0.34765021224870585,1.1057530863169989,-6.2153924956374835,0.0,7.83540122901497,0.0,True
0.1,7.0,3.0,7.0,1.0,8.0,5.880052758130355e-17,-1.0466728820401572,1.9585836067484677,-27.351143355596154,0.0,38.836703648143455,0.0,True
0.1,7.0,3.0,7.0,1.0,10.0,1.1747511183782304,-1.3698395515095897e-25,0.6549899524672742,18.7434117751201,0.0,-18.190152247434206,0.0,True
0.1,7.0,3.0,7.0,1.0,10.0,6.664691389061719e-19,3.4494473377442765e-17,1.0,-4.0,0.0,-6.1199999999999966,0.0,False
0.1,7.0,3.0,7.0,1.0,10.0,2.55185122037381e-20,0.36331339931827666,1.0923976382869411,-6.220013422860795,0.0,7.5928507307982605,0.0,True
0.1,7.0,3.0,7.0,3.0,4.0,2.8000811101741593e-24,7.8750247496863e-18,1.0,-6.0,0.0,-6.119999999999999,0.0,False
0.1,7.0,3.0,7.0,3.0,4.0,4.1524005108760254e-24,0.2934905012436555,1.1507391800604412,-8.889261913707022,0.0,8.707516829357346,0.0,True
0.1,7.0,3.0,7.0,3.0,4.0,2.9002597398195334e-24,-0.6608940977061828,1.7643667646700216,-23.465060333509207,0.0,29.09052227495474,0.0,True
0.1,7.0,3.0,7.0,3.0,6.0,1.0323056370439019,1.9375676009192045e-17,0.200758803795538,12.087847880437403,0.0,-19.071952649284896,0.0,True
0.1,7.0,3.0,7.0,3.0,6.0,-2.1696795125782647e-30,1.1650617298693928e-25,1.0,-6.0,0.0,-6.12,0.0,False
0.1,7.0,3.0,7.0,3.0,6.0,8.485922742952209e-28,0.32597713521502725,1.123971274796829,-8.74449013521609,0.0,8.178344263625409,0.0,True
0.1,7.0,3.0,7.0,3.0,6.0,4.4603047550973646e-24,-0.8628261640089471,1.86854715418146,-29.108190927108197,0.0,34.1215174983115,0.0,True
0.1,7.0,3.0,7.0,3.0,8.0,1.083504932727776,3.3021955999715867e-25,0.33963459667445006,15.817744505049571,0.0,-19.180338579778205,0.0,True
0.1,7.0,3.0,7.0,3.0,8.0,3.1069322250870285e-24,1.739266331221433e-17,1.0,-6.0,0.0,-6.119999999999999,0.0,False
0.1,7.0,3.0,7.0,3.0,8.0,8.66482798810842e-23,0.3476502122487059,1.1057530863169989,-8.66077227143662,0.0,7.8354012290149715,0.0,True
0.1,7.0,3.0,7.0,3.0,8.0,1.4769836417565762e-23,-1.0466728820401574,1.958583606748468,-35.023242844843836,0.0,38.83670364814349,0.0,True
0.1,7.0,3.0,7.0,3.0,10.0,1.1244304098844988,4.608391918244846e-25,0.4310453139971401,18.298336354666862,0.0,-19.21581047900493,0.0,True
0.1,7.0,3.0,7.0,3.0,10.0,1.0378683936651219e-26,8.058559222108048e-18,1.0,-6.0,0.0,-6.119999999999998,0.0,False
0.1,7.0,3.0,7.0,3.0,10.0,-1.33478105062654e-23,0.3633133993182768,1.0923976382869411,-8.60667862313057,0.0,7.5928507307982676,0.0,True
0.1,7.0,3.0,7.0,3.0,10.0,-5.262335390460889e-19,-1.218358051935337,2.0390774399009683,-41.21600475164227,0.0,43.340404606947736,0.0,True
0.1,7.0,5.0,3.0,0.5,4.0,1.0305366106000593,2.5391773959011143e-24,0.20349572065970634,11.732139925071914,0.0,-19.208501853873848,0.0,True
0.1,7.0,5.0,3.0,0.5,4.0,3.1485327207366227e-19,2.039447549218482e-17,1.0,-5.5,0.0,-10.12,0.0,False
0.1,7.0,5.0,3.0,0.5,4.0,4.691125308053613e-26,0.6203175229988641,1.2885953720045848,-13.349969549694322,0.0,12.601157830709688,0.0,True
0.1,7.0,5.0,3.0,0.5,6.0,1.100172468046751,2.9889843470415475e-20,0.3948102702759603,16.472601937608513,0.0,-19.733094389225133,0.0,True
0.1,7.0,5.0,3.0,0.5,6.0,1.4226748282809978e-23,8.009901227303411e-19,1.0,-5.499999999999999,0.0,-10.12,0.0,False
0.1,7.0,5.0,3.0,0.5,6.0,-1.3863056978662766e-25,0.6606513798343443,1.2182301228385115,-12.946069769671414,0.0,11.858000215658079,0.0,True
0.1,7.0,5.0,3.0,0.5,8.0,1.1493236263571651,1.8745231529667392e-22,0.5046457007114559,19.215115211675315,0.0,-20.083525219161622,0.0,True
0.1,7.0,5.0,3.0,0.5,8.0,-2.8221668366116803e-27,5.0584961801662875e-19,1.0,-5.5,0.0,-10.12,0.0,False
0.1,7.0,5.0,3.0,0.5,8.0,-2.5652463117948553e-19,-2.885448082382693,4.122178988547235,-184.7088624468522,0.0,116.58508866001593,0.0,True
0.1,7.0,5.0,3.0,0.5,8.0,-3.128904303827168e-17,0.6840537753671423,1.1754735878477653,-12.728067917333028,0.0,11.4499603473761,0.0,True
0.1,7.0,5.0,3.0,0.5,10.0,1.1845561746192872,1.4254008160250795e-23,0.5790480007513963,21.05720923475472,0.0,-20.322674223825203,0.0,True
0.1,7.0,5.0,3.0,0.5,10.0,1.0655886307627779e-27,4.899914024512508e-19,1.0,-5.5,0.0,-10.12,0.0,False
0.1,7.0,5.0,3.0,0.5,10.0,1.304635401349744e-20,0.6993236796618852,1.1467160826807516,-12.592295312469584,0.0,11.19402697633918,0.0,True
0.1,7.0,5.0,3.0,0.5,10.0,5.560270130670851e-18,-3.3466177300156037,4.359955069256438,-227.30100366281056,0.0,131.88341302233692,0.0,True
0.1,7.0,5.0,3.0,1.0,4.0,1.009763918750019,-2.09209732928184e-20,0.10782972484177944,9.67084871567078,0.0,-19.049913805236596,0.0,True
0.1,7.0,5.0,3.0,1.0,4.0,1.4429866902367798e-21,2.883160901767394e-19,1.0,-6.0,0.0,-10.12,0.0,False
0.1,7.0,5.0,3.0,1.0,4.0,-2.6829525619975026e-20,0.6203175229988641,1.2885953720045848,-14.180208566070139,0.0,12.601157830709688,0.0,True
0.1,7.0,5.0,3.0,1.0,4.0,3.7273900434888216,4.418352793577062,3.4846240871205243,2572.84721760524,0.0,87.55249785210503,0.0,True
0.1,7.0,5.0,3.0,1.0,6.0,1.0768081711492856,4.8406398718682606e-26,0.32361576148524296,15.383682541140015,0.0,-19.588986165860113,0.0,True
0.1,7.0,5.0,3.0,1.0,6.0,4.809995162154475e-20,3.1508907645088277e-17,1.0,-6.0,0.0,-10.12,0.0,False
0.1,7.0,5.0,3.0,1.0,6.0,-1.519008546718881e-21,0.6606513798343442,1.2182301228385115,-13.688112085766978,0.0,11.858000215658073,0.0,True
0.1,7.0,5.0,3.0,1.0,6.0,2.7063540185145106e-21,-2.386897723768044,3.848640371864535,-151.31439322294412,0.0,100.24460994513586,0.0,True
0.1,7.0,5.0,3.0,1.0,6.0,3.8588651870893593,4.742529177945482,3.5594678580895085,2285.7342280142284,0.0,87.86130024376638,0.0,True
0.1,7.0,5.0,3.0,1.0,8.0,1.1295105031449533,8.813783701903691e-23,0.44184013518729015,18.590936921121866,0.0,-19.99772664859441,0.0,True
0.1,7.0,5.0,3.0,1.0,8.0,6.021677581050864e-23,1.0330345168722605e-17,1.0,-6.0,0.0,-10.12,0.0,False
0.1,7.0,5.0,3.0,1.0,8.0,-1.2794291421532058e-22,0.6840537753671423,1.1754735878477653,-13.418936995196876,0.0,11.4499603473761,0.0,True
0.1,7.0,5.0,3.0,1.0,8.0,1.1669331584378783e-19,-2.8854480823826933,4.122178988547236,-193.20504225366244,0.0,116.585088660016,0.0,True
0.1,7.0,5.0,3.0,1.0,10.0,1.168462070913505,4.167939428275823e-26,0.5221437360927832,20.758968409025506,0.0,-20.289123881883548,0.0,True
0.1,7.0,5.0,3.0,1.0,10.0,1.87397556516938e-25,8.520314239200781e-18,1.0,-6.0,0.0,-10.12,0.0,False
0.1,7.0,5.0,3.0,1.0,10.0,-2.042993865607549e-23,0.6993236796618852,1.1467160826807516,-13.249774199608929,0.0,11.19402697633918,0.0,True
0.1,7.0,5.0,3.0,1.0,10.0,-1.57977158661815e-23,-3.3466177300156037,4.359955069256438,-236.805607765778,0.0,131.88341302233692,0.0,True
0.1,7.0,5.0,3.0,3.0,4.0,6.601740876494902e-19,1.1927863135655929e-86,1.0,-8.0,0.0,-10.12,0.0,False
0.1,7.0,5.0,3.0,3.0,4.0,-2.108911161733907e-25,0.6203175229988641,1.2885953720045848,-17.501164631573406,0.0,12.601157830709688,0.0,True
0.1,7.0,5.0,3.0,3.0,6.0,1.0059232248057917,1.0170278527599674e-21,0.07244192697995688,9.368598221793462,0.0,-19.02376347673784,0.0,True
0.1,7.0,5.0,3.0,3.0,6.0,1.325495720250898e-18,8.545124306752785e-19,1.0,-8.0,0.0,-10.12,0.0,False
0.1,7.0,5.0,3.0,3.0,6.0,-1.0449279988930047e-18,0.6606513798343442,1.2182301228385115,-16.656281350149246,0.0,11.858000215658073,0.0,True
0.1,7.0,5.0,3.0,3.0,6.0,1.6485984257994603e-21,-2.3868977237680435,3.848640371864534,-180.93845864683522,0.0,100.2446099451358,0.0,True
0.1,7.0,5.0,3.0,3.0,8.0,1.0557092593740582,3.468236436135041e-24,0.23376609727441566,14.93648323734963,0.0,-19.476014171214782,0.0,True
0.1,7.0,5.0,3.0,3.0,8.0,2.179186835475521e-25,-1.6038641832104217e-25,1.0,-8.0,0.0,-10.12,0.0,False
0.1,7.0,5.0,3.0,3.0,8.0,-2.4915974476179353e-26,-2.8854480823826933,4.122178988547236,-227.18976148090306,0.0,116.585088660016,0.0,True
0.1,7.0,5.0,3.0,3.0,8.0,-1.0230699063026558e-19,0.6840537753671423,1.1754735878477653,-16.182413306652272,0.0,11.4499603473761,0.0,True
0.1,7.0,5.0,3.0,3.0,10.0,1.1023714385495604,1.2210147479489447e-25,0.3316274663085951,18.414370774715515,0.0,-19.899122983668715,0.0,True
0.1,7.0,5.0,3.0,3.0,10.0,7.97209272269546e-27,4.533964421241323e-22,1.0,-8.0,0.0,-10.12,0.0,False
0.1,7.0,5.0,3.0,3.0,10.0,-2.738846706951359e-20,0.6993236796618852,1.1467160826807516,-15.879689748166307,0.0,11.19402697633918,0.0,True
0.1,7.0,5.0,3.0,3.0,10.0,7.28572210539496e-27,-3.3466177300156037,4.359955069256438,-274.82402417764786,0.0,131.88341302233692,0.0,True
0.1,7.0,5.0,5.0,0.5,4.0,1.0305366106000595,-1.945323990805053e-17,0.203495720659706,11.732139925071921,0.0,-19.125680837220226,0.0,True
0.1,7.0,5.0,5.0,0.5,4.0,3.746475566015544e-23,1.394654413954207e-19,1.0,-5.5,0.0,-8.12,0.0,False
0.1,7.0,5.0,5.0,0.5,4.0,-2.0684762740836575e-20,0.4261961331033996,1.2270539298403633,-10.271946263892042,0.0,11.163841604242922,0.0,True
0.1,7.0,5.0,5.0,0.5,4.0,-1.0545248034113867e-24,-1.020896947053605,2.302788220629214,-40.58843185835459,0.0,46.60673942344566,0.0,True
0.1,7.0,5.0,5.0,0.5,6.0,1.100172468046751,1.709573915406836e-20,0.3948102702759603,16.472601937608513,0.0,-19.421344090194378,0.0,True
0.1,7.0,5.0,5.0,0.5,6.0,-3.9493196476802434e-27,1.2922510172006942e-20,1.0,-5.499999999999999,0.0,-8.12,0.0,False
0.1,7.0,5.0,5.0,0.5,6.0,5.972569724999053e-20,0.4674660037540116,1.182103720554788,-10.080558766558667,0.0,10.43846368114631,0.0,True
0.1,7.0,5.0,5.0,0.5,8.0,1.1493236263571651,2.2060350064099034e-23,0.5046457007114559,19.215115211675315,0.0,-19.57419065266851,0.0,True
0.1,7.0,5.0,5.0,0.5,8.0,1.343375708051923e-29,7.196487333621386e-21,1.0,-5.5,0.0,-8.12,0.0,False
0.1,7.0,5.0,5.0,0.5,8.0,-1.0516256027646641e-18,0.4938606134207713,1.1524364409302128,-9.97772905526364,0.0,9.99291743715418,0.0,True
0.1,7.0,5.0,5.0,0.5,10.0,1.1845561746192872,5.5279556970668676e-27,0.5790480007513963,21.05720923475472,0.0,-19.652081049476827,0.0,True
0.1,7.0,5.0,5.0,0.5,10.0,8.6680441854494e-30,4.6494090019275565e-21,1.0,-5.5,0.0,-8.12,0.0,False
0.1,7.0,5.0,5.0,0.5,10.0,5.305980014358073e-25,0.5123140996718911,1.1312328683613102,-9.914907388015187,0.0,9.690659669688154,0.0,True
0.1,7.0,5.0,5.0,1.0,4.0,1.009763918750019,-3.19839505497022e-20,0.10782972484177944,9.67084871567078,0.0,-19.02665930611769,0.0,True
0.1,7.0,5.0,5.0,1.0,4.0,-7.521021248199509e-29,5.437071502103261e-25,1.0,-6.0,0.0,-8.12,0.0,False
0.1,7.0,5.0,5.0,1.0,4.0,-2.218867739010725e-17,0.42619613310339954,1.2270539298403633,-11.02477693726038,0.0,11.163841604242918,0.0,True
0.1,7.0,5.0,5.0,1.0,4.0,2.730029669041996,2.484799065119291,2.196353747903772,1010.3124454486352,0.0,54.42691693390134,0.0,True
0.1,7.0,5.0,5.0,1.0,4.0,-2.702174005505369e-26,-1.0208969470536047,2.302788220629213,-43.23984865288889,0.0,46.6067394234456,0.0,True
0.1,7.0,5.0,5.0,1.0,6.0,1.0768081711492856,6.1170601114210075e-27,0.32361576148524296,15.383682541140015,0.0,-19.379531843696768,0.0,True
0.1,7.0,5.0,5.0,1.0,6.0,7.107156339750037e-24,1.6917592625964053e-18,1.0,-6.0,0.0,-8.12,0.0,False
0.1,7.0,5.0,5.0,1.0,6.0,8.988120226463543e-24,0.46746600375401165,1.182103720554788,-10.779243369633404,0.0,10.438463681146313,0.0,True
0.1,7.0,5.0,5.0,1.0,8.0,1.1295105031449533,2.9505539612623517e-23,0.44184013518729015,18.590936921121866,0.0,-19.607281238469763,0.0,True
0.1,7.0,5.0,5.0,1.0,8.0,-3.2289744706027853e-27,6.553963570548693e-19,1.0,-6.0,0.0,-8.12,0.0,False
0.1,7.0,5.0,5.0,1.0,8.0,3.026078066077009e-20,0.4938606134207713,1.1524364409302128,-10.641783930455588,0.0,9.99291743715418,0.0,True
0.1,7.0,5.0,5.0,1.0,8.0,-9.443737393288546e-27,-1.6079653733253538,2.6159704011333402,-69.39746379190863,0.0,63.45010907141916,0.0,True
0.1,7.0,5.0,5.0,1.0,10.0,1.168462070913505,-3.361649954838175e-27,0.5221437360927832,20.758968409025506,0.0,-19.743855719601687,0.0,True
0.1,7.0,5.0,5.0,1.0,10.0,5.379052519713066e-28,4.669656765716237e-19,1.0,-6.0,0.0,-8.12,0.0,False
0.1,7.0,5.0,5.0,1.0,10.0,-1.747941201779945e-20,0.5123140996718912,1.1312328683613102,-10.554751289245667,0.0,9.690659669688161,0.0,True
0.1,7.0,5.0,5.0,3.0,4.0,6.294682066622592e-25,1.8283443706754036e-31,1.0,-8.0,0.0,-8.12,0.0,False
0.1,7.0,5.0,5.0,3.0,4.0,1.2582108588224857e-20,-1.0208969470536047,2.302788220629213,-53.845515831026205,0.0,46.6067394234456,0.0,True
0.1,7.0,5.0,5.0,3.0,4.0,-1.910860852204768e-26,0.42619613310339954,1.2270539298403633,-14.036099630733741,0.0,11.163841604242918,0.0,True
0.1,7.0,5.0,5.0,3.0,6.0,1.0059232248057917,3.927630455192937e-21,0.07244192697995688,9.368598221793462,0.0,-19.013267811168703,0.0,True
0.1,7.0,5.0,5.0,3.0,6.0,4.03109566023949e-19,6.786056362511265e-19,1.0,-8.0,0.0,-8.12,0.0,False
0.1,7.0,5.0,5.0,3.0,6.0,-3.442708897242089e-24,0.4674660037540116,1.182103720554788,-13.57398178193235,0.0,10.43846368114631,0.0,True
0.1,7.0,5.0,5.0,3.0,6.0,3.3063798488679664e-22,-1.3291401432722416,2.4721779337147956,-68.25539407178786,0.0,55.3513973648994,0.0,True
0.1,7.0,5.0,5.0,3.0,8.0,1.0557092593740582,1.0815355980213805e-24,0.23376609727441566,14.93648323734963,0.0,-19.36672099474496,0.0,True
0.1,7.0,5.0,5.0,3.0,8.0,9.113438669866953e-24,1.6927809935040914e-17,1.0,-8.0,0.0,-8.12,0.0,False
0.1,7.0,5.0,5.0,3.0,8.0,-8.428730042549829e-20,0.49386061342077126,1.1524364409302128,-13.298003431223378,0.0,9.99291743715418,0.0,True
0.1,7.0,5.0,5.0,3.0,10.0,1.1023714385495604,5.928346402113466e-26,0.3316274663085951,18.414370774715515,0.0,-19.679169430848198,0.0,True
0.1,7.0,5.0,5.0,3.0,10.0,-3.8795557243397324e-28,1.8895767369721144e-20,1.0,-8.0,0.0,-8.12,0.0,False
0.1,7.0,5.0,5.0,3.0,10.0,2.0624068363390497e-21,0.5123140996718911,1.1312328683613102,-13.114126894167581,0.0,9.690659669688154,0.0,True
0.1,7.0,5.0,5.0,3.0,10.0,-1.6320984344010149e-21,-1.8669753268093439,2.742798435457428,-98.38568776560855,0.0,71.10818015406716,0.0,True
0.1,7.0,5.0,7.0,0.5,4.0,1.0305366106000595,1.3769623396170338e-17,0.203495720659706,11.732139925071921,0.0,-19.0428598205666,0.0,True
0.1,7.0,5.0,7.0,0.5,4.0,2.1185208203030206e-27,4.675768682234168e-25,1.0,-5.5,0.0,-6.119999999999999,0.0,False
0.1,7.0,5.0,7.0,0.5,4.0,-5.646364846584172e-18,0.2934905012436555,1.1507391800604412,-8.227161583443934,0.0,8.707516829357346,0.0,True
0.1,7.0,5.0,7.0,0.5,6.0,1.100172468046751,5.856447016759497e-21,0.3948102702759603,16.472601937608513,0.0,-19.109593791163626,0.0,True
0.1,7.0,5.0,7.0,0.5,6.0,9.421382966765261e-20,3.049197014565436e-17,1.0,-5.499999999999999,0.0,-6.12,0.0,False
0.1,7.0,5.0,7.0,0.5,6.0,-1.1049167654271812e-18,0.32597713521502747,1.123971274796829,-8.112834421931888,0.0,8.17834426362542,0.0,True
0.1,7.0,5.0,7.0,0.5,8.0,1.1493236263571651,1.5154438057727667e-24,0.5046457007114559,19.215115211675315,0.0,-19.064856086175396,0.0,True
0.1,7.0,5.0,7.0,0.5,8.0,-1.0930247654602456e-24,3.904082056502457e-17,1.0,-5.5,0.0,-6.119999999999997,0.0,False
0.1,7.0,5.0,7.0,0.5,8.0,1.2221161333581013e-24,0.34765021224870585,1.1057530863169989,-8.049427327486836,0.0,7.83540122901497,0.0,True
0.1,7.0,5.0,7.0,0.5,10.0,2.3450822397471222e-20,0.36331339931827683,1.0923976382869411,-8.010012323063128,0.0,7.592850730798269,0.0,True
0.1,7.0,5.0,7.0,0.5,10.0,1.1845561746192872,-2.6517108100566525e-22,0.5790480007513963,21.05720923475472,0.0,-18.981487875128447,0.0,True
0.1,7.0,5.0,7.0,0.5,10.0,2.3551974711821023e-21,4.9123700591431525e-17,1.0,-5.5,0.0,-6.1199999999999966,0.0,False
0.1,7.0,5.0,7.0,1.0,4.0,1.009763918750019,-4.803867563273047e-21,0.10782972484177944,9.67084871567078,0.0,-19.00340480699878,0.0,True
0.1,7.0,5.0,7.0,1.0,4.0,1.2518152870469978e-23,1.4607582197954326e-18,1.0,-6.0,0.0,-6.119999999999999,0.0,False
0.1,7.0,5.0,7.0,1.0,4.0,4.882960686439595e-18,-0.6608940977061828,1.7643667646700216,-23.465060333509207,0.0,29.09052227495474,0.0,True
0.1,7.0,5.0,7.0,1.0,4.0,1.3682427552889785e-24,0.2934905012436556,1.1507391800604414,-8.889261913707026,0.0,8.707516829357356,0.0,True
0.1,7.0,5.0,7.0,1.0,6.0,1.0768081711492856,9.51587465157055e-19,0.32361576148524296,15.383682541140015,0.0,-19.170077521533422,0.0,True
0.1,7.0,5.0,7.0,1.0,6.0,-3.429437585166253e-27,6.876397426254998e-20,1.0,-6.0,0.0,-6.12,0.0,False
0.1,7.0,5.0,7.0,1.0,6.0,1.3590032219365774e-25,-0.8628261640089472,1.8685471541814604,-29.108190927108215,0.0,34.12151749831154,0.0,True
0.1,7.0,5.0,7.0,1.0,6.0,3.427599371007848e-23,0.32597713521502736,1.123971274796829,-8.74449013521609,0.0,8.178344263625412,0.0,True
0.1,7.0,5.0,7.0,1.0,8.0,1.1295105031449533,5.788405830186106e-24,0.44184013518729015,18.590936921121866,0.0,-19.21683582834512,0.0,True
0.1,7.0,5.0,7.0,1.0,8.0,-2.49483737215583e-28,3.216166432663682e-20,1.0,-6.0,0.0,-6.119999999999999,0.0,False
0.1,7.0,5.0,7.0,1.0,8.0,1.578237094385314e-23,0.3476502122487059,1.1057530863169989,-8.66077227143662,0.0,7.8354012290149715,0.0,True
0.1,7.0,5.0,7.0,1.0,10.0,1.168462070913505,-3.735700319273626e-21,0.5221437360927832,20.758968409025506,0.0,-19.198587557319826,0.0,True
0.1,7.0,5.0,7.0,1.0,10.0,8.679362033138213e-30,1.9691077698780655e-20,1.0,-6.0,0.0,-6.119999999999998,0.0,False
0.1,7.0,5.0,7.0,1.0,10.0,3.2966615558321866e-24,0.36331339931827683,1.0923976382869411,-8.606678623130572,0.0,7.592850730798269,0.0,True
0.1,7.0,5.0,7.0,3.0,4.0,7.941249740415516e-25,-1.6607772744401522e-32,1.0,-8.0,0.0,-6.119999999999999,0.0,False
0.1,7.0,5.0,7.0,3.0,4.0,-1.1692574592187635e-22,0.29349050124365567,1.1507391800604414,-11.53766323475938,0.0,8.70751682935736,0.0,True
0.1,7.0,5.0,7.0,3.0,4.0,-1.2562023003131129e-23,-0.6608940977061828,1.7643667646700216,-29.691040494053524,0.0,29.09052227495474,0.0,True
0.1,7.0,5.0,7.0,3.0,6.0,1.0059232248057917,1.4424623918221533e-20,0.07244192697995688,9.368598221793462,0.0,-19.00277214559956,0.0,True
0.1,7.0,5.0,7.0,3.0,6.0,-3.3886850218951094e-30,8.002204770126454e-22,1.0,-8.0,0.0,-6.12,0.0,False
0.1,7.0,5.0,7.0,3.0,6.0,-1.4617124187582874e-26,0.32597713521502736,1.123971274796829,-11.271112988352908,0.0,8.178344263625412,0.0,True
0.1,7.0,5.0,7.0,3.0,6.0,1.2583707211693844e-22,-0.8628261640089471,1.86854715418146,-36.09112786190747,0.0,34.1215174983115,0.0,True
0.1,7.0,5.0,7.0,3.0,8.0,1.0557092593740582,-7.756209596106218e-25,0.23376609727441566,14.93648323734963,0.0,-19.257427818275136,0.0,True
0.1,7.0,5.0,7.0,3.0,8.0,-2.583192537990754e-28,1.1500810659794723e-19,1.0,-8.0,0.0,-6.119999999999999,0.0,False
0.1,7.0,5.0,7.0,3.0,8.0,-1.0456769394984279e-24,0.34765021224870585,1.1057530863169989,-11.106152047235756,0.0,7.83540122901497,0.0,True
0.1,7.0,5.0,7.0,3.0,8.0,7.254266276799272e-27,-1.0466728820401576,1.9585836067484683,-42.69534233409153,0.0,38.836703648143526,0.0,True
0.1,7.0,5.0,7.0,3.0,10.0,1.1023714385495607,-8.289791099998711e-19,0.33162746630859474,18.414370774715525,0.0,-19.459215878027685,0.0,True
0.1,7.0,5.0,7.0,3.0,10.0,-2.135262354539861e-30,1.2813773887753865e-21,1.0,-8.0,0.0,-6.119999999999998,0.0,False
0.1,7.0,5.0,7.0,3.0,10.0,3.319913420340193e-22,0.36331339931827683,1.0923976382869411,-10.993343823400346,0.0,7.592850730798269,0.0,True
0.1,7.0,5.0,7.0,3.0,10.0,-1.459400247723562e-22,-1.218358051935337,2.0390774399009683,-49.531678363468444,0.0,43.340404606947736,0.0,True
