rc,beta,delta,eta,rd,c_star,s_star,i_star,eig1_real,eig1_imag,eig2_real,eig2_imag,unstable
4.5,3.0,5.0,1.0,8.0,1.821999602906484e-19,2.6873912648632504e-18,1.0,-4.0,0.0,-8.12,0.0,False
4.5,3.0,5.0,1.0,8.0,1.2564550134818222e-21,0.4938606134207714,1.1524364409302128,-7.985564429687797,0.0,9.992917437154183,0.0,True
4.5,3.0,5.0,1.0,8.0,1.2177759439925704,-2.441203595507978e-25,0.5365692969478137,11.336330441571857,0.0,-20.35588970900157,0.0,True
4.5,3.0,5.0,1.0,8.0,-0.4414938447869058,5.208675839776928e-26,0.9390884953172736,5.72644540944531,0.0,-9.850827357474333,0.0,True
4.5,3.0,5.0,1.0,10.0,3.070972405250401e-20,1.2815179392014802e-18,1.0,-4.0,0.0,-8.12,0.0,False
4.5,3.0,5.0,1.0,10.0,3.7063920445855446e-23,0.5123140996718911,1.1312328683613102,-7.995375684323751,0.0,9.690659669688154,0.0,True
4.5,3.0,5.0,1.0,10.0,1.2645190430559372,-6.088632729216075e-19,0.6002478974372243,11.863921916511115,0.0,-20.67271150807991,0.0,True
4.5,3.0,5.0,1.0,12.0,9.483248281376307e-21,7.66645700019413e-19,1.0,-4.0,0.0,-8.12,0.0,False
4.5,3.0,5.0,1.0,12.0,1.8129981949176062e-24,0.5259785668241677,1.1152722719826689,-8.00745080484566,0.0,9.472038170147385,0.0,True
4.5,3.0,5.0,1.0,12.0,-0.4539146575442806,4.390538275292853e-21,0.9570753090971789,5.681910947031142,0.0,-9.745359584133915,0.0,True
4.5,3.0,5.0,1.0,12.0,1.300941292424592,-1.3469601330308084e-19,0.6474066153467983,12.207929904874522,0.0,-20.925145613087913,0.0,True
4.5,3.0,5.0,3.0,8.0,8.65403984191298e-23,6.691426835811713e-19,1.0,-6.0,0.0,-8.12,0.0,False
4.5,3.0,5.0,3.0,8.0,1.6844861191368905e-22,0.4938606134207713,1.1524364409302128,-10.641783930455588,0.0,9.99291743715418,0.0,True
4.5,3.0,5.0,3.0,8.0,1.1125826512329162,-4.775676672191888e-23,0.3037149123487385,10.997423806087141,0.0,-19.90015117165811,0.0,True
4.5,3.0,5.0,3.0,8.0,-0.5137147179578457,-9.956654907937644e-26,0.8515546685613387,9.15027475242687,0.0,-11.03810467921902,0.0,True
4.5,3.0,5.0,3.0,8.0,-3.943195829434425e-22,-1.6079653733253538,2.6159704011333402,-69.39746379190863,0.0,63.45010907141916,0.0,True
4.5,3.0,5.0,3.0,10.0,1.5195823278537372e-23,3.6739609800693457e-19,1.0,-6.0,0.0,-8.12,0.0,False
4.5,3.0,5.0,3.0,10.0,4.343881507261227e-24,0.5123140996718911,1.1312328683613102,-10.554751289245665,0.0,9.690659669688154,0.0,True
4.5,3.0,5.0,3.0,10.0,1.1713361619891969,-1.5923189310024276e-19,0.38258721802738815,12.381362290017174,0.0,-20.414501268654274,0.0,True
4.5,3.0,5.0,3.0,10.0,1.6873316666397675e-24,-1.866975326809344,2.7427984354574284,-83.33980125051315,0.0,71.1081801540672,0.0,True
4.5,3.0,5.0,3.0,12.0,5.173577600025778e-24,2.474477747539623e-19,1.0,-6.0,0.0,-8.12,0.0,False
4.5,3.0,5.0,3.0,12.0,5.480066925952378e-17,0.5259785668241677,1.1152722719826689,-10.49511528615243,0.0,9.472038170147385,0.0,True
4.5,3.0,5.0,3.0,12.0,1.2205782895753114,-5.982883807757855e-25,0.4413207396315276,13.314601724133253,0.0,-20.861576485603575,0.0,True
4.5,3.0,5.0,3.0,12.0,8.485466143480993e-26,-2.1112632225097405,2.857263497800923,-97.83718722134884,0.0,78.43405048196502,0.0,True
4.5,3.0,5.0,5.0,8.0,3.024429478485425e-25,1.3889490487702218e-19,1.0,-8.0,0.0,-8.12,0.0,False
4.5,3.0,5.0,5.0,8.0,3.1090645949999314e-23,0.4938606134207713,1.1524364409302128,-13.298003431223378,0.0,9.99291743715418,0.0,True
4.5,3.0,5.0,5.0,8.0,1.0316698340789334,-5.628099236268655e-24,0.13522159967938108,8.62902296515402,0.0,-19.254980077209204,0.0,True
4.5,3.0,5.0,5.0,8.0,-2.2236969583673032e-21,-1.6079653733253534,2.61597040113334,-83.08406607112005,0.0,63.450109071419085,0.0,True
4.5,3.0,5.0,5.0,10.0,1.0878874444004618e-25,9.645796824612828e-20,1.0,-8.0,0.0,-8.12,0.0,False
4.5,3.0,5.0,5.0,10.0,7.569852054085201e-25,0.5123140996718911,1.1312328683613102,-13.114126894167581,0.0,9.690659669688154,0.0,True
4.5,3.0,5.0,5.0,10.0,1.0880515686672565,-1.4387172466306113e-24,0.23049345954846956,11.2772598841474,0.0,-19.779922689590666,0.0,True
4.5,3.0,5.0,5.0,10.0,1.0733275908637878e-18,-1.866975326809344,2.7427984354574284,-98.38568776560858,0.0,71.1081801540672,0.0,True
4.5,3.0,5.0,5.0,12.0,5.869447766628612e-26,7.719013196726522e-20,1.0,-8.0,0.0,-8.12,0.0,False
4.5,3.0,5.0,5.0,12.0,1.450263052995997e-17,0.5259785668241678,1.1152722719826689,-12.9827797674592,0.0,9.472038170147393,0.0,True
4.5,3.0,5.0,5.0,12.0,1.1399234594650738,5.080689078552432e-22,0.296144524387305,12.956117836108747,0.0,-20.28313123999419,0.0,True
4.5,3.0,7.0,1.0,8.0,-6.304151316270593e-23,0.3476502122487058,1.1057530863169989,-6.215392495637483,0.0,7.835401229014966,0.0,True
4.5,3.0,7.0,1.0,8.0,1.2177759439925704,-7.828931878804544e-26,0.5365692969478137,11.336330441571857,0.0,-19.78007648814743,0.0,True
4.5,3.0,7.0,1.0,8.0,3.995133320718022e-20,1.2154296009914745e-18,1.0,-4.0,0.0,-6.119999999999999,0.0,False
4.5,3.0,7.0,1.0,8.0,6.638875158884328e-22,-1.0466728820401572,1.9585836067484677,-27.351143355596154,0.0,38.836703648143455,0.0,True
4.5,3.0,7.0,1.0,8.0,-0.44149384478690573,8.028875328838699e-19,0.9390884953172736,5.72644540944531,0.0,-8.087052953399812,0.0,True
4.5,3.0,7.0,1.0,10.0,-7.998390823287215e-21,0.36331339931827683,1.0923976382869411,-6.220013422860799,0.0,7.592850730798269,0.0,True
4.5,3.0,7.0,1.0,10.0,1.2645190430559372,-3.638661491715107e-21,0.6002478974372243,11.863921916511115,0.0,-19.952116431324296,0.0,True
4.5,3.0,7.0,1.0,10.0,4.531839266818239e-19,1.7652787833419646e-17,1.0,-4.0,0.0,-6.119999999999998,0.0,False
4.5,3.0,7.0,1.0,12.0,3.62288370815519e-20,-1.3809945916235797,2.1125018695545874,-38.75297743603211,0.0,47.68589477877573,0.0,True
4.5,3.0,7.0,1.0,12.0,1.8328046433549592e-24,0.3752257558021022,1.082130047893401,-6.227128033492254,0.0,7.411472910614034,0.0,True
4.5,3.0,7.0,1.0,12.0,1.300941292424592,-2.817085908307114e-19,0.6474066153467983,12.207929904874522,0.0,-20.086874961898317,0.0,True
4.5,3.0,7.0,1.0,12.0,3.506153608623538e-18,3.468543505288584e-17,1.0,-4.0,0.0,-6.119999999999998,0.0,False
4.5,3.0,7.0,3.0,8.0,-6.260115929745355e-19,0.34765021224870607,1.105753086316999,-8.660772271436624,0.0,7.835401229014981,0.0,True
4.5,3.0,7.0,3.0,8.0,1.112582651232916,-1.7692280061999814e-21,0.3037149123487387,10.997423806087134,0.0,-19.715665675692104,0.0,True
4.5,3.0,7.0,3.0,8.0,-0.5137147179578457,1.710892613161327e-21,0.8515546685613387,9.15027475242687,0.0,-9.587813972121797,0.0,True
4.5,3.0,7.0,3.0,8.0,1.019822343804552e-24,3.826185818968375e-23,1.0,-6.0,0.0,-6.119999999999999,0.0,False
4.5,3.0,7.0,3.0,10.0,-3.6864241291398826e-22,0.3633133993182768,1.0923976382869411,-8.60667862313057,0.0,7.5928507307982676,0.0,True
4.5,3.0,7.0,3.0,10.0,1.1713361619891969,-5.566077823912723e-20,0.38258721802738815,12.381362290017174,0.0,-20.1217553098584,0.0,True
4.5,3.0,7.0,3.0,10.0,3.300976886052529e-18,5.711528002666083e-19,1.0,-6.0,0.0,-6.119999999999998,0.0,False
4.5,3.0,7.0,3.0,12.0,1.5202095906025237e-23,-1.3809945916235795,2.1125018695545865,-47.678305733775346,0.0,47.685894778775676,0.0,True
4.5,3.0,7.0,3.0,12.0,3.03067848944994e-25,0.3752257558021022,1.082130047893401,-8.569138914599803,0.0,7.411472910614034,0.0,True
4.5,3.0,7.0,3.0,12.0,1.2205782895753114,-3.4238459634252354e-25,0.4413207396315276,13.314601724133253,0.0,-20.47204849514574,0.0,True
4.5,3.0,7.0,3.0,12.0,1.2056874578944124e-25,3.0158196943729245e-27,1.0,-6.0,0.0,-6.12,0.0,False
4.5,3.0,7.0,5.0,8.0,-1.9616724743807865e-20,0.34765021224870574,1.1057530863169989,-11.106152047235756,0.0,7.835401229014964,0.0,True
4.5,3.0,7.0,5.0,8.0,1.0316698340789334,2.2968691053163916e-23,0.13522159967938108,8.62902296515402,0.0,-19.218410315169503,0.0,True
4.5,3.0,7.0,5.0,8.0,1.1540689423699303e-24,2.955358311305576e-18,1.0,-8.0,0.0,-6.119999999999999,0.0,False
4.5,3.0,7.0,5.0,10.0,1.663464844055569e-17,-1.2183580519353367,2.039077439900968,-49.531678363468416,0.0,43.34040460694768,0.0,True
4.5,3.0,7.0,5.0,10.0,1.408653880792155e-24,0.3633133993182767,1.0923976382869411,-10.993343823400341,0.0,7.592850730798262,0.0,True
4.5,3.0,7.0,5.0,10.0,1.0880515686672565,-5.530710432936118e-23,0.23049345954846956,11.2772598841474,0.0,-19.67366821980142,0.0,True
4.5,3.0,7.0,5.0,10.0,3.224577341428156e-26,1.8831653795976638e-17,1.0,-8.0,0.0,-6.119999999999998,0.0,False
4.5,3.0,7.0,5.0,12.0,4.7625077623334503e-17,-1.3809945916235793,2.1125018695545865,-56.603634031518574,0.0,47.68589477877563,0.0,True
4.5,3.0,7.0,5.0,12.0,7.753390589335459e-26,0.37522575580210227,1.082130047893401,-10.91114979570735,0.0,7.411472910614037,0.0,True
4.5,3.0,7.0,5.0,12.0,1.1399234594650738,-2.4907258951571854e-21,0.296144524387305,12.956117836108747,0.0,-20.107728081345027,0.0,True
4.5,3.0,7.0,5.0,12.0,1.2185040568449236e-19,1.2675609380934347e-21,1.0,-8.0,0.0,-6.12,0.0,False
4.5,3.0,9.0,1.0,8.0,-6.299755442518791e-20,0.2299695223744136,1.0594967288737553,-5.069763628160182,0.0,5.286517359887877,0.0,True
4.5,3.0,9.0,1.0,8.0,1.2177759439925704,6.817407508381306e-22,0.5365692969478137,11.336330441571857,0.0,-19.204263267293285,0.0,True
4.5,3.0,9.0,1.0,8.0,2.653059052229766e-23,-1.4624421844290948e-25,1.0,-4.0,0.0,-4.119999999999999,0.0,False
4.5,3.0,9.0,1.0,8.0,-0.4414938447869058,2.9875531307113747e-19,0.9390884953172736,5.72644540944531,0.0,-6.32327854932529,0.0,True
4.5,3.0,9.0,1.0,10.0,-1.8104178861168917e-22,0.2406519320771446,1.0521220171712165,-5.062573298506308,0.0,5.131547335279804,0.0,True
4.5,3.0,9.0,1.0,10.0,1.2645190430559372,-1.3744381611828313e-22,0.6002478974372243,11.863921916511115,0.0,-19.231521354568677,0.0,True
4.5,3.0,9.0,1.0,10.0,3.404770328056431e-23,-2.7399222793599013e-28,1.0,-4.0,0.0,-4.119999999999999,0.0,False
4.5,3.0,9.0,1.0,12.0,3.409933685024685e-19,0.24883355495125042,1.0464386035522577,-5.058757797261257,0.0,5.014121549237498,0.0,True
4.5,3.0,9.0,1.0,12.0,1.300941292424592,-6.548708483635311e-22,0.6474066153467983,12.207929904874522,0.0,-19.248604310708725,0.0,True
4.5,3.0,9.0,1.0,12.0,9.893193438114637e-23,-1.4733405489759878e-24,1.0,-4.0,0.0,-4.119999999999999,0.0,False
4.5,3.0,9.0,1.0,12.0,-0.45391465754428056,3.8858684466075515e-24,0.9570753090971789,5.68191094703114,0.0,-6.081386995000074,0.0,True
4.5,3.0,9.0,3.0,8.0,-8.684169882521664e-26,0.22996952237441365,1.0594967288737553,-7.314830265148558,0.0,5.286517359887879,0.0,True
4.5,3.0,9.0,3.0,8.0,1.112582651232916,4.637047851940976e-19,0.3037149123487387,10.997423806087134,0.0,-19.5311801797261,0.0,True
4.5,3.0,9.0,3.0,8.0,-0.5137147179578458,-1.0914505430367791e-21,0.8515546685613387,9.150274752426878,0.0,-8.137523265024576,0.0,True
4.5,3.0,9.0,3.0,8.0,5.279345269741598e-23,2.0168836130716838e-17,1.0,-6.0,0.0,-4.119999999999999,0.0,False
4.5,3.0,9.0,3.0,8.0,1.0159123331417497e-17,-0.7202329114875204,1.5835773776385142,-20.731644362626945,0.0,23.819581801162265,0.0,True
4.5,3.0,9.0,3.0,10.0,4.999386322113517e-20,0.24065193207714486,1.0521220171712165,-7.276494776539168,0.0,5.131547335279816,0.0,True
4.5,3.0,9.0,3.0,10.0,1.1713361619891969,-9.306030382406706e-24,0.38258721802738815,12.381362290017174,0.0,-19.829009351062528,0.0,True
4.5,3.0,9.0,3.0,10.0,-0.5318863039538889,2.0409583621340086e-20,0.8726936318498221,9.136086054021643,0.0,-7.920635210311216,0.0,True
4.5,3.0,9.0,3.0,10.0,3.304116610489043e-29,7.137893565364875e-24,1.0,-6.0,0.0,-4.119999999999999,0.0,False
4.5,3.0,9.0,3.0,12.0,5.912493047098779e-22,0.24883355495125045,1.0464386035522577,-7.248825299270055,0.0,5.014121549237499,0.0,True
4.5,3.0,9.0,3.0,12.0,1.2205782895753114,8.11278076005204e-23,0.4413207396315276,13.314601724133253,0.0,-20.0825205046879,0.0,True
4.5,3.0,9.0,3.0,12.0,-0.5454503877388902,3.698905084063228e-24,0.8884314529433104,9.11888967075652,0.0,-7.756675314873704,0.0,True
4.5,3.0,9.0,3.0,12.0,1.3337118790920051e-27,2.676691977575761e-21,1.0,-6.0,0.0,-4.119999999999999,0.0,False
4.5,3.0,9.0,5.0,8.0,3.436158953591603e-21,0.2299695223744137,1.0594967288737556,-9.559896902136938,0.0,5.2865173598878865,0.0,True
4.5,3.0,9.0,5.0,8.0,1.0316698340789334,1.9257907688131713e-21,0.13522159967938108,8.62902296515402,0.0,-19.1818405531298,0.0,True
4.5,3.0,9.0,5.0,8.0,8.961353475681267e-28,1.071194684651687e-19,1.0,-8.0,0.0,-4.119999999999999,0.0,False
4.5,3.0,9.0,5.0,10.0,4.9432657144419775e-24,0.24065193207714458,1.0521220171712165,-9.490416254572025,0.0,5.131547335279803,0.0,True
4.5,3.0,9.0,5.0,10.0,1.0880515686672565,2.280905100726833e-22,0.23049345954846956,11.2772598841474,0.0,-19.56741375001218,0.0,True
4.5,3.0,9.0,5.0,10.0,1.173725827710034e-24,-0.8425586738439835,1.638914606982759,-29.268888814663875,0.0,26.642183551119857,0.0,True
4.5,3.0,9.0,5.0,12.0,8.915575528497524e-19,0.24883355495125106,1.046438603552258,-9.438892801278861,0.0,5.0141215492375295,0.0,True
4.5,3.0,9.0,5.0,12.0,1.1399234594650738,2.2314099167473487e-19,0.296144524387305,12.956117836108747,0.0,-19.93232492269586,0.0,True
4.5,3.0,9.0,5.0,12.0,-0.5884485213027328,-1.7260662973898809e-19,0.8124361829623398,12.510789260440813,0.0,-9.205216261528983,0.0,True
4.5,5.0,5.0,1.0,8.0,2.163908729665834e-22,1.0932375438646036e-18,1.0,-6.0,0.0,-8.12,0.0,False
4.5,5.0,5.0,1.0,8.0,2.907818289468999e-22,0.49386061342077137,1.1524364409302128,-10.641783930455588,0.0,9.992917437154183,0.0,True
4.5,5.0,5.0,1.0,8.0,1.1789019511361694,-1.5525108640233132e-19,0.3919582079532081,12.536010840025446,0.0,-20.48223120688765,0.0,True
4.5,5.0,5.0,1.0,8.0,-0.5340589328614066,5.491452426019196e-18,0.8752167121010344,9.13370938505954,0.0,-10.958509355344301,0.0,True
4.5,5.0,5.0,1.0,10.0,3.1207299545219776e-23,5.615826243097509e-19,1.0,-6.0,0.0,-8.12,0.0,False
4.5,5.0,5.0,1.0,10.0,8.521565601795265e-24,0.5123140996718911,1.1312328683613102,-10.554751289245665,0.0,9.690659669688154,0.0,True
4.5,5.0,5.0,1.0,10.0,1.2392953500425947,-2.776510932402287e-24,0.46245146237698087,13.628884118462311,0.0,-21.035433067854562,0.0,True
4.5,5.0,5.0,1.0,10.0,-0.5502735321821809,-2.2854983765072032e-20,0.8940196639229112,9.111426707209326,0.0,-10.895029819884307,0.0,True
4.5,5.0,5.0,1.0,10.0,8.540523704284762e-26,-1.8669753268093443,2.7427984354574293,-83.33980125051318,0.0,71.10818015406726,0.0,True
4.5,5.0,5.0,1.0,12.0,9.18952805126482e-24,3.577828343412163e-19,1.0,-6.0,0.0,-8.12,0.0,False
4.5,5.0,5.0,1.0,12.0,5.405791626467293e-25,0.5259785668241678,1.1152722719826689,-10.49511528615243,0.0,9.472038170147393,0.0,True
4.5,5.0,5.0,1.0,12.0,1.2885787777539859,-1.2458867562683692e-20,0.5157063806105961,14.36842899665138,0.0,-21.50378095388364,0.0,True
4.5,5.0,5.0,1.0,12.0,-0.5621945763059728,1.0004204706997927e-17,0.9078150336918764,9.089968140728548,0.0,-10.848326361538021,0.0,True
4.5,5.0,5.0,3.0,8.0,7.265733602651824e-25,2.613392876336387e-19,1.0,-8.0,0.0,-8.12,0.0,False
4.5,5.0,5.0,3.0,8.0,5.555127097902337e-23,0.4938606134207713,1.1524364409302128,-13.298003431223378,0.0,9.99291743715418,0.0,True
4.5,5.0,5.0,3.0,8.0,1.0729302597750823,-1.9005168396293475e-24,0.20856420214054494,10.688905409430506,0.0,-19.63690402062239,0.0,True
4.5,5.0,5.0,3.0,8.0,6.871749947526286e-20,-1.6079653733253536,2.61597040113334,-83.08406607112006,0.0,63.45010907141911,0.0,True
4.5,5.0,5.0,3.0,10.0,2.0208919724518515e-25,1.6249589609858873e-19,1.0,-8.0,0.0,-8.12,0.0,False
4.5,5.0,5.0,3.0,10.0,1.4698980339413132e-24,0.5123140996718911,1.1312328683613102,-13.114126894167581,0.0,9.690659669688154,0.0,True
4.5,5.0,5.0,3.0,10.0,1.135453111771711,3.6173949502918266e-22,0.290910427032366,12.826997553941757,0.0,-20.23899016605679,0.0,True
4.5,5.0,5.0,3.0,10.0,6.991802392870926e-25,-1.8669753268093443,2.7427984354574293,-98.38568776560862,0.0,71.10818015406726,0.0,True
4.5,5.0,5.0,3.0,12.0,9.5332672512041e-26,1.2003842454742947e-19,1.0,-8.0,0.0,-8.12,0.0,False
4.5,5.0,5.0,3.0,12.0,2.578695648169508e-17,0.5259785668241678,1.1152722719826689,-12.982779767459201,0.0,9.472038170147393,0.0,True
4.5,5.0,5.0,3.0,12.0,1.1899148981165912,-3.399447878290868e-19,0.3510469953184169,14.25834297725482,0.0,-20.78683020423449,0.0,True
4.5,5.0,5.0,3.0,12.0,-0.6071252868838662,-1.0239901119175074e-21,0.8310578227620006,12.533938128841381,0.0,-11.823030992877245,0.0,True
4.5,5.0,5.0,3.0,12.0,-4.986400825954689e-24,-2.11126322250974,2.857263497800922,-114.16509661307992,0.0,78.43405048196496,0.0,True
4.5,5.0,5.0,5.0,8.0,1.5303481708559753e-26,4.8241000052372464e-20,1.0,-10.0,0.0,-8.12,0.0,False
4.5,5.0,5.0,5.0,8.0,1.1940989100052266e-23,0.4938606134207713,1.1524364409302128,-15.954222931991172,0.0,9.99291743715418,0.0,True
4.5,5.0,5.0,5.0,8.0,1.0058604133286162,2.13428047090649e-22,0.051479527092236355,6.52399572431729,0.0,-19.025517042396242,0.0,True
4.5,5.0,5.0,5.0,8.0,6.507710344881112e-20,-1.6079653733253534,2.61597040113334,-96.7706683503315,0.0,63.450109071419085,0.0,True
4.5,5.0,5.0,5.0,8.0,-0.5624513367787508,3.8208679337413366e-20,0.703420462896059,15.431591554125838,0.0,-12.496654573424061,0.0,True
4.5,5.0,5.0,5.0,10.0,7.30154227173714e-27,4.0446021140816743e-20,1.0,-10.0,0.0,-8.12,0.0,False
4.5,5.0,5.0,5.0,10.0,8.91364451413161e-17,0.5123140996718913,1.1312328683613102,-15.6735024990895,0.0,9.690659669688163,0.0,True
4.5,5.0,5.0,5.0,10.0,1.0564052916858186,-1.7155948568228902e-23,0.16300589477365024,10.653990654662296,0.0,-19.515699412110735,0.0,True
4.5,5.0,5.0,5.0,10.0,4.40335688634946e-24,-1.8669753268093443,2.7427984354574293,-113.43157428070407,0.0,71.10818015406726,0.0,True
4.5,5.0,5.0,5.0,12.0,4.505414489456061e-27,3.673039610726887e-20,1.0,-10.0,0.0,-8.12,0.0,False
4.5,5.0,5.0,5.0,12.0,7.139327417749493e-18,0.5259785668241679,1.115272271982669,-15.47044424876597,0.0,9.472038170147396,0.0,True
4.5,5.0,5.0,5.0,12.0,1.1090578692194875,-1.1903737904816372e-23,0.2312441517014564,12.986496014598801,0.0,-20.04818545159374,0.0,True
4.5,5.0,5.0,5.0,12.0,-8.209937216237858e-22,-2.1112632225097405,2.857263497800923,-130.4930060048111,0.0,78.43405048196502,0.0,True
4.5,5.0,7.0,1.0,8.0,-1.1242802808150812e-20,0.34765021224870574,1.1057530863169989,-8.66077227143662,0.0,7.835401229014964,0.0,True
4.5,5.0,7.0,1.0,8.0,1.1789019511361694,1.0380058477967798e-19,0.3919582079532081,12.536010840025446,0.0,-20.17496873332387,0.0,True
4.5,5.0,7.0,1.0,8.0,6.313934340076812e-21,1.60618625725024e-17,1.0,-6.0,0.0,-6.119999999999999,0.0,False
4.5,5.0,7.0,1.0,10.0,-1.3145920539539613e-24,0.3633133993182768,1.0923976382869411,-8.60667862313057,0.0,7.5928507307982676,0.0,True
4.5,5.0,7.0,1.0,10.0,1.2392953500425947,-7.367898238929898e-25,0.46245146237698087,13.628884118462311,0.0,-20.607710357745347,0.0,True
4.5,5.0,7.0,1.0,10.0,4.6843622894981005e-26,7.237319493516771e-22,1.0,-6.0,0.0,-6.119999999999998,0.0,False
4.5,5.0,7.0,1.0,12.0,2.8791517152619917e-23,-1.3809945916235795,2.1125018695545865,-47.678305733775346,0.0,47.685894778775676,0.0,True
4.5,5.0,7.0,1.0,12.0,3.7925697194356427e-25,0.3752257558021022,1.082130047893401,-8.569138914599803,0.0,7.411472910614034,0.0,True
4.5,5.0,7.0,1.0,12.0,1.2885787777539859,-2.2278252883653783e-21,0.5157063806105961,14.36842899665138,0.0,-20.97187481187868,0.0,True
4.5,5.0,7.0,1.0,12.0,1.1907109922310176e-21,6.526391495232587e-18,1.0,-6.0,0.0,-6.12,0.0,False
4.5,5.0,7.0,3.0,8.0,-3.472625973756053e-23,0.34765021224870585,1.1057530863169989,-11.106152047235756,0.0,7.83540122901497,0.0,True
4.5,5.0,7.0,3.0,8.0,1.0729302597750823,-2.8275277997380943e-24,0.20856420214054494,10.688905409430506,0.0,-19.549905967793343,0.0,True
4.5,5.0,7.0,3.0,8.0,2.1383279697788734e-25,2.5941993538345088e-20,1.0,-8.0,0.0,-6.119999999999999,0.0,False
4.5,5.0,7.0,3.0,10.0,1.521917592791463e-24,-1.2183580519353372,2.039077439900969,-49.53167836346846,0.0,43.340404606947764,0.0,True
4.5,5.0,7.0,3.0,10.0,1.793770400606136e-24,0.3633133993182769,1.0923976382869411,-10.993343823400346,0.0,7.592850730798272,0.0,True
4.5,5.0,7.0,3.0,10.0,1.135453111771711,-2.8954728308724565e-21,0.290910427032366,12.826997553941757,0.0,-20.069732412944486,0.0,True
4.5,5.0,7.0,3.0,10.0,-0.586693831188625,3.934834560171356e-21,0.8106846916448673,12.508078411672567,0.0,-10.533158776724166,0.0,True
4.5,5.0,7.0,3.0,12.0,2.7404395466184066e-18,-1.3809945916235795,2.1125018695545865,-56.60363403151859,0.0,47.685894778775676,0.0,True
4.5,5.0,7.0,3.0,12.0,9.745175628166677e-26,0.3752257558021022,1.082130047893401,-10.91114979570735,0.0,7.411472910614034,0.0,True
4.5,5.0,7.0,3.0,12.0,1.1899148981165912,2.940187314808168e-19,0.3510469953184169,14.25834297725482,0.0,-20.540362218390314,0.0,True
4.5,5.0,7.0,3.0,12.0,-0.6071252868838662,3.6279407543782153e-19,0.8310578227620006,12.533938128841381,0.0,-10.441716783329412,0.0,True
4.5,5.0,7.0,5.0,8.0,-1.1356201777846499e-22,0.3476502122487058,1.1057530863169989,-13.551531823034892,0.0,7.835401229014966,0.0,True
4.5,5.0,7.0,5.0,8.0,1.0058604133286162,2.1056615969096107e-20,0.051479527092236355,6.52399572431729,0.0,-19.02021675897696,0.0,True
4.5,5.0,7.0,5.0,8.0,1.2737865405098885e-19,-1.0466728820401574,1.958583606748468,-50.36744182333919,0.0,38.83670364814349,0.0,True
4.5,5.0,7.0,5.0,8.0,1.9389445222977655e-24,9.16358476178578e-19,1.0,-10.0,0.0,-6.119999999999999,0.0,False
4.5,5.0,7.0,5.0,10.0,2.5824964106123552e-26,-1.2183580519353372,2.039077439900969,-57.84735197529464,0.0,43.340404606947764,0.0,True
4.5,5.0,7.0,5.0,10.0,6.021406597469159e-25,0.3633133993182767,1.0923976382869411,-13.380009023670116,0.0,7.592850730798262,0.0,True
4.5,5.0,7.0,5.0,10.0,1.0564052916858189,-1.3676736158116887e-22,0.1630058947736499,10.653990654662291,0.0,-19.462557568648823,0.0,True
4.5,5.0,7.0,5.0,10.0,2.395597953768376e-21,9.847426994151644e-19,1.0,-10.0,0.0,-6.119999999999998,0.0,False
4.5,5.0,7.0,5.0,12.0,1.4301968946913187e-20,-1.3809945916235797,2.1125018695545874,-65.52896232926187,0.0,47.68589477877573,0.0,True
4.5,5.0,7.0,5.0,12.0,3.136608334176731e-26,0.3752257558021023,1.082130047893401,-13.253160676814904,0.0,7.411472910614039,0.0,True
4.5,5.0,7.0,5.0,12.0,1.1090578692194875,-1.0530082340983174e-22,0.2312441517014564,12.986496014598801,0.0,-19.941237736201487,0.0,True
4.5,5.0,7.0,5.0,12.0,1.2722445756816874e-20,7.70506429819185e-19,1.0,-10.0,0.0,-6.12,0.0,False
4.5,5.0,9.0,1.0,8.0,-6.735488735108387e-27,0.22996952237441365,1.0594967288737553,-7.314830265148558,0.0,5.286517359887879,0.0,True
4.5,5.0,9.0,1.0,8.0,1.1789019511361694,-6.226916343177556e-22,0.3919582079532081,12.536010840025446,0.0,-19.867706259760087,0.0,True
4.5,5.0,9.0,1.0,8.0,1.3202440435838996e-27,3.770912495240697e-21,1.0,-6.0,0.0,-4.119999999999999,0.0,False
4.5,5.0,9.0,1.0,8.0,-7.718439133179462e-23,-0.7202329114875204,1.5835773776385142,-20.731644362626945,0.0,23.819581801162265,0.0,True
4.5,5.0,9.0,1.0,10.0,-6.061272087605717e-22,0.2406519320771446,1.0521220171712165,-7.276494776539167,0.0,5.131547335279804,0.0,True
4.5,5.0,9.0,1.0,10.0,1.2392953500425947,-4.005823844959923e-18,0.46245146237698087,13.628884118462311,0.0,-20.179987647636132,0.0,True
4.5,5.0,9.0,1.0,10.0,1.9605145232147785e-26,7.163416052944792e-20,1.0,-6.0,0.0,-4.119999999999999,0.0,False
4.5,5.0,9.0,1.0,12.0,5.183572467694928e-24,0.24883355495125048,1.0464386035522577,-7.248825299270055,0.0,5.0141215492375,0.0,True
4.5,5.0,9.0,1.0,12.0,1.2885787777539859,2.4688229017653145e-19,0.5157063806105961,14.36842899665138,0.0,-20.439968669873718,0.0,True
4.5,5.0,9.0,1.0,12.0,2.055441060242379e-25,9.175379646462447e-19,1.0,-6.0,0.0,-4.119999999999999,0.0,False
4.5,5.0,9.0,1.0,12.0,-0.5621945763059727,1.0654040827629029e-23,0.9078150336918764,9.089968140728539,0.0,-7.5518138199500875,0.0,True
4.5,5.0,9.0,3.0,8.0,6.390962618990907e-23,0.22996952237441365,1.0594967288737553,-9.559896902136934,0.0,5.286517359887879,0.0,True
4.5,5.0,9.0,3.0,8.0,1.0729302597750823,-1.3038326489195264e-22,0.20856420214054494,10.688905409430506,0.0,-19.4629079149643,0.0,True
4.5,5.0,9.0,3.0,8.0,1.0912489015119347e-23,9.119718262378144e-18,1.0,-8.0,0.0,-4.119999999999999,0.0,False
4.5,5.0,9.0,3.0,8.0,-0.560229712663331,-1.5812974581790135e-21,0.7842230849712986,12.4559103673855,0.0,-9.421012763045299,0.0,True
4.5,5.0,9.0,3.0,8.0,1.7938109314905855e-21,-0.7202329114875206,1.5835773776385145,-25.7470789845639,0.0,23.81958180116228,0.0,True
4.5,5.0,9.0,3.0,10.0,9.978968424124523e-26,0.24065193207714455,1.0521220171712162,-9.490416254572025,0.0,5.131547335279802,0.0,True
4.5,5.0,9.0,3.0,10.0,1.135453111771711,5.2299777004849485e-20,0.290910427032366,12.826997553941757,0.0,-19.900474659832177,0.0,True
4.5,5.0,9.0,3.0,12.0,3.516916944146389e-20,0.24883355495125048,1.0464386035522577,-9.438892801278854,0.0,5.0141215492375,0.0,True
4.5,5.0,9.0,3.0,12.0,1.1899148981165912,1.2505299336578962e-17,0.3510469953184169,14.25834297725482,0.0,-20.293894232546137,0.0,True
4.5,5.0,9.0,3.0,12.0,1.1007969605214093e-26,6.781851674210687e-18,1.0,-8.0,0.0,-4.119999999999999,0.0,False
4.5,5.0,9.0,5.0,8.0,1.579511461583546e-26,0.22996952237441368,1.0594967288737553,-11.80496353912531,0.0,5.286517359887881,0.0,True
4.5,5.0,9.0,5.0,8.0,1.0058604133286162,-3.3197132154851316e-27,0.051479527092236355,6.52399572431729,0.0,-19.014916475557683,0.0,True
4.5,5.0,9.0,5.0,8.0,4.501280336216206e-22,4.3076491878219975e-17,1.0,-10.0,0.0,-4.119999999999997,0.0,False
4.5,5.0,9.0,5.0,8.0,1.130131324298723e-18,-0.7202329114875206,1.5835773776385145,-30.762513606500846,0.0,23.81958180116228,0.0,True
4.5,5.0,9.0,5.0,10.0,3.0989085472706264e-22,0.2406519320771447,1.0521220171712165,-11.704337732604884,0.0,5.131547335279809,0.0,True
4.5,5.0,9.0,5.0,10.0,1.0564052916858189,3.307281359110453e-23,0.1630058947736499,10.653990654662291,0.0,-19.409415725186907,0.0,True
4.5,5.0,9.0,5.0,12.0,3.378148298891672e-25,0.2488335549512505,1.0464386035522577,-11.628960303287652,0.0,5.014121549237501,0.0,True
4.5,5.0,9.0,5.0,12.0,1.1090578692194875,-2.5311505105762716e-21,0.2312441517014564,12.986496014598801,0.0,-19.834290020809235,0.0,True
4.5,5.0,9.0,5.0,12.0,6.040477433112393e-26,-0.9591454835112668,1.6899700439050465,-38.64274973456332,0.0,29.39304465042178,0.0,True
4.5,7.0,5.0,1.0,8.0,1.8066308055135017e-24,4.699731986501157e-19,1.0,-8.0,0.0,-8.12,0.0,False
4.5,7.0,5.0,1.0,8.0,9.48771940614758e-23,0.4938606134207713,1.1524364409302128,-13.298003431223378,0.0,9.99291743715418,0.0,True
4.5,7.0,5.0,1.0,8.0,1.128909318895713,6.315440704685211e-23,0.2831296092121096,12.633499718766393,0.0,-20.17464018613105,0.0,True
4.5,7.0,5.0,1.0,8.0,-2.9503760731282243e-24,-1.6079653733253536,2.61597040113334,-83.08406607112006,0.0,63.45010907141911,0.0,True
4.5,7.0,5.0,1.0,10.0,3.8146792719376917e-25,2.6622561476422564e-19,1.0,-8.0,0.0,-8.12,0.0,False
4.5,7.0,5.0,1.0,10.0,2.7054265776252085e-24,0.5123140996718911,1.1312328683613102,-13.114126894167581,0.0,9.690659669688154,0.0,True
4.5,7.0,5.0,1.0,10.0,1.1955046904822597,-5.0087634321767e-19,0.35684584076571235,14.39016602731093,0.0,-20.844309299686802,0.0,True
4.5,7.0,5.0,1.0,12.0,1.5537441675236772e-25,1.8317271176631368e-19,1.0,-8.0,0.0,-8.12,0.0,False
4.5,7.0,5.0,1.0,12.0,4.552315295701377e-17,0.5259785668241678,1.1152722719826689,-12.982779767459201,0.0,9.472038170147393,0.0,True
4.5,7.0,5.0,1.0,12.0,1.2517537062592108,-2.4220990671978586e-17,0.4124172470748736,15.59545719843977,0.0,-21.435851017207884,0.0,True
4.5,7.0,5.0,1.0,12.0,-0.6281888315524174,-8.574116430854949e-22,0.8520170469673032,12.547635977878457,0.0,-11.79886882569565,0.0,True
4.5,7.0,5.0,1.0,12.0,1.2812814506675372e-23,-2.1112632225097405,2.857263497800923,-114.16509661307995,0.0,78.43405048196502,0.0,True
4.5,7.0,5.0,3.0,8.0,3.47166128808101e-26,1.0094332442154152e-19,1.0,-10.0,0.0,-8.12,0.0,False
4.5,7.0,5.0,3.0,8.0,2.1281148760662454e-23,0.4938606134207714,1.1524364409302128,-15.954222931991172,0.0,9.992917437154183,0.0,True
4.5,7.0,5.0,3.0,8.0,1.035652580209646,-3.632459211687326e-23,0.12853178314789615,9.416920597686858,0.0,-19.31196906493926,0.0,True
4.5,7.0,5.0,3.0,8.0,8.668905810813722e-20,-1.6079653733253538,2.6159704011333402,-96.77066835033156,0.0,63.45010907141916,0.0,True
4.5,7.0,5.0,3.0,10.0,1.3711630890859715e-26,7.312675099535339e-20,1.0,-10.0,0.0,-8.12,0.0,False
4.5,7.0,5.0,3.0,10.0,5.5518627816157715e-25,0.5123140996718912,1.1312328683613102,-15.673502499089498,0.0,9.690659669688161,0.0,True
4.5,7.0,5.0,3.0,10.0,1.097256237622474,-1.3494352069032423e-23,0.2174186868490725,12.527063338084197,0.0,-19.926877391402474,0.0,True
4.5,7.0,5.0,3.0,10.0,2.682604887646289e-20,-1.8669753268093443,2.7427984354574293,-113.43157428070407,0.0,71.10818015406726,0.0,True
4.5,7.0,5.0,3.0,10.0,-0.6172590031611652,1.1215695198219642e-23,0.752344359960715,15.719245198422643,0.0,-12.518790580530077,0.0,True
4.5,7.0,5.0,3.0,12.0,7.553605671742608e-27,6.014940759407374e-20,1.0,-10.0,0.0,-8.12,0.0,False
4.5,7.0,5.0,3.0,12.0,1.2117818779542531e-17,0.5259785668241678,1.1152722719826689,-15.470444248765968,0.0,9.472038170147393,0.0,True
4.5,7.0,5.0,3.0,12.0,1.1537264057143595,4.68275936518411e-22,0.2789958312436053,14.518475735915382,0.0,-20.51765165331251,0.0,True
4.5,7.0,5.0,3.0,12.0,1.2255016009303388e-21,-2.1112632225097405,2.857263497800923,-130.4930060048111,0.0,78.43405048196502,0.0,True
4.5,7.0,5.0,5.0,8.0,1.324533956238525e-27,1.5773799118148136e-20,1.0,-12.0,0.0,-8.12,0.0,False
4.5,7.0,5.0,5.0,8.0,4.928354271181037e-24,0.49386061342077137,1.1524364409302128,-18.610442432758965,0.0,9.992917437154183,0.0,True
4.5,7.0,5.0,5.0,8.0,1.0590362989283457e-22,-1.6079653733253538,2.6159704011333402,-110.45727062954302,0.0,63.45010907141916,0.0,True
4.5,7.0,5.0,5.0,8.0,-0.5731966430153415,-3.783632638309779e-51,0.6509109589631896,18.217456107897018,0.0,-12.923617808157836,0.0,True
4.5,7.0,5.0,5.0,10.0,7.86472703941723e-28,1.6656706177710522e-20,1.0,-12.0,0.0,-8.12,0.0,False
4.5,7.0,5.0,5.0,10.0,4.263504771238181e-17,0.5123140996718913,1.1312328683613102,-18.232878104011412,0.0,9.690659669688163,0.0,True
4.5,7.0,5.0,5.0,10.0,1.0274720113546656,-1.9384620017200213e-22,0.1026560760003783,9.256793682507627,0.0,-19.243146244886656,0.0,True
4.5,7.0,5.0,5.0,10.0,-1.7508324767095985e-22,-1.866975326809344,2.7427984354574284,-128.47746079579946,0.0,71.1081801540672,0.0,True
4.5,7.0,5.0,5.0,12.0,5.519128774945752e-28,1.7514395537699978e-20,1.0,-12.0,0.0,-8.12,0.0,False
4.5,7.0,5.0,5.0,12.0,3.549235346274407e-18,0.5259785668241679,1.115272271982669,-17.958108730072738,0.0,9.472038170147396,0.0,True
4.5,7.0,5.0,5.0,12.0,1.078147852060405,-4.1251146799114263e-23,0.17663135644408712,12.454527294918366,0.0,-19.76406314638303,0.0,True
4.5,7.0,5.0,5.0,12.0,1.4394187165386758e-24,-2.111263222509741,2.857263497800923,-146.82091539654226,0.0,78.43405048196509,0.0,True
4.5,7.0,7.0,1.0,8.0,-4.65366704915605e-26,0.34765021224870585,1.1057530863169989,-11.106152047235756,0.0,7.83540122901497,0.0,True
4.5,7.0,7.0,1.0,8.0,1.128909318895713,2.5413023552546736e-21,0.2831296092121096,12.633499718766393,0.0,-20.014315434905846,0.0,True
4.5,7.0,7.0,1.0,8.0,1.4055806897873358e-26,2.449107630891542e-17,1.0,-8.0,0.0,-6.119999999999999,0.0,False
4.5,7.0,7.0,1.0,10.0,-5.070318902419014e-22,0.3633133993182769,1.0923976382869411,-10.993343823400346,0.0,7.592850730798272,0.0,True
4.5,7.0,7.0,1.0,10.0,1.1955046904822597,1.8666752885171749e-19,0.35684584076571235,14.39016602731093,0.0,-20.589631391543225,0.0,True
4.5,7.0,7.0,1.0,10.0,4.482234295615071e-20,1.209683051906507e-17,1.0,-8.0,0.0,-6.119999999999998,0.0,False
4.5,7.0,7.0,1.0,12.0,2.4150540939978364e-19,-1.3809945916235795,2.1125018695545865,-56.60363403151859,0.0,47.685894778775676,0.0,True
4.5,7.0,7.0,1.0,12.0,1.2227173624644204e-25,0.3752257558021022,1.082130047893401,-10.91114979570735,0.0,7.411472910614034,0.0,True
4.5,7.0,7.0,1.0,12.0,1.2517537062592108,-1.1435798632044204e-23,0.4124172470748736,15.59545719843977,0.0,-21.095675045838252,0.0,True
4.5,7.0,7.0,1.0,12.0,-0.6281888315524176,-1.9915227425802315e-22,0.8520170469673032,12.547635977878468,0.0,-10.347002729049887,0.0,True
4.5,7.0,7.0,1.0,12.0,2.490260180472166e-24,9.23387797570447e-18,1.0,-8.0,0.0,-6.12,0.0,False
4.5,7.0,7.0,3.0,8.0,-6.366948438431596e-19,0.3476502122487059,1.1057530863169989,-13.551531823034894,0.0,7.8354012290149715,0.0,True
4.5,7.0,7.0,3.0,8.0,1.035652580209646,4.831615903386377e-23,0.12853178314789615,9.416920597686858,0.0,-19.278928226380902,0.0,True
4.5,7.0,7.0,3.0,8.0,3.651086699489958e-27,2.7067387302007688e-20,1.0,-10.0,0.0,-6.119999999999999,0.0,False
4.5,7.0,7.0,3.0,10.0,7.389612522170915e-18,-1.2183580519353367,2.039077439900968,-57.847351975294586,0.0,43.34040460694768,0.0,True
4.5,7.0,7.0,3.0,10.0,7.703044068879815e-25,0.3633133993182769,1.0923976382869411,-13.38000902367012,0.0,7.592850730798272,0.0,True
4.5,7.0,7.0,3.0,10.0,1.097256237622474,-8.604349177948746e-23,0.2174186868490725,12.527063338084197,0.0,-19.83233562062012,0.0,True
4.5,7.0,7.0,3.0,10.0,-2.1158982009998954e-30,9.39183911864713e-21,1.0,-10.0,0.0,-6.119999999999998,0.0,False
4.5,7.0,7.0,3.0,12.0,2.317305773271533e-20,-1.3809945916235795,2.1125018695545865,-65.52896232926184,0.0,47.685894778775676,0.0,True
4.5,7.0,7.0,3.0,12.0,3.956871450103779e-26,0.37522575580210227,1.082130047893401,-13.253160676814902,0.0,7.411472910614037,0.0,True
4.5,7.0,7.0,3.0,12.0,1.1537264057143595,4.743287387642496e-21,0.2789958312436053,14.518475735915382,0.0,-20.36197430560989,0.0,True
4.5,7.0,7.0,3.0,12.0,3.2468373023181067e-28,5.384254437595939e-20,1.0,-10.0,0.0,-6.12,0.0,False
4.5,7.0,7.0,5.0,8.0,-7.292582355371124e-23,0.3476502122487058,1.1057530863169989,-15.99691159883403,0.0,7.835401229014966,0.0,True
4.5,7.0,7.0,5.0,8.0,2.6163533557487144e-18,-1.607514734635955e-36,1.0,-12.0,0.0,-6.119999999999999,0.0,False
4.5,7.0,7.0,5.0,8.0,3.731831593933128e-22,-1.0466728820401574,1.958583606748468,-58.03954131258686,0.0,38.83670364814349,0.0,True
4.5,7.0,7.0,5.0,8.0,-0.5731966430153415,8.057133200277123e-56,0.6509109589631896,18.217456107897018,0.0,-12.076247655161078,0.0,True
4.5,7.0,7.0,5.0,10.0,6.617229541397096e-25,-1.2183580519353372,2.039077439900969,-66.16302558712081,0.0,43.340404606947764,0.0,True
4.5,7.0,7.0,5.0,10.0,2.932703320876171e-25,0.36331339931827683,1.0923976382869411,-15.766674223939892,0.0,7.592850730798269,0.0,True
4.5,7.0,7.0,5.0,10.0,1.0274720113546656,-7.960486271361512e-22,0.1026560760003783,9.256793682507627,0.0,-19.222069705007065,0.0,True
4.5,7.0,7.0,5.0,10.0,1.2966037846519138e-29,2.4228147657146555e-21,1.0,-12.0,0.0,-6.119999999999998,0.0,False
4.5,7.0,7.0,5.0,12.0,6.578337352026363e-19,-1.3809945916235795,2.1125018695545865,-74.45429062700508,0.0,47.685894778775676,0.0,True
4.5,7.0,7.0,5.0,12.0,1.462580705014415e-26,0.3752257558021022,1.082130047893401,-15.595171557922448,0.0,7.411472910614034,0.0,True
4.5,7.0,7.0,5.0,12.0,1.078147852060405,-5.105784321669323e-22,0.17663135644408712,12.454527294918366,0.0,-19.701665874224474,0.0,True
4.5,7.0,7.0,5.0,12.0,2.4413861235925273e-27,1.117075323614449e-19,1.0,-12.0,0.0,-6.12,0.0,False
4.5,7.0,9.0,1.0,8.0,9.241917931006164e-25,0.2299695223744138,1.0594967288737556,-9.559896902136938,0.0,5.286517359887889,0.0,True
4.5,7.0,9.0,1.0,8.0,1.128909318895713,5.083885669158132e-21,0.2831296092121096,12.633499718766393,0.0,-19.853990683680642,0.0,True
4.5,7.0,9.0,1.0,8.0,1.3704224600869422e-29,1.0714085172645152e-23,1.0,-8.0,0.0,-4.119999999999999,0.0,False
4.5,7.0,9.0,1.0,10.0,2.9837322994514613e-19,0.24065193207714497,1.0521220171712165,-9.49041625457203,0.0,5.131547335279825,0.0,True
4.5,7.0,9.0,1.0,10.0,1.1955046904822597,2.5580982247128403e-24,0.35684584076571235,14.39016602731093,0.0,-20.334953483399648,0.0,True
4.5,7.0,9.0,1.0,10.0,3.0822966090032256e-27,1.5523119064872582e-20,1.0,-8.0,0.0,-4.119999999999999,0.0,False
4.5,7.0,9.0,1.0,12.0,1.6959314432643653e-21,0.24883355495125048,1.0464386035522577,-9.438892801278854,0.0,5.0141215492375,0.0,True
4.5,7.0,9.0,1.0,12.0,1.2517537062592108,-7.686290487493764e-24,0.4124172470748736,15.59545719843977,0.0,-20.755499074468617,0.0,True
4.5,7.0,9.0,1.0,12.0,7.896534340744823e-18,-0.9591454835112668,1.6899700439050465,-32.930752235970466,0.0,29.39304465042178,0.0,True
4.5,7.0,9.0,1.0,12.0,2.9445152803366914e-25,2.7336317597042157e-18,1.0,-8.0,0.0,-4.119999999999999,0.0,False
4.5,7.0,9.0,3.0,8.0,7.876603826166554e-21,0.2299695223744138,1.0594967288737556,-11.804963539125314,0.0,5.286517359887889,0.0,True
4.5,7.0,9.0,3.0,8.0,1.035652580209646,1.1359687508062068e-20,0.12853178314789615,9.416920597686858,0.0,-19.245887387822545,0.0,True
4.5,7.0,9.0,3.0,8.0,1.865423003324422e-27,8.637478324210688e-18,1.0,-10.0,0.0,-4.119999999999999,0.0,False
4.5,7.0,9.0,3.0,10.0,8.451680611416961e-24,0.2406519320771446,1.0521220171712165,-11.704337732604884,0.0,5.131547335279804,0.0,True
4.5,7.0,9.0,3.0,10.0,1.097256237622474,-1.2539008459537849e-22,0.2174186868490725,12.527063338084197,0.0,-19.73779384983777,0.0,True
4.5,7.0,9.0,3.0,10.0,2.498871029153999e-21,-0.8425586738439834,1.638914606982759,-34.64097099262678,0.0,26.64218355111985,0.0,True
4.5,7.0,9.0,3.0,10.0,-0.6172590031611651,3.769758388858594e-18,0.7523443599607151,15.719245198422634,0.0,-10.25470243667128,0.0,True
4.5,7.0,9.0,3.0,12.0,7.461407553444902e-27,0.24883355495125054,1.0464386035522577,-11.628960303287652,0.0,5.014121549237503,0.0,True
4.5,7.0,9.0,3.0,12.0,1.1537264057143595,2.0193392011482718e-20,0.2789958312436053,14.518475735915382,0.0,-20.20629695790727,0.0,True
4.5,7.0,9.0,3.0,12.0,-0.6435176553780831,-4.420637241169673e-18,0.7756877230757095,15.825081609563426,0.0,-10.127349597208926,0.0,True
4.5,7.0,9.0,5.0,8.0,4.457697412033428e-23,0.2299695223744136,1.0594967288737553,-14.050030176113685,0.0,5.286517359887877,0.0,True
4.5,7.0,9.0,5.0,8.0,8.057006874103285e-23,2.2683686308595536e-18,1.0,-12.0,0.0,-4.119999999999999,0.0,False
4.5,7.0,9.0,5.0,8.0,-1.7697172225438922e-18,-0.7202329114875206,1.5835773776385145,-35.77794822843779,0.0,23.81958180116228,0.0,True
4.5,7.0,9.0,5.0,10.0,2.95416064909824e-20,0.2406519320771448,1.0521220171712165,-13.918259210637743,0.0,5.131547335279813,0.0,True
4.5,7.0,9.0,5.0,10.0,1.0274720113546656,1.490889050705088e-20,0.1026560760003783,9.256793682507627,0.0,-19.200993165127475,0.0,True
4.5,7.0,9.0,5.0,10.0,9.604707495053257e-32,1.241118589551995e-23,1.0,-12.0,0.0,-4.119999999999999,0.0,False
4.5,7.0,9.0,5.0,10.0,3.2138526493550386e-22,-0.8425586738439835,1.638914606982759,-40.01305317058968,0.0,26.642183551119857,0.0,True
4.5,7.0,9.0,5.0,12.0,1.6577870113591586e-23,0.24883355495125048,1.0464386035522577,-13.81902780529645,0.0,5.0141215492375,0.0,True
4.5,7.0,9.0,5.0,12.0,1.078147852060405,-3.630359595279208e-21,0.17663135644408712,12.454527294918366,0.0,-19.63926860206592,0.0,True
4.5,7.0,9.0,5.0,12.0,2.777484583974556e-25,7.958900243413717e-17,1.0,-12.0,0.0,-4.119999999999997,0.0,False
5.0,3.0,5.0,1.0,8.0,3.7234622144226465e-19,2.648231759183166e-18,1.0,-4.0,0.0,-8.12,0.0,False
5.0,3.0,5.0,1.0,8.0,1.6231574217923675e-21,0.49386061342077126,1.1524364409302128,-7.985564429687795,0.0,9.99291743715418,0.0,True
5.0,3.0,5.0,1.0,8.0,1.2049096467285512,-1.7709051417914585e-17,0.5463102322563994,11.940262924759326,0.0,-20.120798102819997,0.0,True
5.0,3.0,5.0,1.0,10.0,6.592057241084806e-20,1.2701026270283982e-18,1.0,-4.0,0.0,-8.12,0.0,False
5.0,3.0,5.0,1.0,10.0,5.2055661069477163e-23,0.5123140996718911,1.1312328683613102,-7.995375684323751,0.0,9.690659669688154,0.0,True
5.0,3.0,5.0,1.0,10.0,1.2485638002743258,-3.042986801020329e-19,0.6102721091611334,12.466754356073883,0.0,-20.377472409529584,0.0,True
5.0,3.0,5.0,1.0,12.0,2.1079581338256e-20,7.623028143954021e-19,1.0,-4.0,0.0,-8.12,0.0,False
5.0,3.0,5.0,1.0,12.0,2.9527060724194077e-24,0.5259785668241679,1.115272271982669,-8.007450804845664,0.0,9.472038170147396,0.0,True
5.0,3.0,5.0,1.0,12.0,1.2824085400325242,-1.6866683825298964e-24,0.6573809034274269,12.808467103069937,0.0,-20.57999597080255,0.0,True
5.0,3.0,5.0,1.0,12.0,-5.736107389749919,5.16274640270314,5.2510360105218306,2668.1661682905096,0.0,65.09046628862347,0.0,True
5.0,3.0,5.0,3.0,8.0,1.8321010218287758e-22,6.699252481394348e-19,1.0,-6.0,0.0,-8.12,0.0,False
5.0,3.0,5.0,3.0,8.0,2.0426290332161023e-22,0.4938606134207713,1.1524364409302128,-10.641783930455588,0.0,9.99291743715418,0.0,True
5.0,3.0,5.0,3.0,8.0,1.10672360683698,-2.8529251667209234e-23,0.311029107664232,11.637421164536871,0.0,-19.801601751219945,0.0,True
5.0,3.0,5.0,3.0,8.0,3.836510129151042e-21,-1.6079653733253536,2.61597040113334,-69.3974637919086,0.0,63.45010907141911,0.0,True
5.0,3.0,5.0,3.0,10.0,3.241685366030791e-23,3.693045458517622e-19,1.0,-6.0,0.0,-8.12,0.0,False
5.0,3.0,5.0,3.0,10.0,5.445738556631553e-24,0.5123140996718912,1.1312328683613102,-10.554751289245667,0.0,9.690659669688161,0.0,True
5.0,3.0,5.0,3.0,10.0,1.1626340803639,-1.8651991588646798e-19,0.39172689782937486,13.044503104843363,0.0,-20.260300515803,0.0,True
5.0,3.0,5.0,3.0,10.0,1.0086003201906012e-19,-1.8669753268093439,2.742798435457428,-83.33980125051312,0.0,71.10818015406716,0.0,True
5.0,3.0,5.0,3.0,12.0,1.094295285112672e-23,2.492178669478176e-19,1.0,-6.0,0.0,-8.12,0.0,False
5.0,3.0,5.0,3.0,12.0,6.576606331837988e-17,0.5259785668241675,1.1152722719826689,-10.495115286152428,0.0,9.472038170147382,0.0,True
5.0,3.0,5.0,3.0,12.0,1.2093600276589216,-1.969991757442303e-17,0.4515431213128047,13.987469134489025,0.0,-20.656471355495697,0.0,True
5.0,3.0,5.0,3.0,12.0,-0.5158330301456299,-1.3489357093288428e-20,0.9002186068790416,8.997035571244533,0.0,-10.624622031830736,0.0,True
5.0,3.0,5.0,3.0,12.0,1.4166178753646203e-24,-2.111263222509741,2.857263497800923,-97.83718722134887,0.0,78.43405048196509,0.0,True
5.0,3.0,5.0,5.0,8.0,5.505471967191503e-25,1.410405047572339e-19,1.0,-8.0,0.0,-8.12,0.0,False
5.0,3.0,5.0,5.0,8.0,3.660523175048835e-23,0.4938606134207713,1.1524364409302128,-13.298003431223378,0.0,9.99291743715418,0.0,True
5.0,3.0,5.0,5.0,8.0,1.029847856230802,-2.3431153363278747e-24,0.13827338182616733,9.21791830742806,0.0,-19.228834010243368,0.0,True
5.0,3.0,5.0,5.0,8.0,8.706539481788524e-26,-1.6079653733253538,2.6159704011333402,-83.08406607112009,0.0,63.45010907141916,0.0,True
5.0,3.0,5.0,5.0,10.0,1.9150746020338125e-25,9.804010949517506e-20,1.0,-8.0,0.0,-8.12,0.0,False
5.0,3.0,5.0,5.0,10.0,9.126852707218364e-25,0.5123140996718912,1.1312328683613102,-13.114126894167583,0.0,9.690659669688161,0.0,True
5.0,3.0,5.0,5.0,10.0,1.0837497691878342,-2.6645721492711527e-25,0.23656618456045542,11.941416812491825,0.0,-19.71108654056844,0.0,True
5.0,3.0,5.0,5.0,10.0,4.735548002295908e-18,-1.866975326809344,2.7427984354574284,-98.38568776560858,0.0,71.1081801540672,0.0,True
5.0,3.0,5.0,5.0,12.0,1.0193476652437627e-25,7.845298230766011e-20,1.0,-8.0,0.0,-8.12,0.0,False
5.0,3.0,5.0,5.0,12.0,1.674005068933934e-17,0.5259785668241678,1.1152722719826689,-12.9827797674592,0.0,9.472038170147393,0.0,True
5.0,3.0,5.0,5.0,12.0,1.1334354097548212,5.804535886051909e-23,0.3041339264533738,13.660129243905983,0.0,-20.17286636820383,0.0,True
5.0,3.0,7.0,1.0,8.0,-1.636663130697422e-22,0.34765021224870585,1.1057530863169989,-6.2153924956374835,0.0,7.83540122901497,0.0,True
5.0,3.0,7.0,1.0,8.0,1.2049096467285512,-1.3794463009579846e-17,0.5463102322563994,11.940262924759326,0.0,-19.523888363083916,0.0,True
5.0,3.0,7.0,1.0,8.0,3.668620566325384e-18,4.067504986838231e-17,1.0,-4.0,0.0,-6.119999999999997,0.0,False
5.0,3.0,7.0,1.0,8.0,2.8029957913010683e-19,-1.0466728820401572,1.9585836067484677,-27.351143355596154,0.0,38.836703648143455,0.0,True
5.0,3.0,7.0,1.0,10.0,-1.2648208881779654e-19,0.36331339931827683,1.0923976382869411,-6.220013422860799,0.0,7.592850730798269,0.0,True
5.0,3.0,7.0,1.0,10.0,1.2485638002743258,-2.1906670872084353e-21,0.6102721091611334,12.466754356073883,0.0,-19.632608315089627,0.0,True
5.0,3.0,7.0,1.0,10.0,8.808734070129094e-25,5.212405491552937e-23,1.0,-4.0,0.0,-6.119999999999998,0.0,False
5.0,3.0,7.0,1.0,12.0,1.0613483555782399e-21,-1.3809945916235797,2.1125018695545874,-38.75297743603211,0.0,47.68589477877573,0.0,True
5.0,3.0,7.0,1.0,12.0,2.2305268399596294e-24,0.37522575580210216,1.082130047893401,-6.227128033492253,0.0,7.41147291061403,0.0,True
5.0,3.0,7.0,1.0,12.0,1.2824085400325242,-6.515024754071098e-20,0.6573809034274269,12.808467103069937,0.0,-19.71569666642043,0.0,True
5.0,3.0,7.0,1.0,12.0,1.958441071658883e-23,5.358980475201071e-21,1.0,-4.0,0.0,-6.12,0.0,False
5.0,3.0,7.0,3.0,8.0,-2.3250664076278996e-18,0.34765021224870607,1.105753086316999,-8.660772271436624,0.0,7.835401229014981,0.0,True
5.0,3.0,7.0,3.0,8.0,1.10672360683698,-2.9120435042080097e-21,0.311029107664232,11.637421164536871,0.0,-19.608123539591126,0.0,True
5.0,3.0,7.0,3.0,8.0,5.3734598679270285e-18,4.206813430968976e-18,1.0,-6.0,0.0,-6.119999999999999,0.0,False
5.0,3.0,7.0,3.0,10.0,-1.0501359018094798e-24,0.36331339931827683,1.0923976382869411,-8.606678623130572,0.0,7.592850730798269,0.0,True
5.0,3.0,7.0,3.0,10.0,1.1626340803639,-4.1470233913457914e-20,0.39172689782937486,13.044503104843363,0.0,-19.953400590836946,0.0,True
5.0,3.0,7.0,3.0,10.0,-0.5040104275921695,1.90044098572293e-24,0.8856880699952613,9.020907799680169,0.0,-9.114951588738084,0.0,True
5.0,3.0,7.0,3.0,12.0,2.8484552441736696e-24,-1.3809945916235795,2.1125018695545865,-47.678305733775346,0.0,47.685894778775676,0.0,True
5.0,3.0,7.0,3.0,12.0,3.5940921924225197e-25,0.37522575580210227,1.082130047893401,-8.569138914599803,0.0,7.411472910614037,0.0,True
5.0,3.0,7.0,3.0,12.0,1.2093600276589216,-3.486879462648613e-25,0.4515431213128047,13.987469134489025,0.0,-20.248688974685876,0.0,True
5.0,3.0,7.0,3.0,12.0,9.939173615925073e-23,7.14198380488913e-18,1.0,-6.0,0.0,-6.12,0.0,False
5.0,3.0,7.0,5.0,8.0,-1.1995478560150785e-19,0.3476502122487059,1.1057530863169989,-11.106152047235758,0.0,7.8354012290149715,0.0,True
5.0,3.0,7.0,5.0,8.0,1.029847856230802,1.107381343681976e-24,0.13827338182616733,9.21791830742806,0.0,-19.19059495400008,0.0,True
5.0,3.0,7.0,5.0,8.0,-0.5180372938520702,2.990127478336353e-18,0.7819553567699694,12.344443277337835,0.0,-10.40974217138747,0.0,True
5.0,3.0,7.0,5.0,8.0,6.81136463564601e-25,2.3954113668637846e-17,1.0,-8.0,0.0,-6.119999999999999,0.0,False
5.0,3.0,7.0,5.0,10.0,2.954371200491465e-20,-1.218358051935337,2.0390774399009683,-49.531678363468444,0.0,43.340404606947736,0.0,True
5.0,3.0,7.0,5.0,10.0,1.6211446589699142e-24,0.3633133993182768,1.0923976382869411,-10.993343823400345,0.0,7.5928507307982676,0.0,True
5.0,3.0,7.0,5.0,10.0,1.0837497691878342,-4.5218471075294577e-23,0.23656618456045542,11.941416812491825,0.0,-19.59915942121346,0.0,True
5.0,3.0,7.0,5.0,10.0,1.2692795689303266e-30,1.858553437024227e-22,1.0,-8.0,0.0,-6.119999999999998,0.0,False
5.0,3.0,7.0,5.0,12.0,1.179525060069074e-17,-1.3809945916235795,2.1125018695545865,-56.60363403151859,0.0,47.685894778775676,0.0,True
5.0,3.0,7.0,5.0,12.0,9.106365619731225e-26,0.37522575580210216,1.082130047893401,-10.91114979570735,0.0,7.41147291061403,0.0,True
5.0,3.0,7.0,5.0,12.0,1.1334354097548212,-9.355987523584723e-22,0.3041339264533738,13.660129243905983,0.0,-19.98787147776394,0.0,True
5.0,3.0,7.0,5.0,12.0,7.854020704578415e-29,8.634630550428741e-23,1.0,-8.0,0.0,-6.12,0.0,False
5.0,3.0,9.0,1.0,8.0,-4.752932463026674e-20,0.22996952237441368,1.0594967288737553,-5.0697636281601826,0.0,5.286517359887881,0.0,True
5.0,3.0,9.0,1.0,8.0,1.2049096467285512,1.3860962631845495e-21,0.5463102322563994,11.940262924759326,0.0,-18.926978623347836,0.0,True
5.0,3.0,9.0,1.0,8.0,1.7415676090892262e-23,2.4708809410490307e-31,1.0,-4.0,0.0,-4.119999999999999,0.0,False
5.0,3.0,9.0,1.0,10.0,-6.69130531589134e-23,0.24065193207714455,1.0521220171712162,-5.062573298506307,0.0,5.131547335279802,0.0,True
5.0,3.0,9.0,1.0,10.0,1.2485638002743258,-1.614960683670578e-22,0.6102721091611334,12.466754356073883,0.0,-18.887744220649672,0.0,True
5.0,3.0,9.0,1.0,10.0,5.365339470336283e-23,-1.7638057086328225e-25,1.0,-4.0,0.0,-4.119999999999999,0.0,False
5.0,3.0,9.0,1.0,10.0,-0.41941713172299244,-3.133652834057593e-21,0.9560223174043145,5.609598674458784,0.0,-5.923269730362998,0.0,True
5.0,3.0,9.0,1.0,12.0,9.5195146081573e-18,0.2488335549512505,1.0464386035522577,-5.058757797261257,0.0,5.014121549237501,0.0,True
5.0,3.0,9.0,1.0,12.0,1.2824085400325242,-5.809518532215499e-20,0.6573809034274269,12.808467103069937,0.0,-18.85139736203831,0.0,True
5.0,3.0,9.0,1.0,12.0,3.8577337944064017e-22,6.690753933673027e-22,1.0,-4.0,0.0,-4.119999999999999,0.0,False
5.0,3.0,9.0,1.0,12.0,-0.4236942995478823,2.5954618340438914e-17,0.9626006542772144,5.590890236993708,0.0,-5.830773451361525,0.0,True
5.0,3.0,9.0,3.0,8.0,-2.828519816978313e-25,0.22996952237441362,1.0594967288737553,-7.314830265148558,0.0,5.286517359887878,0.0,True
5.0,3.0,9.0,3.0,8.0,1.10672360683698,3.0283590812396093e-19,0.311029107664232,11.637421164536871,0.0,-19.414645327962308,0.0,True
5.0,3.0,9.0,3.0,8.0,-0.4880486852423594,-9.080761299625862e-21,0.8660172704686775,9.045465813421167,0.0,-7.763547172375588,0.0,True
5.0,3.0,9.0,3.0,8.0,2.962664443438778e-21,7.879461953287187e-17,1.0,-6.0,0.0,-4.119999999999997,0.0,False
5.0,3.0,9.0,3.0,10.0,-1.6397467652567368e-20,0.24065193207714478,1.0521220171712165,-7.276494776539167,0.0,5.13154733527981,0.0,True
5.0,3.0,9.0,3.0,10.0,1.1626340803639,-1.0686026179107346e-23,0.39172689782937486,13.044503104843363,0.0,-19.646500665870896,0.0,True
5.0,3.0,9.0,3.0,10.0,7.825203820527564e-22,-0.8425586738439833,1.6389146069827587,-23.89680663670096,0.0,26.642183551119825,0.0,True
5.0,3.0,9.0,3.0,10.0,2.45396023130994e-27,7.984092460633707e-22,1.0,-6.0,0.0,-4.119999999999999,0.0,False
5.0,3.0,9.0,3.0,12.0,1.0924232116883603e-22,0.24883355495125034,1.0464386035522577,-7.248825299270054,0.0,5.014121549237495,0.0,True
5.0,3.0,9.0,3.0,12.0,1.2093600276589216,-3.769144371595588e-24,0.4515431213128047,13.987469134489025,0.0,-19.840906593876056,0.0,True
5.0,3.0,9.0,3.0,12.0,1.3454468013547499e-25,1.2654967690554293e-19,1.0,-6.0,0.0,-4.119999999999999,0.0,False
5.0,3.0,9.0,3.0,12.0,3.1099482025174905e-20,-0.9591454835112669,1.6899700439050465,-27.218754737377626,0.0,29.393044650421803,0.0,True
5.0,3.0,9.0,5.0,8.0,2.0268600823739688e-21,0.2299695223744137,1.0594967288737556,-9.559896902136938,0.0,5.2865173598878865,0.0,True
5.0,3.0,9.0,5.0,8.0,1.029847856230802,5.450300200036257e-22,0.13827338182616733,9.21791830742806,0.0,-19.152355897756788,0.0,True
5.0,3.0,9.0,5.0,8.0,2.245259601410712e-28,5.48464726281851e-18,1.0,-8.0,0.0,-4.119999999999999,0.0,False
5.0,3.0,9.0,5.0,10.0,2.951359092423743e-24,0.24065193207714453,1.0521220171712162,-9.490416254572022,0.0,5.131547335279797,0.0,True
5.0,3.0,9.0,5.0,10.0,1.0837497691878342,4.877702040993603e-22,0.23656618456045542,11.941416812491825,0.0,-19.487232301858477,0.0,True
5.0,3.0,9.0,5.0,10.0,2.862962080676322e-23,-0.8425586738439834,1.638914606982759,-29.26888881466387,0.0,26.64218355111985,0.0,True
5.0,3.0,9.0,5.0,10.0,-0.5429535387082438,-1.2617223865448712e-24,0.8083809456227271,12.389955818802093,0.0,-8.963253710182405,0.0,True
5.0,3.0,9.0,5.0,12.0,4.866563006943165e-19,0.24883355495125098,1.046438603552258,-9.438892801278858,0.0,5.014121549237522,0.0,True
5.0,3.0,9.0,5.0,12.0,1.1334354097548212,1.7467875110076323e-19,0.3041339264533738,13.660129243905983,0.0,-19.802876587324047,0.0,True
5.0,3.0,9.0,5.0,12.0,-0.5622434741623727,-8.337194494458652e-19,0.8287695660376554,12.410574534143414,0.0,-8.787557744481127,0.0,True
5.0,5.0,5.0,1.0,8.0,4.516688304308111e-22,1.0923936257693434e-18,1.0,-6.0,0.0,-8.12,0.0,False
5.0,5.0,5.0,1.0,8.0,3.522609652214922e-22,0.49386061342077137,1.1524364409302128,-10.641783930455588,0.0,9.992917437154183,0.0,True
5.0,5.0,5.0,1.0,8.0,1.1698226096162958,-2.0118413501171684e-19,0.40128783963835235,13.201125165329104,0.0,-20.32047723591338,0.0,True
5.0,5.0,5.0,1.0,8.0,-0.5059095130975512,-2.7730539960041888e-24,0.8880243094938619,9.01739749772073,0.0,-10.674339076078965,0.0,True
5.0,5.0,5.0,1.0,10.0,6.627642820890376e-23,5.633812445412165e-19,1.0,-6.0,0.0,-8.12,0.0,False
5.0,5.0,5.0,1.0,10.0,1.0652477108099654e-23,0.5123140996718912,1.1312328683613102,-10.554751289245667,0.0,9.690659669688161,0.0,True
5.0,5.0,5.0,1.0,10.0,1.2270790911970115,-7.578507921123346e-17,0.47299691638149066,14.303764212220704,0.0,-20.809849697377377,0.0,True
5.0,5.0,5.0,1.0,10.0,-0.5200172611014737,-2.269765587048965e-20,0.9053537168547826,8.987438556255093,0.0,-10.603618255170495,0.0,True
5.0,5.0,5.0,1.0,12.0,1.949221338715203e-23,3.596753654216008e-19,1.0,-6.0,0.0,-8.12,0.0,False
5.0,5.0,5.0,1.0,12.0,7.10824960235706e-25,0.5259785668241679,1.115272271982669,-10.495115286152432,0.0,9.472038170147396,0.0,True
5.0,5.0,5.0,1.0,12.0,1.2736080690149696,-4.4605789631480194e-23,0.526894058574155,15.045206170483599,0.0,-21.221066708937506,0.0,True
5.0,5.0,5.0,1.0,12.0,-0.5303134428608777,3.3776776322815724e-17,0.9179738985936374,8.961284930596058,0.0,-10.551828841425893,0.0,True
5.0,5.0,5.0,3.0,8.0,1.3529779762982092e-24,2.6413732622200163e-19,1.0,-8.0,0.0,-8.12,0.0,False
5.0,5.0,5.0,3.0,8.0,6.548043442337773e-23,0.4938606134207713,1.1524364409302128,-13.298003431223378,0.0,9.99291743715418,0.0,True
5.0,5.0,5.0,3.0,8.0,1.0692696495113543,-1.2825802016796091e-24,0.21395541143578267,11.337286120057378,0.0,-19.57964027227861,0.0,True
5.0,5.0,5.0,3.0,8.0,-2.195367589506882e-19,-1.6079653733253536,2.61597040113334,-83.08406607112006,0.0,63.45010907141911,0.0,True
5.0,5.0,5.0,3.0,10.0,3.600903143522488e-25,1.6455175657586124e-19,1.0,-8.0,0.0,-8.12,0.0,False
5.0,5.0,5.0,3.0,10.0,1.7698383821978003e-24,0.5123140996718912,1.1312328683613102,-13.114126894167583,0.0,9.690659669688161,0.0,True
5.0,5.0,5.0,3.0,10.0,1.1291547572373186,2.1796915329054633e-22,0.2987552438145826,13.528262925881899,0.0,-20.132420746347705,0.0,True
5.0,5.0,5.0,3.0,10.0,-1.5650378681655752e-19,-1.866975326809344,2.7427984354574284,-98.38568776560858,0.0,71.1081801540672,0.0,True
5.0,5.0,5.0,3.0,12.0,1.6631571104809311e-25,1.2163386046300106e-19,1.0,-8.0,0.0,-8.12,0.0,False
5.0,5.0,5.0,3.0,12.0,2.936507056431009e-17,0.5259785668241679,1.115272271982669,-12.982779767459201,0.0,9.472038170147396,0.0,True
5.0,5.0,5.0,3.0,12.0,1.1812626306783942,-3.8670137874879985e-19,0.3604501904579315,14.986488271194613,0.0,-20.63335950642206,0.0,True
5.0,5.0,5.0,3.0,12.0,2.778034388471059e-20,-2.1112632225097405,2.857263497800923,-114.16509661307995,0.0,78.43405048196502,0.0,True
5.0,5.0,5.0,3.0,12.0,-0.5789437527282855,4.798451675760539e-18,0.8463777267894078,12.418282640808457,0.0,-11.499002550589166,0.0,True
5.0,5.0,5.0,5.0,8.0,2.513588332020531e-26,4.9411467081483534e-20,1.0,-10.0,0.0,-8.12,0.0,False
5.0,5.0,5.0,5.0,8.0,1.3858401516030604e-23,0.4938606134207713,1.1524364409302128,-15.954222931991172,0.0,9.99291743715418,0.0,True
5.0,5.0,5.0,5.0,8.0,1.0054399769047733,-9.663951721234859e-23,0.05227229953912094,7.054626560522263,0.0,-19.020158884380347,0.0,True
5.0,5.0,5.0,5.0,8.0,1.9524090047166016e-19,-1.6079653733253538,2.6159704011333402,-96.77066835033156,0.0,63.45010907141916,0.0,True
5.0,5.0,5.0,5.0,10.0,1.1914696267473637e-26,4.1351705555586315e-20,1.0,-10.0,0.0,-8.12,0.0,False
5.0,5.0,5.0,5.0,10.0,9.52478813271651e-17,0.5123140996718913,1.1312328683613102,-15.6735024990895,0.0,9.690659669688163,0.0,True
5.0,5.0,5.0,5.0,10.0,1.05364170179924,-7.004008634872637e-24,0.16737937317220086,11.30976244552001,0.0,-19.47436161643924,0.0,True
5.0,5.0,5.0,5.0,10.0,-2.3576730050551072e-23,-1.8669753268093443,2.7427984354574293,-113.43157428070407,0.0,71.10818015406726,0.0,True
5.0,5.0,5.0,5.0,12.0,7.33442309589868e-27,3.749342902487712e-20,1.0,-10.0,0.0,-8.12,0.0,False
5.0,5.0,5.0,5.0,12.0,8.07716990701109e-18,0.5259785668241678,1.1152722719826689,-15.470444248765968,0.0,9.472038170147393,0.0,True
5.0,5.0,5.0,5.0,12.0,1.1042497555298862,3.823197022213719e-24,0.23789529838261647,13.710453351825846,0.0,-19.970329142175938,0.0,True
5.0,5.0,5.0,5.0,12.0,-1.0143742508925488e-21,-2.1112632225097405,2.857263497800923,-130.4930060048111,0.0,78.43405048196502,0.0,True
5.0,5.0,7.0,1.0,8.0,-2.5788743385688652e-20,0.34765021224870574,1.1057530863169989,-8.66077227143662,0.0,7.835401229014964,0.0,True
5.0,5.0,7.0,1.0,8.0,1.1698226096162958,6.445563716160378e-20,0.40128783963835235,13.201125165329104,0.0,-19.998413375430147,0.0,True
5.0,5.0,7.0,1.0,8.0,-0.5059095130975512,-2.7057143106329745e-19,0.8880243094938619,9.01739749772073,0.0,-9.097164727574865,0.0,True
5.0,5.0,7.0,1.0,8.0,5.610556790895895e-26,1.2950833847311112e-22,1.0,-6.0,0.0,-6.119999999999999,0.0,False
5.0,5.0,7.0,1.0,10.0,-2.5038373818689083e-22,0.3633133993182768,1.0923976382869411,-8.60667862313057,0.0,7.5928507307982676,0.0,True
5.0,5.0,7.0,1.0,10.0,1.2270790911970118,-1.3387164804674613e-24,0.47299691638149055,14.303764212220706,0.0,-20.362397531564582,0.0,True
5.0,5.0,7.0,1.0,10.0,1.6068980620000958e-20,1.874837469947087e-17,1.0,-6.0,0.0,-6.119999999999998,0.0,False
5.0,5.0,7.0,1.0,12.0,4.879303491740074e-24,-1.3809945916235795,2.1125018695545865,-47.678305733775346,0.0,47.685894778775676,0.0,True
5.0,5.0,7.0,1.0,12.0,4.4873367749960895e-25,0.37522575580210227,1.082130047893401,-8.569138914599803,0.0,7.411472910614037,0.0,True
5.0,5.0,7.0,1.0,12.0,1.2736080690149696,3.968642841406172e-22,0.526894058574155,15.045206170483599,0.0,-20.665832011016015,0.0,True
5.0,5.0,7.0,1.0,12.0,-0.5303134428608776,-1.0654312774804329e-20,0.9179738985936374,8.96128493059605,0.0,-8.866476684427486,0.0,True
5.0,5.0,7.0,1.0,12.0,3.1692600574296117e-18,8.446538853397183e-19,1.0,-6.0,0.0,-6.12,0.0,False
5.0,5.0,7.0,3.0,8.0,-1.501525104518002e-22,0.34765021224870585,1.1057530863169989,-11.106152047235756,0.0,7.83540122901497,0.0,True
5.0,5.0,7.0,3.0,8.0,1.0692696495113543,-2.7442618055587863e-24,0.21395541143578267,11.337286120057378,0.0,-19.4880864361133,0.0,True
5.0,5.0,7.0,3.0,8.0,2.2573971527838946e-19,5.3507833938578926e-17,1.0,-8.0,0.0,-6.119999999999997,0.0,False
5.0,5.0,7.0,3.0,10.0,3.0138111553074323e-21,-1.218358051935337,2.0390774399009683,-49.531678363468444,0.0,43.340404606947736,0.0,True
5.0,5.0,7.0,3.0,10.0,2.062738245482803e-24,0.36331339931827683,1.0923976382869411,-10.993343823400346,0.0,7.592850730798269,0.0,True
5.0,5.0,7.0,3.0,10.0,1.1291547572373186,-1.9874897385339433e-21,0.2987552438145826,13.528262925881899,0.0,-19.95391135493428,0.0,True
5.0,5.0,7.0,3.0,10.0,-0.5606690877914651,1.2143961099019234e-18,0.8271075956972975,12.40936443588464,0.0,-10.170197658107593,0.0,True
5.0,5.0,7.0,3.0,12.0,8.166700937984109e-19,-1.3809945916235793,2.1125018695545865,-56.603634031518574,0.0,47.68589477877563,0.0,True
5.0,5.0,7.0,3.0,12.0,1.1417953328795085e-25,0.3752257558021021,1.082130047893401,-10.911149795707349,0.0,7.411472910614029,0.0,True
5.0,5.0,7.0,3.0,12.0,1.1812626306783942,1.495244665540127e-19,0.3604501904579315,14.986488271194613,0.0,-20.373510826819743,0.0,True
5.0,5.0,7.0,3.0,12.0,-0.5789437527282856,2.883507615854005e-21,0.8463777267894078,12.418282640808464,0.0,-10.066292037778759,0.0,True
5.0,5.0,7.0,5.0,8.0,-1.2090388185230708e-21,0.3476502122487059,1.1057530863169989,-13.551531823034894,0.0,7.8354012290149715,0.0,True
5.0,5.0,7.0,5.0,8.0,1.0054399769047733,6.1878586659350366e-21,0.05227229953912094,7.054626560522263,0.0,-19.01469409778213,0.0,True
5.0,5.0,7.0,5.0,8.0,-2.4329175977747628e-26,-1.0466728820401574,1.958583606748468,-50.36744182333919,0.0,38.83670364814349,0.0,True
5.0,5.0,7.0,5.0,8.0,3.709749420820947e-22,-1.0628826306278078e-24,1.0,-10.0,0.0,-6.119999999999999,0.0,False
5.0,5.0,7.0,5.0,10.0,1.1836257148979867e-18,-1.218358051935337,2.0390774399009683,-57.84735197529463,0.0,43.340404606947736,0.0,True
5.0,5.0,7.0,5.0,10.0,6.8890473435091e-25,0.3633133993182768,1.0923976382869411,-13.38000902367012,0.0,7.5928507307982676,0.0,True
5.0,5.0,7.0,5.0,10.0,1.05364170179924,-5.238452455908932e-23,0.16737937317220086,11.30976244552001,0.0,-19.418329907312202,0.0,True
5.0,5.0,7.0,5.0,10.0,8.538388907835715e-21,7.001216806825253e-24,1.0,-10.0,0.0,-6.119999999999998,0.0,False
5.0,5.0,7.0,5.0,12.0,-1.5780105158628502e-20,-1.3809945916235797,2.1125018695545874,-65.52896232926187,0.0,47.68589477877573,0.0,True
5.0,5.0,7.0,5.0,12.0,3.6598774911653167e-26,0.3752257558021022,1.082130047893401,-13.253160676814902,0.0,7.411472910614034,0.0,True
5.0,5.0,7.0,5.0,12.0,1.1042497555298862,-2.3498278622387748e-23,0.23789529838261647,13.710453351825846,0.0,-19.85714079619083,0.0,True
5.0,5.0,7.0,5.0,12.0,2.714963320792311e-20,5.323500522618394e-25,1.0,-10.0,0.0,-6.12,0.0,False
5.0,5.0,9.0,1.0,8.0,-8.892289338986049e-27,0.2299695223744136,1.0594967288737553,-7.314830265148558,0.0,5.286517359887877,0.0,True
5.0,5.0,9.0,1.0,8.0,1.1698226096162958,-1.402787146300284e-21,0.40128783963835235,13.201125165329104,0.0,-19.676349514946914,0.0,True
5.0,5.0,9.0,1.0,8.0,4.5208606979809394e-26,4.10409758451053e-20,1.0,-6.0,0.0,-4.119999999999999,0.0,False
5.0,5.0,9.0,1.0,8.0,-0.5059095130975512,-3.3573900878000175e-22,0.8880243094938619,9.01739749772073,0.0,-7.519990379070764,0.0,True
5.0,5.0,9.0,1.0,10.0,-3.2832871007599865e-21,0.24065193207714458,1.0521220171712165,-7.276494776539166,0.0,5.131547335279803,0.0,True
5.0,5.0,9.0,1.0,10.0,1.2270790911970118,-3.141879190081976e-18,0.47299691638149055,14.303764212220706,0.0,-19.914945365751784,0.0,True
5.0,5.0,9.0,1.0,10.0,9.553566306298909e-25,9.135908429400749e-19,1.0,-6.0,0.0,-4.119999999999999,0.0,False
5.0,5.0,9.0,1.0,10.0,-0.5200172611014737,-5.750888895321375e-22,0.9053537168547826,8.987438556255093,0.0,-7.324956844679416,0.0,True
5.0,5.0,9.0,1.0,12.0,-9.929628132731343e-25,0.2488335549512505,1.0464386035522577,-7.248825299270055,0.0,5.014121549237501,0.0,True
5.0,5.0,9.0,1.0,12.0,1.2736080690149696,-8.214931513056603e-19,0.526894058574155,15.045206170483599,0.0,-20.110597313094527,0.0,True
5.0,5.0,9.0,1.0,12.0,3.5555149022834265e-23,1.3479800712830107e-17,1.0,-6.0,0.0,-4.119999999999999,0.0,False
5.0,5.0,9.0,1.0,12.0,-0.5303134428608776,-3.0181133376272435e-21,0.9179738985936374,8.96128493059605,0.0,-7.181124527429082,0.0,True
5.0,5.0,9.0,3.0,8.0,3.7342320503360614e-23,0.22996952237441376,1.0594967288737556,-9.559896902136938,0.0,5.286517359887888,0.0,True
5.0,5.0,9.0,3.0,8.0,1.0692696495113543,-1.927920003792837e-23,0.21395541143578267,11.337286120057378,0.0,-19.396532599947992,0.0,True
5.0,5.0,9.0,3.0,8.0,-0.536816331350613,-2.030756503043127e-23,0.8018819056467473,12.38073463871731,0.0,-9.018673560154745,0.0,True
5.0,5.0,9.0,3.0,10.0,5.687804223184114e-26,0.24065193207714458,1.0521220171712165,-9.490416254572025,0.0,5.131547335279803,0.0,True
5.0,5.0,9.0,3.0,10.0,1.1291547572373186,-4.9010415750849944e-20,0.2987552438145826,13.528262925881899,0.0,-19.77540196352086,0.0,True
5.0,5.0,9.0,3.0,10.0,-0.560669087791465,-2.88786127481887e-20,0.8271075956972975,12.409364435884637,0.0,-8.801983708387265,0.0,True
5.0,5.0,9.0,3.0,12.0,2.1624996082567657e-20,0.24883355495125045,1.0464386035522577,-9.438892801278854,0.0,5.014121549237499,0.0,True
5.0,5.0,9.0,3.0,12.0,1.1812626306783942,7.627885516531994e-18,0.3604501904579315,14.986488271194613,0.0,-20.113662147217426,0.0,True
5.0,5.0,9.0,3.0,12.0,1.2898527920242713e-26,2.9894086971581357e-18,1.0,-8.0,0.0,-4.119999999999999,0.0,False
5.0,5.0,9.0,5.0,8.0,8.820425574227172e-27,0.22996952237441368,1.0594967288737553,-11.80496353912531,0.0,5.286517359887881,0.0,True
5.0,5.0,9.0,5.0,8.0,1.0054399769047735,1.2950427073394145e-19,0.05227229953912049,7.05462656052225,0.0,-19.00922931118392,0.0,True
5.0,5.0,9.0,5.0,8.0,2.4072365545615234e-26,1.2658778408238749e-18,1.0,-10.0,0.0,-4.119999999999999,0.0,False
5.0,5.0,9.0,5.0,8.0,1.4975546098098435e-24,-0.7202329114875206,1.5835773776385145,-30.762513606500846,0.0,23.81958180116228,0.0,True
5.0,5.0,9.0,5.0,10.0,2.1808484447546242e-22,0.24065193207714455,1.0521220171712162,-11.704337732604884,0.0,5.131547335279802,0.0,True
5.0,5.0,9.0,5.0,10.0,1.05364170179924,-7.487853986178093e-23,0.16737937317220086,11.30976244552001,0.0,-19.362298198185165,0.0,True
5.0,5.0,9.0,5.0,12.0,2.229605154599492e-25,0.2488335549512505,1.0464386035522577,-11.628960303287652,0.0,5.014121549237501,0.0,True
5.0,5.0,9.0,5.0,12.0,1.1042497555298862,-1.9668558130695522e-21,0.23789529838261647,13.710453351825846,0.0,-19.74395245020572,0.0,True
5.0,7.0,5.0,1.0,8.0,3.42863354793307e-24,4.733056896182416e-19,1.0,-8.0,0.0,-8.12,0.0,False
5.0,7.0,5.0,1.0,8.0,1.1188984091867542e-22,0.4938606134207714,1.1524364409302128,-13.29800343122338,0.0,9.992917437154183,0.0,True
5.0,7.0,5.0,1.0,8.0,1.1228878594714338,6.942932065362032e-23,0.2907566059665596,13.330541303749888,0.0,-20.073434278381814,0.0,True
5.0,7.0,5.0,1.0,10.0,6.905174372121179e-25,2.687790566916915e-19,1.0,-8.0,0.0,-8.12,0.0,False
5.0,7.0,5.0,1.0,10.0,3.254361453587652e-24,0.5123140996718912,1.1312328683613102,-13.114126894167583,0.0,9.690659669688161,0.0,True
5.0,7.0,5.0,1.0,10.0,1.1866043330208793,-5.191342355894584e-19,0.3663865705852334,15.12036185426074,0.0,-20.685778986865923,0.0,True
5.0,7.0,5.0,1.0,10.0,-0.5807171885703708,-5.464079265022189e-20,0.848245396104516,12.418553225605363,0.0,-11.495208590578756,0.0,True
5.0,7.0,5.0,1.0,10.0,1.0982166800136841e-20,-1.866975326809344,2.7427984354574284,-98.38568776560858,0.0,71.1081801540672,0.0,True
5.0,7.0,5.0,1.0,12.0,2.7328383847459907e-25,1.8512997942315327e-19,1.0,-8.0,0.0,-8.12,0.0,False
5.0,7.0,5.0,1.0,12.0,5.132533939905369e-17,0.5259785668241679,1.115272271982669,-12.982779767459201,0.0,9.472038170147396,0.0,True
5.0,7.0,5.0,1.0,12.0,1.2402698451371417,-1.850611240650725e-23,0.4231490167163089,16.34058103577295,0.0,-21.223599887485687,0.0,True
5.0,7.0,5.0,1.0,12.0,-0.5976479740945245,-8.008880679086286e-22,0.8660563371477664,12.415880718803688,0.0,-11.459253244925815,0.0,True
5.0,7.0,5.0,3.0,8.0,5.700870348224419e-26,1.0275497759441623e-19,1.0,-10.0,0.0,-8.12,0.0,False
5.0,7.0,5.0,3.0,8.0,2.4727337323357473e-23,0.49386061342077137,1.1524364409302128,-15.954222931991172,0.0,9.992917437154183,0.0,True
5.0,7.0,5.0,3.0,8.0,1.033753211510587,-1.5531879601883333e-23,0.13172536687438252,10.033705303670398,0.0,-19.284819497113492,0.0,True
5.0,7.0,5.0,3.0,8.0,1.8752866290197034e-17,-1.6079653733253536,2.61597040113334,-96.77066835033152,0.0,63.45010907141911,0.0,True
5.0,7.0,5.0,3.0,10.0,2.2248058450301557e-26,7.442882859915276e-20,1.0,-10.0,0.0,-8.12,0.0,False
5.0,7.0,5.0,3.0,10.0,6.574888171866457e-25,0.5123140996718912,1.1312328683613102,-15.673502499089498,0.0,9.690659669688161,0.0,True
5.0,7.0,5.0,3.0,10.0,1.0928991886982984,-2.6495836564864854e-24,0.22362138617269078,13.238408283337204,0.0,-19.857374902676806,0.0,True
5.0,7.0,5.0,3.0,10.0,1.0559632123859667e-23,-1.866975326809344,2.7427984354574284,-113.43157428070401,0.0,71.1081801540672,0.0,True
5.0,7.0,5.0,3.0,12.0,1.2217172424517396e-26,6.118433494058689e-20,1.0,-10.0,0.0,-8.12,0.0,False
5.0,7.0,5.0,3.0,12.0,1.3539990406704952e-17,0.5259785668241678,1.1152722719826689,-15.470444248765968,0.0,9.472038170147393,0.0,True
5.0,7.0,5.0,3.0,12.0,1.147205893345614,-5.694965157355064e-23,0.2871225957312581,15.280658135818683,0.0,-20.406879041205137,0.0,True
5.0,7.0,5.0,3.0,12.0,2.8059150280050415e-19,-2.1112632225097405,2.857263497800923,-130.4930060048111,0.0,78.43405048196502,0.0,True
5.0,7.0,5.0,5.0,8.0,2.1061008832776562e-27,1.628540628804435e-20,1.0,-12.0,0.0,-8.12,0.0,False
5.0,7.0,5.0,5.0,8.0,5.672040465018889e-24,0.49386061342077137,1.1524364409302128,-18.610442432758965,0.0,9.992917437154183,0.0,True
5.0,7.0,5.0,5.0,8.0,-0.5561167127462111,1.3097648632674703e-75,0.67140508941712,18.319240433921376,0.0,-12.67528094896851,0.0,True
5.0,7.0,5.0,5.0,8.0,4.308492746610679e-18,-1.6079653733253536,2.61597040113334,-110.45727062954296,0.0,63.45010907141911,0.0,True
5.0,7.0,5.0,5.0,10.0,1.2397089236951655e-27,1.711353969310959e-20,1.0,-12.0,0.0,-8.12,0.0,False
5.0,7.0,5.0,5.0,10.0,4.5236926958374495e-17,0.5123140996718912,1.1312328683613102,-18.232878104011412,0.0,9.690659669688161,0.0,True
5.0,7.0,5.0,5.0,10.0,1.0260047971594481,-8.588363700565347e-23,0.10521703277492966,9.871293264620807,0.0,-19.22285906626627,0.0,True
5.0,7.0,5.0,5.0,10.0,2.3426667754232393e-21,-1.866975326809344,2.7427984354574284,-128.47746079579946,0.0,71.1081801540672,0.0,True
5.0,7.0,5.0,5.0,12.0,8.651658403575209e-28,1.7938257948922173e-20,1.0,-12.0,0.0,-8.12,0.0,False
5.0,7.0,5.0,5.0,12.0,3.978846073064542e-18,0.5259785668241678,1.1152722719826689,-17.958108730072738,0.0,9.472038170147393,0.0,True
5.0,7.0,5.0,5.0,12.0,1.0747345851412824,-1.8289657651584563e-23,0.1818364464800135,13.17431763977705,0.0,-19.71174594037561,0.0,True
5.0,7.0,5.0,5.0,12.0,4.4288193498975295e-20,-2.1112632225097405,2.857263497800923,-146.8209153965422,0.0,78.43405048196502,0.0,True
5.0,7.0,7.0,1.0,8.0,-1.6433832025559185e-25,0.34765021224870585,1.1057530863169989,-11.106152047235756,0.0,7.83540122901497,0.0,True
5.0,7.0,7.0,1.0,8.0,1.1228878594714338,2.2958533711702726e-21,0.2907566059665596,13.330541303749888,0.0,-19.904355470555426,0.0,True
5.0,7.0,7.0,1.0,8.0,3.0766883087088897e-25,1.4944895597879365e-23,1.0,-8.0,0.0,-6.119999999999999,0.0,False
5.0,7.0,7.0,1.0,10.0,-3.2053735997509404e-19,0.3633133993182769,1.0923976382869411,-10.993343823400346,0.0,7.592850730798272,0.0,True
5.0,7.0,7.0,1.0,10.0,1.1866043330208793,1.9621570697415976e-19,0.3663865705852334,15.12036185426074,0.0,-20.417300748655506,0.0,True
5.0,7.0,7.0,1.0,10.0,2.2572631602784128e-23,6.158264793180789e-18,1.0,-8.0,0.0,-6.119999999999998,0.0,False
5.0,7.0,7.0,1.0,10.0,1.0180846360721504e-23,-1.2183580519353372,2.039077439900969,-49.53167836346846,0.0,43.340404606947764,0.0,True
5.0,7.0,7.0,1.0,12.0,8.406239130941483e-20,-1.3809945916235793,2.1125018695545865,-56.603634031518574,0.0,47.68589477877563,0.0,True
5.0,7.0,7.0,1.0,12.0,1.4296367180544188e-25,0.3752257558021021,1.082130047893401,-10.911149795707349,0.0,7.411472910614029,0.0,True
5.0,7.0,7.0,1.0,12.0,1.2402698451371417,-6.703964403495694e-24,0.4231490167163089,16.34058103577295,0.0,-20.865489706789727,0.0,True
5.0,7.0,7.0,1.0,12.0,-0.5976479740945244,7.958264994552671e-19,0.8660563371477665,12.415880718803685,0.0,-9.959146086698203,0.0,True
5.0,7.0,7.0,1.0,12.0,1.0280815609895673e-18,1.7276690592862853e-22,1.0,-8.0,0.0,-6.12,0.0,False
5.0,7.0,7.0,3.0,8.0,-1.9645895213469097e-26,0.3476502122487058,1.1057530863169989,-13.551531823034892,0.0,7.835401229014966,0.0,True
5.0,7.0,7.0,3.0,8.0,1.033753211510587,-2.3940319197211057e-23,0.13172536687438252,10.033705303670398,0.0,-19.25011635255711,0.0,True
5.0,7.0,7.0,3.0,8.0,1.2344647213141057e-17,2.7761236839741226e-17,1.0,-10.0,0.0,-6.119999999999999,0.0,False
5.0,7.0,7.0,3.0,10.0,1.160682128699421e-19,-1.218358051935337,2.0390774399009683,-57.84735197529463,0.0,43.340404606947736,0.0,True
5.0,7.0,7.0,3.0,10.0,8.806363173330355e-25,0.3633133993182768,1.0923976382869411,-13.38000902367012,0.0,7.5928507307982676,0.0,True
5.0,7.0,7.0,3.0,10.0,1.0928991886982984,-5.019067871584253e-23,0.22362138617269078,13.238408283337204,0.0,-19.757361853969215,0.0,True
5.0,7.0,7.0,3.0,10.0,-3.5243951758882766e-27,4.866209839595696e-18,1.0,-10.0,0.0,-6.119999999999998,0.0,False
5.0,7.0,7.0,3.0,12.0,1.2101292085719937e-20,-1.3809945916235795,2.1125018695545865,-65.52896232926184,0.0,47.685894778775676,0.0,True
5.0,7.0,7.0,3.0,12.0,4.606259590240178e-26,0.37522575580210216,1.082130047893401,-13.253160676814899,0.0,7.41147291061403,0.0,True
5.0,7.0,7.0,3.0,12.0,1.147205893345614,4.8140129456029135e-21,0.2871225957312581,15.280658135818683,0.0,-20.242000271246226,0.0,True
5.0,7.0,7.0,3.0,12.0,1.7725956400795347e-29,1.7310671565216153e-21,1.0,-10.0,0.0,-6.12,0.0,False
5.0,7.0,7.0,5.0,8.0,-1.833408871168098e-21,0.3476502122487058,1.1057530863169989,-15.99691159883403,0.0,7.835401229014966,0.0,True
5.0,7.0,7.0,5.0,8.0,-0.556116712746211,-1.4888659676256965e-75,0.67140508941712,18.31924043392137,0.0,-11.773711360778087,0.0,True
5.0,7.0,7.0,5.0,8.0,1.289957267172511e-21,-1.0466728820401574,1.958583606748468,-58.03954131258686,0.0,38.83670364814349,0.0,True
5.0,7.0,7.0,5.0,8.0,3.657142879564237e-20,7.802544754571354e-18,1.0,-12.0,0.0,-6.119999999999999,0.0,False
5.0,7.0,7.0,5.0,10.0,1.1490922654379238e-25,-1.2183580519353372,2.039077439900969,-66.16302558712081,0.0,43.340404606947764,0.0,True
5.0,7.0,7.0,5.0,10.0,3.3428954608920257e-25,0.36331339931827683,1.0923976382869411,-15.766674223939892,0.0,7.592850730798269,0.0,True
5.0,7.0,7.0,5.0,10.0,1.0260047971594481,-4.940701482626511e-22,0.10521703277492966,9.871293264620807,0.0,-19.200717818294347,0.0,True
5.0,7.0,7.0,5.0,10.0,5.787509948928883e-30,3.6748636802296217e-23,1.0,-12.0,0.0,-6.119999999999998,0.0,False
5.0,7.0,7.0,5.0,12.0,4.0647151237670005e-19,-1.3809945916235797,2.1125018695545874,-74.45429062700512,0.0,47.68589477877573,0.0,True
5.0,7.0,7.0,5.0,12.0,1.6999862373991407e-26,0.37522575580210227,1.082130047893401,-15.595171557922448,0.0,7.411472910614037,0.0,True
5.0,7.0,7.0,5.0,12.0,1.0747345851412826,-2.0697404785889932e-22,0.18183644648001318,13.174317639777048,0.0,-19.64561695383866,0.0,True
5.0,7.0,7.0,5.0,12.0,9.185010997899227e-28,4.477144297472966e-21,1.0,-12.0,0.0,-6.12,0.0,False
5.0,7.0,9.0,1.0,8.0,4.45952696289672e-25,0.2299695223744136,1.0594967288737553,-9.559896902136934,0.0,5.286517359887877,0.0,True
5.0,7.0,9.0,1.0,8.0,1.1228878594714338,-1.504236054175093e-19,0.2907566059665596,13.330541303749888,0.0,-19.735276662729042,0.0,True
5.0,7.0,9.0,1.0,8.0,6.4002146411130695e-28,2.199918218393865e-22,1.0,-8.0,0.0,-4.119999999999999,0.0,False
5.0,7.0,9.0,1.0,10.0,1.524051844295397e-19,0.240651932077145,1.0521220171712165,-9.49041625457203,0.0,5.131547335279825,0.0,True
5.0,7.0,9.0,1.0,10.0,1.1866043330208793,1.90651602820594e-24,0.3663865705852334,15.12036185426074,0.0,-20.14882251044509,0.0,True
5.0,7.0,9.0,1.0,10.0,7.668330121486048e-26,7.050247486169238e-20,1.0,-8.0,0.0,-4.119999999999999,0.0,False
5.0,7.0,9.0,1.0,12.0,9.591402297928909e-22,0.2488335549512504,1.0464386035522577,-9.438892801278854,0.0,5.014121549237497,0.0,True
5.0,7.0,9.0,1.0,12.0,1.2402698451371417,-2.9925383219295717e-24,0.4231490167163089,16.34058103577295,0.0,-20.50737952609377,0.0,True
5.0,7.0,9.0,1.0,12.0,1.458347983511515e-19,-0.9591454835112669,1.6899700439050465,-32.93075223597047,0.0,29.393044650421803,0.0,True
5.0,7.0,9.0,1.0,12.0,5.9339269861995094e-30,5.794465327178903e-23,1.0,-8.0,0.0,-4.119999999999999,0.0,False
5.0,7.0,9.0,3.0,8.0,5.156123820572657e-21,0.2299695223744136,1.0594967288737553,-11.80496353912531,0.0,5.286517359887877,0.0,True
5.0,7.0,9.0,3.0,8.0,1.033753211510587,3.986328572786699e-21,0.13172536687438252,10.033705303670398,0.0,-19.21541320800073,0.0,True
5.0,7.0,9.0,3.0,8.0,-5.324789416566936e-24,-0.7202329114875206,1.5835773776385145,-30.762513606500846,0.0,23.81958180116228,0.0,True
5.0,7.0,9.0,3.0,8.0,2.6834583015938594e-29,2.2238377921269905e-21,1.0,-10.0,0.0,-4.119999999999999,0.0,False
5.0,7.0,9.0,3.0,8.0,-0.563255218969821,-2.4319838444985943e-18,0.7422291411213979,15.545676665018073,0.0,-10.017813302557663,0.0,True
5.0,7.0,9.0,3.0,10.0,5.9084764750251465e-24,0.24065193207714447,1.0521220171712162,-11.70433773260488,0.0,5.131547335279795,0.0,True
5.0,7.0,9.0,3.0,10.0,1.0928991886982984,-3.221309009962842e-23,0.22362138617269078,13.238408283337204,0.0,-19.657348805261623,0.0,True
5.0,7.0,9.0,3.0,10.0,7.173486446788097e-23,-0.8425586738439835,1.638914606982759,-34.64097099262678,0.0,26.642183551119857,0.0,True
5.0,7.0,9.0,3.0,10.0,-0.5936859132046104,-1.804004304962482e-22,0.7708990737005651,15.67279550674564,0.0,-9.83333990020341,0.0,True
5.0,7.0,9.0,3.0,12.0,5.102982691840302e-27,0.2488335549512505,1.0464386035522577,-11.628960303287652,0.0,5.014121549237501,0.0,True
5.0,7.0,9.0,3.0,12.0,1.147205893345614,4.201624824254464e-20,0.2871225957312581,15.280658135818683,0.0,-20.077121501287316,0.0,True
5.0,7.0,9.0,3.0,12.0,-0.6176197362395698,-6.902996565918506e-19,0.7933790082623223,15.750961673035377,0.0,-9.686454454005165,0.0,True
5.0,7.0,9.0,5.0,8.0,2.6032420916346063e-23,0.22996952237441373,1.0594967288737556,-14.050030176113692,0.0,5.286517359887887,0.0,True
5.0,7.0,9.0,5.0,8.0,6.992609436073379e-20,2.1906702376033464e-17,1.0,-12.0,0.0,-4.119999999999999,0.0,False
5.0,7.0,9.0,5.0,8.0,5.0024984179160115e-18,-0.7202329114875206,1.5835773776385145,-35.77794822843779,0.0,23.81958180116228,0.0,True
5.0,7.0,9.0,5.0,10.0,1.8170064612325397e-20,0.24065193207714475,1.0521220171712165,-13.918259210637743,0.0,5.1315473352798096,0.0,True
5.0,7.0,9.0,5.0,10.0,1.0260047971594481,4.849555357677572e-21,0.10521703277492966,9.871293264620807,0.0,-19.178576570322427,0.0,True
5.0,7.0,9.0,5.0,10.0,4.81497848397381e-29,6.821860722854587e-21,1.0,-12.0,0.0,-4.119999999999999,0.0,False
5.0,7.0,9.0,5.0,10.0,2.1100722663787793e-25,-0.8425586738439834,1.638914606982759,-40.01305317058968,0.0,26.64218355111985,0.0,True
5.0,7.0,9.0,5.0,12.0,1.2074712461970353e-23,0.24883355495125054,1.0464386035522577,-13.81902780529645,0.0,5.014121549237503,0.0,True
5.0,7.0,9.0,5.0,12.0,1.0747345851412826,-1.3672276695865236e-21,0.18183644648001318,13.174317639777048,0.0,-19.579487967301702,0.0,True
5.0,7.0,9.0,5.0,12.0,1.9081841177308608e-26,1.0087928154589e-17,1.0,-12.0,0.0,-4.119999999999999,0.0,False
5.5,3.0,5.0,1.0,8.0,7.157280287270403e-19,2.6118842539954552e-18,1.0,-4.0,0.0,-8.12,0.0,False
5.5,3.0,5.0,1.0,8.0,2.093163424939237e-21,0.49386061342077126,1.1524364409302128,-7.985564429687795,0.0,9.99291743715418,0.0,True
5.5,3.0,5.0,1.0,8.0,1.1935779736179983,-2.5774315610971622e-18,0.5548036315293603,12.530921409091937,0.0,-19.915040669979547,0.0,True
5.5,3.0,5.0,1.0,8.0,-0.38866731897952944,-3.501168174180591e-24,0.9527930359866452,5.552741492445581,0.0,-9.464641519206758,0.0,True
5.5,3.0,5.0,1.0,10.0,1.328140061572865e-19,1.2594544602499738e-18,1.0,-4.0,0.0,-8.12,0.0,False
5.5,3.0,5.0,1.0,10.0,7.35847669564514e-23,0.5123140996718911,1.1312328683613102,-7.995375684323751,0.0,9.690659669688154,0.0,True
5.5,3.0,5.0,1.0,10.0,1.234546052160544,-1.0818490375132471e-19,0.6189740112737039,13.056423803324028,0.0,-20.120364003034034,0.0,True
5.5,3.0,5.0,1.0,10.0,-1.038111608462237,0.9490458944562009,1.1809251269860719,50.15492236519307,0.0,3.2850740254774813,0.0,True
5.5,3.0,5.0,1.0,12.0,4.39273319177812e-20,7.582470638415236e-19,1.0,-4.0,0.0,-8.12,0.0,False
5.5,3.0,5.0,1.0,12.0,4.835192657895217e-24,0.5259785668241678,1.1152722719826689,-8.007450804845663,0.0,9.472038170147393,0.0,True
5.5,3.0,5.0,1.0,12.0,1.2661670141295602,-2.507819425500719e-23,0.6660043942354654,13.396174317457612,0.0,-20.280787344163382,0.0,True
5.5,3.0,5.0,3.0,8.0,3.69198036048528e-22,6.706878634277689e-19,1.0,-6.0,0.0,-8.12,0.0,False
5.5,3.0,5.0,3.0,8.0,2.4639201996493836e-22,0.49386061342077137,1.1524364409302128,-10.641783930455588,0.0,9.992917437154183,0.0,True
5.5,3.0,5.0,3.0,8.0,1.1015023433277435,-1.3521748419409843e-23,0.317514580549463,12.261065882341509,0.0,-19.71377081797808,0.0,True
5.5,3.0,5.0,3.0,8.0,1.305050839483805e-22,-1.6079653733253536,2.61597040113334,-69.3974637919086,0.0,63.45010907141911,0.0,True
5.5,3.0,5.0,3.0,10.0,6.636267042736704e-23,3.7114740409012803e-19,1.0,-6.0,0.0,-8.12,0.0,False
5.5,3.0,5.0,3.0,10.0,6.82465736098134e-24,0.5123140996718911,1.1312328683613102,-10.554751289245665,0.0,9.690659669688154,0.0,True
5.5,3.0,5.0,3.0,10.0,1.1548655068326061,-1.913914603947798e-19,0.39982854750772046,13.688507500443647,0.0,-20.122914545388966,0.0,True
5.5,3.0,5.0,3.0,10.0,-0.4791106247580861,3.419784648640173e-24,0.8967038541597624,8.91044734815675,0.0,-10.442460885598226,0.0,True
5.5,3.0,5.0,3.0,10.0,1.5821444285222664e-18,-1.866975326809344,2.7427984354574284,-83.33980125051315,0.0,71.1081801540672,0.0,True
5.5,3.0,5.0,3.0,12.0,2.2391572642248254e-23,2.5092968168257915e-19,1.0,-6.0,0.0,-8.12,0.0,False
5.5,3.0,5.0,3.0,12.0,7.974791375597596e-17,0.5259785668241675,1.1152722719826689,-10.495115286152428,0.0,9.472038170147382,0.0,True
5.5,3.0,5.0,3.0,12.0,1.1993482391943482,-5.955571887194124e-18,0.4605864254280312,14.639842249991261,0.0,-20.474152486879856,0.0,True
5.5,3.0,5.0,3.0,12.0,-0.48948852578973456,-1.346466920532122e-22,0.9101503686700722,8.88181519596833,0.0,-10.379785780795533,0.0,True
5.5,3.0,5.0,3.0,12.0,3.3439846588932348e-22,-2.1112632225097405,2.857263497800923,-97.83718722134884,0.0,78.43405048196502,0.0,True
5.5,3.0,5.0,5.0,8.0,9.82963138482843e-25,1.431377016469142e-19,1.0,-8.0,0.0,-8.12,0.0,False
5.5,3.0,5.0,5.0,8.0,4.278089403360527e-23,0.49386061342077137,1.1524364409302128,-13.29800343122338,0.0,9.992917437154183,0.0,True
5.5,3.0,5.0,5.0,8.0,1.0282380286561565,-1.0324844734537708e-24,0.14096532709555698,9.796186250551122,0.0,-19.2056935276962,0.0,True
5.5,3.0,5.0,5.0,8.0,7.106203952396785e-20,-1.6079653733253536,2.61597040113334,-83.08406607112006,0.0,63.45010907141911,0.0,True
5.5,3.0,5.0,5.0,10.0,3.3041728675045715e-25,9.959064985988291e-20,1.0,-8.0,0.0,-8.12,0.0,False
5.5,3.0,5.0,5.0,10.0,1.0940646813485532e-24,0.5123140996718912,1.1312328683613102,-13.114126894167583,0.0,9.690659669688161,0.0,True
5.5,3.0,5.0,5.0,10.0,1.0798974342994154,2.1087983176466056e-25,0.24198399540580084,12.587340982519647,0.0,-19.649362771185018,0.0,True
5.5,3.0,5.0,5.0,10.0,2.2447532809457758e-17,-1.8669753268093439,2.742798435457428,-98.38568776560855,0.0,71.10818015406716,0.0,True
5.5,3.0,5.0,5.0,12.0,1.7317909058337955e-25,7.969194215331256e-20,1.0,-8.0,0.0,-8.12,0.0,False
5.5,3.0,5.0,5.0,12.0,1.9353066681509133e-17,0.5259785668241677,1.1152722719826689,-12.982779767459197,0.0,9.472038170147385,0.0,True
5.5,3.0,5.0,5.0,12.0,1.1276039232512978,-3.4124922429107586e-22,0.31127592081198563,14.341670706004471,0.0,-20.073756560843808,0.0,True
5.5,3.0,7.0,1.0,8.0,-3.9769728339120716e-22,0.34765021224870585,1.1057530863169989,-6.2153924956374835,0.0,7.83540122901497,0.0,True
5.5,3.0,7.0,1.0,8.0,1.1935779736179983,-4.425792851132563e-18,0.5548036315293603,12.530921409091937,0.0,-19.29942653086321,0.0,True
5.5,3.0,7.0,1.0,8.0,1.1426666679597752e-23,3.4635554932956406e-22,1.0,-4.0,0.0,-6.119999999999999,0.0,False
5.5,3.0,7.0,1.0,8.0,-3.8015092169223634,-3.012948943597255,4.427043567650314,67.4408961299157,0.0,1577.608615036006,0.0,True
5.5,3.0,7.0,1.0,10.0,-2.2000718173492593e-18,0.363313399318277,1.0923976382869411,-6.2200134228607995,0.0,7.592850730798276,0.0,True
5.5,3.0,7.0,1.0,10.0,1.234546052160544,-1.29097077041999e-21,0.6189740112737039,13.056423803324028,0.0,-19.354106349769516,0.0,True
5.5,3.0,7.0,1.0,10.0,1.1159722905864615e-21,1.1860707735469882e-19,1.0,-4.0,0.0,-6.119999999999998,0.0,False
5.5,3.0,7.0,1.0,12.0,3.393570120367148e-23,-1.3809945916235795,2.1125018695545865,-38.7529774360321,0.0,47.685894778775676,0.0,True
5.5,3.0,7.0,1.0,12.0,2.6916931009109896e-24,0.37522575580210227,1.082130047893401,-6.227128033492255,0.0,7.411472910614037,0.0,True
5.5,3.0,7.0,1.0,12.0,1.2661670141295602,-1.399820463841156e-20,0.6660043942354654,13.396174317457612,0.0,-19.393663637881485,0.0,True
5.5,3.0,7.0,1.0,12.0,4.604129345222731e-21,1.3113059228111606e-17,1.0,-4.0,0.0,-6.12,0.0,False
5.5,3.0,7.0,3.0,8.0,-6.511949859804651e-26,0.3476502122487058,1.1057530863169989,-8.66077227143662,0.0,7.835401229014966,0.0,True
5.5,3.0,7.0,3.0,8.0,1.1015023433277435,-3.4760472950564326e-21,0.317514580549463,12.261065882341509,0.0,-19.512139800255078,0.0,True
5.5,3.0,7.0,3.0,8.0,-0.46500159856200873,2.5805661912367958e-24,0.8783726012508117,8.94270440723963,0.0,-8.984155960594734,0.0,True
5.5,3.0,7.0,3.0,10.0,-1.741755971674277e-18,0.3633133993182773,1.0923976382869414,-8.606678623130577,0.0,7.5928507307982915,0.0,True
5.5,3.0,7.0,3.0,10.0,1.1548655068326061,-2.2559784087863954e-20,0.39982854750772046,13.688507500443647,0.0,-19.8031888105847,0.0,True
5.5,3.0,7.0,3.0,10.0,-0.4791106247580861,3.7267398123342886e-22,0.8967038541597624,8.91044734815675,0.0,-8.834305281468282,0.0,True
5.5,3.0,7.0,3.0,10.0,1.173021890170274e-16,1.4413232736457882e-19,1.0,-6.000000000000002,0.0,-6.119999999999998,0.0,False
5.5,3.0,7.0,3.0,12.0,5.376370565969009e-25,-1.3809945916235795,2.1125018695545865,-47.678305733775346,0.0,47.685894778775676,0.0,True
5.5,3.0,7.0,3.0,12.0,4.221080688784926e-25,0.3752257558021023,1.082130047893401,-8.569138914599804,0.0,7.411472910614039,0.0,True
5.5,3.0,7.0,3.0,12.0,1.1993482391943482,-2.9097152361706904e-25,0.4605864254280312,14.639842249991261,0.0,-20.049872776302713,0.0,True
5.5,3.0,7.0,3.0,12.0,1.15094070005395e-28,1.2637407560976007e-21,1.0,-6.0,0.0,-6.12,0.0,False
5.5,3.0,7.0,5.0,8.0,-8.666917604663268e-19,0.34765021224870607,1.105753086316999,-11.106152047235764,0.0,7.835401229014981,0.0,True
5.5,3.0,7.0,5.0,8.0,1.0282380286561565,-1.4187027607814096e-24,0.14096532709555698,9.796186250551122,0.0,-19.165951080809887,0.0,True
5.5,3.0,7.0,5.0,8.0,4.3348752400784996e-23,-1.0466728820401574,1.958583606748468,-42.695342334091514,0.0,38.83670364814349,0.0,True
5.5,3.0,7.0,5.0,8.0,1.8300093578781393e-25,1.0114194913049103e-17,1.0,-8.0,0.0,-6.119999999999999,0.0,False
5.5,3.0,7.0,5.0,10.0,3.462689923555996e-22,-1.218358051935337,2.0390774399009683,-49.531678363468444,0.0,43.340404606947736,0.0,True
5.5,3.0,7.0,5.0,10.0,1.8474417355842055e-24,0.3633133993182767,1.0923976382869411,-10.993343823400341,0.0,7.592850730798262,0.0,True
5.5,3.0,7.0,5.0,10.0,1.0798974342994154,-3.3732329706861883e-23,0.24198399540580084,12.587340982519647,0.0,-19.53225026311991,0.0,True
5.5,3.0,7.0,5.0,10.0,5.236605614200674e-24,-5.37007391520139e-25,1.0,-8.0,0.0,-6.119999999999998,0.0,False
5.5,3.0,7.0,5.0,12.0,3.2438123467741558e-18,-1.3809945916235795,2.1125018695545865,-56.60363403151859,0.0,47.685894778775676,0.0,True
5.5,3.0,7.0,5.0,12.0,1.0586487463567526e-25,0.3752257558021022,1.082130047893401,-10.91114979570735,0.0,7.411472910614034,0.0,True
5.5,3.0,7.0,5.0,12.0,1.1276039232512978,6.120801582552048e-23,0.31127592081198563,14.341670706004471,0.0,-19.87997116308911,0.0,True
5.5,3.0,7.0,5.0,12.0,1.2391659024317788e-23,3.659997022323881e-17,1.0,-8.0,0.0,-6.119999999999998,0.0,False
5.5,3.0,9.0,1.0,8.0,-3.156703738458805e-20,0.22996952237441368,1.0594967288737553,-5.0697636281601826,0.0,5.286517359887881,0.0,True
5.5,3.0,9.0,1.0,8.0,1.1935779736179983,3.2133646284446327e-22,0.5548036315293603,12.530921409091937,0.0,-18.68381239174688,0.0,True
5.5,3.0,9.0,1.0,8.0,1.2813004720761143e-23,4.925241965709605e-32,1.0,-4.0,0.0,-4.119999999999999,0.0,False
5.5,3.0,9.0,1.0,10.0,4.550307522799647e-24,0.2406519320771445,1.0521220171712162,-5.062573298506306,0.0,5.131547335279796,0.0,True
5.5,3.0,9.0,1.0,10.0,1.234546052160544,-1.1247778526222388e-22,0.6189740112737039,13.056423803324028,0.0,-18.587848696505,0.0,True
5.5,3.0,9.0,1.0,10.0,1.1935881856779684e-22,7.167239634773356e-24,1.0,-4.0,0.0,-4.119999999999999,0.0,False
5.5,3.0,9.0,1.0,10.0,-0.3938394315387854,9.39820922291604e-24,0.9612226255413016,5.527620276517453,0.0,-5.711850139660921,0.0,True
5.5,3.0,9.0,1.0,12.0,9.222858441020162e-17,0.2488335549512504,1.0464386035522577,-5.058757797261258,0.0,5.014121549237497,0.0,True
5.5,3.0,9.0,1.0,12.0,1.2661670141295602,-2.3510357995045516e-20,0.6660043942354654,13.396174317457612,0.0,-18.506539931599587,0.0,True
5.5,3.0,9.0,1.0,12.0,2.6997769380488847e-21,1.0204328642033595e-19,1.0,-4.0,0.0,-4.119999999999999,0.0,False
5.5,3.0,9.0,1.0,12.0,-0.3974458739983687,1.6510151583592433e-19,0.9670909952586818,5.509458875514851,0.0,-5.626699915142366,0.0,True
5.5,3.0,9.0,3.0,8.0,-3.5035452586070546e-25,0.2299695223744137,1.0594967288737556,-7.3148302651485615,0.0,5.2865173598878865,0.0,True
5.5,3.0,9.0,3.0,8.0,1.1015023433277435,2.0817734043788392e-20,0.317514580549463,12.261065882341509,0.0,-19.310508782532075,0.0,True
5.5,3.0,9.0,3.0,8.0,1.9078111565823053e-27,4.3708183264398335e-23,1.0,-6.0,0.0,-4.119999999999999,0.0,False
5.5,3.0,9.0,3.0,10.0,-4.564209348347497e-20,0.24065193207714464,1.0521220171712165,-7.276494776539167,0.0,5.131547335279805,0.0,True
5.5,3.0,9.0,3.0,10.0,1.1548655068326061,-1.0426675534741455e-23,0.39982854750772046,13.688507500443647,0.0,-19.48346307578043,0.0,True
5.5,3.0,9.0,3.0,10.0,-0.4791106247580861,-9.378569061427127e-23,0.8967038541597624,8.91044734815675,0.0,-7.226149677338337,0.0,True
5.5,3.0,9.0,3.0,10.0,2.736879263103227e-25,3.655943164753447e-20,1.0,-6.0,0.0,-4.119999999999999,0.0,False
5.5,3.0,9.0,3.0,12.0,-8.283939121796938e-23,0.24883355495125048,1.0464386035522577,-7.248825299270055,0.0,5.0141215492375,0.0,True
5.5,3.0,9.0,3.0,12.0,1.1993482391943482,-1.6623068293586677e-23,0.4605864254280312,14.639842249991261,0.0,-19.62559306572557,0.0,True
5.5,3.0,9.0,3.0,12.0,1.1990080860817256e-22,6.396273348239793e-18,1.0,-6.0,0.0,-4.119999999999999,0.0,False
5.5,3.0,9.0,5.0,8.0,1.1452443565589931e-21,0.22996952237441373,1.0594967288737556,-9.559896902136938,0.0,5.286517359887887,0.0,True
5.5,3.0,9.0,5.0,8.0,1.0282380286561565,1.4155591766981594e-22,0.14096532709555698,9.796186250551122,0.0,-19.12620863392357,0.0,True
5.5,3.0,9.0,5.0,8.0,-3.398290162559831e-31,1.0415761994371964e-20,1.0,-8.0,0.0,-4.119999999999999,0.0,False
5.5,3.0,9.0,5.0,8.0,-0.4983897946688814,-9.566676804765133e-25,0.798181185213052,12.275930534428653,0.0,-8.839256626613013,0.0,True
5.5,3.0,9.0,5.0,10.0,1.6626619153736303e-24,0.24065193207714441,1.0521220171712162,-9.490416254572022,0.0,5.131547335279793,0.0,True
5.5,3.0,9.0,5.0,10.0,1.0798974342994154,6.676877681023572e-22,0.24198399540580084,12.587340982519647,0.0,-19.4151377550548,0.0,True
5.5,3.0,9.0,5.0,10.0,3.0727990688433366e-20,-0.8425586738439839,1.6389146069827594,-29.2688888146639,0.0,26.642183551119913,0.0,True
5.5,3.0,9.0,5.0,10.0,-0.5210781669959861,-1.360597135117099e-23,0.8235104035220671,12.300039207380545,0.0,-8.604881905919695,0.0,True
5.5,3.0,9.0,5.0,12.0,2.6096230006946767e-19,0.24883355495125073,1.046438603552258,-9.438892801278858,0.0,5.014121549237512,0.0,True
5.5,3.0,9.0,5.0,12.0,1.127603923251298,1.289413016256781e-19,0.3112759208119854,14.341670706004471,0.0,-19.68618576533441,0.0,True
5.5,3.0,9.0,5.0,12.0,-0.538520562057792,-9.848406520891722e-25,0.8429142856305198,12.30523377384297,0.0,-8.421985278910295,0.0,True
5.5,5.0,5.0,1.0,8.0,8.958120540435585e-22,1.0916046764107268e-18,1.0,-6.0,0.0,-8.12,0.0,False
5.5,5.0,5.0,1.0,8.0,4.242202006634797e-22,0.49386061342077137,1.1524364409302128,-10.641783930455588,0.0,9.992917437154183,0.0,True
5.5,5.0,5.0,1.0,8.0,1.1617169725095216,-2.22342361718012e-19,0.4095559831551987,13.846844055899577,0.0,-20.17639947997652,0.0,True
5.5,5.0,5.0,1.0,8.0,-0.4807818860607518,9.541713249551809e-21,0.8988713403906915,8.906115893017986,0.0,-10.43238621561139,0.0,True
5.5,5.0,5.0,1.0,10.0,1.3459949608297463e-22,5.651192673304641e-19,1.0,-6.0,0.0,-8.12,0.0,False
5.5,5.0,5.0,1.0,10.0,1.3290267047534053e-23,0.5123140996718912,1.1312328683613102,-10.554751289245667,0.0,9.690659669688161,0.0,True
5.5,5.0,5.0,1.0,10.0,1.2161808787238035,4.9909533753885477e-17,0.4823164245793089,14.957819132667577,0.0,-20.609565522079567,0.0,True
5.5,5.0,5.0,1.0,10.0,-0.4931461314167271,-4.2056862407828614e-24,0.9148824125740507,8.870741738804824,0.0,-10.357630531361433,0.0,True
5.5,5.0,5.0,1.0,10.0,-1.799148164004641e-25,-1.8669753268093439,2.742798435457428,-83.33980125051312,0.0,71.10818015406716,0.0,True
5.5,5.0,5.0,1.0,12.0,3.9830951045114013e-23,3.6150476258796705e-19,1.0,-6.0,0.0,-8.12,0.0,False
5.5,5.0,5.0,1.0,12.0,9.349792194604809e-25,0.5259785668241678,1.1152722719826689,-10.49511528615243,0.0,9.472038170147393,0.0,True
5.5,5.0,5.0,1.0,12.0,1.2602735879880378,-2.216631973212571e-18,0.5367488909974294,15.700701800475857,0.0,-20.970996812059568,0.0,True
5.5,5.0,5.0,1.0,12.0,-0.502111282927162,2.917883746683868e-18,0.9264662423708615,8.841448940005812,0.0,-10.30317859032623,0.0,True
5.5,5.0,5.0,3.0,8.0,2.4646950227747962e-24,2.668643080570417e-19,1.0,-8.0,0.0,-8.12,0.0,False
5.5,5.0,5.0,3.0,8.0,7.659601784791372e-23,0.49386061342077126,1.1524364409302128,-13.298003431223378,0.0,9.99291743715418,0.0,True
5.5,5.0,5.0,3.0,8.0,1.0659981172438988,-1.053519868573845e-24,0.21875800964731829,11.969039116222811,0.0,-19.528383783985813,0.0,True
5.5,5.0,5.0,3.0,10.0,6.297324873914599e-25,1.6656151142750673e-19,1.0,-8.0,0.0,-8.12,0.0,False
5.5,5.0,5.0,3.0,10.0,2.1184320719104393e-24,0.5123140996718911,1.1312328683613102,-13.114126894167581,0.0,9.690659669688154,0.0,True
5.5,5.0,5.0,3.0,10.0,1.1234948241416858,6.983638550248884e-23,0.30576765906976333,14.20736347752134,0.0,-20.036638319592953,0.0,True
5.5,5.0,5.0,3.0,10.0,-0.5371011384373022,2.4846662001603014e-23,0.8413373018991446,12.305239746368901,0.0,-11.268351874692616,0.0,True
5.5,5.0,5.0,3.0,12.0,2.8438317304081692e-25,1.2319579879493852e-19,1.0,-8.0,0.0,-8.12,0.0,False
5.5,5.0,5.0,3.0,12.0,3.354176190308022e-17,0.5259785668241678,1.1152722719826689,-12.982779767459201,0.0,9.472038170147393,0.0,True
5.5,5.0,5.0,3.0,12.0,1.1734773443772122,-3.6622641615317057e-19,0.3688525060236443,15.6893293640914,0.0,-20.495476248934963,0.0,True
5.5,5.0,5.0,3.0,12.0,-8.690484885043699e-20,-2.11126322250974,2.857263497800922,-114.16509661307992,0.0,78.43405048196496,0.0,True
5.5,5.0,5.0,3.0,12.0,-0.5535298951003812,2.0345892693267742e-18,0.8595688003138238,12.300562078825283,0.0,-11.218120154538825,0.0,True
5.5,5.0,5.0,5.0,8.0,4.0292228603245744e-26,5.0570934385593495e-20,1.0,-10.0,0.0,-8.12,0.0,False
5.5,5.0,5.0,5.0,8.0,1.594765229185414e-23,0.4938606134207713,1.1524364409302128,-15.954222931991172,0.0,9.99291743715418,0.0,True
5.5,5.0,5.0,5.0,8.0,1.005077199788656,-1.0653478803677104e-22,0.05295608356093173,7.581033537093418,0.0,-19.015532304649224,0.0,True
5.5,5.0,5.0,5.0,8.0,6.216529586071434e-19,-1.6079653733253534,2.61597040113334,-96.7706683503315,0.0,63.450109071419085,0.0,True
5.5,5.0,5.0,5.0,10.0,1.8974865783733607e-26,4.22491537071473e-20,1.0,-10.0,0.0,-8.12,0.0,False
5.5,5.0,5.0,5.0,10.0,1.01992245512057e-16,0.5123140996718915,1.1312328683613104,-15.673502499089501,0.0,9.690659669688166,0.0,True
5.5,5.0,5.0,5.0,10.0,1.051167386824029,-3.0944082693557397e-24,0.17128534365815662,11.948508467943295,0.0,-19.437280974705914,0.0,True
5.5,5.0,5.0,5.0,10.0,-7.064673418990717e-26,-1.866975326809344,2.7427984354574284,-113.43157428070401,0.0,71.1081801540672,0.0,True
5.5,5.0,5.0,5.0,12.0,1.1658678933292342e-26,3.8249284292746273e-20,1.0,-10.0,0.0,-8.12,0.0,False
5.5,5.0,5.0,5.0,12.0,9.130018625558384e-18,0.5259785668241679,1.115272271982669,-15.47044424876597,0.0,9.472038170147396,0.0,True
5.5,5.0,5.0,5.0,12.0,1.0999135402598703,6.861649020979417e-24,0.24386887747062413,14.410779577852258,0.0,-19.90002715988105,0.0,True
5.5,5.0,5.0,5.0,12.0,-1.1836259863166252e-21,-2.1112632225097405,2.857263497800923,-130.4930060048111,0.0,78.43405048196502,0.0,True
5.5,5.0,7.0,1.0,8.0,-5.719215289366571e-20,0.34765021224870585,1.1057530863169989,-8.66077227143662,0.0,7.83540122901497,0.0,True
5.5,5.0,7.0,1.0,8.0,1.1617169725095218,4.8743297805306404e-20,0.4095559831551986,13.846844055899584,0.0,-19.840927273300082,0.0,True
5.5,5.0,7.0,1.0,8.0,2.492112021586411e-23,2.5682694087795528e-17,1.0,-6.0,0.0,-6.119999999999999,0.0,False
5.5,5.0,7.0,1.0,8.0,-0.48078188606075184,-1.9178282640045255e-23,0.8988713403906915,8.90611589301799,0.0,-8.816446842459873,0.0,True
5.5,5.0,7.0,1.0,10.0,-2.4049181345799284e-20,0.36331339931827683,1.0923976382869411,-8.606678623130572,0.0,7.592850730798269,0.0,True
5.5,5.0,7.0,1.0,10.0,1.2161808787238035,-1.486416337562382e-24,0.4823164245793089,14.957819132667577,0.0,-20.144307255241632,0.0,True
5.5,5.0,7.0,1.0,10.0,-1.0326367975641884e-26,-1.218358051935337,2.0390774399009683,-41.21600475164227,0.0,43.340404606947736,0.0,True
5.5,5.0,7.0,1.0,10.0,5.124570333521258e-19,2.794940657382178e-17,1.0,-6.0,0.0,-6.119999999999998,0.0,False
5.5,5.0,7.0,1.0,12.0,8.26869406925918e-25,-1.3809945916235795,2.1125018695545865,-47.678305733775346,0.0,47.685894778775676,0.0,True
5.5,5.0,7.0,1.0,12.0,5.258760402945257e-25,0.37522575580210227,1.082130047893401,-8.569138914599803,0.0,7.411472910614037,0.0,True
5.5,5.0,7.0,1.0,12.0,1.2602735879880378,3.7036664828263517e-22,0.5367488909974294,15.700701800475857,0.0,-20.394798068085628,0.0,True
5.5,5.0,7.0,1.0,12.0,-0.9779032270178646,0.7939306863376929,1.088770834834887,47.64310737411927,0.0,3.8963596351481655,0.0,True
5.5,5.0,7.0,1.0,12.0,-0.502111282927162,5.57464195437426e-19,0.9264662423708615,8.841448940005812,0.0,-8.586499193820663,0.0,True
5.5,5.0,7.0,1.0,12.0,9.467142600523614e-24,1.8082541552595828e-19,1.0,-6.0,0.0,-6.12,0.0,False
5.5,5.0,7.0,3.0,8.0,-5.932925049414982e-22,0.3476502122487058,1.1057530863169989,-11.106152047235756,0.0,7.835401229014966,0.0,True
5.5,5.0,7.0,3.0,8.0,1.0659981172438988,-6.386007630803413e-25,0.21875800964731829,11.969039116222811,0.0,-19.4326736504161,0.0,True
5.5,5.0,7.0,3.0,8.0,2.7084273337951777e-19,5.5934028656819324e-24,1.0,-8.0,0.0,-6.119999999999999,0.0,False
5.5,5.0,7.0,3.0,10.0,1.0395653382428412e-25,-1.218358051935337,2.0390774399009683,-49.531678363468444,0.0,43.340404606947736,0.0,True
5.5,5.0,7.0,3.0,10.0,2.3488479392223092e-24,0.36331339931827694,1.0923976382869411,-10.993343823400346,0.0,7.5928507307982755,0.0,True
5.5,5.0,7.0,3.0,10.0,1.1234948241416858,-1.40151519959848e-21,0.30576765906976333,14.20736347752134,0.0,-19.84965059692695,0.0,True
5.5,5.0,7.0,3.0,12.0,2.872150223085518e-19,-1.3809945916235793,2.1125018695545865,-56.603634031518574,0.0,47.68589477877563,0.0,True
5.5,5.0,7.0,3.0,12.0,1.3243433854705278e-25,0.3752257558021023,1.082130047893401,-10.911149795707352,0.0,7.411472910614039,0.0,True
5.5,5.0,7.0,3.0,12.0,1.1734773443772122,1.559677358133255e-20,0.3688525060236443,15.6893293640914,0.0,-20.223371906535117,0.0,True
5.5,5.0,7.0,3.0,12.0,-0.5535298951003812,-3.441595301745234e-23,0.8595688003138238,12.300562078825283,0.0,-9.740403109592933,0.0,True
5.5,5.0,7.0,5.0,8.0,-1.1200512997385647e-20,0.34765021224870585,1.1057530863169989,-13.551531823034892,0.0,7.83540122901497,0.0,True
5.5,5.0,7.0,5.0,8.0,1.005077199788656,1.981051068447304e-21,0.05295608356093173,7.581033537093418,0.0,-19.009923611077,0.0,True
5.5,5.0,7.0,5.0,8.0,5.842197134341781e-21,1.5608589103519267e-17,1.0,-10.0,0.0,-6.119999999999999,0.0,False
5.5,5.0,7.0,5.0,8.0,5.950179015133976e-24,-1.0466728820401574,1.958583606748468,-50.36744182333919,0.0,38.83670364814349,0.0,True
5.5,5.0,7.0,5.0,10.0,8.205234242091097e-20,-1.2183580519353372,2.039077439900969,-57.84735197529464,0.0,43.340404606947764,0.0,True
5.5,5.0,7.0,5.0,10.0,7.8037830855907355e-25,0.3633133993182767,1.0923976382869411,-13.380009023670116,0.0,7.592850730798262,0.0,True
5.5,5.0,7.0,5.0,10.0,1.051167386824029,-1.980397200575628e-23,0.17128534365815662,11.948508467943295,0.0,-19.378603636801728,0.0,True
5.5,5.0,7.0,5.0,10.0,1.8509533110963085e-28,4.206749428067873e-24,1.0,-10.0,0.0,-6.119999999999998,0.0,False
5.5,5.0,7.0,5.0,12.0,-3.4641438711971426e-20,-1.3809945916235797,2.1125018695545874,-65.52896232926187,0.0,47.68589477877573,0.0,True
5.5,5.0,7.0,5.0,12.0,4.2267033257017683e-26,0.3752257558021022,1.082130047893401,-13.253160676814902,0.0,7.411472910614034,0.0,True
5.5,5.0,7.0,5.0,12.0,1.09991354025987,4.5800992000119644e-24,0.24386887747062447,14.410779577852256,0.0,-19.78108310108348,0.0,True
5.5,5.0,7.0,5.0,12.0,8.808581730996423e-28,3.8313280639993215e-22,1.0,-10.0,0.0,-6.12,0.0,False
5.5,5.0,9.0,1.0,8.0,-1.0760566664997533e-18,0.2299695223744148,1.059496728873756,-7.314830265148572,0.0,5.286517359887946,0.0,True
5.5,5.0,9.0,1.0,8.0,1.1617169725095216,-2.286865910431526e-21,0.4095559831551987,13.846844055899577,0.0,-19.505455066623632,0.0,True
5.5,5.0,9.0,1.0,8.0,2.3319360926171483e-24,5.070309579471509e-19,1.0,-6.0,0.0,-4.119999999999999,0.0,False
5.5,5.0,9.0,1.0,10.0,-4.268111000796191e-21,0.24065193207714441,1.0521220171712162,-7.276494776539163,0.0,5.131547335279793,0.0,True
5.5,5.0,9.0,1.0,10.0,1.2161808787238035,-2.3513599460603344e-18,0.4823164245793089,14.957819132667577,0.0,-19.679048988403697,0.0,True
5.5,5.0,9.0,1.0,10.0,2.5902682011974156e-22,1.4213273549304606e-17,1.0,-6.0,0.0,-4.119999999999999,0.0,False
5.5,5.0,9.0,1.0,10.0,-0.7573125692698323,0.5157182539846391,1.0386359710927422,30.597459249944027,0.0,4.447023377399907,0.0,True
5.5,5.0,9.0,1.0,12.0,-1.5900140136305004e-24,0.24883355495125042,1.0464386035522577,-7.248825299270055,0.0,5.014121549237498,0.0,True
5.5,5.0,9.0,1.0,12.0,1.2602735879880378,-6.64294300130011e-19,0.5367488909974294,15.700701800475857,0.0,-19.818599324111684,0.0,True
5.5,5.0,9.0,1.0,12.0,1.4147881718173002e-20,2.572311674996977e-17,1.0,-6.0,0.0,-4.119999999999999,0.0,False
5.5,5.0,9.0,1.0,12.0,-0.502111282927162,4.158157762609812e-18,0.9264662423708615,8.841448940005812,0.0,-6.869819797315094,0.0,True
5.5,5.0,9.0,3.0,8.0,1.913074312088347e-23,0.2299695223744137,1.0594967288737556,-9.559896902136938,0.0,5.2865173598878865,0.0,True
5.5,5.0,9.0,3.0,8.0,1.0659981172438988,5.0050098969366713e-23,0.21875800964731829,11.969039116222811,0.0,-19.336963516846385,0.0,True
5.5,5.0,9.0,3.0,8.0,3.482557121185584e-25,1.0452119544876576e-17,1.0,-8.0,0.0,-4.119999999999999,0.0,False
5.5,5.0,9.0,3.0,10.0,2.9628520901520814e-26,0.24065193207714458,1.0521220171712165,-9.490416254572025,0.0,5.131547335279803,0.0,True
5.5,5.0,9.0,3.0,10.0,1.1234948241416858,-1.4445952334107686e-19,0.30576765906976333,14.20736347752134,0.0,-19.662662874260942,0.0,True
5.5,5.0,9.0,3.0,10.0,1.6842605049179973e-22,6.646881528728962e-17,1.0,-8.0,0.0,-4.119999999999997,0.0,False
5.5,5.0,9.0,3.0,12.0,1.2373184495140913e-20,0.24883355495125062,1.0464386035522577,-9.438892801278856,0.0,5.014121549237508,0.0,True
5.5,5.0,9.0,3.0,12.0,1.1734773443772124,4.6154016726838055e-18,0.36885250602364417,15.689329364091403,0.0,-19.951267564135275,0.0,True
5.5,5.0,9.0,3.0,12.0,-1.0156170320523727e-27,3.0718376717140483e-18,1.0,-8.0,0.0,-4.119999999999999,0.0,False
5.5,5.0,9.0,5.0,8.0,4.910495238362531e-27,0.22996952237441357,1.0594967288737553,-11.80496353912531,0.0,5.286517359887875,0.0,True
5.5,5.0,9.0,5.0,8.0,1.005077199788656,4.5265891094650997e-20,0.05295608356093173,7.581033537093418,0.0,-19.004314917504775,0.0,True
5.5,5.0,9.0,5.0,8.0,1.2081463454711144e-22,6.617705710471359e-17,1.0,-10.0,0.0,-4.119999999999997,0.0,False
5.5,5.0,9.0,5.0,8.0,5.607136476502505e-22,-0.7202329114875206,1.5835773776385145,-30.762513606500846,0.0,23.81958180116228,0.0,True
5.5,5.0,9.0,5.0,10.0,1.5085498162156864e-22,0.24065193207714453,1.0521220171712162,-11.70433773260488,0.0,5.131547335279797,0.0,True
5.5,5.0,9.0,5.0,10.0,1.051167386824029,-4.146940567892719e-23,0.17128534365815662,11.948508467943295,0.0,-19.319926298897542,0.0,True
5.5,5.0,9.0,5.0,12.0,1.4419504670063695e-25,0.24883355495125045,1.0464386035522577,-11.628960303287652,0.0,5.014121549237499,0.0,True
5.5,5.0,9.0,5.0,12.0,1.0999135402598703,-1.2786836244215613e-21,0.24386887747062413,14.410779577852258,0.0,-19.66213904228592,0.0,True
5.5,5.0,9.0,5.0,12.0,-1.877202913461775e-23,-0.9591454835112669,1.6899700439050465,-38.642749734563324,0.0,29.393044650421803,0.0,True
5.5,7.0,5.0,1.0,8.0,6.33450100410498e-24,4.765472747295177e-19,1.0,-8.0,0.0,-8.12,0.0,False
5.5,7.0,5.0,1.0,8.0,1.309081729382867e-22,0.49386061342077126,1.1524364409302128,-13.298003431223378,0.0,9.99291743715418,0.0,True
5.5,7.0,5.0,1.0,8.0,1.1174784142596452,6.50031104668466e-23,0.29757362143585864,14.005882445394164,0.0,-19.982484036194812,0.0,True
5.5,7.0,5.0,1.0,8.0,-0.5349977574985119,-2.1569932594263046e-22,0.8389997872027545,12.305109450547093,0.0,-11.274798998460016,0.0,True
5.5,7.0,5.0,1.0,10.0,1.2263713230365733e-24,2.7127054731492107e-19,1.0,-8.0,0.0,-8.12,0.0,False
5.5,7.0,5.0,1.0,10.0,3.889492005219974e-24,0.5123140996718911,1.1312328683613102,-13.114126894167581,0.0,9.690659669688154,0.0,True
5.5,7.0,5.0,1.0,10.0,1.178595524618067,-4.739055894327986e-19,0.3749106652076185,15.824994712210373,0.0,-20.543371317868864,0.0,True
5.5,7.0,5.0,1.0,10.0,-0.5551186070260201,-1.1829107820483223e-19,0.861329499460071,12.299576970718345,0.0,-11.213273973818396,0.0,True
5.5,7.0,5.0,1.0,10.0,-1.8999314308819637e-26,-1.8669753268093443,2.7427984354574293,-98.38568776560862,0.0,71.10818015406726,0.0,True
5.5,7.0,5.0,1.0,12.0,4.717933143543835e-25,1.8704288790405756e-19,1.0,-8.0,0.0,-8.12,0.0,False
5.5,7.0,5.0,1.0,12.0,5.805415506997144e-17,0.5259785668241679,1.115272271982669,-12.982779767459203,0.0,9.472038170147396,0.0,True
5.5,7.0,5.0,1.0,12.0,1.2299394218489779,-1.9938653439243758e-23,0.4327183819681758,17.058080820443642,0.0,-21.03336725083068,0.0,True
5.5,7.0,5.0,1.0,12.0,-0.5702343287301458,-1.8405952046880442e-21,0.87806230387663,12.285541780553658,0.0,-11.167261012078894,0.0,True
5.5,7.0,5.0,3.0,8.0,9.156372313700042e-26,1.0454112710879531e-19,1.0,-10.0,0.0,-8.12,0.0,False
5.5,7.0,5.0,3.0,8.0,2.848285639079047e-23,0.4938606134207714,1.1524364409302128,-15.954222931991172,0.0,9.992917437154183,0.0,True
5.5,7.0,5.0,3.0,8.0,1.0320637502453611,-6.855679316079157e-24,0.13456108753645313,10.63719963964141,0.0,-19.26062673834257,0.0,True
5.5,7.0,5.0,3.0,8.0,5.976244872708651e-23,-1.6079653733253536,2.61597040113334,-96.77066835033152,0.0,63.45010907141911,0.0,True
5.5,7.0,5.0,3.0,10.0,3.526718309624394e-26,7.571452495720802e-20,1.0,-10.0,0.0,-8.12,0.0,False
5.5,7.0,5.0,3.0,10.0,7.723478278034401e-25,0.5123140996718911,1.1312328683613102,-15.673502499089496,0.0,9.690659669688154,0.0,True
5.5,7.0,5.0,3.0,10.0,1.0889738352988292,8.152511621214361e-25,0.22918839092246301,13.927373372471472,0.0,-19.794667889029697,0.0,True
5.5,7.0,5.0,3.0,10.0,1.183738925954704e-22,-1.8669753268093439,2.742798435457428,-113.43157428070398,0.0,71.10818015406716,0.0,True
5.5,7.0,5.0,3.0,12.0,1.9303864307227513e-26,6.220669221140479e-20,1.0,-10.0,0.0,-8.12,0.0,False
5.5,7.0,5.0,3.0,12.0,1.5136413420165955e-17,0.5259785668241678,1.1152722719826689,-15.470444248765968,0.0,9.472038170147393,0.0,True
5.5,7.0,5.0,3.0,12.0,1.141311265836175,-5.188312803871883e-22,0.29442965534085674,16.015247076016575,0.0,-20.30671561259807,0.0,True
5.5,7.0,5.0,3.0,12.0,-4.034481413884246e-19,-2.1112632225097405,2.857263497800923,-130.4930060048111,0.0,78.43405048196502,0.0,True
5.5,7.0,5.0,5.0,8.0,3.271148580821474e-27,1.679809004481691e-20,1.0,-12.0,0.0,-8.12,0.0,False
5.5,7.0,5.0,5.0,8.0,6.4683367787020614e-24,0.49386061342077137,1.1524364409302128,-18.610442432758965,0.0,9.992917437154183,0.0,True
5.5,7.0,5.0,5.0,8.0,-3.320474039738529e-17,-1.6079653733253538,2.6159704011333402,-110.45727062954302,0.0,63.45010907141916,0.0,True
5.5,7.0,5.0,5.0,8.0,-0.5402903865402201,2.007017718874538e-21,0.6898416918504833,18.38135931469916,0.0,-12.44828735638283,0.0,True
5.5,7.0,5.0,5.0,10.0,1.9120110079379063e-27,1.757018519455595e-20,1.0,-12.0,0.0,-8.12,0.0,False
5.5,7.0,5.0,5.0,10.0,4.806645209920606e-17,0.5123140996718911,1.1312328683613102,-18.232878104011412,0.0,9.690659669688154,0.0,True
5.5,7.0,5.0,5.0,10.0,1.0247000168328302,-3.9213371563939114e-23,0.10749139417737796,10.472817982510305,0.0,-19.20478722919765,0.0,True
5.5,7.0,5.0,5.0,10.0,-3.4102045462856177e-22,-1.8669753268093443,2.7427984354574293,-128.47746079579952,0.0,71.10818015406726,0.0,True
5.5,7.0,5.0,5.0,12.0,1.3285093645332319e-27,1.836119018585203e-20,1.0,-12.0,0.0,-8.12,0.0,False
5.5,7.0,5.0,5.0,12.0,4.451097650239055e-18,0.5259785668241678,1.1152722719826689,-17.958108730072738,0.0,9.472038170147393,0.0,True
5.5,7.0,5.0,5.0,12.0,1.0716544912780792,-8.534500356842947e-24,0.18651929468749417,13.871413533723528,0.0,-19.664446353303802,0.0,True
5.5,7.0,5.0,5.0,12.0,1.3480034953577476e-22,-2.11126322250974,2.857263497800922,-146.82091539654215,0.0,78.43405048196496,0.0,True
5.5,7.0,7.0,1.0,8.0,-5.509160508220994e-25,0.3476502122487058,1.1057530863169989,-11.106152047235756,0.0,7.835401229014966,0.0,True
5.5,7.0,7.0,1.0,8.0,1.1174784142596452,1.8357897417324764e-21,0.29757362143585864,14.005882445394164,0.0,-19.80538391584591,0.0,True
5.5,7.0,7.0,1.0,8.0,1.3346131376070047e-18,1.0701831534302534e-20,1.0,-8.0,0.0,-6.119999999999999,0.0,False
5.5,7.0,7.0,1.0,10.0,-6.144649303362938e-20,0.3633133993182769,1.0923976382869411,-10.993343823400346,0.0,7.592850730798272,0.0,True
5.5,7.0,7.0,1.0,10.0,1.178595524618067,1.6923702065646096e-19,0.3749106652076185,15.824994712210373,0.0,-20.262255304096026,0.0,True
5.5,7.0,7.0,1.0,10.0,3.3349333793072556e-23,2.23322422109871e-19,1.0,-8.0,0.0,-6.119999999999998,0.0,False
5.5,7.0,7.0,1.0,12.0,3.4608496890311355e-20,-1.3809945916235795,2.1125018695545865,-56.60363403151859,0.0,47.685894778775676,0.0,True
5.5,7.0,7.0,1.0,12.0,1.654885657370656e-25,0.3752257558021024,1.082130047893401,-10.911149795707352,0.0,7.411472910614041,0.0,True
5.5,7.0,7.0,1.0,12.0,1.2299394218489779,-3.614443521878251e-24,0.4327183819681758,17.058080820443642,0.0,-20.658876854644365,0.0,True
5.5,7.0,7.0,1.0,12.0,-0.5702343287301457,-5.0156919413403596e-23,0.8780623038766301,12.285541780553652,0.0,-9.625274193100623,0.0,True
5.5,7.0,7.0,1.0,12.0,3.022518882024883e-24,1.157874569456078e-19,1.0,-8.0,0.0,-6.12,0.0,False
5.5,7.0,7.0,3.0,8.0,-1.5528954949381033e-25,0.34765021224870585,1.1057530863169989,-13.551531823034892,0.0,7.83540122901497,0.0,True
5.5,7.0,7.0,3.0,8.0,1.0320637502453613,-2.4802707460825004e-23,0.1345610875364528,10.637199639641405,0.0,-19.22441336578459,0.0,True
5.5,7.0,7.0,3.0,8.0,1.4913865310438237e-26,5.110180137360963e-19,1.0,-10.0,0.0,-6.119999999999999,0.0,False
5.5,7.0,7.0,3.0,10.0,5.77345168036234e-21,-1.218358051935337,2.0390774399009683,-57.84735197529463,0.0,43.340404606947736,0.0,True
5.5,7.0,7.0,3.0,10.0,9.96831880190404e-25,0.3633133993182769,1.0923976382869411,-13.38000902367012,0.0,7.592850730798272,0.0,True
5.5,7.0,7.0,3.0,10.0,1.0889738352988292,-4.1608224687862554e-23,0.22918839092246301,13.927373372471472,0.0,-19.689613251962438,0.0,True
5.5,7.0,7.0,3.0,10.0,7.246390979774837e-25,3.9939759095716574e-17,1.0,-10.0,0.0,-6.1199999999999966,0.0,False
5.5,7.0,7.0,3.0,12.0,6.321326358033742e-21,-1.3809945916235797,2.1125018695545874,-65.52896232926187,0.0,47.68589477877573,0.0,True
5.5,7.0,7.0,3.0,12.0,5.307504857835962e-26,0.37522575580210227,1.082130047893401,-13.253160676814902,0.0,7.411472910614037,0.0,True
5.5,7.0,7.0,3.0,12.0,1.141311265836175,4.3550194911800275e-21,0.29442965534085674,16.015247076016575,0.0,-20.133337968709796,0.0,True
5.5,7.0,7.0,3.0,12.0,1.1187888559869256e-30,4.4882759089733744e-23,1.0,-10.0,0.0,-6.12,0.0,False
5.5,7.0,7.0,5.0,8.0,-4.2479199582522974e-20,0.3476502122487058,1.1057530863169989,-15.99691159883403,0.0,7.835401229014966,0.0,True
5.5,7.0,7.0,5.0,8.0,3.068323991878928e-24,-1.5109241615854536e-63,1.0,-12.0,0.0,-6.119999999999999,0.0,False
5.5,7.0,7.0,5.0,8.0,1.4513159222807665e-24,-1.0466728820401574,1.958583606748468,-58.03954131258686,0.0,38.83670364814349,0.0,True
5.5,7.0,7.0,5.0,10.0,2.0846702991283378e-17,-1.2183580519353372,2.039077439900969,-66.16302558712081,0.0,43.340404606947764,0.0,True
5.5,7.0,7.0,5.0,10.0,3.7723239740816947e-25,0.3633133993182768,1.0923976382869411,-15.76667422393989,0.0,7.5928507307982676,0.0,True
5.5,7.0,7.0,5.0,10.0,1.0247000168328302,-2.8457944478947953e-22,0.10749139417737796,10.472817982510305,0.0,-19.18167842955326,0.0,True
5.5,7.0,7.0,5.0,10.0,2.046370720396423e-21,4.5815303636790454e-17,1.0,-12.0,0.0,-6.1199999999999966,0.0,False
5.5,7.0,7.0,5.0,12.0,2.3345862225026192e-19,-1.3809945916235793,2.1125018695545865,-74.45429062700507,0.0,47.68589477877563,0.0,True
5.5,7.0,7.0,5.0,12.0,1.9555204713131858e-26,0.3752257558021022,1.082130047893401,-15.595171557922448,0.0,7.411472910614034,0.0,True
5.5,7.0,7.0,5.0,12.0,1.0716544912780792,-8.476255206336406e-23,0.18651929468749417,13.871413533723528,0.0,-19.59486745872236,0.0,True
5.5,7.0,7.0,5.0,12.0,5.882157902777996e-28,9.309275992829057e-23,1.0,-12.0,0.0,-6.12,0.0,False
5.5,7.0,9.0,1.0,8.0,1.2919296763576996e-25,0.22996952237441365,1.0594967288737553,-9.559896902136934,0.0,5.286517359887879,0.0,True
5.5,7.0,9.0,1.0,8.0,1.1174784142596452,-3.8195738807588313e-19,0.29757362143585864,14.005882445394164,0.0,-19.628283795497005,0.0,True
5.5,7.0,9.0,1.0,8.0,2.189357602178352e-26,2.8726076880682946e-22,1.0,-8.0,0.0,-4.119999999999999,0.0,False
5.5,7.0,9.0,1.0,8.0,-2.6151764845322046e-19,-0.7202329114875204,1.5835773776385142,-25.747078984563892,0.0,23.819581801162265,0.0,True
5.5,7.0,9.0,1.0,10.0,6.529812303886974e-20,0.24065193207714494,1.0521220171712165,-9.49041625457203,0.0,5.131547335279822,0.0,True
5.5,7.0,9.0,1.0,10.0,1.178595524618067,1.0793396311283748e-24,0.3749106652076185,15.824994712210373,0.0,-19.98113929032319,0.0,True
5.5,7.0,9.0,1.0,10.0,5.2064267541953124e-23,-0.8425586738439836,1.6389146069827591,-29.268888814663885,0.0,26.642183551119878,0.0,True
5.5,7.0,9.0,1.0,10.0,1.6332504633398394e-27,4.364752531244678e-19,1.0,-8.0,0.0,-4.119999999999999,0.0,False
5.5,7.0,9.0,1.0,12.0,4.655524857510005e-22,0.24883355495125054,1.0464386035522577,-9.438892801278854,0.0,5.014121549237503,0.0,True
5.5,7.0,9.0,1.0,12.0,1.2299394218489779,-1.0029657914184663e-24,0.4327183819681758,17.058080820443642,0.0,-20.28438645845805,0.0,True
5.5,7.0,9.0,1.0,12.0,-1.338822669033913e-22,-0.9591454835112668,1.6899700439050465,-32.930752235970466,0.0,29.39304465042178,0.0,True
5.5,7.0,9.0,3.0,8.0,3.4035333831129916e-21,0.2299695223744138,1.0594967288737556,-11.804963539125314,0.0,5.286517359887889,0.0,True
5.5,7.0,9.0,3.0,8.0,1.0320637502453611,1.3660185793216478e-21,0.13456108753645313,10.63719963964141,0.0,-19.1881999932266,0.0,True
5.5,7.0,9.0,3.0,8.0,-0.5440982967525637,-7.58014889770887e-23,0.7594650978201543,15.511633688085865,0.0,-9.6607661824321,0.0,True
5.5,7.0,9.0,3.0,10.0,4.026017696896246e-24,0.24065193207714453,1.0521220171712162,-11.70433773260488,0.0,5.131547335279797,0.0,True
5.5,7.0,9.0,3.0,10.0,1.0889738352988292,2.405833720625319e-22,0.22918839092246301,13.927373372471472,0.0,-19.584558614895183,0.0,True
5.5,7.0,9.0,3.0,10.0,3.189388108420481e-24,-0.8425586738439835,1.638914606982759,-34.64097099262678,0.0,26.642183551119857,0.0,True
5.5,7.0,9.0,3.0,10.0,-0.5721277544459847,6.084814347590153e-22,0.7872353911851867,15.607617604135097,0.0,-9.457225429122872,0.0,True
5.5,7.0,9.0,3.0,12.0,6.288832150944987e-19,0.24883355495125117,1.046438603552258,-11.628960303287663,0.0,5.014121549237534,0.0,True
5.5,7.0,9.0,3.0,12.0,1.1413112658361748,4.622680920235409e-20,0.29442965534085686,16.015247076016568,0.0,-19.959960324821523,0.0,True
5.5,7.0,9.0,3.0,12.0,-0.594027573203385,-5.059330070009285e-22,0.8088627562318026,15.662263687494468,0.0,-9.295951606926355,0.0,True
5.5,7.0,9.0,5.0,8.0,1.519912308370391e-23,0.22996952237441354,1.0594967288737553,-14.050030176113685,0.0,5.286517359887874,0.0,True
5.5,7.0,9.0,5.0,8.0,2.6111722748891167e-26,8.675306069104562e-18,1.0,-12.0,0.0,-4.119999999999999,0.0,False
5.5,7.0,9.0,5.0,8.0,1.2862875619720697e-22,-0.7202329114875204,1.5835773776385142,-35.777948228437786,0.0,23.819581801162265,0.0,True
5.5,7.0,9.0,5.0,10.0,1.1583740362964566e-20,0.24065193207714475,1.0521220171712165,-13.918259210637743,0.0,5.1315473352798096,0.0,True
5.5,7.0,9.0,5.0,10.0,1.0247000168328302,1.4276478011166238e-21,0.10749139417737796,10.472817982510305,0.0,-19.158569629908865,0.0,True
5.5,7.0,9.0,5.0,10.0,1.0962226457918963e-26,2.9110960835230167e-18,1.0,-12.0,0.0,-4.119999999999999,0.0,False
5.5,7.0,9.0,5.0,10.0,1.920071671138548e-19,-0.8425586738439836,1.6389146069827591,-40.01305317058969,0.0,26.642183551119878,0.0,True
5.5,7.0,9.0,5.0,12.0,8.667506249767736e-24,0.2488335549512504,1.0464386035522577,-13.81902780529645,0.0,5.014121549237497,0.0,True
5.5,7.0,9.0,5.0,12.0,1.0716544912780794,-4.865340779935407e-22,0.18651929468749395,13.871413533723523,0.0,-19.52528856414092,0.0,True
5.5,7.0,9.0,5.0,12.0,4.311814811435406e-27,6.088621000053483e-19,1.0,-12.0,0.0,-4.119999999999999,0.0,False
6.5,3.0,5.0,1.0,8.0,2.2856012070126884e-18,2.5465608187451652e-18,1.0,-4.0,0.0,-8.12,0.0,False
6.5,3.0,5.0,1.0,8.0,3.478520153113247e-21,0.4938606134207714,1.1524364409302128,-7.985564429687797,0.0,9.992917437154183,0.0,True
6.5,3.0,5.0,1.0,8.0,1.1744901439631614,3.3209093021768545e-18,0.5689290317916851,13.681914444486537,0.0,-19.571247308782535,0.0,True
6.5,3.0,5.0,1.0,8.0,-0.34754885863684637,2.9631163736472256e-19,0.9622530596438205,5.410209918650864,0.0,-9.19696796949821,0.0,True
6.5,3.0,5.0,1.0,10.0,4.622533707935769e-19,1.2401922284428782e-18,1.0,-4.0,0.0,-8.12,0.0,False
6.5,3.0,5.0,1.0,10.0,1.4928769486318088e-22,0.5123140996718911,1.1312328683613102,-7.995375684323751,0.0,9.690659669688154,0.0,True
6.5,3.0,5.0,1.0,10.0,1.211007197521586,-1.001159212618608e-20,0.6333653918877287,14.20576465106394,0.0,-19.693491231621667,0.0,True
6.5,3.0,5.0,1.0,10.0,-0.3513654617726729,1.9392547911525503e-22,0.9691355780683191,5.3866525510342775,0.0,-9.146108629812257,0.0,True
6.5,3.0,5.0,1.0,12.0,1.6286042748595746e-19,7.509021782158444e-19,1.0,-4.0,0.0,-8.12,0.0,False
6.5,3.0,5.0,1.0,12.0,1.2905554572414964e-23,0.5259785668241678,1.1152722719826689,-8.007450804845663,0.0,9.472038170147393,0.0,True
6.5,3.0,5.0,1.0,12.0,1.2389802915170145,-2.2876854695117747e-19,0.6801932994234194,14.542374292631889,0.0,-19.786857529287794,0.0,True
6.5,3.0,5.0,3.0,8.0,1.3215988441123858e-21,6.721595857585627e-19,1.0,-6.0,0.0,-8.12,0.0,False
6.5,3.0,5.0,3.0,8.0,3.5558259974700094e-22,0.4938606134207713,1.1524364409302128,-10.641783930455588,0.0,9.99291743715418,0.0,True
6.5,3.0,5.0,3.0,8.0,1.092570376846661,6.296696817374526e-24,0.3285381090458941,13.470205473429107,0.0,-19.563517220445444,0.0,True
6.5,3.0,5.0,3.0,8.0,-0.42520859135751055,-3.9148972859765186e-20,0.8982986802826158,8.748015929779974,0.0,-10.142991130073348,0.0,True
6.5,3.0,5.0,3.0,8.0,-1.5077954127548054e-22,-1.6079653733253536,2.61597040113334,-69.3974637919086,0.0,63.45010907141911,0.0,True
6.5,3.0,5.0,3.0,10.0,2.4890157583106366e-22,3.746513864013424e-19,1.0,-6.0,0.0,-8.12,0.0,False
6.5,3.0,5.0,3.0,10.0,1.0806877697634942e-23,0.5123140996718911,1.1312328683613102,-10.554751289245665,0.0,9.690659669688154,0.0,True
6.5,3.0,5.0,3.0,10.0,1.1415441780348774,-1.5722838733963117e-19,0.4135946003176043,14.931976379851735,0.0,-19.88796772881175,0.0,True
6.5,3.0,5.0,3.0,10.0,-0.4364120094122831,-1.7061030378643903e-22,0.91429505111833,8.70597895887197,0.0,-10.054487132964361,0.0,True
6.5,3.0,5.0,3.0,12.0,8.535429319444935e-23,2.541908767904864e-19,1.0,-6.0,0.0,-8.12,0.0,False
6.5,3.0,5.0,3.0,12.0,8.724461168959981e-25,0.5259785668241678,1.1152722719826689,-10.49511528615243,0.0,9.472038170147393,0.0,True
6.5,3.0,5.0,3.0,12.0,1.1821869222597883,3.2940085614760174e-18,0.47591278031422346,15.897051366671231,0.0,-20.16329575476604,0.0,True
6.5,3.0,5.0,3.0,12.0,-0.44455479756026495,5.913014989028109e-23,0.9258891369873069,8.671729744157963,0.0,-9.98977599304251,0.0,True
6.5,3.0,5.0,5.0,8.0,2.9902293753637964e-24,1.4719306607546765e-19,1.0,-8.0,0.0,-8.12,0.0,False
6.5,3.0,5.0,5.0,8.0,5.756129329869194e-23,0.4938606134207713,1.1524364409302128,-13.298003431223378,0.0,9.99291743715418,0.0,True
6.5,3.0,5.0,5.0,8.0,1.0255151821671025,4.421196249827636e-17,0.14550887155512937,10.927981363432224,0.0,-19.166471966296832,0.0,True
6.5,3.0,5.0,5.0,8.0,-6.741270115810653e-18,-1.6079653733253536,2.61597040113334,-83.08406607112006,0.0,63.45010907141911,0.0,True
6.5,3.0,5.0,5.0,10.0,9.421567197104408e-25,1.0260035459659277e-19,1.0,-8.0,0.0,-8.12,0.0,False
6.5,3.0,5.0,5.0,10.0,1.5584285899792267e-24,0.5123140996718912,1.1312328683613102,-13.114126894167583,0.0,9.690659669688161,0.0,True
6.5,3.0,5.0,5.0,10.0,1.073263920344175,6.095898239711113e-25,0.2512679622368441,13.836258257553808,0.0,-19.542910395635122,0.0,True
6.5,3.0,5.0,5.0,10.0,3.434198640553016e-21,-1.866975326809344,2.7427984354574284,-98.38568776560858,0.0,71.1081801540672,0.0,True
6.5,3.0,5.0,5.0,12.0,4.76827824651504e-25,8.210050388116588e-20,1.0,-8.0,0.0,-8.12,0.0,False
6.5,3.0,5.0,5.0,12.0,2.607504239594168e-17,0.5259785668241677,1.1152722719826689,-12.982779767459197,0.0,9.472038170147385,0.0,True
6.5,3.0,5.0,5.0,12.0,1.1175127063313797,-9.714073071698907e-22,0.3235478985601209,15.651839695296728,0.0,-19.902266482237344,0.0,True
6.5,3.0,7.0,1.0,8.0,-1.976061756724609e-21,0.34765021224870574,1.1057530863169989,-6.215392495637483,0.0,7.835401229014964,0.0,True
6.5,3.0,7.0,1.0,8.0,1.1744901439631614,2.692443619421239e-19,0.5689290317916851,13.681914444486537,0.0,-18.923886822351687,0.0,True
6.5,3.0,7.0,1.0,8.0,2.0911343504927475e-19,3.3647684616187307e-22,1.0,-4.0,0.0,-6.119999999999999,0.0,False
6.5,3.0,7.0,1.0,10.0,-2.1594465773984967e-23,0.36331339931827694,1.0923976382869411,-6.2200134228607995,0.0,7.5928507307982755,0.0,True
6.5,3.0,7.0,1.0,10.0,1.211007197521586,-4.418782651143386e-22,0.6333653918877287,14.20576465106394,0.0,-18.891187792339476,0.0,True
6.5,3.0,7.0,1.0,10.0,-0.3513654617726729,2.8791273943490238e-27,0.9691355780683191,5.3866525510342775,0.0,-7.2676610924566285,0.0,True
6.5,3.0,7.0,1.0,12.0,1.4771197463292155e-17,-1.3809945916235795,2.1125018695545865,-38.7529774360321,0.0,47.685894778775676,0.0,True
6.5,3.0,7.0,1.0,12.0,3.8472468274159655e-24,0.3752257558021022,1.082130047893401,-6.227128033492254,0.0,7.411472910614034,0.0,True
6.5,3.0,7.0,1.0,12.0,1.2389802915170145,-3.4629604712920505e-22,0.6801932994234194,14.542374292631889,0.0,-18.86153168012676,0.0,True
6.5,3.0,7.0,1.0,12.0,4.04508716898108e-26,3.4602065026516606e-23,1.0,-4.0,0.0,-6.12,0.0,False
6.5,3.0,7.0,3.0,8.0,-1.0509610749682442e-24,0.34765021224870585,1.1057530863169989,-8.66077227143662,0.0,7.83540122901497,0.0,True
6.5,3.0,7.0,3.0,8.0,1.092570376846661,-3.1356405615903583e-21,0.3285381090458941,13.470205473429107,0.0,-19.34764264225454,0.0,True
6.5,3.0,7.0,3.0,8.0,-0.4252085913575107,3.9100873463905615e-17,0.8982986802826158,8.748015929779982,0.0,-8.52911009207837,0.0,True
6.5,3.0,7.0,3.0,8.0,1.1462340678948566e-16,3.835477772127928e-23,1.0,-6.000000000000002,0.0,-6.119999999999999,0.0,False
6.5,3.0,7.0,3.0,10.0,-2.270435483791685e-18,0.3633133993182774,1.0923976382869414,-8.606678623130579,0.0,7.592850730798296,0.0,True
6.5,3.0,7.0,3.0,10.0,1.1415441780348774,8.511947401008861e-21,0.4135946003176043,14.931976379851735,0.0,-19.54584674198799,0.0,True
6.5,3.0,7.0,3.0,10.0,2.625792785015616e-22,-8.425363849929145e-27,1.0,-6.0,0.0,-6.119999999999998,0.0,False
6.5,3.0,7.0,3.0,12.0,1.3430648089868558e-17,-1.3809945916235795,2.1125018695545865,-47.678305733775346,0.0,47.685894778775676,0.0,True
6.5,3.0,7.0,3.0,12.0,5.691460593479813e-25,0.3752257558021023,1.082130047893401,-8.569138914599804,0.0,7.411472910614039,0.0,True
6.5,3.0,7.0,3.0,12.0,1.1821869222597883,-1.3299228815566154e-25,0.47591278031422346,15.897051366671231,0.0,-19.710309805833212,0.0,True
6.5,3.0,7.0,3.0,12.0,-0.44455479756026495,-5.939081319919327e-24,0.9258891369873069,8.671729744157963,0.0,-8.275234605060312,0.0,True
6.5,3.0,7.0,3.0,12.0,3.914224086973697e-19,1.0975553700541128e-26,1.0,-6.0,0.0,-6.12,0.0,False
6.5,3.0,7.0,5.0,8.0,-4.4973341078555685e-25,0.3476502122487059,1.1057530863169989,-11.106152047235758,0.0,7.8354012290149715,0.0,True
6.5,3.0,7.0,5.0,8.0,1.0255151821671025,-5.104855119450834e-25,0.14550887155512937,10.927981363432224,0.0,-19.12412630289434,0.0,True
6.5,3.0,7.0,5.0,8.0,5.42613891774405e-21,2.7264803154346608e-17,1.0,-8.0,0.0,-6.119999999999999,0.0,False
6.5,3.0,7.0,5.0,10.0,1.9053978231139812e-17,-1.2183580519353367,2.039077439900968,-49.531678363468416,0.0,43.34040460694768,0.0,True
6.5,3.0,7.0,5.0,10.0,2.3453004317315303e-24,0.36331339931827683,1.0923976382869411,-10.993343823400346,0.0,7.592850730798269,0.0,True
6.5,3.0,7.0,5.0,10.0,1.073263920344175,-1.7401805746810987e-23,0.2512679622368441,13.836258257553808,0.0,-19.416639217941807,0.0,True
6.5,3.0,7.0,5.0,10.0,4.27288518443079e-25,2.674609153050198e-18,1.0,-8.0,0.0,-6.119999999999998,0.0,False
6.5,3.0,7.0,5.0,12.0,4.0654345124059803e-19,-1.3809945916235797,2.1125018695545874,-56.60363403151862,0.0,47.68589477877573,0.0,True
6.5,3.0,7.0,5.0,12.0,1.3969776608741152e-25,0.37522575580210227,1.082130047893401,-10.91114979570735,0.0,7.411472910614037,0.0,True
6.5,3.0,7.0,5.0,12.0,1.1175127063313797,9.5933869457487e-22,0.3235478985601209,15.651839695296728,0.0,-19.692899996912004,0.0,True
6.5,3.0,7.0,5.0,12.0,4.9644755880298055e-27,5.0008771051413164e-20,1.0,-8.0,0.0,-6.12,0.0,False
6.5,3.0,9.0,1.0,8.0,-4.304115066894359e-21,0.22996952237441373,1.0594967288737556,-5.069763628160184,0.0,5.286517359887887,0.0,True
6.5,3.0,9.0,1.0,8.0,1.1744901439631614,-1.889591681153103e-20,0.5689290317916851,13.681914444486537,0.0,-18.27652633592084,0.0,True
6.5,3.0,9.0,1.0,8.0,2.3913743459390293e-23,-1.556556980503735e-24,1.0,-4.0,0.0,-4.119999999999999,0.0,False
6.5,3.0,9.0,1.0,8.0,-0.3475488586368465,1.4491556986359333e-20,0.9622530596438204,5.410209918650871,0.0,-5.493244166322638,0.0,True
6.5,3.0,9.0,1.0,10.0,6.053282188813276e-23,0.2406519320771445,1.0521220171712162,-5.062573298506306,0.0,5.131547335279796,0.0,True
6.5,3.0,9.0,1.0,10.0,1.211007197521586,-2.3143342885427584e-23,0.6333653918877287,14.20576465106394,0.0,-18.088884353057285,0.0,True
6.5,3.0,9.0,1.0,10.0,1.6989621938507716e-20,1.0089516651557831e-18,1.0,-4.0,0.0,-4.119999999999999,0.0,False
6.5,3.0,9.0,1.0,12.0,5.06242291751734e-23,0.24883355495125054,1.0464386035522577,-5.058757797261257,0.0,5.014121549237503,0.0,True
6.5,3.0,9.0,1.0,12.0,1.2389802915170145,-5.504497721015327e-22,0.6801932994234194,14.542374292631889,0.0,-17.936205830965726,0.0,True
6.5,3.0,9.0,1.0,12.0,2.1651087960275556e-25,7.38146432922079e-24,1.0,-4.0,0.0,-4.119999999999999,0.0,False
6.5,3.0,9.0,3.0,8.0,-3.0730613974376197e-25,0.22996952237441368,1.0594967288737553,-7.314830265148558,0.0,5.286517359887881,0.0,True
6.5,3.0,9.0,3.0,8.0,1.092570376846661,-7.023793757425716e-19,0.3285381090458941,13.470205473429107,0.0,-19.131768064063635,0.0,True
6.5,3.0,9.0,3.0,8.0,3.0990848976939684e-18,4.824699106874451e-24,1.0,-6.0,0.0,-4.119999999999999,0.0,False
6.5,3.0,9.0,3.0,10.0,-5.3354384626034146e-20,0.2406519320771446,1.0521220171712165,-7.276494776539167,0.0,5.131547335279804,0.0,True
6.5,3.0,9.0,3.0,10.0,1.1415441780348774,-7.263631633466056e-24,0.4135946003176043,14.931976379851735,0.0,-19.203725755164236,0.0,True
6.5,3.0,9.0,3.0,10.0,3.866113619255684e-26,2.2621448398191994e-21,1.0,-6.0,0.0,-4.119999999999999,0.0,False
6.5,3.0,9.0,3.0,10.0,-4.42170446571858e-22,-0.8425586738439834,1.638914606982759,-23.89680663670097,0.0,26.64218355111985,0.0,True
6.5,3.0,9.0,3.0,12.0,-8.907171106902108e-23,0.2488335549512505,1.0464386035522577,-7.248825299270055,0.0,5.014121549237501,0.0,True
6.5,3.0,9.0,3.0,12.0,1.1821869222597883,-5.792159822018827e-24,0.47591278031422346,15.897051366671231,0.0,-19.25732385690038,0.0,True
6.5,3.0,9.0,3.0,12.0,3.64853651765502e-18,-0.959145483511267,1.689970043905047,-27.218754737377637,0.0,29.393044650421825,0.0,True
6.5,3.0,9.0,3.0,12.0,4.0287767764308554e-27,1.2394671736167025e-17,1.0,-6.0,0.0,-4.119999999999999,0.0,False
6.5,3.0,9.0,5.0,8.0,2.4345950212498253e-22,0.22996952237441357,1.0594967288737553,-9.559896902136934,0.0,5.286517359887875,0.0,True
6.5,3.0,9.0,5.0,8.0,1.0255151821671025,5.517639875483601e-24,0.14550887155512937,10.927981363432224,0.0,-19.081780639491843,0.0,True
6.5,3.0,9.0,5.0,8.0,2.7664175434016457e-25,3.4525868978818124e-19,1.0,-8.0,0.0,-4.119999999999999,0.0,False
6.5,3.0,9.0,5.0,8.0,-0.4636659913700461,3.617576989096493e-20,0.8253237518630513,12.117613023275208,0.0,-8.2472353280823,0.0,True
6.5,3.0,9.0,5.0,10.0,3.7881710187021787e-25,0.24065193207714453,1.0521220171712162,-9.490416254572022,0.0,5.131547335279797,0.0,True
6.5,3.0,9.0,5.0,10.0,1.073263920344175,5.207529203087577e-22,0.2512679622368441,13.836258257553808,0.0,-19.290368040248495,0.0,True
6.5,3.0,9.0,5.0,10.0,-0.4826729256153804,5.642553418041378e-20,0.8485674504706282,12.108827827091385,0.0,-8.002292483780348,0.0,True
6.5,3.0,9.0,5.0,10.0,-1.5177038591340669e-21,-0.8425586738439833,1.6389146069827587,-29.26888881466386,0.0,26.642183551119825,0.0,True
6.5,3.0,9.0,5.0,12.0,6.253611365917976e-20,0.24883355495125067,1.0464386035522577,-9.438892801278858,0.0,5.014121549237511,0.0,True
6.5,3.0,9.0,5.0,12.0,1.1175127063313797,6.305980218966322e-20,0.3235478985601209,15.651839695296728,0.0,-19.48353351158666,0.0,True
6.5,3.0,9.0,5.0,12.0,-0.497102353981444,1.2069709777280378e-24,0.8661483435691414,12.091063573042078,0.0,-7.8136813118451665,0.0,True
6.5,5.0,5.0,1.0,8.0,3.098344581143153e-21,1.0901798448809072e-18,1.0,-6.0,0.0,-8.12,0.0,False
6.5,5.0,5.0,1.0,8.0,6.086759741691301e-22,0.4938606134207713,1.1524364409302128,-10.641783930455588,0.0,9.99291743715418,0.0,True
6.5,5.0,5.0,1.0,8.0,1.1478169908929796,-2.0928772620486622e-19,0.4236008179951062,15.09316042593037,0.0,-19.93009222577768,0.0,True
6.5,5.0,5.0,1.0,8.0,-0.4377290213567897,-1.162727316608087e-20,0.9161720704396369,8.700649426655083,0.0,-10.044042859138884,0.0,True
6.5,5.0,5.0,1.0,10.0,4.936214883559721e-22,5.684274534057477e-19,1.0,-6.0,0.0,-8.12,0.0,False
6.5,5.0,5.0,1.0,10.0,2.0714014567793722e-23,0.5123140996718911,1.1312328683613102,-10.554751289245665,0.0,9.690659669688154,0.0,True
6.5,5.0,5.0,1.0,10.0,1.1975096467721755,2.6917736275086383e-27,0.4980897260606528,16.217693987043763,0.0,-20.26860484552178,0.0,True
6.5,5.0,5.0,1.0,10.0,-0.44740431711494283,-1.3484850497311055e-28,0.9299402819594191,8.659015580012836,0.0,-9.967053504338747,0.0,True
6.5,5.0,5.0,1.0,12.0,1.500697731423388e-22,3.6498789090045714e-19,1.0,-6.0,0.0,-8.12,0.0,False
6.5,5.0,5.0,1.0,12.0,1.6282553525619633e-24,0.5259785668241678,1.1152722719826689,-10.49511528615243,0.0,9.472038170147393,0.0,True
6.5,5.0,5.0,1.0,12.0,1.2374755061659457,-1.2854884723808072e-20,0.5533575250614731,16.962590289448364,0.0,-20.547349173199088,0.0,True
6.5,5.0,5.0,1.0,12.0,-0.45434289589583876,3.5733556661927034e-26,0.9397919887767867,8.626486349956831,0.0,-9.911555771403307,0.0,True
6.5,5.0,5.0,3.0,8.0,7.716450612052626e-24,2.721153604454534e-19,1.0,-8.0,0.0,-8.12,0.0,False
6.5,5.0,5.0,3.0,8.0,1.0315574337002391e-22,0.49386061342077137,1.1524364409302128,-13.29800343122338,0.0,9.992917437154183,0.0,True
6.5,5.0,5.0,3.0,8.0,1.0603799538092884,-7.138424518057895e-25,0.22697111807209547,13.193435612149436,0.0,-19.440193589482956,0.0,True
6.5,5.0,5.0,3.0,10.0,1.8457838457842704e-24,1.7044875947449446e-19,1.0,-8.0,0.0,-8.12,0.0,False
6.5,5.0,5.0,3.0,10.0,3.0032352758043687e-24,0.5123140996718912,1.1312328683613102,-13.114126894167583,0.0,9.690659669688161,0.0,True
6.5,5.0,5.0,3.0,10.0,1.113702940337543,-2.192147772816648e-22,0.3178161683759313,15.513362635199465,0.0,-19.870919715595665,0.0,True
6.5,5.0,5.0,3.0,12.0,7.966287939028198e-25,1.262231360496277e-19,1.0,-8.0,0.0,-8.12,0.0,False
6.5,5.0,5.0,3.0,12.0,4.4202898253124007e-17,0.5259785668241677,1.1152722719826689,-12.982779767459197,0.0,9.472038170147385,0.0,True
6.5,5.0,5.0,3.0,12.0,1.1599849856772497,-2.3793333332204995e-19,0.38328263179320243,17.03556229286797,0.0,-20.25702834775878,0.0,True
6.5,5.0,5.0,3.0,12.0,-0.5093859004078348,-1.2092081502773896e-24,0.8810744187134456,12.06850476736338,0.0,-10.756462217319477,0.0,True
6.5,5.0,5.0,5.0,8.0,9.783629053585103e-26,5.285636454393397e-20,1.0,-10.0,0.0,-8.12,0.0,False
6.5,5.0,5.0,5.0,8.0,2.0717069037218738e-23,0.4938606134207713,1.1524364409302128,-15.954222931991172,0.0,9.99291743715418,0.0,True
6.5,5.0,5.0,5.0,8.0,1.0044821377981528,-4.030521343247198e-23,0.054077157666674425,8.624302534775738,0.0,-19.00793684125342,0.0,True
6.5,5.0,5.0,5.0,8.0,7.15416869229992e-18,-1.6079653733253536,2.61597040113334,-96.77066835033152,0.0,63.45010907141911,0.0,True
6.5,5.0,5.0,5.0,10.0,4.5385623052857914e-26,4.401891551343374e-20,1.0,-10.0,0.0,-8.12,0.0,False
6.5,5.0,5.0,5.0,10.0,1.1774444526743194e-16,0.5123140996718912,1.1312328683613102,-15.6735024990895,0.0,9.690659669688161,0.0,True
6.5,5.0,5.0,5.0,10.0,1.0469079403676362,-7.99965700183808e-25,0.1779878232963954,13.185776056695405,0.0,-19.37329665207917,0.0,True
6.5,5.0,5.0,5.0,10.0,-7.262081837331659e-23,-1.8669753268093439,2.742798435457428,-113.43157428070398,0.0,71.10818015406716,0.0,True
6.5,5.0,5.0,5.0,12.0,2.778747824536239e-26,3.973922802302964e-20,1.0,-10.0,0.0,-8.12,0.0,False
6.5,5.0,5.0,5.0,12.0,1.1669358260953538e-17,0.5259785668241678,1.1152722719826689,-15.470444248765968,0.0,9.472038170147393,0.0,True
6.5,5.0,5.0,5.0,12.0,1.0923753125913875,3.109107213210336e-24,0.25419761027554266,15.75537233830818,0.0,-19.777628242471938,0.0,True
6.5,5.0,5.0,5.0,12.0,-1.1544614073755954e-21,-2.111263222509741,2.857263497800923,-130.49300600481115,0.0,78.43405048196509,0.0,True
6.5,5.0,7.0,1.0,8.0,-2.665846951606046e-19,0.3476502122487059,1.1057530863169989,-8.66077227143662,0.0,7.8354012290149715,0.0,True
6.5,5.0,7.0,1.0,8.0,1.1478169908929796,2.158683551056833e-20,0.4236008179951062,15.09316042593037,0.0,-19.571216919765433,0.0,True
6.5,5.0,7.0,1.0,8.0,-2.4058913885031923e-19,-1.0466728820401574,1.958583606748468,-35.023242844843836,0.0,38.83670364814349,0.0,True
6.5,5.0,7.0,1.0,8.0,-0.7781081326488156,0.6365111912782477,1.089617818128423,38.739995927015215,0.0,5.103137530275575,0.0,True
6.5,5.0,7.0,1.0,8.0,2.1545169609498673e-24,4.6367364374234986e-21,1.0,-6.0,0.0,-6.119999999999999,0.0,False
6.5,5.0,7.0,1.0,10.0,-8.899952595745838e-24,0.3633133993182767,1.0923976382869411,-8.606678623130568,0.0,7.592850730798262,0.0,True
6.5,5.0,7.0,1.0,10.0,1.1975096467721755,-1.145977990495531e-24,0.4980897260606528,16.217693987043763,0.0,-19.772418095107426,0.0,True
6.5,5.0,7.0,1.0,10.0,-0.7802942670225141,0.6480998094444804,1.0809226539995094,35.79119250808843,0.0,4.976027984576433,0.0,True
6.5,5.0,7.0,1.0,10.0,4.141349005045099e-21,-1.4116517752787565e-28,1.0,-6.0,0.0,-6.119999999999998,0.0,False
6.5,5.0,7.0,1.0,12.0,1.621110694471501e-17,-1.3809945916235795,2.1125018695545865,-47.678305733775346,0.0,47.685894778775676,0.0,True
6.5,5.0,7.0,1.0,12.0,7.061100495387648e-25,0.3752257558021022,1.082130047893401,-8.569138914599803,0.0,7.411472910614034,0.0,True
6.5,5.0,7.0,1.0,12.0,1.2374755061659457,3.069188228443643e-23,0.5533575250614731,16.962590289448364,0.0,-19.93494007211477,0.0,True
6.5,5.0,7.0,1.0,12.0,-0.4543428958958388,4.43712303610105e-22,0.9397919887767867,8.626486349956833,0.0,-8.145137807065254,0.0,True
6.5,5.0,7.0,1.0,12.0,1.6287385495879338e-23,2.3681180081163736e-20,1.0,-6.0,0.0,-6.12,0.0,False
6.5,5.0,7.0,3.0,8.0,-7.366147156258064e-21,0.3476502122487058,1.1057530863169989,-11.106152047235756,0.0,7.835401229014966,0.0,True
6.5,5.0,7.0,3.0,8.0,1.0603799538092884,5.200303615848987e-24,0.22697111807209547,13.193435612149436,0.0,-19.337161812605164,0.0,True
6.5,5.0,7.0,3.0,8.0,5.517039826858323e-21,-9.080045023331704e-27,1.0,-8.0,0.0,-6.119999999999999,0.0,False
6.5,5.0,7.0,3.0,10.0,4.285198144521836e-24,-1.2183580519353372,2.039077439900969,-49.53167836346846,0.0,43.340404606947764,0.0,True
6.5,5.0,7.0,3.0,10.0,2.9771534635178858e-24,0.3633133993182768,1.0923976382869411,-10.993343823400345,0.0,7.5928507307982676,0.0,True
6.5,5.0,7.0,3.0,10.0,1.113702940337543,-6.714952525930608e-22,0.3178161683759313,15.513362635199465,0.0,-19.66890548183335,0.0,True
6.5,5.0,7.0,3.0,12.0,5.51482671482296e-20,-1.3809945916235795,2.1125018695545865,-56.60363403151859,0.0,47.685894778775676,0.0,True
6.5,5.0,7.0,3.0,12.0,1.740228574401991e-25,0.37522575580210227,1.082130047893401,-10.91114979570735,0.0,7.411472910614037,0.0,True
6.5,5.0,7.0,3.0,12.0,1.1599849856772497,-2.0189425664289655e-19,0.38328263179320243,17.03556229286797,0.0,-19.963217196090135,0.0,True
6.5,5.0,7.0,3.0,12.0,2.8443944248918634e-23,4.652835401725117e-19,1.0,-8.0,0.0,-6.12,0.0,False
6.5,5.0,7.0,5.0,8.0,-1.4601345643876588e-18,0.34765021224870635,1.1057530863169993,-13.551531823034908,0.0,7.835401229014999,0.0,True
6.5,5.0,7.0,5.0,8.0,1.0044821377981528,1.5954349247622924e-22,0.054077157666674425,8.624302534775738,0.0,-19.002088163290807,0.0,True
6.5,5.0,7.0,5.0,8.0,2.281908011581485e-26,1.5300956588280613e-19,1.0,-10.0,0.0,-6.119999999999999,0.0,False
6.5,5.0,7.0,5.0,8.0,8.408331316279874e-20,-1.0466728820401572,1.9585836067484677,-50.36744182333917,0.0,38.836703648143455,0.0,True
6.5,5.0,7.0,5.0,10.0,1.7653350975395733e-21,-1.2183580519353367,2.039077439900968,-57.847351975294586,0.0,43.34040460694768,0.0,True
6.5,5.0,7.0,5.0,10.0,9.785006262977175e-25,0.36331339931827694,1.0923976382869411,-13.38000902367012,0.0,7.5928507307982755,0.0,True
6.5,5.0,7.0,5.0,10.0,1.0469079403676362,-3.1065504164089015e-24,0.1779878232963954,13.185776056695405,0.0,-19.309937321595594,0.0,True
6.5,5.0,7.0,5.0,10.0,9.170579513713798e-26,1.4561334788400428e-18,1.0,-10.0,0.0,-6.119999999999998,0.0,False
6.5,5.0,7.0,5.0,12.0,-3.563116677723966e-20,-1.3809945916235797,2.1125018695545874,-65.52896232926187,0.0,47.68589477877573,0.0,True
6.5,5.0,7.0,5.0,12.0,5.501240005768905e-26,0.3752257558021022,1.082130047893401,-13.253160676814902,0.0,7.411472910614034,0.0,True
6.5,5.0,7.0,5.0,12.0,1.0923753125913878,2.5153611724129035e-23,0.25419761027554244,15.75537233830818,0.0,-19.648395392332347,0.0,True
6.5,5.0,7.0,5.0,12.0,3.7827751484807087e-25,8.68053198941952e-18,1.0,-10.0,0.0,-6.12,0.0,False
6.5,5.0,9.0,1.0,8.0,-7.832376377128226e-19,0.22996952237441426,1.0594967288737558,-7.314830265148566,0.0,5.286517359887916,0.0,True
6.5,5.0,9.0,1.0,8.0,1.1478169908929796,-3.7820630252033344e-21,0.4236008179951062,15.09316042593037,0.0,-19.21234161375319,0.0,True
6.5,5.0,9.0,1.0,8.0,1.0095750287049653e-26,6.98310239107389e-24,1.0,-6.0,0.0,-4.119999999999999,0.0,False
6.5,5.0,9.0,1.0,8.0,-5.384146392563676e-26,-0.7202329114875207,1.5835773776385147,-20.731644362626955,0.0,23.8195818011623,0.0,True
6.5,5.0,9.0,1.0,10.0,-3.461537858468237e-21,0.2406519320771446,1.0521220171712165,-7.276494776539167,0.0,5.131547335279804,0.0,True
6.5,5.0,9.0,1.0,10.0,1.1975096467721755,-1.1601156392267929e-18,0.4980897260606528,16.217693987043763,0.0,-19.276231344693073,0.0,True
6.5,5.0,9.0,1.0,10.0,3.873121189005898e-23,5.933175934950747e-20,1.0,-6.0,0.0,-4.119999999999999,0.0,False
6.5,5.0,9.0,1.0,12.0,-8.937238155734916e-26,0.2488335549512505,1.0464386035522577,-7.248825299270055,0.0,5.014121549237501,0.0,True
6.5,5.0,9.0,1.0,12.0,1.2374755061659457,-2.0964959833581256e-19,0.5533575250614731,16.962590289448364,0.0,-19.322530971030453,0.0,True
6.5,5.0,9.0,1.0,12.0,-6.051825004949152e-23,-0.9591454835112668,1.6899700439050465,-27.21875473737762,0.0,29.39304465042178,0.0,True
6.5,5.0,9.0,1.0,12.0,2.334271312258481e-19,6.884162341917269e-19,1.0,-6.0,0.0,-4.119999999999999,0.0,False
6.5,5.0,9.0,1.0,12.0,-0.4543428958958388,5.129306134379096e-24,0.9397919887767867,8.626486349956833,0.0,-6.378719842727196,0.0,True
6.5,5.0,9.0,3.0,8.0,-2.7634503170623667e-25,0.22996952237441357,1.0594967288737553,-9.559896902136934,0.0,5.286517359887875,0.0,True
6.5,5.0,9.0,3.0,8.0,1.0603799538092886,1.1987546290171826e-23,0.2269711180720949,13.193435612149433,0.0,-19.234130035727375,0.0,True
6.5,5.0,9.0,3.0,8.0,-1.4514323739275952e-21,-0.7202329114875207,1.5835773776385147,-25.747078984563906,0.0,23.8195818011623,0.0,True
6.5,5.0,9.0,3.0,8.0,7.036791037851043e-27,3.3305157361499126e-21,1.0,-8.0,0.0,-4.119999999999999,0.0,False
6.5,5.0,9.0,3.0,10.0,3.406162625491836e-27,0.2406519320771446,1.0521220171712165,-9.490416254572025,0.0,5.131547335279804,0.0,True
6.5,5.0,9.0,3.0,10.0,1.113702940337543,-2.7361325205664196e-19,0.3178161683759313,15.513362635199465,0.0,-19.466891248071033,0.0,True
6.5,5.0,9.0,3.0,10.0,1.7519421225376735e-20,-3.264532776499051e-25,1.0,-8.0,0.0,-4.119999999999999,0.0,False
6.5,5.0,9.0,3.0,12.0,2.34861834598901e-21,0.2488335549512505,1.0464386035522577,-9.438892801278854,0.0,5.014121549237501,0.0,True
6.5,5.0,9.0,3.0,12.0,1.1599849856772497,1.767106149392186e-18,0.38328263179320243,17.03556229286797,0.0,-19.669406044421486,0.0,True
6.5,5.0,9.0,3.0,12.0,1.8901848439693116e-21,-1.5401757002500475e-26,1.0,-8.0,0.0,-4.119999999999999,0.0,False
6.5,5.0,9.0,5.0,8.0,1.5165315012866926e-27,0.22996952237441384,1.0594967288737556,-11.804963539125314,0.0,5.286517359887892,0.0,True
6.5,5.0,9.0,5.0,8.0,1.0044821377981528,7.770670787539172e-21,0.054077157666674425,8.624302534775738,0.0,-18.996239485328196,0.0,True
6.5,5.0,9.0,5.0,8.0,6.965955026347689e-26,1.6627518867458518e-17,1.0,-10.0,0.0,-4.119999999999999,0.0,False
6.5,5.0,9.0,5.0,8.0,5.271452065574615e-25,-0.7202329114875204,1.5835773776385142,-30.76251360650084,0.0,23.819581801162265,0.0,True
6.5,5.0,9.0,5.0,10.0,6.779421079004528e-23,0.2406519320771446,1.0521220171712165,-11.704337732604884,0.0,5.131547335279804,0.0,True
6.5,5.0,9.0,5.0,10.0,1.0469079403676362,-4.152000558397078e-24,0.1779878232963954,13.185776056695405,0.0,-19.246577991112016,0.0,True
6.5,5.0,9.0,5.0,10.0,1.802533412324921e-30,4.37259413075026e-20,1.0,-10.0,0.0,-4.119999999999999,0.0,False
6.5,5.0,9.0,5.0,10.0,-7.374538499675631e-19,-0.8425586738439836,1.6389146069827591,-34.64097099262679,0.0,26.642183551119878,0.0,True
6.5,5.0,9.0,5.0,12.0,5.657373297467631e-26,0.2488335549512505,1.0464386035522577,-11.628960303287652,0.0,5.014121549237501,0.0,True
6.5,5.0,9.0,5.0,12.0,1.0923753125913878,-2.2729996416056874e-22,0.25419761027554244,15.75537233830818,0.0,-19.519162542192756,0.0,True
6.5,5.0,9.0,5.0,12.0,2.1351744318132224e-19,7.731064097033949e-17,1.0,-10.0,0.0,-4.119999999999997,0.0,False
6.5,7.0,5.0,1.0,8.0,2.0105038798081616e-23,4.82773133620429e-19,1.0,-8.0,0.0,-8.12,0.0,False
6.5,7.0,5.0,1.0,8.0,1.7623598802365397e-22,0.4938606134207713,1.1524364409302128,-13.298003431223378,0.0,9.99291743715418,0.0,True
6.5,7.0,5.0,1.0,8.0,1.1081237597972373,3.2150041180639535e-23,0.3092847247972196,15.305448834588347,0.0,-19.825153657144455,0.0,True
6.5,7.0,5.0,1.0,8.0,-0.49420126655908014,-5.598188199162848e-27,0.862617873323913,12.095396605886556,0.0,-10.82822614054195,0.0,True
6.5,7.0,5.0,1.0,10.0,3.6900061907104624e-24,2.760766734690073e-19,1.0,-8.0,0.0,-8.12,0.0,False
6.5,7.0,5.0,1.0,10.0,5.4900780615313106e-24,0.5123140996718912,1.1312328683613102,-13.114126894167583,0.0,9.690659669688161,0.0,True
6.5,7.0,5.0,1.0,10.0,1.164715100544681,-3.0524317172755216e-19,0.3895474305534372,17.174223600933804,0.0,-20.29714739955139,0.0,True
6.5,7.0,5.0,1.0,10.0,-0.5106786812215661,4.034596821166997e-26,0.8826432780456109,12.06573611568752,0.0,-10.750341604011549,0.0,True
6.5,7.0,5.0,1.0,12.0,1.3495693576305558e-24,1.9074156462077734e-19,1.0,-8.0,0.0,-8.12,0.0,False
6.5,7.0,5.0,1.0,12.0,7.513748778147182e-17,0.5259785668241677,1.1152722719826689,-12.9827797674592,0.0,9.472038170147385,0.0,True
6.5,7.0,5.0,1.0,12.0,1.2120424405338026,-2.944895660459032e-17,0.44910742087932387,18.428457149016523,0.0,-20.70543685683816,0.0,True
6.5,7.0,5.0,1.0,12.0,-0.5229059279808069,-3.38306857932926e-20,0.8974635214309492,12.035861512734602,0.0,-10.692365204180993,0.0,True
6.5,7.0,5.0,3.0,8.0,2.2472593686202723e-25,1.0803805738217024e-19,1.0,-10.0,0.0,-8.12,0.0,False
6.5,7.0,5.0,3.0,8.0,3.7070937363607387e-23,0.49386061342077137,1.1524364409302128,-15.954222931991172,0.0,9.992917437154183,0.0,True
6.5,7.0,5.0,3.0,8.0,1.0291807674814004,-1.5537984695036452e-24,0.13938939512519655,11.812978467900734,0.0,-19.219249337731743,0.0,True
6.5,7.0,5.0,3.0,8.0,-3.9470528821578805e-20,-1.6079653733253538,2.6159704011333402,-96.77066835033156,0.0,63.45010907141916,0.0,True
6.5,7.0,5.0,3.0,10.0,8.389611069404885e-26,7.823724730311646e-20,1.0,-10.0,0.0,-8.12,0.0,False
6.5,7.0,5.0,3.0,10.0,1.0476001084296468e-24,0.5123140996718911,1.1312328683613102,-15.673502499089496,0.0,9.690659669688154,0.0,True
6.5,7.0,5.0,3.0,10.0,1.082159435596246,1.6855706825802814e-24,0.2388051213675093,15.252225930714982,0.0,-19.685614477735662,0.0,True
6.5,7.0,5.0,3.0,10.0,1.8196794097558867e-20,-1.866975326809344,2.7427984354574284,-113.43157428070401,0.0,71.1081801540672,0.0,True
6.5,7.0,5.0,3.0,12.0,4.555727656656928e-26,6.421403660704651e-20,1.0,-10.0,0.0,-8.12,0.0,False
6.5,7.0,5.0,3.0,12.0,1.8967127368749042e-17,0.5259785668241679,1.115272271982669,-15.47044424876597,0.0,9.472038170147396,0.0,True
6.5,7.0,5.0,3.0,12.0,1.131030527892538,-1.1201327051352737e-21,0.3070837201948602,17.419004423683884,0.0,-20.131993765851934,0.0,True
6.5,7.0,5.0,5.0,8.0,7.446085239993346e-27,1.7825685856916452e-20,1.0,-12.0,0.0,-8.12,0.0,False
6.5,7.0,5.0,5.0,8.0,8.240218557163417e-24,0.4938606134207713,1.1524364409302128,-18.610442432758962,0.0,9.99291743715418,0.0,True
6.5,7.0,5.0,5.0,8.0,-6.158664697192122e-25,-1.6079653733253536,2.61597040113334,-110.45727062954296,0.0,63.45010907141911,0.0,True
6.5,7.0,5.0,5.0,10.0,4.3087328420419006e-27,1.8482228964181307e-20,1.0,-12.0,0.0,-8.12,0.0,False
6.5,7.0,5.0,5.0,10.0,5.443410913415458e-17,0.5123140996718912,1.1312328683613102,-18.232878104011412,0.0,9.690659669688161,0.0,True
6.5,7.0,5.0,5.0,10.0,1.0224741138760238,-9.047739375451753e-24,0.11136468348542383,11.645369370709872,0.0,-19.17389142060833,0.0,True
6.5,7.0,5.0,5.0,10.0,-3.124310287461656e-20,-1.8669753268093443,2.7427984354574293,-128.47746079579952,0.0,71.10818015406726,0.0,True
6.5,7.0,5.0,5.0,12.0,2.9764503881546197e-27,1.920378774057862e-20,1.0,-12.0,0.0,-8.12,0.0,False
6.5,7.0,5.0,5.0,12.0,5.5510113946769686e-18,0.5259785668241678,1.1152722719826689,-17.958108730072738,0.0,9.472038170147393,0.0,True
6.5,7.0,5.0,5.0,12.0,1.0662955896350572,-2.078291476393947e-24,0.19463471516341813,15.211560250621702,0.0,-19.581956402446046,0.0,True
6.5,7.0,5.0,5.0,12.0,8.216262239867048e-21,-2.111263222509741,2.857263497800923,-146.82091539654226,0.0,78.43405048196509,0.0,True
6.5,7.0,7.0,1.0,8.0,-5.261734679728876e-24,0.34765021224870574,1.1057530863169989,-11.106152047235756,0.0,7.835401229014964,0.0,True
6.5,7.0,7.0,1.0,8.0,1.1081237597972373,9.491325762661888e-22,0.3092847247972196,15.305448834588347,0.0,-19.633839575158675,0.0,True
6.5,7.0,7.0,1.0,8.0,5.2450713232833405e-20,1.85406243610203e-27,1.0,-8.0,0.0,-6.119999999999999,0.0,False
6.5,7.0,7.0,1.0,10.0,1.8736186134983766e-21,-1.218358051935337,2.0390774399009683,-49.531678363468444,0.0,43.340404606947736,0.0,True
6.5,7.0,7.0,1.0,10.0,3.7660801400168704e-24,0.3633133993182768,1.0923976382869411,-10.993343823400345,0.0,7.5928507307982676,0.0,True
6.5,7.0,7.0,1.0,10.0,1.164715100544681,6.014481932661349e-20,0.3895474305534372,17.174223600933804,0.0,-19.993652998249818,0.0,True
6.5,7.0,7.0,1.0,10.0,-0.5106786812215661,2.3752401879965192e-23,0.8826432780456109,12.06573611568752,0.0,-9.192223291453345,0.0,True
6.5,7.0,7.0,1.0,10.0,-0.9720010182177603,0.8278703349270932,1.054604813279245,61.177379026808275,0.0,4.643114689527508,0.0,True
6.5,7.0,7.0,1.0,10.0,1.6755683053497439e-21,-3.905647029149725e-26,1.0,-8.0,0.0,-6.119999999999998,0.0,False
6.5,7.0,7.0,1.0,12.0,7.618671907117935e-21,-1.3809945916235795,2.1125018695545865,-56.60363403151859,0.0,47.685894778775676,0.0,True
6.5,7.0,7.0,1.0,12.0,2.1657950587927792e-25,0.37522575580210227,1.082130047893401,-10.91114979570735,0.0,7.411472910614037,0.0,True
6.5,7.0,7.0,1.0,12.0,1.2120424405338028,-7.361631232075983e-25,0.44910742087932365,18.428457149016534,0.0,-20.302041905860406,0.0,True
6.5,7.0,7.0,1.0,12.0,-0.522905927980807,-6.310717542010163e-22,0.8974635214309492,12.03586151273461,0.0,-9.081483659582515,0.0,True
6.5,7.0,7.0,1.0,12.0,6.017182925249041e-28,8.225299032962825e-18,1.0,-8.0,0.0,-6.12,0.0,False
6.5,7.0,7.0,3.0,8.0,-7.48145249826136e-24,0.34765021224870585,1.1057530863169989,-13.551531823034892,0.0,7.83540122901497,0.0,True
6.5,7.0,7.0,3.0,8.0,1.0291807674814004,-8.315109856061479e-24,0.13938939512519655,11.812978467900734,0.0,-19.180390530785004,0.0,True
6.5,7.0,7.0,3.0,8.0,-0.509971384442131,-9.0590597266569e-25,0.7886924644782682,15.397839309212692,0.0,-10.287163631082837,0.0,True
6.5,7.0,7.0,3.0,8.0,6.846818024341884e-29,1.7647923612367813e-21,1.0,-10.0,0.0,-6.119999999999999,0.0,False
6.5,7.0,7.0,3.0,10.0,2.845195039824572e-23,-1.218358051935337,2.0390774399009683,-57.84735197529463,0.0,43.340404606947736,0.0,True
6.5,7.0,7.0,3.0,10.0,1.248143440286414e-24,0.3633133993182769,1.0923976382869411,-13.38000902367012,0.0,7.592850730798272,0.0,True
6.5,7.0,7.0,3.0,10.0,1.082159435596246,-3.1029555772638094e-23,0.2388051213675093,15.252225930714982,0.0,-19.57155870575296,0.0,True
6.5,7.0,7.0,3.0,10.0,4.4617833170920204e-23,2.6889453821378727e-17,1.0,-10.0,0.0,-6.119999999999998,0.0,False
6.5,7.0,7.0,3.0,12.0,1.6643188964058026e-21,-1.3809945916235795,2.1125018695545865,-65.52896232926184,0.0,47.685894778775676,0.0,True
6.5,7.0,7.0,3.0,12.0,6.879208830536555e-26,0.3752257558021023,1.082130047893401,-13.253160676814904,0.0,7.411472910614039,0.0,True
6.5,7.0,7.0,3.0,12.0,1.131030527892538,2.8046471980212032e-21,0.3070837201948602,17.419004423683884,0.0,-19.943392943434503,0.0,True
6.5,7.0,7.0,3.0,12.0,-0.5524794689407111,1.9420546951634512e-23,0.8346651530494529,15.461047867982241,0.0,-10.028954923060443,0.0,True
6.5,7.0,7.0,3.0,12.0,1.2876789794886018e-24,2.4256058994047772e-17,1.0,-10.0,0.0,-6.12,0.0,False
6.5,7.0,7.0,5.0,8.0,-5.411010434393395e-25,0.3476502122487058,1.1057530863169989,-15.99691159883403,0.0,7.835401229014966,0.0,True
6.5,7.0,7.0,5.0,8.0,2.883777393661816e-21,-8.616893451778725e-26,1.0,-12.0,0.0,-6.119999999999999,0.0,False
6.5,7.0,7.0,5.0,8.0,2.696055167523828e-19,-1.0466728820401574,1.958583606748468,-58.03954131258686,0.0,38.83670364814349,0.0,True
6.5,7.0,7.0,5.0,10.0,7.003351022562234e-19,-1.218358051935337,2.0390774399009683,-66.1630255871208,0.0,43.340404606947736,0.0,True
6.5,7.0,7.0,5.0,10.0,4.6937520916084825e-25,0.36331339931827683,1.0923976382869411,-15.766674223939892,0.0,7.592850730798269,0.0,True
6.5,7.0,7.0,5.0,10.0,1.0224741138760238,-8.733409188625619e-23,0.11136468348542383,11.645369370709872,0.0,-19.149087235152717,0.0,True
6.5,7.0,7.0,5.0,10.0,1.5034170403555018e-20,8.133903141878057e-21,1.0,-12.0,0.0,-6.119999999999998,0.0,False
6.5,7.0,7.0,5.0,12.0,6.651522156721992e-20,-1.3809945916235795,2.1125018695545865,-74.45429062700508,0.0,47.685894778775676,0.0,True
6.5,7.0,7.0,5.0,12.0,2.5247495582714416e-26,0.37522575580210216,1.082130047893401,-15.595171557922447,0.0,7.41147291061403,0.0,True
6.5,7.0,7.0,5.0,12.0,1.0662955896350572,-1.2991314796865161e-23,0.19463471516341813,15.211560250621702,0.0,-19.506191057752556,0.0,True
6.5,7.0,7.0,5.0,12.0,9.56443254459637e-20,6.227631849156756e-18,1.0,-12.0,0.0,-6.12,0.0,False
6.5,7.0,9.0,1.0,8.0,-1.7788852855779077e-25,0.22996952237441368,1.0594967288737553,-9.559896902136934,0.0,5.286517359887881,0.0,True
6.5,7.0,9.0,1.0,8.0,1.1081237597972373,-9.4876148014245e-19,0.3092847247972196,15.305448834588347,0.0,-19.442525493172887,0.0,True
6.5,7.0,9.0,1.0,8.0,-0.788937660968846,0.5700941417851194,1.0155205158064917,45.22153612584523,0.0,5.187964411765611,0.0,True
6.5,7.0,9.0,1.0,8.0,-1.2420984790892038e-19,-0.7202329114875204,1.5835773776385142,-25.747078984563892,0.0,23.819581801162265,0.0,True
6.5,7.0,9.0,1.0,10.0,-1.498305262079348e-20,0.24065193207714472,1.0521220171712165,-9.490416254572025,0.0,5.131547335279809,0.0,True
6.5,7.0,9.0,1.0,10.0,1.164715100544681,8.59227128484891e-26,0.3895474305534372,17.174223600933804,0.0,-19.690158596948248,0.0,True
6.5,7.0,9.0,1.0,10.0,6.049256900319679e-26,2.2235733174839464e-19,1.0,-8.0,0.0,-4.119999999999999,0.0,False
6.5,7.0,9.0,1.0,12.0,3.1122751799980904e-24,0.24883355495125048,1.0464386035522577,-9.438892801278854,0.0,5.0141215492375,0.0,True
6.5,7.0,9.0,1.0,12.0,1.2120424405338028,1.83448327764805e-17,0.44910742087932365,18.428457149016534,0.0,-19.89864695488265,0.0,True
6.5,7.0,9.0,1.0,12.0,-0.7891385881990225,0.5735161012772756,1.0131631470489348,37.3205389769696,0.0,4.966416744731312,0.0,True
6.5,7.0,9.0,1.0,12.0,9.381845752969144e-22,-0.9591454835112667,1.689970043905046,-32.930752235970466,0.0,29.393044650421768,0.0,True
6.5,7.0,9.0,1.0,12.0,4.468242273525698e-25,7.768572519192105e-17,1.0,-8.0,0.0,-4.119999999999997,0.0,False
6.5,7.0,9.0,3.0,8.0,1.4490152283833512e-21,0.22996952237441373,1.0594967288737556,-11.804963539125314,0.0,5.286517359887887,0.0,True
6.5,7.0,9.0,3.0,8.0,1.0291807674814004,1.347291153960333e-22,0.13938939512519655,11.812978467900734,0.0,-19.14153172383827,0.0,True
6.5,7.0,9.0,3.0,8.0,1.204898781878466e-25,1.016841255677177e-18,1.0,-10.0,0.0,-4.119999999999999,0.0,False
6.5,7.0,9.0,3.0,8.0,-0.5099713844421309,-6.861042386943302e-23,0.7886924644782682,15.397839309212685,0.0,-9.043092024033228,0.0,True
6.5,7.0,9.0,3.0,10.0,1.705133545561244e-24,0.24065193207714455,1.0521220171712162,-11.704337732604884,0.0,5.131547335279802,0.0,True
6.5,7.0,9.0,3.0,10.0,1.082159435596246,8.73348059631476e-22,0.2388051213675093,15.252225930714982,0.0,-19.457502933770257,0.0,True
6.5,7.0,9.0,3.0,10.0,1.574874969207262e-22,-0.8425586738439835,1.638914606982759,-34.64097099262678,0.0,26.642183551119857,0.0,True
6.5,7.0,9.0,3.0,10.0,-0.533960501109684,-5.644857051423853e-19,0.8146760191155519,15.44345261902037,0.0,-8.814642682862367,0.0,True
6.5,7.0,9.0,3.0,12.0,2.335064597852965e-19,0.24883355495125095,1.046438603552258,-11.628960303287656,0.0,5.0141215492375215,0.0,True
6.5,7.0,9.0,3.0,12.0,1.131030527892538,3.304375147572876e-20,0.3070837201948602,17.419004423683884,0.0,-19.754792121017076,0.0,True
6.5,7.0,9.0,3.0,12.0,2.3855433755949062e-28,2.1676691160050523e-21,1.0,-10.0,0.0,-4.119999999999999,0.0,False
6.5,7.0,9.0,3.0,12.0,-0.5524794689407112,-8.251892625709857e-22,0.8346651530494528,15.461047867982249,0.0,-8.63562308763031,0.0,True
6.5,7.0,9.0,5.0,8.0,5.14111242390186e-24,0.22996952237441368,1.0594967288737553,-14.050030176113685,0.0,5.286517359887881,0.0,True
6.5,7.0,9.0,5.0,8.0,1.5817699720099137e-31,7.874530646065091e-23,1.0,-12.0,0.0,-4.119999999999999,0.0,False
6.5,7.0,9.0,5.0,8.0,1.3481748929967823e-19,-0.7202329114875206,1.5835773776385145,-35.77794822843779,0.0,23.81958180116228,0.0,True
6.5,7.0,9.0,5.0,10.0,5.117679814005527e-21,0.24065193207714453,1.0521220171712162,-13.91825921063774,0.0,5.131547335279797,0.0,True
6.5,7.0,9.0,5.0,10.0,1.0224741138760238,-6.158874060876368e-23,0.11136468348542383,11.645369370709872,0.0,-19.124283049697098,0.0,True
6.5,7.0,9.0,5.0,10.0,-1.0567487790080475e-21,-0.8425586738439835,1.638914606982759,-40.01305317058968,0.0,26.642183551119857,0.0,True
6.5,7.0,9.0,5.0,10.0,1.1181879153262316e-26,1.3237160217759445e-18,1.0,-12.0,0.0,-4.119999999999999,0.0,False
6.5,7.0,9.0,5.0,12.0,4.285546525219104e-24,0.24883355495125048,1.0464386035522577,-13.81902780529645,0.0,5.0141215492375,0.0,True
6.5,7.0,9.0,5.0,12.0,1.0662955896350572,-6.30355257084353e-23,0.19463471516341813,15.211560250621702,0.0,-19.430425713059066,0.0,True
6.5,7.0,9.0,5.0,12.0,7.11270315550127e-28,1.1729596907320488e-21,1.0,-12.0,0.0,-4.119999999999999,0.0,False
