a,rc,beta,delta,eta,rd,c_star,s_star,i_star,eig1_real,eig1_imag,eig2_real,eig2_imag,unstable
0.1,4.5,3.0,5.0,1.0,8.0,2.4558657463969167e-27,3.3980119444462644e-18,1.0,-4.0,0.0,-8.12,0.0,False
0.1,4.5,3.0,5.0,1.0,8.0,-4.0034564722221514e-23,0.4938606134207713,1.1524364409302128,-7.985564429687796,0.0,9.99291743715418,0.0,True
0.1,4.5,3.0,5.0,1.0,8.0,1.1909049787341521,-7.395385002075616e-20,0.5567954161331903,14.278137813745026,0.0,-19.86668413285202,0.0,True
0.1,4.5,3.0,5.0,1.0,8.0,-7.474299304788043e-25,-1.6079653733253536,2.61597040113334,-55.71086151269715,0.0,63.45010907141911,0.0,True
0.1,4.5,3.0,5.0,1.0,10.0,2.411482305642524e-27,1.5296999498401827e-18,1.0,-4.0,0.0,-8.12,0.0,False
0.1,4.5,3.0,5.0,1.0,10.0,-7.830552833890378e-25,0.5123140996718911,1.1312328683613102,-7.995375684323751,0.0,9.690659669688154,0.0,True
0.1,4.5,3.0,5.0,1.0,10.0,1.2258985336173431,-6.254930340089328e-23,0.6242931963187119,15.469374308591044,0.0,-19.96282923129297,0.0,True
0.1,4.5,3.0,5.0,1.0,12.0,1.6002929390182643e-27,8.855790920478283e-19,1.0,-4.0,0.0,-8.12,0.0,False
0.1,4.5,3.0,5.0,1.0,12.0,2.068659101678547e-17,0.5259785668241679,1.115272271982669,-8.007450804845664,0.0,9.472038170147396,0.0,True
0.1,4.5,3.0,5.0,1.0,12.0,1.251752044011361,-4.5330449249701975e-22,0.6735660042319541,16.328396863748328,0.0,-20.017810790881725,0.0,True
0.1,4.5,3.0,5.0,3.0,8.0,7.324009207503389e-28,7.294920297765871e-19,1.0,-6.0,0.0,-8.12,0.0,False
0.1,4.5,3.0,5.0,3.0,8.0,-8.070274252351654e-24,0.49386061342077126,1.1524364409302128,-10.641783930455587,0.0,9.99291743715418,0.0,True
0.1,4.5,3.0,5.0,3.0,8.0,1.10547996979548,9.624105213063833e-24,0.31257664546430386,12.531607365514091,0.0,-19.780682090722653,0.0,True
0.1,4.5,3.0,5.0,3.0,10.0,3.192872624905755e-28,3.83569660024977e-19,1.0,-6.0,0.0,-8.12,0.0,False
0.1,4.5,3.0,5.0,3.0,10.0,-1.6504153428581398e-25,0.5123140996718912,1.1312328683613102,-10.554751289245667,0.0,9.690659669688161,0.0,True
0.1,4.5,3.0,5.0,3.0,10.0,1.1561054990975517,-5.624302905671617e-18,0.39853903373038047,14.807020729730903,0.0,-20.144825754471327,0.0,True
0.1,4.5,3.0,5.0,3.0,12.0,1.8014493883617113e-28,2.525829119966915e-19,1.0,-6.0,0.0,-8.12,0.0,False
0.1,4.5,3.0,5.0,3.0,12.0,9.846231924961658e-18,0.5259785668241679,1.115272271982669,-10.495115286152432,0.0,9.472038170147396,0.0,True
0.1,4.5,3.0,5.0,3.0,12.0,1.1963564422315407,4.4457810369713406e-23,0.4632742236741588,16.506464940801905,0.0,-20.41980707907865,0.0,True
0.1,4.5,3.0,5.0,5.0,8.0,5.656631987772737e-29,1.3538938614244348e-19,1.0,-8.0,0.0,-8.12,0.0,False
0.1,4.5,3.0,5.0,5.0,8.0,-1.8041777439211038e-24,0.4938606134207713,1.1524364409302128,-13.298003431223378,0.0,9.99291743715418,0.0,True
0.1,4.5,3.0,5.0,5.0,8.0,1.0309930859798497,1.0145832400130148e-17,0.13635577103766883,9.029855505223725,0.0,-19.2452739670524,0.0,True
0.1,4.5,3.0,5.0,5.0,8.0,2.358378562248737e-25,-1.6079653733253534,2.61597040113334,-83.08406607112005,0.0,63.450109071419085,0.0,True
0.1,4.5,3.0,5.0,5.0,10.0,2.8237039935226687e-29,9.203614099578752e-20,1.0,-8.0,0.0,-8.12,0.0,False
0.1,4.5,3.0,5.0,5.0,10.0,-3.454281388114068e-26,0.5123140996718912,1.1312328683613102,-13.114126894167583,0.0,9.690659669688161,0.0,True
0.1,4.5,3.0,5.0,5.0,10.0,1.0838594224983875,-1.1607043226146804e-24,0.23641168896995024,12.49532259364898,0.0,-19.712842365862326,0.0,True
0.1,4.5,3.0,5.0,5.0,12.0,1.7804319556198564e-29,7.304441017369385e-20,1.0,-8.0,0.0,-8.12,0.0,False
0.1,4.5,3.0,5.0,5.0,12.0,2.6330312814517382e-18,0.525978566824168,1.115272271982669,-12.982779767459203,0.0,9.4720381701474,0.0,True
0.1,4.5,3.0,5.0,5.0,12.0,1.1303077758925109,-2.1900366851087904e-20,0.30796901303500135,14.992717512646424,0.0,-20.119710094273223,0.0,True
0.1,4.5,3.0,7.0,1.0,8.0,-2.9588585002182e-18,0.3476502122487061,1.105753086316999,-6.215392495637488,0.0,7.835401229014984,0.0,True
0.1,4.5,3.0,7.0,1.0,8.0,1.190904978734152,-2.807808870487795e-23,0.5567954161331903,14.278137813745015,0.0,-19.246641861998146,0.0,True
0.1,4.5,3.0,7.0,1.0,8.0,-9.279630010137028e-29,3.0691850004248188e-21,1.0,-4.0,0.0,-6.119999999999999,0.0,False
0.1,4.5,3.0,7.0,1.0,8.0,4.392785656354706e-18,-1.0466728820401572,1.9585836067484677,-27.351143355596154,0.0,38.836703648143455,0.0,True
0.1,4.5,3.0,7.0,1.0,8.0,2.6863361218073747,1.947298127913084,2.0628481993123624,458.5361820077127,0.0,45.83736860946996,0.0,True
0.1,4.5,3.0,7.0,1.0,10.0,1.6872844927576353e-23,0.3633133993182768,1.0923976382869411,-6.220013422860798,0.0,7.5928507307982676,0.0,True
0.1,4.5,3.0,7.0,1.0,10.0,1.2258985336173431,5.076950256514919e-18,0.6242931963187119,15.469374308591044,0.0,-19.183345241353305,0.0,True
0.1,4.5,3.0,7.0,1.0,10.0,-1.4002634656373687e-29,6.965483137396276e-22,1.0,-4.0,0.0,-6.119999999999998,0.0,False
0.1,4.5,3.0,7.0,1.0,10.0,2.8347124983438143e-25,-1.2183580519353372,2.039077439900969,-32.9003311398161,0.0,43.340404606947764,0.0,True
0.1,4.5,3.0,7.0,1.0,10.0,2.7526131941683274,2.062474472152136,2.083440814618072,448.6660736878721,0.0,46.11724997324811,0.0,True
0.1,4.5,3.0,7.0,1.0,12.0,-2.348991117476607e-24,-1.3809945916235795,2.1125018695545865,-38.7529774360321,0.0,47.685894778775676,0.0,True
0.1,4.5,3.0,7.0,1.0,12.0,-7.833830057913505e-26,0.3752257558021022,1.082130047893401,-6.227128033492254,0.0,7.411472910614034,0.0,True
0.1,4.5,3.0,7.0,1.0,12.0,1.251752044011361,3.45219621180482e-23,0.6735660042319541,16.328396863748328,0.0,-19.110428466767726,0.0,True
0.1,4.5,3.0,7.0,1.0,12.0,-3.6110046697938115e-30,2.385583250980625e-22,1.0,-4.0,0.0,-6.12,0.0,False
0.1,4.5,3.0,7.0,1.0,12.0,2.8172224671676274,2.1746134387779086,2.1050624319174354,449.8090662770519,0.0,46.504755635035224,0.0,True
0.1,4.5,3.0,7.0,3.0,8.0,2.1459446313599602e-23,0.3476502122487058,1.1057530863169989,-8.66077227143662,0.0,7.835401229014966,0.0,True
0.1,4.5,3.0,7.0,3.0,8.0,1.10547996979548,-2.176722227641598e-19,0.31257664546430386,12.531607365514091,0.0,-19.58527377214322,0.0,True
0.1,4.5,3.0,7.0,3.0,8.0,-6.769047558100871e-23,-1.0466728820401574,1.958583606748468,-35.023242844843836,0.0,38.83670364814349,0.0,True
0.1,4.5,3.0,7.0,3.0,8.0,-7.770667509828274e-29,7.620145644439295e-23,1.0,-6.0,0.0,-6.119999999999999,0.0,False
0.1,4.5,3.0,7.0,3.0,10.0,-2.783914350156604e-19,0.36331339931827694,1.0923976382869411,-8.606678623130572,0.0,7.5928507307982755,0.0,True
0.1,4.5,3.0,7.0,3.0,10.0,1.1561054990975517,-3.4058842481853257e-19,0.39853903373038047,14.807020729730903,0.0,-19.827159031657835,0.0,True
0.1,4.5,3.0,7.0,3.0,10.0,-1.1058068628264443e-28,1.1199192015089974e-21,1.0,-6.0,0.0,-6.119999999999998,0.0,False
0.1,4.5,3.0,7.0,3.0,12.0,-2.6227998072981624e-26,-1.3809945916235797,2.1125018695545874,-47.67830573377537,0.0,47.68589477877573,0.0,True
0.1,4.5,3.0,7.0,3.0,12.0,-1.5742992018192542e-26,0.37522575580210216,1.082130047893401,-8.569138914599801,0.0,7.41147291061403,0.0,True
0.1,4.5,3.0,7.0,3.0,12.0,1.1963564422315407,-1.1064371836746486e-22,0.4632742236741588,16.506464940801905,0.0,-19.990561066436864,0.0,True
0.1,4.5,3.0,7.0,3.0,12.0,6.715084470312577e-27,-3.112225845376635e-25,1.0,-6.0,0.0,-6.12,0.0,False
0.1,4.5,3.0,7.0,5.0,8.0,-3.6191601546277825e-18,0.3476502122487064,1.1057530863169993,-11.106152047235769,0.0,7.835401229015001,0.0,True
0.1,4.5,3.0,7.0,5.0,8.0,1.0309930859798497,-9.916940357698456e-18,0.13635577103766883,9.029855505223725,0.0,-19.208088174461846,0.0,True
0.1,4.5,3.0,7.0,5.0,8.0,-8.874731406055048e-28,8.896896743365614e-18,1.0,-8.0,0.0,-6.119999999999999,0.0,False
0.1,4.5,3.0,7.0,5.0,10.0,7.519572600118528e-22,-1.218358051935337,2.0390774399009683,-49.531678363468444,0.0,43.340404606947736,0.0,True
0.1,4.5,3.0,7.0,5.0,10.0,-9.857208975998824e-26,0.3633133993182768,1.0923976382869411,-10.993343823400345,0.0,7.5928507307982676,0.0,True
0.1,4.5,3.0,7.0,5.0,10.0,1.0838594224983877,-1.8737382363660443e-22,0.2364116889699499,12.495322593648984,0.0,-19.60106139249908,0.0,True
0.1,4.5,3.0,7.0,5.0,10.0,-2.00291564081648e-33,6.811019829474719e-24,1.0,-8.0,0.0,-6.119999999999998,0.0,False
0.1,4.5,3.0,7.0,5.0,12.0,-1.719958101709931e-22,-1.3809945916235795,2.1125018695545865,-56.60363403151859,0.0,47.685894778775676,0.0,True
0.1,4.5,3.0,7.0,5.0,12.0,-4.327601562893051e-27,0.3752257558021022,1.082130047893401,-10.91114979570735,0.0,7.411472910614034,0.0,True
0.1,4.5,3.0,7.0,5.0,12.0,1.1303077758925109,1.0753321205027455e-21,0.30796901303500135,14.992717512646424,0.0,-19.930020268293717,0.0,True
0.1,4.5,3.0,7.0,5.0,12.0,5.731502032878305e-28,1.615099678942594e-18,1.0,-8.0,0.0,-6.12,0.0,False
0.1,4.5,3.0,9.0,1.0,8.0,9.480568385828284e-20,0.2299695223744138,1.0594967288737556,-5.069763628160185,0.0,5.286517359887889,0.0,True
0.1,4.5,3.0,9.0,1.0,8.0,1.190904978734152,1.0036938466884547e-19,0.5567954161331903,14.278137813745015,0.0,-18.62659959114428,0.0,True
0.1,4.5,3.0,9.0,1.0,8.0,4.638977676932536e-30,2.1566929457594855e-20,1.0,-4.0,0.0,-4.119999999999999,0.0,False
0.1,4.5,3.0,9.0,1.0,8.0,2.335966760940569,1.460847294771934,1.6956026996542954,309.4049433539642,0.0,34.9199963484765,0.0,True
0.1,4.5,3.0,9.0,1.0,10.0,-7.5390818245022405e-22,0.2406519320771446,1.0521220171712165,-5.062573298506308,0.0,5.131547335279804,0.0,True
0.1,4.5,3.0,9.0,1.0,10.0,1.2258985336173431,8.0580047042623e-24,0.6242931963187119,15.469374308591044,0.0,-18.403861251413637,0.0,True
0.1,4.5,3.0,9.0,1.0,10.0,6.86650599366166e-29,4.077813011778895e-19,1.0,-4.0,0.0,-4.119999999999999,0.0,False
0.1,4.5,3.0,9.0,1.0,10.0,2.3793433714494134,1.5342573309862435,1.7032322821014627,294.96735843287155,0.0,34.6012036399037,0.0,True
0.1,4.5,3.0,9.0,1.0,12.0,-3.242037868526289e-25,0.2488335549512505,1.0464386035522577,-5.058757797261257,0.0,5.014121549237501,0.0,True
0.1,4.5,3.0,9.0,1.0,12.0,1.2517520440113608,1.2328045872566445e-23,0.6735660042319542,16.32839686374831,0.0,-18.203046142653715,0.0,True
0.1,4.5,3.0,9.0,1.0,12.0,3.1817243794226693e-28,2.43366503739482e-18,1.0,-4.0,0.0,-4.119999999999999,0.0,False
0.1,4.5,3.0,9.0,1.0,12.0,2.4217659923734094,1.605581145127825,1.7115534181474077,289.0351943414593,0.0,34.36945189956144,0.0,True
0.1,4.5,3.0,9.0,3.0,8.0,-2.0139626798901484e-24,0.2299695223744136,1.0594967288737553,-7.314830265148558,0.0,5.286517359887877,0.0,True
0.1,4.5,3.0,9.0,3.0,8.0,1.1054799697954802,2.167874432391092e-19,0.3125766454643035,12.531607365514095,0.0,-19.38986545356379,0.0,True
0.1,4.5,3.0,9.0,3.0,8.0,8.840566949585574e-27,6.950838970978923e-17,1.0,-6.0,0.0,-4.119999999999997,0.0,False
0.1,4.5,3.0,9.0,3.0,8.0,-1.1072014094398757e-26,-0.7202329114875204,1.5835773776385142,-20.731644362626945,0.0,23.819581801162265,0.0,True
0.1,4.5,3.0,9.0,3.0,8.0,2.8949439204402667,2.235786109894603,1.9094380501944368,847.9997711766308,0.0,57.11488080208437,0.0,True
0.1,4.5,3.0,9.0,3.0,10.0,-3.577156797086743e-27,0.24065193207714458,1.0521220171712165,-7.276494776539166,0.0,5.131547335279803,0.0,True
0.1,4.5,3.0,9.0,3.0,10.0,1.1561054990975517,-1.0649809022746016e-20,0.39853903373038047,14.807020729730903,0.0,-19.509492308844344,0.0,True
0.1,4.5,3.0,9.0,3.0,10.0,1.2799299236776146e-21,5.857757136756049e-20,1.0,-6.0,0.0,-4.119999999999999,0.0,False
0.1,4.5,3.0,9.0,3.0,10.0,2.9366904555656506,2.3101936450420006,1.9224273355185262,771.5694535807738,0.0,56.71986676807211,0.0,True
0.1,4.5,3.0,9.0,3.0,12.0,-1.6094147832475954e-21,0.2488335549512504,1.0464386035522577,-7.248825299270054,0.0,5.014121549237497,0.0,True
0.1,4.5,3.0,9.0,3.0,12.0,1.1963564422315407,-1.3294973890254693e-20,0.4632742236741588,16.506464940801905,0.0,-19.561315053795074,0.0,True
0.1,4.5,3.0,9.0,3.0,12.0,-1.3737028514222339e-27,1.0138680906746745e-18,1.0,-6.0,0.0,-4.119999999999999,0.0,False
0.1,4.5,3.0,9.0,3.0,12.0,2.9778815857799175,2.3835978647442277,1.935737058512263,726.3217315502158,0.0,56.43862320556008,0.0,True
0.1,4.5,3.0,9.0,5.0,8.0,8.164683812823959e-20,0.22996952237441434,1.0594967288737558,-9.559896902136945,0.0,5.28651735988792,0.0,True
0.1,4.5,3.0,9.0,5.0,8.0,1.0309930859798497,-7.678821355227905e-24,0.13635577103766883,9.029855505223725,0.0,-19.17090238187129,0.0,True
0.1,4.5,3.0,9.0,5.0,8.0,7.776274855409862e-21,-0.7202329114875206,1.5835773776385145,-25.7470789845639,0.0,23.81958180116228,0.0,True
0.1,4.5,3.0,9.0,5.0,8.0,-5.688890832858737e-28,8.015813441156858e-22,1.0,-8.0,0.0,-4.119999999999999,0.0,False
0.1,4.5,3.0,9.0,5.0,10.0,-1.0137187642782953e-23,0.24065193207714458,1.0521220171712165,-9.490416254572025,0.0,5.131547335279803,0.0,True
0.1,4.5,3.0,9.0,5.0,10.0,1.0838594224983877,-1.4769375672310015e-20,0.2364116889699499,12.495322593648984,0.0,-19.48928041913583,0.0,True
0.1,4.5,3.0,9.0,5.0,10.0,-9.460909369858692e-28,4.2050700713905546e-23,1.0,-8.0,0.0,-4.119999999999999,0.0,False
0.1,4.5,3.0,9.0,5.0,12.0,-1.2804223219771836e-26,0.2488335549512504,1.0464386035522577,-9.438892801278854,0.0,5.014121549237497,0.0,True
0.1,4.5,3.0,9.0,5.0,12.0,1.1303077758925109,-2.7174285193505237e-18,0.30796901303500135,14.992717512646424,0.0,-19.74033044231421,0.0,True
0.1,4.5,3.0,9.0,5.0,12.0,5.058496599019874e-27,-0.959145483511267,1.689970043905047,-32.93075223597049,0.0,29.393044650421825,0.0,True
0.1,4.5,3.0,9.0,5.0,12.0,-6.848143267269046e-32,1.9065024128611465e-21,1.0,-8.0,0.0,-4.119999999999999,0.0,False
0.1,4.5,5.0,5.0,1.0,8.0,1.1463090732604107e-27,1.1923327214232965e-18,1.0,-6.0,0.0,-8.12,0.0,False
0.1,4.5,5.0,5.0,1.0,8.0,-1.398608102012334e-23,0.49386061342077137,1.1524364409302128,-10.641783930455588,0.0,9.992917437154183,0.0,True
0.1,4.5,5.0,5.0,1.0,8.0,1.162418505509242,-3.463131634771925e-18,0.40884265789672647,15.078583671242702,0.0,-20.18885657982919,0.0,True
0.1,4.5,5.0,5.0,1.0,10.0,4.835209866464456e-28,5.889245301580657e-19,1.0,-6.0,0.0,-8.12,0.0,False
0.1,4.5,5.0,5.0,1.0,10.0,-3.2943383604663108e-25,0.5123140996718911,1.1312328683613102,-10.554751289245665,0.0,9.690659669688154,0.0,True
0.1,4.5,5.0,5.0,1.0,10.0,1.2111376759899195,7.683544839127114e-20,0.4866009354292078,17.114301538260033,0.0,-20.517196298880343,0.0,True
0.1,4.5,5.0,5.0,1.0,12.0,2.6076605149692216e-28,3.672739466949152e-19,1.0,-6.0,0.0,-8.12,0.0,False
0.1,4.5,5.0,5.0,1.0,12.0,2.5373921627199896e-17,0.5259785668241679,1.115272271982669,-10.495115286152432,0.0,9.472038170147396,0.0,True
0.1,4.5,5.0,5.0,1.0,12.0,1.2486949094553719,-8.137734481522534e-24,0.5452219650709036,18.62884467802033,0.0,-20.755213058884706,0.0,True
0.1,4.5,5.0,5.0,3.0,8.0,1.0845340036257151e-28,2.608422457895481e-19,1.0,-8.0,0.0,-8.12,0.0,False
0.1,4.5,5.0,5.0,3.0,8.0,-3.212626570181708e-24,0.49386061342077137,1.1524364409302128,-13.29800343122338,0.0,9.992917437154183,0.0,True
0.1,4.5,5.0,5.0,3.0,8.0,1.0699342568786538,-1.2476857186165663e-16,0.2129779715957969,11.678660130339987,0.0,-19.590043905223194,0.0,True
0.1,4.5,5.0,5.0,3.0,8.0,9.463688178619651e-26,-1.6079653733253538,2.6159704011333402,-83.08406607112009,0.0,63.45010907141916,0.0,True
0.1,4.5,5.0,5.0,3.0,10.0,4.867346174257745e-29,1.5807850928948548e-19,1.0,-8.0,0.0,-8.12,0.0,False
0.1,4.5,5.0,5.0,3.0,10.0,-6.966006641270199e-26,0.5123140996718911,1.1312328683613102,-13.114126894167581,0.0,9.690659669688154,0.0,True
0.1,4.5,5.0,5.0,3.0,10.0,1.1263838582019834,-7.401000823342705e-21,0.3021926721901078,14.791291640977205,0.0,-20.085530431078226,0.0,True
0.1,4.5,5.0,5.0,3.0,10.0,-1.7278262634874777e-24,-1.8669753268093439,2.742798435457428,-98.38568776560855,0.0,71.10818015406716,0.0,True
0.1,4.5,5.0,5.0,3.0,12.0,2.8295515983163145e-29,1.1543250275876879e-19,1.0,-8.0,0.0,-8.12,0.0,False
0.1,4.5,5.0,5.0,3.0,12.0,6.537879844868818e-18,0.5259785668241678,1.1152722719826689,-12.9827797674592,0.0,9.472038170147393,0.0,True
0.1,4.5,5.0,5.0,3.0,12.0,1.1731874449638469,-6.9083167589738994e-18,0.36916430869880035,17.11984043447566,0.0,-20.49034593488636,0.0,True
0.1,4.5,5.0,5.0,3.0,12.0,-3.737475057517425e-26,-2.1112632225097405,2.857263497800923,-114.16509661307995,0.0,78.43405048196502,0.0,True
0.1,4.5,5.0,5.0,5.0,8.0,8.452425043429481e-30,4.372515209318769e-20,1.0,-10.0,0.0,-8.12,0.0,False
0.1,4.5,5.0,5.0,5.0,8.0,-7.675332617874565e-25,0.49386061342077126,1.1524364409302128,-15.95422293199117,0.0,9.99291743715418,0.0,True
0.1,4.5,5.0,5.0,5.0,8.0,1.0058302471707552,1.8843205214196583e-22,0.05153641925914132,6.59338617177406,0.0,-19.02513273127269,0.0,True
0.1,4.5,5.0,5.0,5.0,8.0,1.1226362795424712e-19,-1.6079653733253536,2.61597040113334,-96.77066835033152,0.0,63.45010907141911,0.0,True
0.1,4.5,5.0,5.0,5.0,10.0,4.848573773977938e-30,3.6666775497626526e-20,1.0,-10.0,0.0,-8.12,0.0,False
0.1,4.5,5.0,5.0,5.0,10.0,4.670497236794788e-17,0.5123140996718918,1.1312328683613107,-15.673502499089508,0.0,9.690659669688184,0.0,True
0.1,4.5,5.0,5.0,5.0,10.0,1.054625321724806,-4.715486195623453e-25,0.1658240730826369,11.420651500170838,0.0,-19.489084113886854,0.0,True
0.1,4.5,5.0,5.0,5.0,10.0,2.205662979607001e-25,-1.866975326809344,2.7427984354574284,-113.43157428070401,0.0,71.1081801540672,0.0,True
0.1,4.5,5.0,5.0,5.0,12.0,3.341751011930054e-30,3.342148948012349e-20,1.0,-10.0,0.0,-8.12,0.0,False
0.1,4.5,5.0,5.0,5.0,12.0,1.5159745290113932e-18,0.5259785668241679,1.115272271982669,-15.47044424876597,0.0,9.472038170147396,0.0,True
0.1,4.5,5.0,5.0,5.0,12.0,1.1033346938601136,3.639619623237927e-24,0.2391578458278808,14.586425343759444,0.0,-19.955500186945873,0.0,True
0.1,4.5,5.0,5.0,5.0,12.0,-2.672845636163449e-27,-2.111263222509741,2.857263497800923,-130.49300600481115,0.0,78.43405048196509,0.0,True
0.1,4.5,5.0,7.0,1.0,8.0,2.5569277523447186e-24,0.3476502122487059,1.1057530863169989,-8.66077227143662,0.0,7.8354012290149715,0.0,True
0.1,4.5,5.0,7.0,1.0,8.0,1.162418505509242,-8.439527697990165e-21,0.40884265789672647,15.078583671242702,0.0,-19.85455194199707,0.0,True
0.1,4.5,5.0,7.0,1.0,8.0,1.1957437737394643e-25,-9.976332442328239e-26,1.0,-6.0,0.0,-6.119999999999999,0.0,False
0.1,4.5,5.0,7.0,1.0,8.0,3.1512100585175897,2.5453011901019926,2.324308765397979,942.4826669818298,0.0,63.906807874929314,0.0,True
0.1,4.5,5.0,7.0,1.0,10.0,3.4093508094595513e-23,0.3633133993182767,1.0923976382869411,-8.606678623130568,0.0,7.592850730798262,0.0,True
0.1,4.5,5.0,7.0,1.0,10.0,1.2111376759899195,-1.7713090969986013e-22,0.4866009354292078,17.114301538260033,0.0,-20.043635358159182,0.0,True
0.1,4.5,5.0,7.0,1.0,10.0,1.4544721011200142e-21,1.3936896095516533e-19,1.0,-6.0,0.0,-6.119999999999998,0.0,False
0.1,4.5,5.0,7.0,1.0,12.0,-2.659451271030862e-25,-1.3809945916235797,2.1125018695545874,-47.67830573377537,0.0,47.68589477877573,0.0,True
0.1,4.5,5.0,7.0,1.0,12.0,-2.0259593560620068e-26,0.3752257558021022,1.082130047893401,-8.569138914599803,0.0,7.411472910614034,0.0,True
0.1,4.5,5.0,7.0,1.0,12.0,1.2486949094553719,1.6346595923726322e-19,0.5452219650709036,18.62884467802033,0.0,-20.16067907649315,0.0,True
0.1,4.5,5.0,7.0,1.0,12.0,6.881374969435164e-20,4.714772456482843e-18,1.0,-6.0,0.0,-6.12,0.0,False
0.1,4.5,5.0,7.0,3.0,8.0,-3.3736357718996363e-20,0.34765021224870585,1.1057530863169989,-11.106152047235756,0.0,7.83540122901497,0.0,True
0.1,4.5,5.0,7.0,3.0,8.0,1.069934256878654,-6.727470170774655e-23,0.21297797159579657,11.678660130339988,0.0,-19.499324672453074,0.0,True
0.1,4.5,5.0,7.0,3.0,10.0,1.3877045547109235e-27,0.3633133993182768,1.0923976382869411,-10.993343823400345,0.0,7.5928507307982676,0.0,True
0.1,4.5,5.0,7.0,3.0,10.0,1.1263838582019834,2.0612055084654812e-22,0.3021926721901078,14.791291640977205,0.0,-19.902889608827433,0.0,True
0.1,4.5,5.0,7.0,3.0,10.0,1.1059188941713093e-25,2.995951439894428e-17,1.0,-8.0,0.0,-6.119999999999998,0.0,False
0.1,4.5,5.0,7.0,3.0,12.0,-1.0653509727024589e-23,-1.3809945916235797,2.1125018695545874,-56.60363403151862,0.0,47.68589477877573,0.0,True
0.1,4.5,5.0,7.0,3.0,12.0,-5.6045408790844094e-27,0.37522575580210216,1.082130047893401,-10.91114979570735,0.0,7.41147291061403,0.0,True
0.1,4.5,5.0,7.0,3.0,12.0,1.1731874449638469,-3.1173688979538406e-18,0.36916430869880035,17.11984043447566,0.0,-20.217781361252236,0.0,True
0.1,4.5,5.0,7.0,3.0,12.0,-5.479212883068475e-25,2.429278746760635e-17,1.0,-8.0,0.0,-6.12,0.0,False
0.1,4.5,5.0,7.0,5.0,8.0,9.362196174453175e-23,0.34765021224870585,1.1057530863169989,-13.551531823034892,0.0,7.83540122901497,0.0,True
0.1,4.5,5.0,7.0,5.0,8.0,1.0058302471707552,4.7216117618864294e-21,0.05153641925914132,6.59338617177406,0.0,-19.019820726252583,0.0,True
0.1,4.5,5.0,7.0,5.0,8.0,2.8848685192908692e-30,3.6230246075481046e-20,1.0,-10.0,0.0,-6.119999999999999,0.0,False
0.1,4.5,5.0,7.0,5.0,10.0,-1.7220044700069467e-24,-1.2183580519353372,2.039077439900969,-57.84735197529464,0.0,43.340404606947764,0.0,True
0.1,4.5,5.0,7.0,5.0,10.0,-4.430583039986579e-26,0.3633133993182769,1.0923976382869411,-13.38000902367012,0.0,7.592850730798272,0.0,True
0.1,4.5,5.0,7.0,5.0,10.0,1.054625321724806,-9.646587551647406e-25,0.1658240730826369,11.420651500170838,0.0,-19.434088867459423,0.0,True
0.1,4.5,5.0,7.0,5.0,10.0,-1.2107855124204146e-31,1.418653530930543e-23,1.0,-10.0,0.0,-6.119999999999998,0.0,False
0.1,4.5,5.0,7.0,5.0,12.0,-1.2831002323157176e-17,-1.3809945916235795,2.1125018695545865,-65.52896232926184,0.0,47.685894778775676,0.0,True
0.1,4.5,5.0,7.0,5.0,12.0,-1.8509796842994844e-27,0.37522575580210227,1.082130047893401,-13.253160676814902,0.0,7.411472910614037,0.0,True
0.1,4.5,5.0,7.0,5.0,12.0,1.1033346938601136,-7.326188934338806e-23,0.2391578458278808,14.586425343759444,0.0,-19.84110723650381,0.0,True
0.1,4.5,5.0,7.0,5.0,12.0,4.3579954818656525e-29,3.972061046541893e-18,1.0,-10.0,0.0,-6.12,0.0,False
0.1,4.5,5.0,9.0,1.0,8.0,-2.3686898370965906e-26,0.22996952237441373,1.0594967288737556,-7.3148302651485615,0.0,5.286517359887887,0.0,True
0.1,4.5,5.0,9.0,1.0,8.0,1.162418505509242,-1.151845997988022e-19,0.40884265789672647,15.078583671242702,0.0,-19.520247304164947,0.0,True
0.1,4.5,5.0,9.0,1.0,8.0,2.7584856579332132e-24,-0.7202329114875206,1.5835773776385145,-20.73164436262695,0.0,23.81958180116228,0.0,True
0.1,4.5,5.0,9.0,1.0,8.0,2.708557033611647,1.901619591805781,1.8585536790389154,611.3253706396988,0.0,47.69955717749778,0.0,True
0.1,4.5,5.0,9.0,1.0,10.0,2.2906153044673463e-20,0.2406519320771447,1.0521220171712165,-7.276494776539167,0.0,5.131547335279809,0.0,True
0.1,4.5,5.0,9.0,1.0,10.0,1.2111376759899195,-1.721999648489094e-21,0.4866009354292078,17.114301538260033,0.0,-19.570074417438022,0.0,True
0.1,4.5,5.0,9.0,1.0,10.0,-1.5220860276910512e-28,4.758704277309476e-18,1.0,-6.0,0.0,-4.119999999999999,0.0,False
0.1,4.5,5.0,9.0,1.0,10.0,-6.1869287945652855e-24,-0.8425586738439838,1.6389146069827594,-23.896806636700983,0.0,26.642183551119892,0.0,True
0.1,4.5,5.0,9.0,1.0,10.0,2.750004057649572,1.9764258150846918,1.868750291298681,563.9494881963003,0.0,47.34994731012506,0.0,True
0.1,4.5,5.0,9.0,1.0,12.0,-8.899254729946034e-23,0.24883355495125056,1.0464386035522577,-7.248825299270056,0.0,5.014121549237503,0.0,True
0.1,4.5,5.0,9.0,1.0,12.0,1.2486949094553719,-1.3588504859823917e-18,0.5452219650709036,18.62884467802033,0.0,-19.566145094101596,0.0,True
0.1,4.5,5.0,9.0,1.0,12.0,-3.053742570920325e-33,4.565425677200039e-23,1.0,-6.0,0.0,-4.119999999999999,0.0,False
0.1,4.5,5.0,9.0,1.0,12.0,1.5777500832168667e-21,-0.9591454835112668,1.6899700439050465,-27.21875473737762,0.0,29.39304465042178,0.0,True
0.1,4.5,5.0,9.0,1.0,12.0,2.7908458110371246,2.0497815457135653,1.8794640227407422,537.254551909285,0.0,47.10221927301245,0.0,True
0.1,4.5,5.0,9.0,3.0,8.0,-6.212306134341883e-23,0.22996952237441376,1.0594967288737556,-9.559896902136938,0.0,5.286517359887888,0.0,True
0.1,4.5,5.0,9.0,3.0,8.0,1.0699342568786538,3.845704940401004e-21,0.2129779715957969,11.678660130339987,0.0,-19.40860543968295,0.0,True
0.1,4.5,5.0,9.0,3.0,8.0,-5.4406884663315546e-24,-0.7202329114875206,1.5835773776385145,-25.7470789845639,0.0,23.81958180116228,0.0,True
0.1,4.5,5.0,9.0,3.0,10.0,-2.2366376030505042e-25,0.24065193207714455,1.0521220171712162,-9.490416254572025,0.0,5.131547335279802,0.0,True
0.1,4.5,5.0,9.0,3.0,10.0,1.1263838582019834,7.511174261208672e-19,0.3021926721901078,14.791291640977205,0.0,-19.720248786576636,0.0,True
0.1,4.5,5.0,9.0,3.0,10.0,3.9377226605201156e-28,1.638480298262984e-17,1.0,-8.0,0.0,-4.119999999999999,0.0,False
0.1,4.5,5.0,9.0,3.0,10.0,-5.061472673278286e-19,-0.8425586738439836,1.6389146069827591,-29.268888814663885,0.0,26.642183551119878,0.0,True
0.1,4.5,5.0,9.0,3.0,12.0,2.520724995534808e-19,0.2488335549512507,1.046438603552258,-9.438892801278858,0.0,5.014121549237512,0.0,True
0.1,4.5,5.0,9.0,3.0,12.0,1.1731874449638469,-6.836550992197454e-25,0.36916430869880035,17.11984043447566,0.0,-19.945216787618108,0.0,True
0.1,4.5,5.0,9.0,3.0,12.0,-7.470348245088234e-20,-0.9591454835112669,1.6899700439050465,-32.93075223597047,0.0,29.393044650421803,0.0,True
0.1,4.5,5.0,9.0,3.0,12.0,5.2474272450763505e-27,1.5704902101900697e-20,1.0,-8.0,0.0,-4.119999999999999,0.0,False
0.1,4.5,5.0,9.0,5.0,8.0,-9.420251525025919e-26,0.22996952237441357,1.0594967288737553,-11.80496353912531,0.0,5.286517359887875,0.0,True
0.1,4.5,5.0,9.0,5.0,8.0,1.0058302471707552,5.629143237036502e-20,0.05153641925914132,6.59338617177406,0.0,-19.014508721232474,0.0,True
0.1,4.5,5.0,9.0,5.0,8.0,1.263048249818787e-21,-0.7202329114875206,1.5835773776385145,-30.762513606500846,0.0,23.81958180116228,0.0,True
0.1,4.5,5.0,9.0,5.0,8.0,2.433899182822548e-22,9.881186923286924e-18,1.0,-10.0,0.0,-4.119999999999999,0.0,False
0.1,4.5,5.0,9.0,5.0,10.0,3.408878755093867e-22,0.24065193207714466,1.0521220171712165,-11.704337732604884,0.0,5.131547335279807,0.0,True
0.1,4.5,5.0,9.0,5.0,10.0,1.0546253217248063,1.8611818140481483e-17,0.16582407308263658,11.420651500170838,0.0,-19.379093621031995,0.0,True
0.1,4.5,5.0,9.0,5.0,10.0,2.015537640687422e-25,2.5666756055763388e-21,1.0,-10.0,0.0,-4.119999999999999,0.0,False
0.1,4.5,5.0,9.0,5.0,10.0,1.8840253372419893e-20,-0.8425586738439835,1.638914606982759,-34.64097099262678,0.0,26.642183551119857,0.0,True
0.1,4.5,5.0,9.0,5.0,12.0,-5.301433217315605e-25,0.24883355495125034,1.0464386035522577,-11.628960303287652,0.0,5.014121549237495,0.0,True
0.1,4.5,5.0,9.0,5.0,12.0,1.1033346938601136,-1.6566524810716006e-21,0.2391578458278808,14.586425343759444,0.0,-19.726714286061746,0.0,True
0.1,4.5,7.0,5.0,1.0,8.0,1.9374999685281422e-28,4.766661367061324e-19,1.0,-8.0,0.0,-8.12,0.0,False
0.1,4.5,7.0,5.0,1.0,8.0,-5.49071486949705e-24,0.49386061342077137,1.1524364409302128,-13.29800343122338,0.0,9.992917437154183,0.0,True
0.1,4.5,7.0,5.0,1.0,8.0,1.1206132818799366,-1.7663108427486848e-22,0.2936270532667813,14.492475352767464,0.0,-20.03519441397481,0.0,True
0.1,4.5,7.0,5.0,1.0,10.0,8.060264780740922e-29,2.628256827267825e-19,1.0,-8.0,0.0,-8.12,0.0,False
0.1,4.5,7.0,5.0,1.0,10.0,-1.3158500652306592e-25,0.5123140996718911,1.1312328683613102,-13.114126894167581,0.0,9.690659669688154,0.0,True
0.1,4.5,7.0,5.0,1.0,10.0,1.1778681860736844,-5.834055229499751e-18,0.37568194130596977,17.345412618234782,0.0,-20.530450157905282,0.0,True
0.1,4.5,7.0,5.0,1.0,12.0,4.3833599792332324e-29,1.78441692642495e-19,1.0,-8.0,0.0,-8.12,0.0,False
0.1,4.5,7.0,5.0,1.0,12.0,1.4193528437890235e-17,0.525978566824168,1.115272271982669,-12.982779767459203,0.0,9.4720381701474,0.0,True
0.1,4.5,7.0,5.0,1.0,12.0,1.2236971919640471,6.231478925326737e-23,0.43846194339223976,19.504985487075047,0.0,-20.918749304064562,0.0,True
0.1,4.5,7.0,5.0,3.0,8.0,1.862809396019267e-29,9.487589727512181e-20,1.0,-10.0,0.0,-8.12,0.0,False
0.1,4.5,7.0,5.0,3.0,8.0,-1.3662786888502045e-24,0.4938606134207714,1.1524364409302128,-15.954222931991172,0.0,9.992917437154183,0.0,True
0.1,4.5,7.0,5.0,3.0,8.0,1.0348624225844651,-1.0732461983255115e-24,0.12986106013712218,9.881112318726686,0.0,-19.300680892313036,0.0,True
0.1,4.5,7.0,5.0,3.0,8.0,-2.3024895467840304e-21,-1.6079653733253536,2.61597040113334,-96.77066835033152,0.0,63.45010907141911,0.0,True
0.1,4.5,7.0,5.0,3.0,10.0,9.14997881369331e-30,6.806154363392117e-20,1.0,-10.0,0.0,-8.12,0.0,False
0.1,4.5,7.0,5.0,3.0,10.0,-2.9321701002080483e-26,0.5123140996718912,1.1312328683613102,-15.673502499089498,0.0,9.690659669688161,0.0,True
0.1,4.5,7.0,5.0,3.0,10.0,1.0925872644092025,9.26522827771738e-25,0.22406449527303007,13.933551683012944,0.0,-19.85239505233294,0.0,True
0.1,4.5,7.0,5.0,3.0,12.0,5.674802234018369e-30,5.585965701530941e-20,1.0,-10.0,0.0,-8.12,0.0,False
0.1,4.5,7.0,5.0,3.0,12.0,3.4641645765618506e-18,0.5259785668241679,1.115272271982669,-15.47044424876597,0.0,9.472038170147396,0.0,True
0.1,4.5,7.0,5.0,3.0,12.0,1.1431517904343105,-1.669397615730229e-20,0.2921521580145331,16.87678378367395,0.0,-20.3379922762803,0.0,True
0.1,4.5,7.0,5.0,5.0,8.0,1.3147560129201365e-30,1.3440919165685235e-20,1.0,-12.0,0.0,-8.12,0.0,False
0.1,4.5,7.0,5.0,5.0,8.0,-3.3758829122390068e-25,0.49386061342077137,1.1524364409302128,-18.610442432758965,0.0,9.992917437154183,0.0,True
0.1,4.5,7.0,5.0,5.0,8.0,2.4010164941759326e-25,-1.6079653733253536,2.61597040113334,-110.45727062954296,0.0,63.45010907141911,0.0,True
0.1,4.5,7.0,5.0,5.0,10.0,9.276933708214886e-31,1.4516514778352098e-20,1.0,-12.0,0.0,-8.12,0.0,False
0.1,4.5,7.0,5.0,5.0,10.0,2.3299982135363056e-17,0.5123140996718915,1.1312328683613104,-18.232878104011412,0.0,9.690659669688166,0.0,True
0.1,4.5,7.0,5.0,5.0,10.0,1.0269972520319428,-2.297350271025531e-23,0.10348514767101236,9.612758182961144,0.0,-19.236585751792344,0.0,True
0.1,4.5,7.0,5.0,5.0,10.0,-2.164062809977842e-22,-1.866975326809344,2.7427984354574284,-128.47746079579946,0.0,71.1081801540672,0.0,True
0.1,4.5,7.0,5.0,5.0,12.0,7.242914707280839e-31,1.5496375544225886e-20,1.0,-12.0,0.0,-8.12,0.0,False
0.1,4.5,7.0,5.0,5.0,12.0,7.67089353171077e-19,0.525978566824168,1.115272271982669,-17.958108730072738,0.0,9.4720381701474,0.0,True
0.1,4.5,7.0,5.0,5.0,12.0,1.0751554961449201,-9.114456744168948e-25,0.18119546686913768,13.586021721905047,0.0,-19.718203158140557,0.0,True
0.1,4.5,7.0,7.0,1.0,8.0,4.802407476400792e-22,0.3476502122487058,1.1057530863169989,-11.106152047235756,0.0,7.835401229014966,0.0,True
0.1,4.5,7.0,7.0,1.0,8.0,1.1206132818799368,-5.43966459303416e-20,0.29362705326678096,14.492475352767471,0.0,-19.862760721154547,0.0,True
0.1,4.5,7.0,7.0,1.0,8.0,8.23837639655577e-21,-1.0466728820401574,1.958583606748468,-42.695342334091514,0.0,38.83670364814349,0.0,True
0.1,4.5,7.0,7.0,1.0,8.0,-2.427244430775638e-31,2.2242128071350017e-22,1.0,-8.0,0.0,-6.119999999999999,0.0,False
0.1,4.5,7.0,7.0,1.0,10.0,3.1807376569490537e-24,0.3633133993182767,1.0923976382869411,-10.993343823400341,0.0,7.592850730798262,0.0,True
0.1,4.5,7.0,7.0,1.0,10.0,1.1778681860736844,-1.97605290270127e-18,0.37568194130596977,17.345412618234782,0.0,-20.248176315858437,0.0,True
0.1,4.5,7.0,7.0,1.0,12.0,-1.5582621896320317e-24,-1.3809945916235795,2.1125018695545865,-56.60363403151859,0.0,47.685894778775676,0.0,True
0.1,4.5,7.0,7.0,1.0,12.0,-7.221054000094303e-27,0.37522575580210227,1.082130047893401,-10.91114979570735,0.0,7.411472910614037,0.0,True
0.1,4.5,7.0,7.0,1.0,12.0,1.2236971919640471,-8.948337024380162e-22,0.43846194339223976,19.504985487075047,0.0,-20.534251552457963,0.0,True
0.1,4.5,7.0,7.0,3.0,8.0,8.708125092208018e-25,0.34765021224870585,1.1057530863169989,-13.551531823034892,0.0,7.83540122901497,0.0,True
0.1,4.5,7.0,7.0,3.0,8.0,1.0348624225844651,3.0805846652830993e-24,0.12986106013712218,9.881112318726686,0.0,-19.26695310243316,0.0,True
0.1,4.5,7.0,7.0,3.0,8.0,8.685413666135343e-31,1.6016160533466115e-18,1.0,-10.0,0.0,-6.119999999999999,0.0,False
0.1,4.5,7.0,7.0,3.0,8.0,4.372143039706501,4.485445229086373,3.072863298023117,4394.871580049971,0.0,133.2556269304023,0.0,True
0.1,4.5,7.0,7.0,3.0,10.0,7.68645047258742e-20,-1.2183580519353367,2.039077439900968,-57.847351975294586,0.0,43.34040460694768,0.0,True
0.1,4.5,7.0,7.0,3.0,10.0,-5.712748251526235e-26,0.3633133993182768,1.0923976382869411,-13.38000902367012,0.0,7.5928507307982676,0.0,True
0.1,4.5,7.0,7.0,3.0,10.0,1.0925872644092025,3.425274519034071e-23,0.22406449527303007,13.933551683012944,0.0,-19.75198525624903,0.0,True
0.1,4.5,7.0,7.0,3.0,10.0,-5.555024249726077e-32,2.4384624652277774e-19,1.0,-10.0,0.0,-6.119999999999998,0.0,False
0.1,4.5,7.0,7.0,3.0,12.0,-5.102155119743199e-27,-1.3809945916235797,2.1125018695545874,-65.52896232926187,0.0,47.68589477877573,0.0,True
0.1,4.5,7.0,7.0,3.0,12.0,-2.405303152008952e-27,0.3752257558021022,1.082130047893401,-13.253160676814902,0.0,7.411472910614034,0.0,True
0.1,4.5,7.0,7.0,3.0,12.0,1.1431517904343105,1.7006407282983685e-21,0.2921521580145331,16.87678378367395,0.0,-20.167286509415202,0.0,True
0.1,4.5,7.0,7.0,3.0,12.0,-2.0996615442198404e-32,4.860709492419002e-20,1.0,-10.0,0.0,-6.12,0.0,False
0.1,4.5,7.0,7.0,5.0,8.0,2.772986104662533e-25,0.34765021224870585,1.1057530863169989,-15.996911598834032,0.0,7.83540122901497,0.0,True
0.1,4.5,7.0,7.0,5.0,8.0,6.314676929556776e-24,6.478606003060758e-58,1.0,-12.0,0.0,-6.119999999999999,0.0,False
0.1,4.5,7.0,7.0,5.0,8.0,-5.555840494480099e-20,-1.0466728820401572,1.9585836067484677,-58.03954131258685,0.0,38.836703648143455,0.0,True
0.1,4.5,7.0,7.0,5.0,10.0,1.182140925698454e-18,-1.218358051935337,2.0390774399009683,-66.1630255871208,0.0,43.340404606947736,0.0,True
0.1,4.5,7.0,7.0,5.0,10.0,-2.2283064923342717e-26,0.36331339931827683,1.0923976382869411,-15.766674223939892,0.0,7.592850730798269,0.0,True
0.1,4.5,7.0,7.0,5.0,10.0,1.0269972520319428,-5.645960171289649e-23,0.10348514767101236,9.612758182961144,0.0,-19.21516740021536,0.0,True
0.1,4.5,7.0,7.0,5.0,10.0,-3.0188210395241333e-28,9.005529132441284e-18,1.0,-12.0,0.0,-6.119999999999998,0.0,False
0.1,4.5,7.0,7.0,5.0,12.0,-1.7707070733937826e-18,-1.3809945916235797,2.1125018695545874,-74.45429062700512,0.0,47.68589477877573,0.0,True
0.1,4.5,7.0,7.0,5.0,12.0,-8.911701557267505e-28,0.3752257558021022,1.082130047893401,-15.595171557922448,0.0,7.411472910614034,0.0,True
0.1,4.5,7.0,7.0,5.0,12.0,1.0751554961449201,-4.449574176026483e-24,0.18119546686913768,13.586021721905047,0.0,-19.652539563712708,0.0,True
0.1,4.5,7.0,7.0,5.0,12.0,-2.836399844086691e-28,7.799940169617578e-19,1.0,-12.0,0.0,-6.12,0.0,False
0.1,4.5,7.0,9.0,1.0,8.0,-1.9145725167195426e-24,0.22996952237441362,1.0594967288737553,-9.559896902136934,0.0,5.286517359887878,0.0,True
0.1,4.5,7.0,9.0,1.0,8.0,1.1206132818799368,2.575112660020942e-28,0.29362705326678096,14.492475352767471,0.0,-19.69032702833428,0.0,True
0.1,4.5,7.0,9.0,1.0,8.0,-1.1450754910569064e-29,1.8898372019298406e-19,1.0,-8.0,0.0,-4.119999999999999,0.0,False
0.1,4.5,7.0,9.0,1.0,8.0,3.0772449123454684,2.378186350508967,2.0361837165277654,1117.2146947233687,0.0,61.93135666227835,0.0,True
0.1,4.5,7.0,9.0,1.0,10.0,-2.922807461413602e-27,0.24065193207714458,1.0521220171712165,-9.490416254572025,0.0,5.131547335279803,0.0,True
0.1,4.5,7.0,9.0,1.0,10.0,1.1778681860736844,-3.4567927275947e-21,0.37568194130596977,17.345412618234782,0.0,-19.965902473811592,0.0,True
0.1,4.5,7.0,9.0,1.0,10.0,-1.9015211897545581e-28,8.997012167979582e-24,1.0,-8.0,0.0,-4.119999999999999,0.0,False
0.1,4.5,7.0,9.0,1.0,10.0,3.1176518223981398,2.4546164832909545,2.0487390734731874,1006.3965383739346,0.0,61.686059509291056,0.0,True
0.1,4.5,7.0,9.0,1.0,12.0,-7.564300129920346e-22,0.24883355495125042,1.0464386035522577,-9.438892801278854,0.0,5.014121549237498,0.0,True
0.1,4.5,7.0,9.0,1.0,12.0,1.2236971919640471,1.1691165223442274e-17,0.43846194339223976,19.504985487075047,0.0,-20.149753800851364,0.0,True
0.1,4.5,7.0,9.0,1.0,12.0,-1.8882700441227668e-34,1.6919888549051595e-23,1.0,-8.0,0.0,-4.119999999999999,0.0,False
0.1,4.5,7.0,9.0,1.0,12.0,3.1576226748921177,2.5299907217359294,2.061671930180098,938.7813791464375,0.0,61.54170504725238,0.0,True
0.1,4.5,7.0,9.0,3.0,8.0,-6.02662720421383e-29,0.2299695223744136,1.0594967288737553,-11.80496353912531,0.0,5.286517359887877,0.0,True
0.1,4.5,7.0,9.0,3.0,8.0,1.0348624225844651,3.614884163802689e-22,0.12986106013712218,9.881112318726686,0.0,-19.233225312553287,0.0,True
0.1,4.5,7.0,9.0,3.0,8.0,-1.3945959653861785e-29,9.533532941395813e-18,1.0,-10.0,0.0,-4.119999999999999,0.0,False
0.1,4.5,7.0,9.0,3.0,8.0,-6.584693919994342e-23,-0.7202329114875206,1.5835773776385145,-30.762513606500846,0.0,23.81958180116228,0.0,True
0.1,4.5,7.0,9.0,3.0,10.0,-8.830720387766605e-24,0.24065193207714455,1.0521220171712162,-11.704337732604884,0.0,5.131547335279802,0.0,True
0.1,4.5,7.0,9.0,3.0,10.0,1.0925872644092025,-4.244619657050021e-21,0.22406449527303007,13.933551683012944,0.0,-19.651575460165112,0.0,True
0.1,4.5,7.0,9.0,3.0,12.0,-1.0397257605034889e-26,0.2488335549512504,1.0464386035522577,-11.628960303287652,0.0,5.014121549237497,0.0,True
0.1,4.5,7.0,9.0,3.0,12.0,1.1431517904343105,-4.737406702981708e-19,0.2921521580145331,16.87678378367395,0.0,-19.996580742550105,0.0,True
0.1,4.5,7.0,9.0,5.0,8.0,1.3987319216200176e-21,0.22996952237441373,1.0594967288737556,-14.050030176113692,0.0,5.286517359887887,0.0,True
0.1,4.5,7.0,9.0,5.0,8.0,7.832052536590043e-35,1.8167944539176285e-22,1.0,-12.0,0.0,-4.119999999999999,0.0,False
0.1,4.5,7.0,9.0,5.0,8.0,-2.2938005314370437e-19,-0.7202329114875206,1.5835773776385145,-35.77794822843779,0.0,23.81958180116228,0.0,True
0.1,4.5,7.0,9.0,5.0,10.0,-3.4654990826309483e-28,0.24065193207714441,1.0521220171712162,-13.918259210637737,0.0,5.131547335279793,0.0,True
0.1,4.5,7.0,9.0,5.0,10.0,1.0269972520319428,2.5727137110279687e-21,0.10348514767101236,9.612758182961144,0.0,-19.193749048638377,0.0,True
0.1,4.5,7.0,9.0,5.0,10.0,-2.6205886368072595e-20,-0.8425586738439833,1.6389146069827587,-40.01305317058966,0.0,26.642183551119825,0.0,True
0.1,4.5,7.0,9.0,5.0,10.0,-7.48300218739109e-30,1.5405050250259902e-17,1.0,-12.0,0.0,-4.119999999999999,0.0,False
0.1,4.5,7.0,9.0,5.0,12.0,-1.4180841311291546e-23,0.24883355495125042,1.0464386035522577,-13.81902780529645,0.0,5.014121549237498,0.0,True
0.1,4.5,7.0,9.0,5.0,12.0,1.0751554961449201,-3.458760165624983e-23,0.18119546686913768,13.586021721905047,0.0,-19.586875969284858,0.0,True
0.1,4.5,7.0,9.0,5.0,12.0,1.1717979721019284e-35,5.799239256997506e-24,1.0,-12.0,0.0,-4.119999999999999,0.0,False
0.1,4.5,7.0,9.0,5.0,12.0,4.31994893553443,4.4545700910098995,2.6635085344722143,4050.3759657032306,0.0,131.25879774204554,0.0,True
0.1,5.0,3.0,5.0,1.0,8.0,9.004205898426369e-28,3.414763773567141e-18,1.0,-4.0,0.0,-8.12,0.0,False
0.1,5.0,3.0,5.0,1.0,8.0,-4.394827406697848e-23,0.49386061342077126,1.1524364409302128,-7.985564429687795,0.0,9.99291743715418,0.0,True
0.1,5.0,3.0,5.0,1.0,8.0,1.1801526710787993,1.0520117452493613e-25,0.5647623977954923,14.960404465006949,0.0,-19.672865083449814,0.0,True
0.1,5.0,3.0,5.0,1.0,8.0,3.083921196581524,2.699426353770315,2.582261041292056,707.7956532234725,0.0,59.92704615220384,0.0,True
0.1,5.0,3.0,5.0,1.0,10.0,1.9715455951200475e-27,1.5396471198235596e-18,1.0,-4.0,0.0,-8.12,0.0,False
0.1,5.0,3.0,5.0,1.0,10.0,-8.472715193024227e-25,0.5123140996718912,1.1312328683613102,-7.9953756843237525,0.0,9.690659669688161,0.0,True
0.1,5.0,3.0,5.0,1.0,10.0,1.2130684658584387,-8.884577815032216e-23,0.6321162242849634,16.160436571067155,0.0,-19.730625746710462,0.0,True
0.1,5.0,3.0,5.0,1.0,10.0,4.451565404111688,-4.491217704886257,6.131409599570873,2575.9633202496216,0.0,318.3996110416897,0.0,True
0.1,5.0,3.0,5.0,1.0,10.0,4.685311156663101e-26,-1.8669753268093439,2.742798435457428,-68.29391473541769,0.0,71.10818015406716,0.0,True
0.1,5.0,3.0,5.0,1.0,10.0,3.179888683426171,2.8820834656195196,2.6252795416532537,715.1450077584735,0.0,60.99852985194687,0.0,True
0.1,5.0,3.0,5.0,1.0,12.0,1.5028942320917297e-27,8.920926934696345e-19,1.0,-4.0,0.0,-8.12,0.0,False
0.1,5.0,3.0,5.0,1.0,12.0,1.8648461000846663e-17,0.5259785668241678,1.1152722719826689,-8.007450804845663,0.0,9.472038170147393,0.0,True
0.1,5.0,3.0,5.0,1.0,12.0,1.2373172780013753,-1.1501014157509278e-23,0.6810512403248474,17.022529985652913,0.0,-19.75692721193822,0.0,True
0.1,5.0,3.0,5.0,1.0,12.0,9.861809021152394e-28,-2.111263222509741,2.857263497800923,-81.50927782961774,0.0,78.43405048196509,0.0,True
0.1,5.0,3.0,5.0,1.0,12.0,3.27297067192595,3.0600221176566995,2.6698195212102043,736.7945141485242,0.0,62.257861486163875,0.0,True
0.1,5.0,3.0,5.0,3.0,8.0,8.601829058865321e-28,7.3708385466450755e-19,1.0,-6.0,0.0,-8.12,0.0,False
0.1,5.0,3.0,5.0,3.0,8.0,-8.885259075309965e-24,0.49386061342077137,1.1524364409302128,-10.641783930455588,0.0,9.992917437154183,0.0,True
0.1,5.0,3.0,5.0,3.0,8.0,1.1000741403744836,-2.29554623290999e-22,0.3192832481946293,13.224283854970535,0.0,-19.68974525588729,0.0,True
0.1,5.0,3.0,5.0,3.0,10.0,3.77231513021139e-28,3.87694677261634e-19,1.0,-6.0,0.0,-8.12,0.0,False
0.1,5.0,3.0,5.0,3.0,10.0,-1.7990673057618558e-25,0.5123140996718912,1.1312328683613102,-10.554751289245667,0.0,9.690659669688161,0.0,True
0.1,5.0,3.0,5.0,3.0,10.0,1.1483248502338774,2.6744287759778733e-17,0.40660751725090427,15.549102307647308,0.0,-20.00745391031352,0.0,True
0.1,5.0,3.0,5.0,3.0,10.0,4.063979776582829,4.395293528345829,3.2271333691459647,2064.569753746807,0.0,111.23399939384387,0.0,True
0.1,5.0,3.0,5.0,3.0,12.0,2.137415830097912e-28,2.5529317250489574e-19,1.0,-6.0,0.0,-8.12,0.0,False
0.1,5.0,3.0,5.0,3.0,12.0,9.348983053073368e-18,0.5259785668241677,1.1152722719826689,-10.495115286152428,0.0,9.472038170147385,0.0,True
0.1,5.0,3.0,5.0,3.0,12.0,1.186601811619475,5.131082018048929e-22,0.47199105274801745,17.277275736866155,0.0,-20.243061807760018,0.0,True
0.1,5.0,3.0,5.0,5.0,8.0,6.862605985524275e-29,1.3748213532074417e-19,1.0,-8.0,0.0,-8.12,0.0,False
0.1,5.0,3.0,5.0,5.0,8.0,-1.9880793647289417e-24,0.49386061342077126,1.1524364409302128,-13.298003431223378,0.0,9.99291743715418,0.0,True
0.1,5.0,3.0,5.0,5.0,8.0,1.0292240497936214,5.317234023547538e-18,0.13931700745271391,9.6328012387523,0.0,-19.21987140351256,0.0,True
0.1,5.0,3.0,5.0,5.0,8.0,-3.239100742160925e-23,-1.6079653733253536,2.61597040113334,-83.08406607112006,0.0,63.45010907141911,0.0,True
0.1,5.0,3.0,5.0,5.0,10.0,3.438272451748389e-29,9.333608521677658e-20,1.0,-8.0,0.0,-8.12,0.0,False
0.1,5.0,3.0,5.0,5.0,10.0,-3.7718829515318696e-26,0.5123140996718912,1.1312328683613102,-13.114126894167583,0.0,9.690659669688161,0.0,True
0.1,5.0,3.0,5.0,5.0,10.0,1.0797949618299219,-5.918716875651047e-25,0.24212784626436645,13.204605502225801,0.0,-19.6477199139376,0.0,True
0.1,5.0,3.0,5.0,5.0,12.0,2.1722413379466728e-29,7.399992818140191e-20,1.0,-8.0,0.0,-8.12,0.0,False
0.1,5.0,3.0,5.0,5.0,12.0,2.5041641934366426e-18,0.525978566824168,1.115272271982669,-12.982779767459203,0.0,9.4720381701474,0.0,True
0.1,5.0,3.0,5.0,5.0,12.0,1.124306058915322,-1.7551133585227913e-20,0.3152986048550773,15.769856972140738,0.0,-20.017709016447373,0.0,True
0.1,5.0,3.0,7.0,1.0,8.0,-4.396173684746147e-18,0.3476502122487061,1.105753086316999,-6.215392495637488,0.0,7.835401229014984,0.0,True
0.1,5.0,3.0,7.0,1.0,8.0,1.1801526710787993,-9.394412149417134e-23,0.5647623977954923,14.960404465006949,0.0,-19.034951951522388,0.0,True
0.1,5.0,3.0,7.0,1.0,8.0,8.41316072446727e-27,-1.6501563437992187e-25,1.0,-4.0,0.0,-6.119999999999999,0.0,False
0.1,5.0,3.0,7.0,1.0,8.0,2.523775206008096,1.830308182031301,1.9408241327902578,395.1242109688987,0.0,41.46440382406104,0.0,True
0.1,5.0,3.0,7.0,1.0,8.0,3.0552408678721914e-22,-1.0466728820401572,1.9585836067484677,-27.351143355596154,0.0,38.836703648143455,0.0,True
0.1,5.0,3.0,7.0,1.0,10.0,4.186563710098432e-23,0.3633133993182767,1.0923976382869411,-6.220013422860796,0.0,7.592850730798262,0.0,True
0.1,5.0,3.0,7.0,1.0,10.0,1.2130684658584387,2.769308472100248e-25,0.6321162242849634,16.160436571067155,0.0,-18.931483904701906,0.0,True
0.1,5.0,3.0,7.0,1.0,10.0,-4.398618688848375e-27,-1.5001860587374103e-25,1.0,-4.0,0.0,-6.119999999999998,0.0,False
0.1,5.0,3.0,7.0,1.0,10.0,2.3411798167931084e-24,-1.218358051935337,2.0390774399009683,-32.90033113981609,0.0,43.340404606947736,0.0,True
0.1,5.0,3.0,7.0,1.0,10.0,2.5816853550861083,1.9347494147403357,1.9540038903201289,386.32535128540644,0.0,41.272486363559764,0.0,True
0.1,5.0,3.0,7.0,1.0,12.0,-1.8313938395816813e-25,-1.3809945916235795,2.1125018695545865,-38.7529774360321,0.0,47.685894778775676,0.0,True
0.1,5.0,3.0,7.0,1.0,12.0,-8.661975003619359e-26,0.3752257558021022,1.082130047893401,-6.227128033492254,0.0,7.411472910614034,0.0,True
0.1,5.0,3.0,7.0,1.0,12.0,1.2373172780013753,1.8230588456976428e-22,0.6810512403248474,17.022529985652913,0.0,-18.829265628042194,0.0,True
0.1,5.0,3.0,7.0,1.0,12.0,1.3528495491322609e-18,2.7074432085860898e-17,1.0,-4.0,0.0,-6.12,0.0,False
0.1,5.0,3.0,7.0,1.0,12.0,2.63803408125985,2.0360134172384905,1.9682829092920695,386.8247762764912,0.0,41.20031781956658,0.0,True
0.1,5.0,3.0,7.0,3.0,8.0,3.3697884884296313e-23,0.34765021224870585,1.1057530863169989,-8.66077227143662,0.0,7.83540122901497,0.0,True
0.1,5.0,3.0,7.0,3.0,8.0,1.1000741403744836,-2.0325215116658477e-19,0.3192832481946293,13.224283854970535,0.0,-19.485861670731865,0.0,True
0.1,5.0,3.0,7.0,3.0,8.0,-6.206260655754471e-19,-1.0466728820401574,1.958583606748468,-35.023242844843836,0.0,38.83670364814349,0.0,True
0.1,5.0,3.0,7.0,3.0,10.0,-3.0985787407072684e-18,0.3633133993182774,1.0923976382869414,-8.606678623130579,0.0,7.592850730798296,0.0,True
0.1,5.0,3.0,7.0,3.0,10.0,1.1483248502338774,-1.0894521327370136e-18,0.40660751725090427,15.549102307647308,0.0,-19.67679456414363,0.0,True
0.1,5.0,3.0,7.0,3.0,10.0,-2.369769057387855e-21,-1.218358051935337,2.0390774399009683,-41.21600475164227,0.0,43.340404606947736,0.0,True
0.1,5.0,3.0,7.0,3.0,12.0,-1.472751541050724e-26,-1.3809945916235795,2.1125018695545865,-47.678305733775346,0.0,47.685894778775676,0.0,True
0.1,5.0,3.0,7.0,3.0,12.0,-1.742868916503669e-26,0.3752257558021024,1.082130047893401,-8.569138914599804,0.0,7.411472910614041,0.0,True
0.1,5.0,3.0,7.0,3.0,12.0,1.186601811619475,-2.3717010345427266e-22,0.47199105274801745,17.277275736866155,0.0,-19.797510700011653,0.0,True
0.1,5.0,3.0,7.0,3.0,12.0,6.990418336412716e-24,-7.315927034788048e-25,1.0,-6.0,0.0,-6.12,0.0,False
0.1,5.0,3.0,7.0,5.0,8.0,3.4364660739052996e-27,0.34765021224870585,1.1057530863169989,-11.106152047235756,0.0,7.83540122901497,0.0,True
0.1,5.0,3.0,7.0,5.0,8.0,1.0292240497936214,5.027053998182684e-18,0.13931700745271391,9.6328012387523,0.0,-19.181052946381403,0.0,True
0.1,5.0,3.0,7.0,5.0,8.0,-2.4937249068717032e-26,-1.0466728820401574,1.958583606748468,-42.695342334091514,0.0,38.83670364814349,0.0,True
0.1,5.0,3.0,7.0,5.0,8.0,1.1874828885679058e-30,5.858640984087323e-21,1.0,-8.0,0.0,-6.119999999999999,0.0,False
0.1,5.0,3.0,7.0,5.0,10.0,-5.273549035354396e-23,-1.2183580519353372,2.039077439900969,-49.53167836346846,0.0,43.340404606947764,0.0,True
0.1,5.0,3.0,7.0,5.0,10.0,-1.0942659394869977e-25,0.3633133993182769,1.0923976382869411,-10.993343823400346,0.0,7.592850730798272,0.0,True
0.1,5.0,3.0,7.0,5.0,10.0,1.0797949618299219,-3.445714457290981e-22,0.24212784626436645,13.204605502225801,0.0,-19.530468126064356,0.0,True
0.1,5.0,3.0,7.0,5.0,10.0,-1.7462050508719356e-28,1.2011709911720607e-18,1.0,-8.0,0.0,-6.119999999999998,0.0,False
0.1,5.0,3.0,7.0,5.0,12.0,-1.5196899205926003e-22,-1.3809945916235797,2.1125018695545874,-56.60363403151862,0.0,47.68589477877573,0.0,True
0.1,5.0,3.0,7.0,5.0,12.0,-4.792806089099899e-27,0.3752257558021023,1.082130047893401,-10.911149795707352,0.0,7.411472910614039,0.0,True
0.1,5.0,3.0,7.0,5.0,12.0,1.124306058915322,4.069701855598991e-22,0.3152986048550773,15.769856972140738,0.0,-19.818882596000257,0.0,True
0.1,5.0,3.0,7.0,5.0,12.0,3.1705328968123323e-27,1.436356172005268e-17,1.0,-8.0,0.0,-6.12,0.0,False
0.1,5.0,3.0,9.0,1.0,8.0,5.1118353063796356e-20,0.22996952237441384,1.0594967288737556,-5.069763628160185,0.0,5.286517359887892,0.0,True
0.1,5.0,3.0,9.0,1.0,8.0,1.1801526710787993,9.563404634382179e-25,0.5647623977954923,14.960404465006949,0.0,-18.397038819594957,0.0,True
0.1,5.0,3.0,9.0,1.0,8.0,8.226163182444223e-29,3.1020437324385934e-19,1.0,-4.0,0.0,-4.119999999999999,0.0,False
0.1,5.0,3.0,9.0,1.0,8.0,2.2109736422518753,1.3813779427460218,1.619104258689472,271.9283261653032,0.0,32.51435082644454,0.0,True
0.1,5.0,3.0,9.0,1.0,10.0,-6.147645288533707e-22,0.2406519320771445,1.0521220171712162,-5.062573298506306,0.0,5.131547335279796,0.0,True
0.1,5.0,3.0,9.0,1.0,10.0,1.2130684658584387,2.1541239356557442e-24,0.6321162242849634,16.160436571067155,0.0,-18.13234206269335,0.0,True
0.1,5.0,3.0,9.0,1.0,10.0,2.423468426947915e-28,1.0725987090348093e-18,1.0,-4.0,0.0,-4.119999999999999,0.0,False
0.1,5.0,3.0,9.0,1.0,10.0,2.2485513867166174,1.447904525390345,1.6227889285049504,259.0288059170355,0.0,31.94474895332003,0.0,True
0.1,5.0,3.0,9.0,1.0,12.0,-2.2661461778054606e-25,0.24883355495125045,1.0464386035522577,-5.058757797261257,0.0,5.014121549237499,0.0,True
0.1,5.0,3.0,9.0,1.0,12.0,1.2373172780013753,-6.316536274710382e-23,0.6810512403248474,17.022529985652913,0.0,-17.90160404414617,0.0,True
0.1,5.0,3.0,9.0,1.0,12.0,4.456047704970566e-28,2.3089910830011206e-18,1.0,-4.0,0.0,-4.119999999999999,0.0,False
0.1,5.0,3.0,9.0,1.0,12.0,2.2851945936457176,1.5122200597448687,1.627166646231994,253.4925825595724,0.0,31.475624471073218,0.0,True
0.1,5.0,3.0,9.0,3.0,8.0,-1.765274673949677e-24,0.22996952237441368,1.0594967288737553,-7.314830265148558,0.0,5.286517359887881,0.0,True
0.1,5.0,3.0,9.0,3.0,8.0,1.1000741403744836,1.3843148024530053e-26,0.3192832481946293,13.224283854970535,0.0,-19.281978085576437,0.0,True
0.1,5.0,3.0,9.0,3.0,8.0,7.0943131726860455e-28,-0.7202329114875208,1.5835773776385147,-20.73164436262696,0.0,23.819581801162307,0.0,True
0.1,5.0,3.0,9.0,3.0,8.0,2.7048832621858123,2.0862556691446934,1.781049234263378,708.1379291618159,0.0,51.017601539547684,0.0,True
0.1,5.0,3.0,9.0,3.0,8.0,-3.0885289905256356e-29,5.028803046243404e-22,1.0,-6.0,0.0,-4.119999999999999,0.0,False
0.1,5.0,3.0,9.0,3.0,10.0,-3.0077247941495462e-27,0.24065193207714444,1.0521220171712162,-7.276494776539164,0.0,5.131547335279793,0.0,True
0.1,5.0,3.0,9.0,3.0,10.0,1.1483248502338772,-9.412257161280755e-21,0.4066075172509046,15.5491023076473,0.0,-19.34613521797374,0.0,True
0.1,5.0,3.0,9.0,3.0,10.0,5.92930010102686e-21,7.333929721863565e-17,1.0,-6.0,0.0,-4.119999999999997,0.0,False
0.1,5.0,3.0,9.0,3.0,10.0,1.1266345345814287e-21,-0.8425586738439835,1.638914606982759,-23.896806636700973,0.0,26.642183551119857,0.0,True
0.1,5.0,3.0,9.0,3.0,10.0,2.740768809522538,2.1524915190583473,1.7895816153930852,644.6871891165026,0.0,50.230681331226435,0.0,True
0.1,5.0,3.0,9.0,3.0,12.0,-1.7246113965523252e-21,0.24883355495125045,1.0464386035522577,-7.248825299270055,0.0,5.014121549237499,0.0,True
0.1,5.0,3.0,9.0,3.0,12.0,1.186601811619475,-2.180819881678968e-21,0.47199105274801745,17.277275736866155,0.0,-19.35195959226329,0.0,True
0.1,5.0,3.0,9.0,3.0,12.0,2.3121316939165284e-20,4.266781729952871e-17,1.0,-6.0,0.0,-4.119999999999997,0.0,False
0.1,5.0,3.0,9.0,3.0,12.0,-1.6772780054828956e-20,-0.9591454835112669,1.6899700439050465,-27.218754737377626,0.0,29.393044650421803,0.0,True
0.1,5.0,3.0,9.0,3.0,12.0,2.7761414314864656,2.217674854437705,1.7984508521480769,607.0201609786571,0.0,49.57379889890251,0.0,True
0.1,5.0,3.0,9.0,5.0,8.0,5.888553862599094e-20,0.2299695223744141,1.0594967288737556,-9.55989690213694,0.0,5.286517359887904,0.0,True
0.1,5.0,3.0,9.0,5.0,8.0,1.0292240497936214,-2.344300432205027e-23,0.13931700745271391,9.6328012387523,0.0,-19.142234489250242,0.0,True
0.1,5.0,3.0,9.0,5.0,8.0,-1.5097964688814253e-23,-0.7202329114875207,1.5835773776385147,-25.747078984563906,0.0,23.8195818011623,0.0,True
0.1,5.0,3.0,9.0,5.0,10.0,-9.356404673231404e-24,0.24065193207714453,1.0521220171712162,-9.490416254572022,0.0,5.131547335279797,0.0,True
0.1,5.0,3.0,9.0,5.0,10.0,1.0797949618299219,-2.9506101944231194e-20,0.24212784626436645,13.204605502225801,0.0,-19.413216338191116,0.0,True
0.1,5.0,3.0,9.0,5.0,12.0,-1.1244947195965176e-26,0.24883355495125045,1.0464386035522577,-9.438892801278854,0.0,5.014121549237499,0.0,True
0.1,5.0,3.0,9.0,5.0,12.0,1.124306058915322,-2.443717039596141e-18,0.3152986048550773,15.769856972140738,0.0,-19.62005617555314,0.0,True
0.1,5.0,3.0,9.0,5.0,12.0,1.7735119595219948e-24,7.924727096203437e-17,1.0,-8.0,0.0,-4.119999999999997,0.0,False
0.1,5.0,5.0,5.0,1.0,8.0,1.3494043562788723e-27,1.202013112734428e-18,1.0,-6.0,0.0,-8.12,0.0,False
0.1,5.0,5.0,5.0,1.0,8.0,-1.542572692860272e-23,0.49386061342077126,1.1524364409302128,-10.641783930455587,0.0,9.99291743715418,0.0,True
0.1,5.0,5.0,5.0,1.0,8.0,1.1543342636120595,-1.7643601165536632e-18,0.417036678434902,15.825748839040122,0.0,-20.045454458270374,0.0,True
0.1,5.0,5.0,5.0,1.0,10.0,5.714329478529176e-28,5.941109784481673e-19,1.0,-6.0,0.0,-8.12,0.0,False
0.1,5.0,5.0,5.0,1.0,10.0,-3.6075802347876017e-25,0.5123140996718912,1.1312328683613102,-10.554751289245667,0.0,9.690659669688161,0.0,True
0.1,5.0,5.0,5.0,1.0,10.0,1.2006330110866508,2.8086102150852866e-19,0.4954681304411508,17.893553053250344,0.0,-20.325446478355087,0.0,True
0.1,5.0,5.0,5.0,1.0,12.0,3.092219674152189e-28,3.706014099558805e-19,1.0,-6.0,0.0,-8.12,0.0,False
0.1,5.0,5.0,5.0,1.0,12.0,2.4553270778402362e-17,0.5259785668241678,1.1152722719826689,-10.49511528615243,0.0,9.472038170147393,0.0,True
0.1,5.0,5.0,5.0,1.0,12.0,1.2362149339855715,-4.2460050892816497e-23,0.5542670191223893,19.424731957531616,0.0,-20.524070431168266,0.0,True
0.1,5.0,5.0,5.0,3.0,8.0,1.3151809663531e-28,2.6405599110333294e-19,1.0,-8.0,0.0,-8.12,0.0,False
0.1,5.0,5.0,5.0,3.0,8.0,-3.545947123908363e-24,0.4938606134207715,1.152436440930213,-13.298003431223385,0.0,9.99291743715419,0.0,True
0.1,5.0,5.0,5.0,3.0,8.0,1.0664531075952295,4.913279755579846e-25,0.21809096639407854,12.36375619124238,0.0,-19.53551670147869,0.0,True
0.1,5.0,5.0,5.0,3.0,8.0,6.7010420682723025e-25,-1.6079653733253538,2.6159704011333402,-83.08406607112009,0.0,63.45010907141916,0.0,True
0.1,5.0,5.0,5.0,3.0,10.0,5.91803244059334e-29,1.5993695794369338e-19,1.0,-8.0,0.0,-8.12,0.0,False
0.1,5.0,5.0,5.0,3.0,10.0,-7.63663948351154e-26,0.5123140996718911,1.1312328683613102,-13.114126894167581,0.0,9.690659669688154,0.0,True
0.1,5.0,5.0,5.0,3.0,10.0,1.1205470340037136,-1.0959521923074635e-20,0.3094058895220143,15.5633480631329,0.0,-19.986750061820395,0.0,True
0.1,5.0,5.0,5.0,3.0,12.0,3.447877425492913e-29,1.1672450879237547e-19,1.0,-8.0,0.0,-8.12,0.0,False
0.1,5.0,5.0,5.0,3.0,12.0,6.3328554786268836e-18,0.5259785668241679,1.115272271982669,-12.982779767459201,0.0,9.472038170147396,0.0,True
0.1,5.0,5.0,5.0,3.0,12.0,1.165348704573293,2.5429460187887932e-17,0.3775660985101177,17.945952674932002,0.0,-20.351739185295557,0.0,True
0.1,5.0,5.0,5.0,3.0,12.0,-3.620702423186365e-23,-2.1112632225097405,2.857263497800923,-114.16509661307995,0.0,78.43405048196502,0.0,True
0.1,5.0,5.0,5.0,5.0,8.0,1.0405986063987598e-29,4.447892284975734e-20,1.0,-10.0,0.0,-8.12,0.0,False
0.1,5.0,5.0,5.0,5.0,8.0,-8.472137352411153e-25,0.49386061342077137,1.1524364409302128,-15.954222931991172,0.0,9.992917437154183,0.0,True
0.1,5.0,5.0,5.0,5.0,8.0,1.0054132767302353,2.7730491346488604e-23,0.052322634038660665,7.125855377785236,0.0,-19.01981847343504,0.0,True
0.1,5.0,5.0,5.0,5.0,8.0,-5.941747669778974e-25,-1.6079653733253538,2.6159704011333402,-96.77066835033156,0.0,63.45010907141916,0.0,True
0.1,5.0,5.0,5.0,5.0,10.0,5.980430765232164e-30,3.7211660127409875e-20,1.0,-10.0,0.0,-8.12,0.0,False
0.1,5.0,5.0,5.0,5.0,10.0,4.605384970415125e-17,0.5123140996718916,1.1312328683613104,-15.673502499089507,0.0,9.690659669688175,0.0,True
0.1,5.0,5.0,5.0,5.0,10.0,1.0519636265202363,4.9317312967147524e-17,0.17002939635879455,12.105950861255543,0.0,-19.44922073027072,0.0,True
0.1,5.0,5.0,5.0,5.0,12.0,4.126574235115313e-30,3.3865435053058715e-20,1.0,-10.0,0.0,-8.12,0.0,False
0.1,5.0,5.0,5.0,5.0,12.0,1.4578588871249489e-18,0.5259785668241678,1.1152722719826689,-15.470444248765968,0.0,9.472038170147393,0.0,True
0.1,5.0,5.0,5.0,5.0,12.0,1.0987865482240369,-1.3771769600280138e-23,0.2454175759011914,15.371670485819346,0.0,-19.881742556758763,0.0,True
0.1,5.0,5.0,5.0,5.0,12.0,-4.904569128812492e-25,-2.1112632225097405,2.857263497800923,-130.4930060048111,0.0,78.43405048196502,0.0,True
0.1,5.0,5.0,7.0,1.0,8.0,3.77014218203308e-24,0.3476502122487059,1.1057530863169989,-8.66077227143662,0.0,7.8354012290149715,0.0,True
0.1,5.0,5.0,7.0,1.0,8.0,1.1543342636120595,-4.437336180006754e-21,0.417036678434902,15.825748839040122,0.0,-19.69761527595034,0.0,True
0.1,5.0,5.0,7.0,1.0,8.0,3.1343693206981835e-19,1.2407245450164503e-17,1.0,-6.0,0.0,-6.119999999999999,0.0,False
0.1,5.0,5.0,7.0,1.0,8.0,2.9339974124204806,2.3704919445369295,2.1506789446857555,782.7582797283301,0.0,56.18819531122762,0.0,True
0.1,5.0,5.0,7.0,1.0,8.0,9.216646919818829e-24,-1.0466728820401574,1.958583606748468,-35.023242844843836,0.0,38.83670364814349,0.0,True
0.1,5.0,5.0,7.0,1.0,10.0,9.656392067180126e-23,0.3633133993182769,1.0923976382869411,-8.606678623130572,0.0,7.592850730798272,0.0,True
0.1,5.0,5.0,7.0,1.0,10.0,1.2006330110866508,-7.546986841861279e-22,0.4954681304411508,17.893553053250344,0.0,-19.834469141789388,0.0,True
0.1,5.0,5.0,7.0,1.0,10.0,1.7310367319866583e-19,1.0279803916307732e-17,1.0,-6.0,0.0,-6.119999999999998,0.0,False
0.1,5.0,5.0,7.0,1.0,10.0,2.989207629054185,2.477062795506947,2.167711277660774,737.4759350440693,0.0,56.03100189495211,0.0,True
0.1,5.0,5.0,7.0,1.0,12.0,-1.4598285203090064e-25,-1.3809945916235795,2.1125018695545865,-47.678305733775346,0.0,47.685894778775676,0.0,True
0.1,5.0,5.0,7.0,1.0,12.0,-2.243917926389079e-26,0.3752257558021022,1.082130047893401,-8.569138914599803,0.0,7.411472910614034,0.0,True
0.1,5.0,5.0,7.0,1.0,12.0,1.2362149339855715,8.097256540620868e-19,0.5542670191223893,19.424731957531616,0.0,-19.90964657419463,0.0,True
0.1,5.0,5.0,7.0,1.0,12.0,1.2808011921484386e-23,1.3981198365550475e-23,1.0,-6.0,0.0,-6.12,0.0,False
0.1,5.0,5.0,7.0,1.0,12.0,3.0433931254654887,2.5813749073490952,2.18555240663198,715.7205362674896,0.0,56.014418881670906,0.0,True
0.1,5.0,5.0,7.0,3.0,8.0,-6.053045351312512e-20,0.3476502122487058,1.1057530863169989,-11.106152047235756,0.0,7.835401229014966,0.0,True
0.1,5.0,5.0,7.0,3.0,8.0,1.0664531075952295,-1.6043672599009824e-22,0.21809096639407854,12.36375619124238,0.0,-19.440389362233283,0.0,True
0.1,5.0,5.0,7.0,3.0,8.0,-1.305134593539447e-28,2.594651370880765e-19,1.0,-8.0,0.0,-6.119999999999999,0.0,False
0.1,5.0,5.0,7.0,3.0,10.0,-1.995669439229177e-18,0.3633133993182775,1.0923976382869416,-10.993343823400357,0.0,7.592850730798306,0.0,True
0.1,5.0,5.0,7.0,3.0,10.0,1.1205470340037136,4.1992372338573504e-23,0.3094058895220143,15.5633480631329,0.0,-19.795286052878577,0.0,True
0.1,5.0,5.0,7.0,3.0,10.0,4.14651465172108e-28,4.6079696358257755e-18,1.0,-8.0,0.0,-6.119999999999998,0.0,False
0.1,5.0,5.0,7.0,3.0,12.0,-8.964198808373621e-24,-1.3809945916235795,2.1125018695545865,-56.60363403151859,0.0,47.685894778775676,0.0,True
0.1,5.0,5.0,7.0,3.0,12.0,-6.209366081795599e-27,0.37522575580210227,1.082130047893401,-10.91114979570735,0.0,7.411472910614037,0.0,True
0.1,5.0,5.0,7.0,3.0,12.0,1.165348704573293,-3.2813506301524247e-18,0.3775660985101177,17.945952674932002,0.0,-20.066626867807255,0.0,True
0.1,5.0,5.0,7.0,3.0,12.0,-2.8366203630653232e-28,1.1176200495127965e-18,1.0,-8.0,0.0,-6.12,0.0,False
0.1,5.0,5.0,7.0,5.0,8.0,1.6420787239206366e-22,0.3476502122487058,1.1057530863169989,-13.551531823034892,0.0,7.835401229014966,0.0,True
0.1,5.0,5.0,7.0,5.0,8.0,1.0054132767302353,1.277479380918087e-21,0.052322634038660665,7.125855377785236,0.0,-19.014343157369552,0.0,True
0.1,5.0,5.0,7.0,5.0,8.0,3.202178236914548e-27,2.0650622101824368e-17,1.0,-10.0,0.0,-6.119999999999999,0.0,False
0.1,5.0,5.0,7.0,5.0,8.0,3.5185266343872426e-23,-1.0466728820401572,1.9585836067484677,-50.36744182333917,0.0,38.836703648143455,0.0,True
0.1,5.0,5.0,7.0,5.0,10.0,-7.138623212398398e-25,-1.2183580519353372,2.039077439900969,-57.84735197529464,0.0,43.340404606947764,0.0,True
0.1,5.0,5.0,7.0,5.0,10.0,-4.919864155688596e-26,0.36331339931827683,1.0923976382869411,-13.38000902367012,0.0,7.592850730798269,0.0,True
0.1,5.0,5.0,7.0,5.0,10.0,1.0519636265202363,-6.936625886633792e-25,0.17002939635879455,12.105950861255543,0.0,-19.391400739018447,0.0,True
0.1,5.0,5.0,7.0,5.0,10.0,-6.915802578000681e-28,1.684711480920294e-21,1.0,-10.0,0.0,-6.119999999999998,0.0,False
0.1,5.0,5.0,7.0,5.0,12.0,-1.8948473618755358e-17,-1.3809945916235795,2.1125018695545865,-65.52896232926184,0.0,47.685894778775676,0.0,True
0.1,5.0,5.0,7.0,5.0,12.0,-2.0505545599726006e-27,0.37522575580210216,1.082130047893401,-13.253160676814899,0.0,7.41147291061403,0.0,True
0.1,5.0,5.0,7.0,5.0,12.0,1.0987865482240369,-4.025348624519483e-23,0.2454175759011914,15.371670485819346,0.0,-19.76128298363633,0.0,True
0.1,5.0,5.0,7.0,5.0,12.0,1.6842153920163505e-32,2.7768605161124357e-22,1.0,-10.0,0.0,-6.12,0.0,False
0.1,5.0,5.0,7.0,5.0,12.0,4.352797388863858,4.85935761252646,2.9326797109318195,3595.6111606495056,0.0,133.7346687488191,0.0,True
0.1,5.0,5.0,9.0,1.0,8.0,-2.0384714295759107e-26,0.22996952237441373,1.0594967288737556,-7.3148302651485615,0.0,5.286517359887887,0.0,True
0.1,5.0,5.0,9.0,1.0,8.0,1.1543342636120597,-1.735364049813047e-19,0.41703667843490166,15.825748839040134,0.0,-19.349776093630318,0.0,True
0.1,5.0,5.0,9.0,1.0,8.0,9.141620567933793e-23,9.7462284255422e-19,1.0,-6.0,0.0,-4.119999999999999,0.0,False
0.1,5.0,5.0,9.0,1.0,8.0,2.542371345634519,1.7831443589111329,1.749206504448399,520.3254937956602,0.0,43.332984726500456,0.0,True
0.1,5.0,5.0,9.0,1.0,10.0,1.4926934595852544e-20,0.24065193207714453,1.0521220171712162,-7.276494776539164,0.0,5.131547335279797,0.0,True
0.1,5.0,5.0,9.0,1.0,10.0,1.2006330110866508,-5.790521393417423e-22,0.4954681304411508,17.893553053250344,0.0,-19.343491805223692,0.0,True
0.1,5.0,5.0,9.0,1.0,10.0,7.085993568245673e-24,3.3375321805853104e-21,1.0,-6.0,0.0,-4.119999999999999,0.0,False
0.1,5.0,5.0,9.0,1.0,10.0,2.5780317841814435,1.850320452274658,1.7551304404078902,480.0716240050517,0.0,42.6538982457445,0.0,True
0.1,5.0,5.0,9.0,1.0,12.0,-7.816707851687206e-23,0.2488335549512505,1.0464386035522577,-7.248825299270055,0.0,5.014121549237501,0.0,True
0.1,5.0,5.0,9.0,1.0,12.0,1.2362149339855715,-1.678481585585903e-19,0.5542670191223893,19.424731957531616,0.0,-19.29522271722099,0.0,True
0.1,5.0,5.0,9.0,1.0,12.0,8.906456556694159e-25,-1.9610861099481375e-24,1.0,-6.0,0.0,-4.119999999999999,0.0,False
0.1,5.0,5.0,9.0,1.0,12.0,-1.5688998968974029e-21,-0.9591454835112667,1.689970043905046,-27.218754737377616,0.0,29.393044650421768,0.0,True
0.1,5.0,5.0,9.0,1.0,12.0,2.6131134538819674,1.915963024755775,1.7615801733396155,457.22794952698075,0.0,42.09094705626882,0.0,True
0.1,5.0,5.0,9.0,3.0,8.0,-6.729241005734695e-23,0.22996952237441376,1.0594967288737556,-9.559896902136938,0.0,5.286517359887888,0.0,True
0.1,5.0,5.0,9.0,3.0,8.0,1.0664531075952295,5.967230350885412e-21,0.21809096639407854,12.36375619124238,0.0,-19.34526202298788,0.0,True
0.1,5.0,5.0,9.0,3.0,8.0,2.037201195508487e-18,-0.7202329114875204,1.5835773776385142,-25.747078984563892,0.0,23.819581801162265,0.0,True
0.1,5.0,5.0,9.0,3.0,8.0,3.035158632672783,2.5416407649572643,1.9340508015810345,1222.2658623824705,0.0,64.15208932970972,0.0,True
0.1,5.0,5.0,9.0,3.0,8.0,4.020057261111622e-24,4.777367234857353e-17,1.0,-8.0,0.0,-4.119999999999997,0.0,False
0.1,5.0,5.0,9.0,3.0,10.0,-2.040355697803741e-25,0.2406519320771446,1.0521220171712165,-9.490416254572025,0.0,5.131547335279804,0.0,True
0.1,5.0,5.0,9.0,3.0,10.0,1.1205470340037136,-3.0292600805644977e-26,0.3094058895220143,15.5633480631329,0.0,-19.60382204393676,0.0,True
0.1,5.0,5.0,9.0,3.0,10.0,3.0701940802815457,2.609539974691835,1.9443785617354812,1091.2068757936759,0.0,63.427714594439635,0.0,True
0.1,5.0,5.0,9.0,3.0,10.0,8.657432890438516e-26,-0.8425586738439836,1.6389146069827591,-29.268888814663885,0.0,26.642183551119878,0.0,True
0.1,5.0,5.0,9.0,3.0,12.0,1.918514503635417e-19,0.24883355495125084,1.046438603552258,-9.438892801278858,0.0,5.014121549237517,0.0,True
0.1,5.0,5.0,9.0,3.0,12.0,1.165348704573293,-1.3627071087758647e-25,0.3775660985101177,17.945952674932002,0.0,-19.78151455031895,0.0,True
0.1,5.0,5.0,9.0,3.0,12.0,1.7051327073965323e-25,-0.9591454835112668,1.6899700439050465,-32.930752235970466,0.0,29.39304465042178,0.0,True
0.1,5.0,5.0,9.0,5.0,8.0,-8.042878197797073e-26,0.22996952237441376,1.0594967288737556,-11.804963539125314,0.0,5.286517359887888,0.0,True
0.1,5.0,5.0,9.0,5.0,8.0,1.0054132767302353,1.7074994207475612e-20,0.052322634038660665,7.125855377785236,0.0,-19.008867841304067,0.0,True
0.1,5.0,5.0,9.0,5.0,8.0,-6.1992287137994915e-24,-0.7202329114875208,1.5835773776385147,-30.76251360650086,0.0,23.819581801162307,0.0,True
0.1,5.0,5.0,9.0,5.0,8.0,-7.449716111322883e-35,1.659246991981711e-24,1.0,-10.0,0.0,-4.119999999999999,0.0,False
0.1,5.0,5.0,9.0,5.0,10.0,1.8691393981696592e-22,0.24065193207714458,1.0521220171712165,-11.704337732604884,0.0,5.131547335279803,0.0,True
0.1,5.0,5.0,9.0,5.0,10.0,1.0519636265202363,-1.1139514130232444e-17,0.17002939635879455,12.105950861255543,0.0,-19.333580747766177,0.0,True
0.1,5.0,5.0,9.0,5.0,10.0,-1.053520041137168e-26,7.360888199771158e-17,1.0,-10.0,0.0,-4.119999999999997,0.0,False
0.1,5.0,5.0,9.0,5.0,12.0,-4.90971052976227e-25,0.24883355495125037,1.0464386035522577,-11.628960303287652,0.0,5.014121549237496,0.0,True
0.1,5.0,5.0,9.0,5.0,12.0,1.0987865482240369,-9.418966694647811e-21,0.2454175759011914,15.371670485819346,0.0,-19.640823410513896,0.0,True
0.1,5.0,5.0,9.0,5.0,12.0,-5.527290646443515e-20,-0.9591454835112668,1.6899700439050465,-38.64274973456332,0.0,29.39304465042178,0.0,True
0.1,5.0,5.0,9.0,5.0,12.0,-8.522833628560684e-33,8.737905127805527e-22,1.0,-10.0,0.0,-4.119999999999999,0.0,False
0.1,5.0,7.0,5.0,1.0,8.0,2.356539953968028e-28,4.813135863542762e-19,1.0,-8.0,0.0,-8.12,0.0,False
0.1,5.0,7.0,5.0,1.0,8.0,-6.06801590171227e-24,0.49386061342077126,1.1524364409302128,-13.298003431223378,0.0,9.99291743715418,0.0,True
0.1,5.0,7.0,5.0,1.0,8.0,1.1150182515639289,-9.00474676377296e-22,0.300663043007117,15.256856925785144,0.0,-19.941113025574488,0.0,True
0.1,5.0,7.0,5.0,1.0,8.0,6.379206382692579e-23,-1.6079653733253536,2.61597040113334,-83.08406607112006,0.0,63.45010907141911,0.0,True
0.1,5.0,7.0,5.0,1.0,10.0,9.80293045385756e-29,2.6538182914711046e-19,1.0,-8.0,0.0,-8.12,0.0,False
0.1,5.0,7.0,5.0,1.0,10.0,-1.446805412839939e-25,0.5123140996718913,1.1312328683613102,-13.114126894167583,0.0,9.690659669688163,0.0,True
0.1,5.0,7.0,5.0,1.0,10.0,1.1698241359783226,2.844065197561931e-17,0.38418017089715695,18.176190976988416,0.0,-20.387685759784112,0.0,True
0.1,5.0,7.0,5.0,1.0,12.0,5.336292060122808e-29,1.8014161019360255e-19,1.0,-8.0,0.0,-8.12,0.0,False
0.1,5.0,7.0,5.0,1.0,12.0,1.3873338403299534e-17,0.5259785668241679,1.115272271982669,-12.982779767459201,0.0,9.472038170147396,0.0,True
0.1,5.0,7.0,5.0,1.0,12.0,1.2135807529283034,1.0820856281321022e-21,0.44770815854573964,20.375008743192843,0.0,-20.733539750544377,0.0,True
0.1,5.0,7.0,5.0,3.0,8.0,2.2867529194681845e-29,9.618703993832945e-20,1.0,-10.0,0.0,-8.12,0.0,False
0.1,5.0,7.0,5.0,3.0,8.0,-1.5098860834802584e-24,0.49386061342077137,1.1524364409302128,-15.954222931991172,0.0,9.992917437154183,0.0,True
0.1,5.0,7.0,5.0,3.0,8.0,1.0330166267182102,-3.351890570623325e-25,0.13296227725053078,10.515214534083958,0.0,-19.274276767937945,0.0,True
0.1,5.0,7.0,5.0,3.0,8.0,7.735896279377331e-18,-1.6079653733253536,2.61597040113334,-96.77066835033152,0.0,63.45010907141911,0.0,True
0.1,5.0,7.0,5.0,3.0,8.0,7.177865685261849,-8.958319743278691,9.295756305287114,29526.04196429623,0.0,784.630071335605,0.0,True
0.1,5.0,7.0,5.0,3.0,10.0,1.1261923498052971e-29,6.89077744421635e-20,1.0,-10.0,0.0,-8.12,0.0,False
0.1,5.0,7.0,5.0,3.0,10.0,-3.223067489388954e-26,0.5123140996718912,1.1312328683613102,-15.673502499089498,0.0,9.690659669688161,0.0,True
0.1,5.0,7.0,5.0,3.0,10.0,1.08845017646104,1.0119532837116493e-24,0.22992953868525523,14.69909523097489,0.0,-19.786296188032633,0.0,True
0.1,5.0,7.0,5.0,3.0,12.0,6.993680564567517e-30,5.649742942345913e-20,1.0,-10.0,0.0,-8.12,0.0,False
0.1,5.0,7.0,5.0,3.0,12.0,3.3739080047940458e-18,0.525978566824168,1.115272271982669,-15.470444248765972,0.0,9.4720381701474,0.0,True
0.1,5.0,7.0,5.0,3.0,12.0,1.1370704872767678,-1.3305139972294713e-20,0.299663299605594,17.726373968941175,0.0,-20.234645898607024,0.0,True
0.1,5.0,7.0,5.0,5.0,8.0,1.6371043996218352e-30,1.369783720283314e-20,1.0,-12.0,0.0,-8.12,0.0,False
0.1,5.0,7.0,5.0,5.0,8.0,-3.729481924395273e-25,0.49386061342077137,1.1524364409302128,-18.610442432758965,0.0,9.992917437154183,0.0,True
0.1,5.0,7.0,5.0,5.0,8.0,-2.2702747393342113e-20,-1.6079653733253536,2.61597040113334,-110.45727062954296,0.0,63.45010907141911,0.0,True
0.1,5.0,7.0,5.0,5.0,10.0,1.1548406329596957e-30,1.474345398064349e-20,1.0,-12.0,0.0,-8.12,0.0,False
0.1,5.0,7.0,5.0,5.0,10.0,2.3014664381036365e-17,0.5123140996718915,1.1312328683613104,-18.232878104011412,0.0,9.690659669688166,0.0,True
0.1,5.0,7.0,5.0,5.0,10.0,1.0255624564482133,-7.816677559428445e-24,0.10598840073532045,10.240661275510545,0.0,-19.216735654192995,0.0,True
0.1,5.0,7.0,5.0,5.0,10.0,1.1076750957615576e-25,-1.866975326809344,2.7427984354574284,-128.47746079579946,0.0,71.1081801540672,0.0,True
0.1,5.0,7.0,5.0,5.0,12.0,9.01454832278366e-31,1.57060823892762e-20,1.0,-12.0,0.0,-8.12,0.0,False
0.1,5.0,7.0,5.0,5.0,12.0,7.393997923585941e-19,0.5259785668241678,1.1152722719826689,-17.958108730072738,0.0,9.472038170147393,0.0,True
0.1,5.0,7.0,5.0,5.0,12.0,1.0718755962751614,-1.5095558465838102e-25,0.18618358349441844,14.351028442268348,0.0,-19.667844535443745,0.0,True
0.1,5.0,7.0,7.0,1.0,8.0,6.20622950723453e-22,0.34765021224870585,1.1057530863169989,-11.106152047235756,0.0,7.83540122901497,0.0,True
0.1,5.0,7.0,7.0,1.0,8.0,1.1150182515639289,-4.7907625666777637e-20,0.300663043007117,15.256856925785144,0.0,-19.760316494713887,0.0,True
0.1,5.0,7.0,7.0,1.0,8.0,-1.2187666220659239e-22,-1.0466728820401574,1.958583606748468,-42.695342334091514,0.0,38.83670364814349,0.0,True
0.1,5.0,7.0,7.0,1.0,8.0,-1.116069276831609e-27,6.84018561584625e-20,1.0,-8.0,0.0,-6.119999999999999,0.0,False
0.1,5.0,7.0,7.0,1.0,10.0,2.674042831194735e-23,0.36331339931827683,1.0923976382869411,-10.993343823400346,0.0,7.592850730798269,0.0,True
0.1,5.0,7.0,7.0,1.0,10.0,1.1698241359783226,-2.0979346572385085e-18,0.38418017089715695,18.176190976988416,0.0,-20.09249695236298,0.0,True
0.1,5.0,7.0,7.0,1.0,10.0,8.429129096384885e-33,5.104656913218017e-23,1.0,-8.0,0.0,-6.119999999999998,0.0,False
0.1,5.0,7.0,7.0,1.0,12.0,-1.2630767497855708e-24,-1.3809945916235797,2.1125018695545874,-56.60363403151862,0.0,47.68589477877573,0.0,True
0.1,5.0,7.0,7.0,1.0,12.0,-8.003412965823063e-27,0.3752257558021024,1.082130047893401,-10.911149795707352,0.0,7.411472910614041,0.0,True
0.1,5.0,7.0,7.0,1.0,12.0,1.2135807529283034,-8.754214290595556e-23,0.44770815854573964,20.375008743192843,0.0,-20.332654560087544,0.0,True
0.1,5.0,7.0,7.0,1.0,12.0,1.8417560848231028e-20,9.929836752914186e-22,1.0,-8.0,0.0,-6.12,0.0,False
0.1,5.0,7.0,7.0,3.0,8.0,1.5121887684625985e-24,0.34765021224870574,1.1057530863169989,-13.551531823034892,0.0,7.835401229014964,0.0,True
0.1,5.0,7.0,7.0,3.0,8.0,1.0330166267182102,1.2440552487637919e-25,0.13296227725053078,10.515214534083958,0.0,-19.23891883359465,0.0,True
0.1,5.0,7.0,7.0,3.0,8.0,2.224226769973024e-22,4.6095114022598766e-17,1.0,-10.0,0.0,-6.119999999999997,0.0,False
0.1,5.0,7.0,7.0,3.0,8.0,4.00301932873038,4.10854787537806,2.7505118949607983,3388.5744497367928,0.0,110.72574500080304,0.0,True
0.1,5.0,7.0,7.0,3.0,10.0,6.81069820220619e-21,-1.2183580519353367,2.039077439900968,-57.847351975294586,0.0,43.34040460694768,0.0,True
0.1,5.0,7.0,7.0,3.0,10.0,-6.344078564355269e-26,0.3633133993182768,1.0923976382869411,-13.38000902367012,0.0,7.5928507307982676,0.0,True
0.1,5.0,7.0,7.0,3.0,10.0,1.08845017646104,3.423966903197577e-23,0.22992953868525523,14.69909523097489,0.0,-19.680561002512604,0.0,True
0.1,5.0,7.0,7.0,3.0,10.0,-1.2448044364826466e-34,6.912238868046466e-25,1.0,-10.0,0.0,-6.119999999999998,0.0,False
0.1,5.0,7.0,7.0,3.0,12.0,5.22555652092349e-17,-1.3809945916235795,2.1125018695545865,-65.52896232926184,0.0,47.685894778775676,0.0,True
0.1,5.0,7.0,7.0,3.0,12.0,-2.6655933543648646e-27,0.37522575580210216,1.082130047893401,-13.253160676814899,0.0,7.41147291061403,0.0,True
0.1,5.0,7.0,7.0,3.0,12.0,1.1370704872767678,-5.4008624511891245e-21,0.299663299605594,17.726373968941175,0.0,-20.055049712346,0.0,True
0.1,5.0,7.0,7.0,3.0,12.0,3.3042220706919394e-20,1.091052521689328e-21,1.0,-10.0,0.0,-6.12,0.0,False
0.1,5.0,7.0,7.0,5.0,8.0,6.687106840381573e-25,0.34765021224870574,1.1057530863169989,-15.99691159883403,0.0,7.835401229014964,0.0,True
0.1,5.0,7.0,7.0,5.0,8.0,3.1249733951033425e-23,1.0313782812429617e-19,1.0,-12.0,0.0,-6.119999999999999,0.0,False
0.1,5.0,7.0,7.0,5.0,8.0,2.0328914712666364e-27,-1.0466728820401574,1.958583606748468,-58.03954131258686,0.0,38.83670364814349,0.0,True
0.1,5.0,7.0,7.0,5.0,10.0,6.12320138249649e-19,-1.218358051935337,2.0390774399009683,-66.1630255871208,0.0,43.340404606947736,0.0,True
0.1,5.0,7.0,7.0,5.0,10.0,-2.47471705684137e-26,0.36331339931827683,1.0923976382869411,-15.766674223939892,0.0,7.592850730798269,0.0,True
0.1,5.0,7.0,7.0,5.0,10.0,1.0255624564482133,-3.0768567453032964e-23,0.10598840073532045,10.240661275510545,0.0,-19.19426857201213,0.0,True
0.1,5.0,7.0,7.0,5.0,10.0,1.001678538054088e-23,2.666052848492738e-18,1.0,-12.0,0.0,-6.119999999999998,0.0,False
0.1,5.0,7.0,7.0,5.0,10.0,6.530653184169481,-7.789295268755904,7.219168188586645,24518.80929943589,0.0,650.5333458115119,0.0,True
0.1,5.0,7.0,7.0,5.0,12.0,-1.732389275685759e-18,-1.3809945916235795,2.1125018695545865,-74.45429062700508,0.0,47.685894778775676,0.0,True
0.1,5.0,7.0,7.0,5.0,12.0,-9.874485492046351e-28,0.37522575580210227,1.082130047893401,-15.595171557922448,0.0,7.411472910614037,0.0,True
0.1,5.0,7.0,7.0,5.0,12.0,1.0718755962751614,-3.966377643094048e-24,0.18618358349441844,14.351028442268348,0.0,-19.5985158819181,0.0,True
0.1,5.0,7.0,7.0,5.0,12.0,-1.339915353609656e-30,1.7097481590035813e-22,1.0,-12.0,0.0,-6.12,0.0,False
0.1,5.0,7.0,9.0,1.0,8.0,-1.7890272758058817e-24,0.22996952237441376,1.0594967288737556,-9.559896902136938,0.0,5.286517359887888,0.0,True
0.1,5.0,7.0,9.0,1.0,8.0,1.1150182515639289,-2.806006743634316e-26,0.300663043007117,15.256856925785144,0.0,-19.57951996385329,0.0,True
0.1,5.0,7.0,9.0,1.0,8.0,-1.1831197574734728e-27,9.030643322962133e-20,1.0,-8.0,0.0,-4.119999999999999,0.0,False
0.1,5.0,7.0,9.0,1.0,8.0,2.317617904705801e-21,-0.7202329114875206,1.5835773776385145,-25.7470789845639,0.0,23.81958180116228,0.0,True
0.1,5.0,7.0,9.0,1.0,8.0,2.867471606774886,2.2142409999661097,1.89062481036345,923.3295698154548,0.0,55.008414707287216,0.0,True
0.1,5.0,7.0,9.0,1.0,10.0,-2.6350866240457708e-27,0.24065193207714464,1.0521220171712165,-9.490416254572025,0.0,5.131547335279805,0.0,True
0.1,5.0,7.0,9.0,1.0,10.0,1.1698241359783224,-2.633316100981611e-21,0.3841801708971573,18.176190976988405,0.0,-19.797308144941837,0.0,True
0.1,5.0,7.0,9.0,1.0,10.0,-8.79810125658257e-31,3.766473978823802e-22,1.0,-8.0,0.0,-4.119999999999999,0.0,False
0.1,5.0,7.0,9.0,1.0,10.0,2.9021875077445323,2.2825243038176573,1.8987139292176636,832.4632917100828,0.0,54.34990156645813,0.0,True
0.1,5.0,7.0,9.0,1.0,12.0,-9.486069298460475e-22,0.24883355495125042,1.0464386035522577,-9.438892801278854,0.0,5.014121549237498,0.0,True
0.1,5.0,7.0,9.0,1.0,12.0,1.2135807529283036,-7.324201457474482e-19,0.4477081585457394,20.375008743192854,0.0,-19.93176936963071,0.0,True
0.1,5.0,7.0,9.0,1.0,12.0,3.4677951788990966e-22,7.704840486382548e-17,1.0,-8.0,0.0,-4.119999999999997,0.0,False
0.1,5.0,7.0,9.0,1.0,12.0,2.9365073649693563,2.3497107988896815,1.9072023146193615,776.9480335246274,0.0,53.806740112221576,0.0,True
0.1,5.0,7.0,9.0,3.0,8.0,1.096337946047423e-19,0.2299695223744146,1.059496728873756,-11.804963539125328,0.0,5.286517359887937,0.0,True
0.1,5.0,7.0,9.0,3.0,8.0,1.0330166267182102,4.8980378338338054e-23,0.13296227725053078,10.515214534083958,0.0,-19.203560899251357,0.0,True
0.1,5.0,7.0,9.0,3.0,8.0,1.4140193744847983e-20,-0.7202329114875207,1.5835773776385147,-30.762513606500857,0.0,23.8195818011623,0.0,True
0.1,5.0,7.0,9.0,3.0,8.0,-1.659479041214031e-30,7.216716211196471e-20,1.0,-10.0,0.0,-4.119999999999999,0.0,False
0.1,5.0,7.0,9.0,3.0,10.0,-8.486650815345409e-24,0.24065193207714455,1.0521220171712162,-11.704337732604884,0.0,5.131547335279802,0.0,True
0.1,5.0,7.0,9.0,3.0,10.0,1.08845017646104,-1.0598474953256928e-20,0.22992953868525523,14.69909523097489,0.0,-19.574825816992576,0.0,True
0.1,5.0,7.0,9.0,3.0,10.0,-6.500859738887287e-26,6.70941166810848e-17,1.0,-10.0,0.0,-4.119999999999997,0.0,False
0.1,5.0,7.0,9.0,3.0,12.0,-9.546181458890392e-27,0.2488335549512506,1.0464386035522577,-11.628960303287654,0.0,5.014121549237506,0.0,True
0.1,5.0,7.0,9.0,3.0,12.0,1.1370704872767678,-5.212289541684753e-19,0.299663299605594,17.726373968941175,0.0,-19.875453526084975,0.0,True
0.1,5.0,7.0,9.0,3.0,12.0,-2.9701039438074115e-32,6.138800580064369e-21,1.0,-10.0,0.0,-4.119999999999999,0.0,False
0.1,5.0,7.0,9.0,5.0,8.0,8.39916538364993e-22,0.2299695223744138,1.0594967288737556,-14.050030176113692,0.0,5.286517359887889,0.0,True
0.1,5.0,7.0,9.0,5.0,8.0,3.6799581226932724e-28,-2.328162798177374e-109,1.0,-12.0,0.0,-4.119999999999999,0.0,False
0.1,5.0,7.0,9.0,5.0,8.0,-2.0848122026086562e-22,-0.7202329114875207,1.5835773776385147,-35.77794822843781,0.0,23.8195818011623,0.0,True
0.1,5.0,7.0,9.0,5.0,10.0,-2.985715266745089e-28,0.2406519320771446,1.0521220171712165,-13.918259210637743,0.0,5.131547335279804,0.0,True
0.1,5.0,7.0,9.0,5.0,10.0,1.0255624564482133,6.741918063590469e-22,0.10598840073532045,10.240661275510545,0.0,-19.17180148983127,0.0,True
0.1,5.0,7.0,9.0,5.0,10.0,1.3134944279600561e-24,-0.8425586738439834,1.638914606982759,-40.01305317058968,0.0,26.64218355111985,0.0,True
0.1,5.0,7.0,9.0,5.0,10.0,1.9124099161776375e-28,7.357266885767463e-17,1.0,-12.0,0.0,-4.119999999999997,0.0,False
0.1,5.0,7.0,9.0,5.0,12.0,-1.399732071030093e-23,0.2488335549512506,1.0464386035522577,-13.819027805296452,0.0,5.014121549237506,0.0,True
0.1,5.0,7.0,9.0,5.0,12.0,1.0718755962751614,-1.5146621629448285e-23,0.18618358349441844,14.351028442268348,0.0,-19.529187228392452,0.0,True
0.1,5.0,7.0,9.0,5.0,12.0,-4.017778753483432e-28,2.6849209832640178e-21,1.0,-12.0,0.0,-4.119999999999999,0.0,False
0.1,5.0,7.0,9.0,5.0,12.0,3.955340121376888,4.076880448281455,2.3840421801783007,3125.088623770085,0.0,108.7174522824065,0.0,True
0.1,5.5,3.0,5.0,1.0,8.0,-3.569747744590685e-28,3.431380306959077e-18,1.0,-4.0,0.0,-8.12,0.0,False
0.1,5.5,3.0,5.0,1.0,8.0,-4.776004996100641e-23,0.4938606134207712,1.1524364409302128,-7.985564429687795,0.0,9.992917437154176,0.0,True
0.1,5.5,3.0,5.0,1.0,8.0,1.170686343235774,1.2241405230042215e-24,0.5717167143003912,15.622037904925726,0.0,-19.503163101244503,0.0,True
0.1,5.5,3.0,5.0,1.0,8.0,2.893306021987896,2.5352601790303324,2.401208941838251,607.0677084459664,0.0,52.88784188524741,0.0,True
0.1,5.5,3.0,5.0,1.0,10.0,1.278838283116524e-27,1.5495216659340938e-18,1.0,-4.0,0.0,-8.12,0.0,False
0.1,5.5,3.0,5.0,1.0,10.0,-9.072369782280242e-25,0.5123140996718911,1.1312328683613102,-7.995375684323751,0.0,9.690659669688154,0.0,True
0.1,5.5,3.0,5.0,1.0,10.0,1.2017934345482029,-1.514816369474581e-22,0.6389231351692086,16.829976128647473,0.0,-19.528084773768263,0.0,True
0.1,5.5,3.0,5.0,1.0,10.0,2.9784533443539685,2.70172513084671,2.431863260201001,613.0339369890161,0.0,53.17902076833059,0.0,True
0.1,5.5,3.0,5.0,1.0,12.0,1.283639915357373e-27,8.985622152120795e-19,1.0,-4.0,0.0,-8.12,0.0,False
0.1,5.5,3.0,5.0,1.0,12.0,1.6623570010611767e-17,0.5259785668241679,1.115272271982669,-8.007450804845664,0.0,9.472038170147396,0.0,True
0.1,5.5,3.0,5.0,1.0,12.0,1.224653188253722,-5.278513492278778e-19,0.6875467851041654,17.694891627611657,0.0,-19.530083365739667,0.0,True
0.1,5.5,3.0,5.0,1.0,12.0,2.923129014677117e-26,-2.111263222509741,2.857263497800923,-81.50927782961774,0.0,78.43405048196509,0.0,True
0.1,5.5,3.0,5.0,1.0,12.0,3.060985098921829,2.8634198435512483,2.4643159635551317,630.9512812270074,0.0,53.667075265212645,0.0,True
0.1,5.5,3.0,5.0,3.0,8.0,9.844652837207793e-28,7.446676080791071e-19,1.0,-6.0,0.0,-8.12,0.0,False
0.1,5.5,3.0,5.0,3.0,8.0,-9.683655731153289e-24,0.49386061342077137,1.1524364409302128,-10.641783930455588,0.0,9.992917437154183,0.0,True
0.1,5.5,3.0,5.0,3.0,8.0,1.0952649376998826,-1.4320876112654035e-21,0.3252220278879656,13.896068615043404,0.0,-19.608844072847354,0.0,True
0.1,5.5,3.0,5.0,3.0,8.0,1.9113547530871461e-25,-1.6079653733253538,2.6159704011333402,-69.39746379190863,0.0,63.45010907141916,0.0,True
0.1,5.5,3.0,5.0,3.0,10.0,4.354538196874234e-28,3.918188350059357e-19,1.0,-6.0,0.0,-8.12,0.0,False
0.1,5.5,3.0,5.0,3.0,10.0,-1.9411303079547132e-25,0.5123140996718911,1.1312328683613102,-10.554751289245665,0.0,9.690659669688154,0.0,True
0.1,5.5,3.0,5.0,3.0,10.0,1.1413978334722392,-1.5446251018596695e-24,0.4137449435851953,16.26536484201749,0.0,-19.88539134168088,0.0,True
0.1,5.5,3.0,5.0,3.0,12.0,2.4797407295455075e-28,2.5800366888882155e-19,1.0,-6.0,0.0,-8.12,0.0,False
0.1,5.5,3.0,5.0,3.0,12.0,8.858637830577446e-18,0.5259785668241677,1.1152722719826689,-10.495115286152428,0.0,9.472038170147385,0.0,True
0.1,5.5,3.0,5.0,3.0,12.0,1.1779249489492116,3.4199647120582466e-21,0.4796848054911239,18.019295842256803,0.0,-20.086429471243182,0.0,True
0.1,5.5,3.0,5.0,5.0,8.0,8.148943021324017e-29,1.395872227379864e-19,1.0,-8.0,0.0,-8.12,0.0,False
0.1,5.5,3.0,5.0,5.0,8.0,-2.1688034538105494e-24,0.49386061342077137,1.1524364409302128,-13.29800343122338,0.0,9.992917437154183,0.0,True
0.1,5.5,3.0,5.0,5.0,8.0,1.0276612351052408,8.156041391009914e-20,0.14192881351285158,10.223796957480266,0.0,-19.197393602181638,0.0,True
0.1,5.5,3.0,5.0,5.0,8.0,5.1205781773237306e-24,-1.6079653733253536,2.61597040113334,-83.08406607112006,0.0,63.45010907141911,0.0,True
0.1,5.5,3.0,5.0,5.0,10.0,4.098440310673015e-29,9.464291910909812e-20,1.0,-8.0,0.0,-8.12,0.0,False
0.1,5.5,3.0,5.0,5.0,10.0,-4.075911176999212e-26,0.5123140996718912,1.1312328683613102,-13.114126894167583,0.0,9.690659669688161,0.0,True
0.1,5.5,3.0,5.0,5.0,10.0,1.0761616099663416,1.389037915109874e-17,0.2472195230025236,13.891941778060199,0.0,-19.58943683020931,0.0,True
0.1,5.5,3.0,5.0,5.0,10.0,6.483290327413818e-27,-1.8669753268093443,2.7427984354574293,-98.38568776560862,0.0,71.10818015406726,0.0,True
0.1,5.5,3.0,5.0,5.0,12.0,2.595446989485647e-29,7.495997225646557e-20,1.0,-8.0,0.0,-8.12,0.0,False
0.1,5.5,3.0,5.0,5.0,12.0,2.378704262364653e-18,0.5259785668241678,1.1152722719826689,-12.9827797674592,0.0,9.472038170147393,0.0,True
0.1,5.5,3.0,5.0,5.0,12.0,1.1189282960868625,-5.075600736387139e-21,0.32183304528374823,16.518692145227885,0.0,-19.926320565752462,0.0,True
0.1,5.5,3.0,5.0,5.0,12.0,1.981801609645193e-24,-2.1112632225097405,2.857263497800923,-114.16509661307995,0.0,78.43405048196502,0.0,True
0.1,5.5,3.0,7.0,1.0,8.0,-6.4759677541634846e-18,0.3476502122487062,1.105753086316999,-6.215392495637488,0.0,7.8354012290149875,0.0,True
0.1,5.5,3.0,7.0,1.0,8.0,1.170686343235774,-9.162453911124137e-23,0.5717167143003912,15.622037904925726,0.0,-18.849443098423635,0.0,True
0.1,5.5,3.0,7.0,1.0,8.0,2.3737618121237333e-27,1.942451158933444e-18,1.0,-4.0,0.0,-6.119999999999999,0.0,False
0.1,5.5,3.0,7.0,1.0,8.0,2.3909466538801745,1.7339759520737785,1.8443929327923951,348.3212515394939,0.0,38.19841483294391,0.0,True
0.1,5.5,3.0,7.0,1.0,8.0,-2.046255811761525e-21,-1.0466728820401574,1.958583606748468,-27.351143355596164,0.0,38.83670364814349,0.0,True
0.1,5.5,3.0,7.0,1.0,10.0,1.0005275584389344e-22,0.3633133993182767,1.0923976382869411,-6.220013422860796,0.0,7.592850730798262,0.0,True
0.1,5.5,3.0,7.0,1.0,10.0,1.2017934345482026,1.5239192563409798e-22,0.6389231351692087,16.829976128647463,0.0,-18.711639228459358,0.0,True
0.1,5.5,3.0,7.0,1.0,10.0,2.4550495372864853e-27,2.260544794734509e-18,1.0,-4.0,0.0,-6.119999999999998,0.0,False
0.1,5.5,3.0,7.0,1.0,10.0,2.441923728224018,1.8293228564840551,1.851747605662616,340.2314456421701,0.0,37.670952099710846,0.0,True
0.1,5.5,3.0,7.0,1.0,10.0,4.9908616766015325e-23,-1.2183580519353367,2.039077439900968,-32.900331139816075,0.0,43.34040460694768,0.0,True
0.1,5.5,3.0,7.0,1.0,12.0,-1.2574849585627183e-26,-1.3809945916235793,2.1125018695545865,-38.75297743603208,0.0,47.68589477877563,0.0,True
0.1,5.5,3.0,7.0,1.0,12.0,-9.480762086837029e-26,0.3752257558021022,1.082130047893401,-6.227128033492254,0.0,7.411472910614034,0.0,True
0.1,5.5,3.0,7.0,1.0,12.0,1.2246531882537217,7.034231544870946e-22,0.6875467851041654,17.694891627611646,0.0,-18.58464220232552,0.0,True
0.1,5.5,3.0,7.0,1.0,12.0,2.2572667394266215e-27,2.4561936374198256e-18,1.0,-4.0,0.0,-6.12,0.0,False
0.1,5.5,3.0,7.0,1.0,12.0,2.491392646167056,1.9213254472164656,1.8602372521177206,340.163087541576,0.0,37.27713842975565,0.0,True
0.1,5.5,3.0,7.0,3.0,8.0,5.202615924934371e-23,0.3476502122487058,1.1057530863169989,-8.66077227143662,0.0,7.835401229014966,0.0,True
0.1,5.5,3.0,7.0,3.0,8.0,1.0952649376998826,-1.6619284090590097e-19,0.3252220278879656,13.896068615043404,0.0,-19.397305338000233,0.0,True
0.1,5.5,3.0,7.0,3.0,8.0,-3.8854870570117804e-23,-1.0466728820401574,1.958583606748468,-35.023242844843836,0.0,38.83670364814349,0.0,True
0.1,5.5,3.0,7.0,3.0,8.0,2.9495666185621086,2.609089252664741,2.0627103163228737,915.3887669575433,0.0,60.41446157312595,0.0,True
0.1,5.5,3.0,7.0,3.0,10.0,2.049808839898134e-26,0.3633133993182768,1.0923976382869411,-8.60667862313057,0.0,7.5928507307982676,0.0,True
0.1,5.5,3.0,7.0,3.0,10.0,1.1413978334722392,-1.5396994131479095e-18,0.4137449435851953,16.26536484201749,0.0,-19.543021584996247,0.0,True
0.1,5.5,3.0,7.0,3.0,10.0,1.4219754242024288e-23,-1.2183580519353372,2.039077439900969,-41.21600475164228,0.0,43.340404606947764,0.0,True
0.1,5.5,3.0,7.0,3.0,10.0,2.9981473609993525,2.705164469031728,2.0775409439378754,850.5536650395193,0.0,59.6748953692711,0.0,True
0.1,5.5,3.0,7.0,3.0,12.0,-8.18045060928696e-27,-1.3809945916235793,2.1125018695545865,-47.67830573377533,0.0,47.68589477877563,0.0,True
0.1,5.5,3.0,7.0,3.0,12.0,-1.9102430138786085e-26,0.3752257558021021,1.082130047893401,-8.569138914599801,0.0,7.411472910614029,0.0,True
0.1,5.5,3.0,7.0,3.0,12.0,1.1779249489492116,-2.1273191915141942e-23,0.4796848054911239,18.019295842256803,0.0,-19.626234446005068,0.0,True
0.1,5.5,3.0,7.0,3.0,12.0,9.161300321578455e-19,6.77681058049697e-23,1.0,-6.0,0.0,-6.12,0.0,False
0.1,5.5,3.0,7.0,3.0,12.0,3.0458595487215994,2.7995549056532063,2.092906827578756,815.4577710758404,0.0,59.12186396444241,0.0,True
0.1,5.5,3.0,7.0,5.0,8.0,7.078210087235035e-27,0.34765021224870585,1.1057530863169989,-11.106152047235756,0.0,7.83540122901497,0.0,True
0.1,5.5,3.0,7.0,5.0,8.0,1.0276612351052408,1.3725280725073208e-18,0.14192881351285158,10.223796957480266,0.0,-19.157106025971306,0.0,True
0.1,5.5,3.0,7.0,5.0,8.0,-9.193188255701852e-29,2.6073416587780008e-24,1.0,-8.0,0.0,-6.119999999999999,0.0,False
0.1,5.5,3.0,7.0,5.0,8.0,1.8843355299716966e-20,-1.0466728820401574,1.958583606748468,-42.695342334091514,0.0,38.83670364814349,0.0,True
0.1,5.5,3.0,7.0,5.0,10.0,-1.9010127866196987e-24,-1.2183580519353372,2.039077439900969,-49.53167836346846,0.0,43.340404606947764,0.0,True
0.1,5.5,3.0,7.0,5.0,10.0,-1.202598481967769e-25,0.3633133993182767,1.0923976382869411,-10.993343823400341,0.0,7.592850730798262,0.0,True
0.1,5.5,3.0,7.0,5.0,10.0,1.0761616099663416,-4.36984134193024e-22,0.2472195230025236,13.891941778060199,0.0,-19.467201845102117,0.0,True
0.1,5.5,3.0,7.0,5.0,12.0,-1.3166449490888916e-22,-1.3809945916235797,2.1125018695545874,-56.60363403151862,0.0,47.68589477877573,0.0,True
0.1,5.5,3.0,7.0,5.0,12.0,-5.2542881779102356e-27,0.3752257558021023,1.082130047893401,-10.911149795707352,0.0,7.411472910614039,0.0,True
0.1,5.5,3.0,7.0,5.0,12.0,1.1189282960868625,-6.022920043287474e-21,0.32183304528374823,16.518692145227885,0.0,-19.71916754767924,0.0,True
0.1,5.5,3.0,7.0,5.0,12.0,1.2640948865268158e-32,1.6524068853222427e-22,1.0,-8.0,0.0,-6.12,0.0,False
0.1,5.5,3.0,9.0,1.0,8.0,2.33177852593437e-20,0.2299695223744139,1.0594967288737556,-5.069763628160185,0.0,5.286517359887895,0.0,True
0.1,5.5,3.0,9.0,1.0,8.0,1.170686343235774,4.4839297192591045e-23,0.5717167143003912,15.622037904925726,0.0,-18.195723095602762,0.0,True
0.1,5.5,3.0,9.0,1.0,8.0,6.283253593195141e-20,5.137289398661997e-19,1.0,-4.0,0.0,-4.119999999999999,0.0,False
0.1,5.5,3.0,9.0,1.0,8.0,2.108722144675099,1.3160026512890457,1.558749261898788,243.95329594190414,0.0,30.715042391741292,0.0,True
0.1,5.5,3.0,9.0,1.0,10.0,-4.787860124002047e-22,0.24065193207714447,1.0521220171712162,-5.062573298506306,0.0,5.131547335279795,0.0,True
0.1,5.5,3.0,9.0,1.0,10.0,1.2017934345482026,1.0454249146170213e-26,0.6389231351692087,16.829976128647463,0.0,-17.895193683150456,0.0,True
0.1,5.5,3.0,9.0,1.0,10.0,9.471383516750082e-24,7.811131375298264e-17,1.0,-4.0,0.0,-4.119999999999997,0.0,False
0.1,5.5,3.0,9.0,1.0,10.0,2.1416175401889395,1.376827973606937,1.5594583199046952,232.21776747293637,0.0,29.963109071289495,0.0,True
0.1,5.5,3.0,9.0,1.0,12.0,-1.5106770151453556e-25,0.2488335549512505,1.0464386035522577,-5.058757797261257,0.0,5.014121549237501,0.0,True
0.1,5.5,3.0,9.0,1.0,12.0,1.2246531882537217,-2.1772262100480156e-20,0.6875467851041654,17.694891627611646,0.0,-17.63920103891137,0.0,True
0.1,5.5,3.0,9.0,1.0,12.0,2.537811120846715e-33,1.4694331680706278e-23,1.0,-4.0,0.0,-4.119999999999999,0.0,False
0.1,5.5,3.0,9.0,1.0,12.0,2.1735863148309233,1.435330317257823,1.5608637005586918,226.98546668566314,0.0,29.32590655373285,0.0,True
0.1,5.5,3.0,9.0,3.0,8.0,-1.522855745622997e-24,0.22996952237441368,1.0594967288737553,-7.314830265148558,0.0,5.286517359887881,0.0,True
0.1,5.5,3.0,9.0,3.0,8.0,1.0952649376998826,1.1276786477212791e-26,0.3252220278879656,13.896068615043404,0.0,-19.185766603153112,0.0,True
0.1,5.5,3.0,9.0,3.0,8.0,4.3015118592286144e-19,3.7987271224498444e-17,1.0,-6.0,0.0,-4.119999999999997,0.0,False
0.1,5.5,3.0,9.0,3.0,8.0,2.535980055877554e-22,-0.7202329114875206,1.5835773776385145,-20.73164436262695,0.0,23.81958180116228,0.0,True
0.1,5.5,3.0,9.0,3.0,8.0,2.5502922963346033,1.9637951505990725,1.6800579945376999,607.4175257681869,0.0,46.480194621255436,0.0,True
0.1,5.5,3.0,9.0,3.0,10.0,-2.488964008049178e-27,0.24065193207714455,1.0521220171712162,-7.276494776539166,0.0,5.131547335279802,0.0,True
0.1,5.5,3.0,9.0,3.0,10.0,1.1413978334722392,-7.372247815224034e-21,0.4137449435851953,16.26536484201749,0.0,-19.200651828311614,0.0,True
0.1,5.5,3.0,9.0,3.0,10.0,-3.302483105923321e-30,5.840636717477194e-25,1.0,-6.0,0.0,-4.119999999999999,0.0,False
0.1,5.5,3.0,9.0,3.0,10.0,-4.3170858090066096e-17,-0.8425586738439835,1.638914606982759,-23.896806636700973,0.0,26.642183551119857,0.0,True
0.1,5.5,3.0,9.0,3.0,10.0,2.581305931701891,2.023070749062851,1.6851205892746364,553.1715552163182,0.0,45.41609656650837,0.0,True
0.1,5.5,3.0,9.0,3.0,12.0,-1.7193704318899775e-21,0.2488335549512504,1.0464386035522577,-7.248825299270054,0.0,5.014121549237497,0.0,True
0.1,5.5,3.0,9.0,3.0,12.0,1.1779249489492116,-2.2930438399008843e-22,0.4796848054911239,18.019295842256803,0.0,-19.16603942076695,0.0,True
0.1,5.5,3.0,9.0,3.0,12.0,2.01313777790232e-25,3.795459433327894e-18,1.0,-6.0,0.0,-4.119999999999999,0.0,False
0.1,5.5,3.0,9.0,3.0,12.0,4.43301963410758e-24,-0.9591454835112669,1.6899700439050465,-27.218754737377626,0.0,29.393044650421803,0.0,True
0.1,5.5,3.0,9.0,3.0,12.0,2.6118226341159843,2.081226606116,1.6905215874736337,520.829149060311,0.0,44.498501189593895,0.0,True
0.1,5.5,3.0,9.0,5.0,8.0,4.2296262612384477e-20,0.22996952237441382,1.0594967288737556,-9.559896902136938,0.0,5.286517359887892,0.0,True
0.1,5.5,3.0,9.0,5.0,8.0,1.0276612351052408,-1.6226346594476957e-23,0.14192881351285158,10.223796957480266,0.0,-19.116818449760977,0.0,True
0.1,5.5,3.0,9.0,5.0,8.0,6.7292824258626e-27,1.586882767225154e-17,1.0,-8.0,0.0,-4.119999999999999,0.0,False
0.1,5.5,3.0,9.0,5.0,8.0,4.987433602651804e-23,-0.7202329114875207,1.5835773776385147,-25.747078984563906,0.0,23.8195818011623,0.0,True
0.1,5.5,3.0,9.0,5.0,8.0,3.0030387994904,2.694669415525041,1.8415770159504676,1319.1804908811969,0.0,66.64332371286804,0.0,True
0.1,5.5,3.0,9.0,5.0,10.0,-8.523692568010967e-24,0.24065193207714444,1.0521220171712162,-9.490416254572022,0.0,5.131547335279793,0.0,True
0.1,5.5,3.0,9.0,5.0,10.0,1.0761616099663416,-4.864464520814952e-20,0.2472195230025236,13.891941778060199,0.0,-19.34496685999493,0.0,True
0.1,5.5,3.0,9.0,5.0,12.0,-9.757845782010416e-27,0.24883355495125042,1.0464386035522577,-9.438892801278854,0.0,5.014121549237498,0.0,True
0.1,5.5,3.0,9.0,5.0,12.0,1.1189282960868625,-2.0856936766424308e-18,0.32183304528374823,16.518692145227885,0.0,-19.512014529606017,0.0,True
0.1,5.5,3.0,9.0,5.0,12.0,6.052709749954621e-31,3.921541468844009e-20,1.0,-8.0,0.0,-4.119999999999999,0.0,False
0.1,5.5,3.0,9.0,5.0,12.0,3.063290748225319,2.8145827251151405,1.8585422412992263,1075.081560980756,0.0,64.37278635936383,0.0,True
0.1,5.5,5.0,5.0,1.0,8.0,1.5427713819622451e-27,1.2116669437930783e-18,1.0,-6.0,0.0,-8.12,0.0,False
0.1,5.5,5.0,5.0,1.0,8.0,-1.684353085633834e-23,0.49386061342077137,1.1524364409302128,-10.641783930455588,0.0,9.992917437154183,0.0,True
0.1,5.5,5.0,5.0,1.0,8.0,1.1471374799811316,-1.3944048588244709e-24,0.4242830758848608,16.546576361214303,0.0,-19.918077085756554,0.0,True
0.1,5.5,5.0,5.0,1.0,8.0,1.3587208965072079e-22,-1.6079653733253536,2.61597040113334,-69.3974637919086,0.0,63.45010907141911,0.0,True
0.1,5.5,5.0,5.0,1.0,10.0,6.587886041949533e-28,5.992882760527426e-19,1.0,-6.0,0.0,-8.12,0.0,False
0.1,5.5,5.0,5.0,1.0,10.0,-3.9108311857442684e-25,0.5123140996718912,1.1312328683613102,-10.554751289245667,0.0,9.690659669688161,0.0,True
0.1,5.5,5.0,5.0,1.0,10.0,1.1912939067454626,-4.161354634731571e-19,0.5032865897128966,18.64311913222901,0.0,-20.155722900731686,0.0,True
0.1,5.5,5.0,5.0,1.0,10.0,-1.1758303744988098e-22,-1.866975326809344,2.7427984354574284,-83.33980125051315,0.0,71.1081801540672,0.0,True
0.1,5.5,5.0,5.0,1.0,12.0,3.5838209961768086e-28,3.7392481163079114e-19,1.0,-6.0,0.0,-8.12,0.0,False
0.1,5.5,5.0,5.0,1.0,12.0,2.375554358592051e-17,0.5259785668241679,1.115272271982669,-10.495115286152432,0.0,9.472038170147396,0.0,True
0.1,5.5,5.0,5.0,1.0,12.0,1.2251386994880655,-1.4449976670781437e-22,0.5622185903798684,20.189135120140218,0.0,-20.320195556108725,0.0,True
0.1,5.5,5.0,5.0,3.0,8.0,1.5593631239883953e-28,2.6728002124481213e-19,1.0,-8.0,0.0,-8.12,0.0,False
0.1,5.5,5.0,5.0,3.0,8.0,-3.874318364315661e-24,0.4938606134207713,1.1524364409302128,-13.298003431223378,0.0,9.99291743715418,0.0,True
0.1,5.5,5.0,5.0,3.0,8.0,1.0633461548991445,7.534141645945647e-26,0.22264028146707815,13.029144728271088,0.0,-19.486781039403255,0.0,True
0.1,5.5,5.0,5.0,3.0,10.0,7.043248584658076e-29,1.6180151997961594e-19,1.0,-8.0,0.0,-8.12,0.0,False
0.1,5.5,5.0,5.0,3.0,10.0,-8.288366781121195e-26,0.5123140996718912,1.1312328683613102,-13.114126894167583,0.0,9.690659669688161,0.0,True
0.1,5.5,5.0,5.0,3.0,10.0,1.1153174508404808,-1.1209776774011387e-20,0.31583684111788046,16.30758402497893,0.0,-19.898243593436845,0.0,True
0.1,5.5,5.0,5.0,3.0,10.0,2.0926389334114608e-25,-1.8669753268093439,2.742798435457428,-98.38568776560855,0.0,71.10818015406716,0.0,True
0.1,5.5,5.0,5.0,3.0,12.0,4.1134186289623793e-29,1.1802054652367477e-19,1.0,-8.0,0.0,-8.12,0.0,False
0.1,5.5,5.0,5.0,3.0,12.0,6.1280166076373146e-18,0.525978566824168,1.115272271982669,-12.982779767459203,0.0,9.4720381701474,0.0,True
0.1,5.5,5.0,5.0,3.0,12.0,1.1583245111691094,-2.9924115125390575e-24,0.3850469831280533,18.738994982395905,0.0,-20.227730791994585,0.0,True
0.1,5.5,5.0,5.0,5.0,8.0,1.2548995396497118e-29,4.5239663653119384e-20,1.0,-10.0,0.0,-8.12,0.0,False
0.1,5.5,5.0,5.0,5.0,8.0,-9.257077618933216e-25,0.4938606134207713,1.1524364409302128,-15.954222931991172,0.0,9.99291743715418,0.0,True
0.1,5.5,5.0,5.0,5.0,8.0,1.0050533987414165,5.272527628115077e-25,0.053000936573431745,7.653881896861284,0.0,-19.01522865939348,0.0,True
0.1,5.5,5.0,5.0,5.0,8.0,-6.649224984748322e-30,-1.6079653733253538,2.6159704011333402,-96.77066835033156,0.0,63.45010907141916,0.0,True
0.1,5.5,5.0,5.0,5.0,10.0,7.226054544787221e-30,3.7760698431714463e-20,1.0,-10.0,0.0,-8.12,0.0,False
0.1,5.5,5.0,5.0,5.0,10.0,4.540592740214459e-17,0.5123140996718918,1.1312328683613107,-15.673502499089508,0.0,9.690659669688184,0.0,True
0.1,5.5,5.0,5.0,5.0,10.0,1.0495832918292187,3.8532323691166786e-17,0.17378118513470575,12.77179301591397,0.0,-19.41350725441518,0.0,True
0.1,5.5,5.0,5.0,5.0,12.0,4.990942126585688e-30,3.4312265660718286e-20,1.0,-10.0,0.0,-8.12,0.0,False
0.1,5.5,5.0,5.0,5.0,12.0,1.399844885056272e-18,0.5259785668241679,1.115272271982669,-15.47044424876597,0.0,9.472038170147396,0.0,True
0.1,5.5,5.0,5.0,5.0,12.0,1.0946959682768334,-4.306924636029071e-23,0.25102546064902886,16.12855613570157,0.0,-19.815332778854806,0.0,True
0.1,5.5,5.0,5.0,5.0,12.0,-2.4631519122365708e-24,-2.1112632225097405,2.857263497800923,-130.4930060048111,0.0,78.43405048196502,0.0,True
0.1,5.5,5.0,7.0,1.0,8.0,5.477069153558537e-24,0.3476502122487058,1.1057530863169989,-8.66077227143662,0.0,7.835401229014966,0.0,True
0.1,5.5,5.0,7.0,1.0,8.0,1.1471374799811316,1.7709226460318193e-20,0.4242830758848608,16.546576361214303,0.0,-19.558044828791914,0.0,True
0.1,5.5,5.0,7.0,1.0,8.0,1.0100884334798904e-27,-2.0758774957719806e-26,1.0,-6.0,0.0,-6.119999999999999,0.0,False
0.1,5.5,5.0,7.0,1.0,8.0,1.3353367913960179e-19,-1.0466728820401574,1.958583606748468,-35.023242844843836,0.0,38.83670364814349,0.0,True
0.1,5.5,5.0,7.0,1.0,8.0,2.7572013439438807,2.2269274583846905,2.013360494461636,667.8514288101082,0.0,50.45942068524752,0.0,True
0.1,5.5,5.0,7.0,1.0,10.0,2.582160604357916e-22,0.36331339931827683,1.0923976382869411,-8.606678623130572,0.0,7.592850730798269,0.0,True
0.1,5.5,5.0,7.0,1.0,10.0,1.1912939067454624,-5.423647051294863e-22,0.5032865897128966,18.643119132228996,0.0,-19.649128117962004,0.0,True
0.1,5.5,5.0,7.0,1.0,10.0,2.6881990979111073e-23,1.944147271776851e-21,1.0,-6.0,0.0,-6.119999999999998,0.0,False
0.1,5.5,5.0,7.0,1.0,10.0,2.805556562643126,2.3235139790884296,2.0242003785470737,629.3961548183222,0.0,49.85955581489387,0.0,True
0.1,5.5,5.0,7.0,1.0,12.0,-7.91422731010717e-26,-1.3809945916235795,2.1125018695545865,-47.678305733775346,0.0,47.685894778775676,0.0,True
0.1,5.5,5.0,7.0,1.0,12.0,-2.4605070834884943e-26,0.3752257558021023,1.082130047893401,-8.569138914599804,0.0,7.411472910614039,0.0,True
0.1,5.5,5.0,7.0,1.0,12.0,1.2251386994880655,7.395057748745775e-19,0.5622185903798684,20.189135120140218,0.0,-19.688016069371272,0.0,True
0.1,5.5,5.0,7.0,1.0,12.0,-9.273011792624384e-28,2.5249692813017465e-23,1.0,-6.0,0.0,-6.12,0.0,False
0.1,5.5,5.0,7.0,1.0,12.0,2.852953653021453,2.417748155758011,2.035903091724104,610.7186230568478,0.0,49.41576234427134,0.0,True
0.1,5.5,5.0,7.0,3.0,8.0,-1.0687474659626875e-19,0.3476502122487059,1.1057530863169989,-11.106152047235758,0.0,7.8354012290149715,0.0,True
0.1,5.5,5.0,7.0,3.0,8.0,1.0633461548991445,-2.9071405632881056e-22,0.22264028146707815,13.029144728271088,0.0,-19.387643649539775,0.0,True
0.1,5.5,5.0,7.0,3.0,8.0,7.1458209923531875e-19,3.4704645650528134e-18,1.0,-8.0,0.0,-6.119999999999999,0.0,False
0.1,5.5,5.0,7.0,3.0,10.0,3.178999993590078e-25,0.3633133993182768,1.0923976382869411,-10.993343823400345,0.0,7.5928507307982676,0.0,True
0.1,5.5,5.0,7.0,3.0,10.0,1.1153174508404808,-8.291411370063372e-23,0.31583684111788046,16.30758402497893,0.0,-19.698737773022206,0.0,True
0.1,5.5,5.0,7.0,3.0,10.0,6.0471331758292596e-24,5.331121558851691e-17,1.0,-8.0,0.0,-6.1199999999999966,0.0,False
0.1,5.5,5.0,7.0,3.0,10.0,1.2741214335473892e-23,-1.2183580519353372,2.039077439900969,-49.53167836346846,0.0,43.340404606947764,0.0,True
0.1,5.5,5.0,7.0,3.0,12.0,-7.463886340839125e-24,-1.3809945916235793,2.1125018695545865,-56.603634031518574,0.0,47.68589477877563,0.0,True
0.1,5.5,5.0,7.0,3.0,12.0,-6.810217705845529e-27,0.37522575580210227,1.082130047893401,-10.91114979570735,0.0,7.411472910614037,0.0,True
0.1,5.5,5.0,7.0,3.0,12.0,1.1583245111691094,-2.138485429010119e-18,0.3850469831280533,18.738994982395905,0.0,-19.931208433562556,0.0,True
0.1,5.5,5.0,7.0,5.0,8.0,2.7443019388573394e-22,0.34765021224870585,1.1057530863169989,-13.551531823034892,0.0,7.83540122901497,0.0,True
0.1,5.5,5.0,7.0,5.0,8.0,1.0050533987414165,3.366469087958206e-22,0.053000936573431745,7.653881896861284,0.0,-19.009610460838157,0.0,True
0.1,5.5,5.0,7.0,5.0,8.0,4.7408884104030636e-29,7.254079030502889e-19,1.0,-10.0,0.0,-6.119999999999999,0.0,False
0.1,5.5,5.0,7.0,5.0,8.0,1.10476174661051e-20,-1.0466728820401574,1.958583606748468,-50.36744182333919,0.0,38.83670364814349,0.0,True
0.1,5.5,5.0,7.0,5.0,8.0,3.922018990204973,4.277723067592922,2.5907069130816183,3501.899255151572,0.0,111.73656556758351,0.0,True
0.1,5.5,5.0,7.0,5.0,10.0,-2.8923151216430526e-25,-1.2183580519353372,2.039077439900969,-57.84735197529464,0.0,43.340404606947764,0.0,True
0.1,5.5,5.0,7.0,5.0,10.0,-5.408427901004928e-26,0.3633133993182767,1.0923976382869411,-13.380009023670116,0.0,7.592850730798262,0.0,True
0.1,5.5,5.0,7.0,5.0,10.0,1.0495832918292187,7.17364207302096e-26,0.17378118513470575,12.77179301591397,0.0,-19.353107453801535,0.0,True
0.1,5.5,5.0,7.0,5.0,10.0,-2.660720751605565e-27,1.914751457403639e-17,1.0,-10.0,0.0,-6.119999999999998,0.0,False
0.1,5.5,5.0,7.0,5.0,12.0,-2.25717935354367e-17,-1.3809945916235795,2.1125018695545865,-65.52896232926184,0.0,47.685894778775676,0.0,True
0.1,5.5,5.0,7.0,5.0,12.0,-2.2491086927751916e-27,0.3752257558021022,1.082130047893401,-13.253160676814902,0.0,7.411472910614034,0.0,True
0.1,5.5,5.0,7.0,5.0,12.0,1.0946959682768334,-2.2167553894535854e-23,0.25102546064902886,16.12855613570157,0.0,-19.68930521506669,0.0,True
0.1,5.5,5.0,7.0,5.0,12.0,2.949783687243525e-34,2.1652409949404263e-24,1.0,-10.0,0.0,-6.12,0.0,False
0.1,5.5,5.0,9.0,1.0,8.0,-1.720587910014251e-26,0.2299695223744136,1.0594967288737553,-7.314830265148558,0.0,5.286517359887877,0.0,True
0.1,5.5,5.0,9.0,1.0,8.0,1.1471374799811318,-1.0104507490702765e-19,0.4242830758848606,16.546576361214314,0.0,-19.198012571827284,0.0,True
0.1,5.5,5.0,9.0,1.0,8.0,-1.2289027897151043e-32,3.731616212226252e-24,1.0,-6.0,0.0,-4.119999999999999,0.0,False
0.1,5.5,5.0,9.0,1.0,8.0,2.407083997960324,1.6860324294924454,1.6631451716716854,453.9665388319644,0.0,40.07709298731629,0.0,True
0.1,5.5,5.0,9.0,1.0,10.0,9.157999289323e-21,0.24065193207714455,1.0521220171712162,-7.276494776539166,0.0,5.131547335279802,0.0,True
0.1,5.5,5.0,9.0,1.0,10.0,1.1912939067454624,-1.6592072607557004e-22,0.5032865897128966,18.643119132228996,0.0,-19.14253333519233,0.0,True
0.1,5.5,5.0,9.0,1.0,10.0,-6.638312676733071e-33,1.3354334533862997e-23,1.0,-6.0,0.0,-4.119999999999999,0.0,False
0.1,5.5,5.0,9.0,1.0,10.0,2.438005436562295,1.746789608355872,1.6657918642264966,418.8575153612053,0.0,39.16282892620916,0.0,True
0.1,5.5,5.0,9.0,1.0,10.0,3.335050160209137,-2.675140826363222,3.547844746898927,1492.0562960567668,0.0,159.50964552032247,0.0,True
0.1,5.5,5.0,9.0,1.0,12.0,-6.748174929637447e-23,0.24883355495125042,1.0464386035522577,-7.248825299270055,0.0,5.014121549237498,0.0,True
0.1,5.5,5.0,9.0,1.0,12.0,1.2251386994880655,-4.868769838383545e-21,0.5622185903798684,20.189135120140218,0.0,-19.05583658263382,0.0,True
0.1,5.5,5.0,9.0,1.0,12.0,-4.706002002072778e-33,3.685510423107801e-23,1.0,-6.0,0.0,-4.119999999999999,0.0,False
0.1,5.5,5.0,9.0,1.0,12.0,2.4683543523780687,1.8059248987644552,1.6689647023861274,398.77003626084377,0.0,38.37958123816841,0.0,True
0.1,5.5,5.0,9.0,3.0,8.0,-6.863592222047247e-23,0.22996952237441373,1.0594967288737556,-9.559896902136938,0.0,5.286517359887887,0.0,True
0.1,5.5,5.0,9.0,3.0,8.0,1.0633461548991445,7.191067392196862e-21,0.22264028146707815,13.029144728271088,0.0,-19.288506259676293,0.0,True
0.1,5.5,5.0,9.0,3.0,8.0,-2.0632420086672404e-28,1.609835006296363e-21,1.0,-8.0,0.0,-4.119999999999999,0.0,False
0.1,5.5,5.0,9.0,3.0,8.0,2.8447393740485425,2.378872856518148,1.802792877858474,1022.9799353557248,0.0,57.37016865652174,0.0,True
0.1,5.5,5.0,9.0,3.0,10.0,-1.839735057578262e-25,0.2406519320771447,1.0521220171712165,-9.490416254572025,0.0,5.131547335279809,0.0,True
0.1,5.5,5.0,9.0,3.0,10.0,1.1153174508404808,-5.353069895129835e-26,0.31583684111788046,16.30758402497893,0.0,-19.499231952607563,0.0,True
0.1,5.5,5.0,9.0,3.0,10.0,7.434428549004943e-27,-0.8425586738439834,1.638914606982759,-29.26888881466387,0.0,26.64218355111985,0.0,True
0.1,5.5,5.0,9.0,3.0,10.0,2.8749574413031347,2.4393627260921025,1.8094822993853974,914.0686646428392,0.0,56.30461617308805,0.0,True
0.1,5.5,5.0,9.0,3.0,12.0,1.4490431709725738e-19,0.24883355495125076,1.046438603552258,-9.438892801278858,0.0,5.0141215492375135,0.0,True
0.1,5.5,5.0,9.0,3.0,12.0,1.1583245111691094,-2.071555970901769e-18,0.3850469831280533,18.738994982395905,0.0,-19.634686075130524,0.0,True
0.1,5.5,5.0,9.0,3.0,12.0,4.564202785024765e-23,1.0970013738404195e-23,1.0,-8.0,0.0,-4.119999999999999,0.0,False
0.1,5.5,5.0,9.0,3.0,12.0,2.904832936159597,2.4990363186275872,1.816445297324234,846.1965851642369,0.0,55.38061292601054,0.0,True
0.1,5.5,5.0,9.0,5.0,8.0,-6.79798666402911e-26,0.2299695223744137,1.0594967288737556,-11.804963539125314,0.0,5.2865173598878865,0.0,True
0.1,5.5,5.0,9.0,5.0,8.0,1.0050533987414165,5.3910655308091996e-21,0.053000936573431745,7.653881896861284,0.0,-19.003992262282836,0.0,True
0.1,5.5,5.0,9.0,5.0,8.0,1.1389941062939962e-25,-4.3269075155189924e-26,1.0,-10.0,0.0,-4.119999999999999,0.0,False
0.1,5.5,5.0,9.0,5.0,8.0,3.8948897741310355e-22,-0.7202329114875204,1.5835773776385142,-30.76251360650084,0.0,23.819581801162265,0.0,True
0.1,5.5,5.0,9.0,5.0,10.0,7.811939345287326e-23,0.2406519320771446,1.0521220171712165,-11.704337732604884,0.0,5.131547335279804,0.0,True
0.1,5.5,5.0,9.0,5.0,10.0,1.0495832918292187,-4.74960899037637e-25,0.17378118513470575,12.77179301591397,0.0,-19.29270765318789,0.0,True
0.1,5.5,5.0,9.0,5.0,10.0,-6.47456355364981e-27,-0.8425586738439836,1.6389146069827591,-34.64097099262679,0.0,26.642183551119878,0.0,True
0.1,5.5,5.0,9.0,5.0,10.0,1.5145222190202423e-25,-2.3045618056931707e-24,1.0,-10.0,0.0,-4.119999999999999,0.0,False
0.1,5.5,5.0,9.0,5.0,12.0,-4.497765392903595e-25,0.24883355495125037,1.0464386035522577,-11.628960303287652,0.0,5.014121549237496,0.0,True
0.1,5.5,5.0,9.0,5.0,12.0,1.0946959682768334,-1.708848597563075e-20,0.25102546064902886,16.12855613570157,0.0,-19.563277651278575,0.0,True
0.1,5.5,5.0,9.0,5.0,12.0,-5.303322539183609e-24,-0.9591454835112669,1.6899700439050465,-38.642749734563324,0.0,29.393044650421803,0.0,True
0.1,5.5,7.0,5.0,1.0,8.0,2.7984599871472345e-28,4.859661606448088e-19,1.0,-8.0,0.0,-8.12,0.0,False
0.1,5.5,7.0,5.0,1.0,8.0,-6.638703124098117e-24,0.4938606134207713,1.1524364409302128,-13.298003431223378,0.0,9.99291743715418,0.0,True
0.1,5.5,7.0,5.0,1.0,8.0,1.1100060650809094,-2.262170045502843e-21,0.30693617620952274,15.994145540503792,0.0,-19.85681468609035,0.0,True
0.1,5.5,7.0,5.0,1.0,8.0,4.8718013866660984e-21,-1.6079653733253536,2.61597040113334,-83.08406607112006,0.0,63.45010907141911,0.0,True
0.1,5.5,7.0,5.0,1.0,10.0,1.1664194892949564e-28,2.6794199837940183e-19,1.0,-8.0,0.0,-8.12,0.0,False
0.1,5.5,7.0,5.0,1.0,10.0,-1.5747083617840793e-25,0.5123140996718911,1.1312328683613102,-13.114126894167581,0.0,9.690659669688154,0.0,True
0.1,5.5,7.0,5.0,1.0,10.0,1.1626164539976556,-3.729131177115289e-24,0.3917453414022628,18.973433253894278,0.0,-20.259988499218707,0.0,True
0.1,5.5,7.0,5.0,1.0,12.0,6.361630680977837e-29,1.8184432917280028e-19,1.0,-8.0,0.0,-8.12,0.0,False
0.1,5.5,7.0,5.0,1.0,12.0,1.3556352452811557e-17,0.5259785668241678,1.1152722719826689,-12.9827797674592,0.0,9.472038170147393,0.0,True
0.1,5.5,7.0,5.0,1.0,12.0,1.2045269540623353,8.635923518695947e-21,0.4559180563514923,21.207460619345515,0.0,-20.568371950380108,0.0,True
0.1,5.5,7.0,5.0,3.0,8.0,2.7486384665277457e-29,9.750636797375095e-20,1.0,-10.0,0.0,-8.12,0.0,False
0.1,5.5,7.0,5.0,3.0,8.0,-1.6518700023673674e-24,0.49386061342077126,1.1524364409302128,-15.95422293199117,0.0,9.99291743715418,0.0,True
0.1,5.5,7.0,5.0,3.0,8.0,1.031375619891609,2.34232349417656e-17,0.13571476868822419,11.134503115822856,0.0,-19.250761173244296,0.0,True
0.1,5.5,7.0,5.0,3.0,8.0,-4.178645518762276e-26,-1.6079653733253536,2.61597040113334,-96.77066835033152,0.0,63.45010907141911,0.0,True
0.1,5.5,7.0,5.0,3.0,10.0,1.3571414427927078e-29,6.975863309975085e-20,1.0,-10.0,0.0,-8.12,0.0,False
0.1,5.5,7.0,5.0,3.0,10.0,-3.50654342308496e-26,0.5123140996718912,1.1312328683613102,-15.673502499089498,0.0,9.690659669688161,0.0,True
0.1,5.5,7.0,5.0,3.0,10.0,1.0847319081649338,7.27103400837781e-25,0.23518184681576004,15.438043242130309,0.0,-19.7268108732998,0.0,True
0.1,5.5,7.0,5.0,3.0,10.0,9.271866658926275e-18,-1.866975326809344,2.7427984354574284,-113.43157428070401,0.0,71.1081801540672,0.0,True
0.1,5.5,7.0,5.0,3.0,12.0,8.441191455175735e-30,5.713829285369278e-20,1.0,-10.0,0.0,-8.12,0.0,False
0.1,5.5,7.0,5.0,3.0,12.0,3.282134590577972e-18,0.5259785668241679,1.115272271982669,-15.47044424876597,0.0,9.472038170147396,0.0,True
0.1,5.5,7.0,5.0,3.0,12.0,1.1315943100079853,-4.5650176467854224e-21,0.3063927553436737,18.541729050440544,0.0,-20.14157563965288,0.0,True
0.1,5.5,7.0,5.0,5.0,8.0,1.9966100687134784e-30,1.3957873424123653e-20,1.0,-12.0,0.0,-8.12,0.0,False
0.1,5.5,7.0,5.0,5.0,8.0,-4.0788506699472917e-25,0.4938606134207712,1.1524364409302128,-18.610442432758962,0.0,9.992917437154176,0.0,True
0.1,5.5,7.0,5.0,5.0,8.0,2.4372843742934686e-26,-1.6079653733253536,2.61597040113334,-110.45727062954296,0.0,63.45010907141911,0.0,True
0.1,5.5,7.0,5.0,5.0,10.0,1.4080895120590416e-30,1.4972526464770994e-20,1.0,-12.0,0.0,-8.12,0.0,False
0.1,5.5,7.0,5.0,5.0,10.0,2.2724600264354845e-17,0.5123140996718915,1.1312328683613104,-18.232878104011412,0.0,9.690659669688166,0.0,True
0.1,5.5,7.0,5.0,5.0,10.0,1.0242869775323322,-2.75616285699779e-24,0.10821075950902759,10.854407622957162,0.0,-19.19906045983497,0.0,True
0.1,5.5,7.0,5.0,5.0,10.0,-2.0459319834764076e-19,-1.8669753268093443,2.7427984354574293,-128.47746079579952,0.0,71.10818015406726,0.0,True
0.1,5.5,7.0,5.0,5.0,12.0,1.099050354515997e-30,1.591742138122853e-20,1.0,-12.0,0.0,-8.12,0.0,False
0.1,5.5,7.0,5.0,5.0,12.0,7.119144417598352e-19,0.5259785668241679,1.115272271982669,-17.958108730072738,0.0,9.472038170147396,0.0,True
0.1,5.5,7.0,5.0,5.0,12.0,1.0689218951922292,5.1098775210412086e-27,0.19066257056821234,15.089887602283499,0.0,-19.62241392634649,0.0,True
0.1,5.5,7.0,7.0,1.0,8.0,7.7198327033001895e-22,0.3476502122487058,1.1057530863169989,-11.106152047235756,0.0,7.835401229014966,0.0,True
0.1,5.5,7.0,7.0,1.0,8.0,1.1100060650809094,-3.6069299467667136e-20,0.30693617620952274,15.994145540503792,0.0,-19.668395053558104,0.0,True
0.1,5.5,7.0,7.0,1.0,8.0,-1.8895000767094899e-29,8.699550174168266e-23,1.0,-8.0,0.0,-6.119999999999999,0.0,False
0.1,5.5,7.0,7.0,1.0,8.0,2.659691380568889e-26,-1.0466728820401576,1.9585836067484683,-42.69534233409153,0.0,38.836703648143526,0.0,True
0.1,5.5,7.0,7.0,1.0,10.0,1.8622302388173715e-22,0.3633133993182767,1.0923976382869411,-10.993343823400341,0.0,7.592850730798262,0.0,True
0.1,5.5,7.0,7.0,1.0,10.0,1.1626164539976558,-2.4407161317313752e-18,0.3917453414022626,18.97343325389429,0.0,-19.95305967419796,0.0,True
0.1,5.5,7.0,7.0,1.0,10.0,2.2903377314516142e-23,-6.733012998387196e-25,1.0,-8.0,0.0,-6.119999999999998,0.0,False
0.1,5.5,7.0,7.0,1.0,10.0,-6.5699107597287085e-18,-1.218358051935337,2.0390774399009683,-49.531678363468444,0.0,43.340404606947736,0.0,True
0.1,5.5,7.0,7.0,1.0,12.0,-1.0142668648352428e-24,-1.3809945916235795,2.1125018695545865,-56.60363403151859,0.0,47.685894778775676,0.0,True
0.1,5.5,7.0,7.0,1.0,12.0,-8.78279829571769e-27,0.37522575580210227,1.082130047893401,-10.91114979570735,0.0,7.411472910614037,0.0,True
0.1,5.5,7.0,7.0,1.0,12.0,1.2045269540623353,-9.272456569565583e-21,0.4559180563514923,21.207460619345515,0.0,-20.152649402165462,0.0,True
0.1,5.5,7.0,7.0,1.0,12.0,2.638231171426794e-21,3.0018515664449567e-22,1.0,-8.0,0.0,-6.12,0.0,False
0.1,5.5,7.0,7.0,1.0,12.0,3.2166786706575876,2.9598312575602326,2.230217499702376,1044.582792004579,0.0,63.32984320777393,0.0,True
0.1,5.5,7.0,7.0,3.0,8.0,2.57981260720518e-24,0.34765021224870585,1.1057530863169989,-13.551531823034892,0.0,7.83540122901497,0.0,True
0.1,5.5,7.0,7.0,3.0,8.0,1.031375619891609,5.342234626983764e-18,0.13571476868822419,11.134503115822856,0.0,-19.2139241763641,0.0,True
0.1,5.5,7.0,7.0,3.0,8.0,1.042649148148289e-31,5.497733932950653e-22,1.0,-10.0,0.0,-6.119999999999999,0.0,False
0.1,5.5,7.0,7.0,3.0,10.0,5.871043644565825e-23,-1.218358051935337,2.0390774399009683,-57.84735197529463,0.0,43.340404606947736,0.0,True
0.1,5.5,7.0,7.0,3.0,10.0,-6.974676715656644e-26,0.3633133993182768,1.0923976382869411,-13.38000902367012,0.0,7.5928507307982676,0.0,True
0.1,5.5,7.0,7.0,3.0,10.0,1.0847319081649338,1.9199327082413836e-23,0.23518184681576004,15.438043242130309,0.0,-19.616189871156458,0.0,True
0.1,5.5,7.0,7.0,3.0,10.0,3.0386562822993436e-30,1.7635528928850784e-20,1.0,-10.0,0.0,-6.119999999999998,0.0,False
0.1,5.5,7.0,7.0,3.0,12.0,4.082694669862665e-17,-1.3809945916235793,2.1125018695545865,-65.52896232926182,0.0,47.68589477877563,0.0,True
0.1,5.5,7.0,7.0,3.0,12.0,-2.9250215104776695e-27,0.37522575580210227,1.082130047893401,-13.253160676814902,0.0,7.411472910614037,0.0,True
0.1,5.5,7.0,7.0,3.0,12.0,1.1315943100079853,-1.8190065581042988e-20,0.3063927553436737,18.541729050440544,0.0,-19.953822598598705,0.0,True
0.1,5.5,7.0,7.0,3.0,12.0,1.0449136765132837e-27,9.18458281918362e-18,1.0,-10.0,0.0,-6.12,0.0,False
0.1,5.5,7.0,7.0,5.0,8.0,1.5672512596470251e-24,0.34765021224870574,1.1057530863169989,-15.99691159883403,0.0,7.835401229014964,0.0,True
0.1,5.5,7.0,7.0,5.0,8.0,2.7653689426478097e-23,1.3973419108396947e-19,1.0,-12.0,0.0,-6.119999999999999,0.0,False
0.1,5.5,7.0,7.0,5.0,8.0,-2.2373710455305004e-20,-1.0466728820401574,1.958583606748468,-58.03954131258686,0.0,38.83670364814349,0.0,True
0.1,5.5,7.0,7.0,5.0,10.0,3.147826256794714e-19,-1.2183580519353372,2.039077439900969,-66.16302558712081,0.0,43.340404606947764,0.0,True
0.1,5.5,7.0,7.0,5.0,10.0,-2.720826868128353e-26,0.3633133993182768,1.0923976382869411,-15.76667422393989,0.0,7.5928507307982676,0.0,True
0.1,5.5,7.0,7.0,5.0,10.0,1.0242869775323322,-1.325965056694152e-23,0.10821075950902759,10.854407622957162,0.0,-19.17564132288793,0.0,True
0.1,5.5,7.0,7.0,5.0,10.0,6.0641473278330664e-24,3.0849563115387807e-22,1.0,-12.0,0.0,-6.119999999999998,0.0,False
0.1,5.5,7.0,7.0,5.0,12.0,-1.6852891980166833e-18,-1.3809945916235795,2.1125018695545865,-74.45429062700508,0.0,47.685894778775676,0.0,True
0.1,5.5,7.0,7.0,5.0,12.0,-1.0832870602832216e-27,0.3752257558021022,1.082130047893401,-15.595171557922448,0.0,7.411472910614034,0.0,True
0.1,5.5,7.0,7.0,5.0,12.0,1.0689218951922292,-4.156035483319671e-24,0.19066257056821234,15.089887602283499,0.0,-19.54970949471513,0.0,True
0.1,5.5,7.0,7.0,5.0,12.0,2.8240681204706286e-21,1.3646069289229671e-17,1.0,-12.0,0.0,-6.12,0.0,False
0.1,5.5,7.0,9.0,1.0,8.0,-1.6509987054975508e-24,0.22996952237441373,1.0594967288737556,-9.559896902136938,0.0,5.286517359887887,0.0,True
0.1,5.5,7.0,9.0,1.0,8.0,1.1100060650809094,-1.1678621937866471e-25,0.30693617620952274,15.994145540503792,0.0,-19.479975421025856,0.0,True
0.1,5.5,7.0,9.0,1.0,8.0,2.643188903469731e-23,-1.8162474143785984e-24,1.0,-8.0,0.0,-4.119999999999999,0.0,False
0.1,5.5,7.0,9.0,1.0,8.0,1.2367619523611116e-26,-0.7202329114875206,1.5835773776385145,-25.7470789845639,0.0,23.81958180116228,0.0,True
0.1,5.5,7.0,9.0,1.0,8.0,2.6972435871617444,2.0802216134828138,1.7759805365782722,784.8284250749072,0.0,49.874140818477315,0.0,True
0.1,5.5,7.0,9.0,1.0,10.0,-2.345594701501081e-27,0.24065193207714466,1.0521220171712165,-9.490416254572025,0.0,5.131547335279807,0.0,True
0.1,5.5,7.0,9.0,1.0,10.0,1.1626164539976556,-1.778789808164827e-21,0.3917453414022628,18.973433253894278,0.0,-19.646130849177204,0.0,True
0.1,5.5,7.0,9.0,1.0,10.0,-2.8067148840007428e-30,6.742372384363004e-22,1.0,-8.0,0.0,-4.119999999999999,0.0,False
0.1,5.5,7.0,9.0,1.0,10.0,2.0896488665907472e-22,-0.8425586738439836,1.6389146069827591,-29.268888814663885,0.0,26.642183551119878,0.0,True
0.1,5.5,7.0,9.0,1.0,10.0,2.727206214104533,2.1415215587810748,1.7805589476390409,707.9954851507413,0.0,48.92165805449787,0.0,True
0.1,5.5,7.0,9.0,1.0,12.0,-1.0579199787059238e-21,0.2488335549512505,1.0464386035522577,-9.438892801278854,0.0,5.014121549237501,0.0,True
0.1,5.5,7.0,9.0,1.0,12.0,1.2045269540623353,-4.615737301217349e-18,0.4559180563514923,21.207460619345515,0.0,-19.736926853950816,0.0,True
0.1,5.5,7.0,9.0,1.0,12.0,1.7686552387513885e-25,3.0558518480295475e-17,1.0,-8.0,0.0,-4.119999999999999,0.0,False
0.1,5.5,7.0,9.0,1.0,12.0,2.801928922181331e-22,-0.9591454835112667,1.689970043905046,-32.930752235970466,0.0,29.393044650421768,0.0,True
0.1,5.5,7.0,9.0,1.0,12.0,2.756786534856823,2.201664005380174,1.7855412949020448,660.9271466184426,0.0,48.099385052417546,0.0,True
0.1,5.5,7.0,9.0,3.0,8.0,8.432969020071736e-20,0.2299695223744145,1.0594967288737558,-11.804963539125323,0.0,5.286517359887927,0.0,True
0.1,5.5,7.0,9.0,3.0,8.0,1.0313756198916089,-2.009762390000299e-24,0.13571476868822452,11.134503115822856,0.0,-19.177087179483898,0.0,True
0.1,5.5,7.0,9.0,3.0,8.0,2.7029807735531386e-23,-0.7202329114875206,1.5835773776385145,-30.762513606500846,0.0,23.81958180116228,0.0,True
0.1,5.5,7.0,9.0,3.0,10.0,-8.04638123325432e-24,0.24065193207714455,1.0521220171712162,-11.704337732604884,0.0,5.131547335279802,0.0,True
0.1,5.5,7.0,9.0,3.0,10.0,1.0847319081649338,-1.9367483269900847e-20,0.23518184681576004,15.438043242130309,0.0,-19.505568869013114,0.0,True
0.1,5.5,7.0,9.0,3.0,10.0,-6.287989646249105e-32,1.3549826493520794e-23,1.0,-10.0,0.0,-4.119999999999999,0.0,False
0.1,5.5,7.0,9.0,3.0,12.0,-8.667113076562193e-27,0.2488335549512504,1.0464386035522577,-11.628960303287652,0.0,5.014121549237497,0.0,True
0.1,5.5,7.0,9.0,3.0,12.0,1.1315943100079853,-4.666073102647579e-19,0.3063927553436737,18.541729050440544,0.0,-19.76606955754453,0.0,True
0.1,5.5,7.0,9.0,3.0,12.0,2.9418995901383015e-27,2.43636658019485e-19,1.0,-10.0,0.0,-4.119999999999999,0.0,False
0.1,5.5,7.0,9.0,5.0,8.0,4.940271080116623e-22,0.22996952237441376,1.0594967288737556,-14.050030176113692,0.0,5.286517359887888,0.0,True
0.1,5.5,7.0,9.0,5.0,8.0,-4.0124013840459345e-31,7.703905534475937e-18,1.0,-12.0,0.0,-4.119999999999999,0.0,False
0.1,5.5,7.0,9.0,5.0,8.0,3.599209234102435,3.6395686268173164,2.1383159577007476,3196.65428080125,0.0,93.81707455602645,0.0,True
0.1,5.5,7.0,9.0,5.0,8.0,-1.3695074932536127e-19,-0.7202329114875206,1.5835773776385145,-35.77794822843779,0.0,23.81958180116228,0.0,True
0.1,5.5,7.0,9.0,5.0,10.0,-2.5458742749408486e-28,0.2406519320771446,1.0521220171712165,-13.918259210637743,0.0,5.131547335279804,0.0,True
0.1,5.5,7.0,9.0,5.0,10.0,1.0242869775323322,1.6059986242529794e-22,0.10821075950902759,10.854407622957162,0.0,-19.15222218594089,0.0,True
0.1,5.5,7.0,9.0,5.0,10.0,-1.657071816862643e-31,2.1598766974961812e-21,1.0,-12.0,0.0,-4.119999999999999,0.0,False
0.1,5.5,7.0,9.0,5.0,10.0,-6.695323955096089e-20,-0.8425586738439835,1.638914606982759,-40.01305317058968,0.0,26.642183551119857,0.0,True
0.1,5.5,7.0,9.0,5.0,12.0,-1.355419545173294e-23,0.24883355495125048,1.0464386035522577,-13.81902780529645,0.0,5.0141215492375,0.0,True
0.1,5.5,7.0,9.0,5.0,12.0,1.0689218951922292,3.1282120635497274e-23,0.19066257056821234,15.089887602283499,0.0,-19.477005063083773,0.0,True
0.1,5.5,7.0,9.0,5.0,12.0,-1.2202645225412929e-32,6.889861850597894e-20,1.0,-12.0,0.0,-4.119999999999999,0.0,False
0.1,5.5,7.0,9.0,5.0,12.0,3.658419687204171,3.766619622201882,2.1602096866300142,2487.7812354011276,0.0,92.12233486686273,0.0,True
0.1,6.5,3.0,5.0,1.0,8.0,6.76625941412636e-28,3.4642145175913334e-18,1.0,-4.0,0.0,-8.12,0.0,False
0.1,6.5,3.0,5.0,1.0,8.0,-5.507021571041055e-23,0.4938606134207713,1.1524364409302128,-7.985564429687796,0.0,9.99291743715418,0.0,True
0.1,6.5,3.0,5.0,1.0,8.0,1.154728885952154,4.3454913357105113e-23,0.5833128749836554,16.897161324402987,0.0,-19.219113429697483,0.0,True
0.1,6.5,3.0,5.0,1.0,8.0,-2.5659688871794566e-23,-1.6079653733253536,2.61597040113334,-55.71086151269715,0.0,63.45010907141911,0.0,True
0.1,6.5,3.0,5.0,1.0,8.0,2.6005876819494596,2.279560826444558,2.1342933848168535,472.7915225688113,0.0,43.41338015202575,0.0,True
0.1,6.5,3.0,5.0,1.0,10.0,-7.994509199097167e-28,1.5690555619489277e-18,1.0,-4.0,0.0,-8.12,0.0,False
0.1,6.5,3.0,5.0,1.0,10.0,-1.0146025251504144e-24,0.5123140996718911,1.1312328683613102,-7.995375684323751,0.0,9.690659669688154,0.0,True
0.1,6.5,3.0,5.0,1.0,10.0,1.1828276628365941,-1.4297491119979663e-22,0.6502296800071301,18.1188749887415,0.0,-19.190632304022284,0.0,True
0.1,6.5,3.0,5.0,1.0,10.0,2.668229673363053,2.4191026786006486,2.1461664873526405,476.10916349088546,0.0,42.73645157174711,0.0,True
0.1,6.5,3.0,5.0,1.0,12.0,4.723757263547739e-28,9.113719794145154e-19,1.0,-4.0,0.0,-8.12,0.0,False
0.1,6.5,3.0,5.0,1.0,12.0,1.280848233098042e-17,0.5259785668241679,1.115272271982669,-8.007450804845664,0.0,9.472038170147396,0.0,True
0.1,6.5,3.0,5.0,1.0,12.0,1.203393253582639,3.188097377905144e-26,0.6983009744232895,18.988873396289765,0.0,-19.15358738379145,0.0,True
0.1,6.5,3.0,5.0,1.0,12.0,2.73349948979236,2.5534698919442684,2.160082816132636,488.1813229742313,0.0,42.277661160357084,0.0,True
0.1,6.5,3.0,5.0,3.0,8.0,1.2106592075272492e-27,7.598091491918903e-19,1.0,-6.0,0.0,-8.12,0.0,False
0.1,6.5,3.0,5.0,3.0,8.0,-1.1232195998989377e-23,0.49386061342077137,1.1524364409302128,-10.641783930455588,0.0,9.992917437154183,0.0,True
0.1,6.5,3.0,5.0,3.0,8.0,1.0870507071042768,-6.167272450778193e-21,0.33530542760355164,15.190352600967485,0.0,-19.47067490402106,0.0,True
0.1,6.5,3.0,5.0,3.0,8.0,-2.2967108113259466e-17,-1.6079653733253536,2.61597040113334,-69.3974637919086,0.0,63.45010907141911,0.0,True
0.1,6.5,3.0,5.0,3.0,10.0,5.487449153290526e-28,4.000633183218576e-19,1.0,-6.0,0.0,-8.12,0.0,False
0.1,6.5,3.0,5.0,3.0,10.0,-2.2056639656831327e-25,0.5123140996718911,1.1312328683613102,-10.554751289245665,0.0,9.690659669688154,0.0,True
0.1,6.5,3.0,5.0,3.0,10.0,1.1295513808119082,4.780561456689198e-22,0.42585115514766025,17.636966270486102,0.0,-19.677188951377435,0.0,True
0.1,6.5,3.0,5.0,3.0,10.0,7.264653552357402e-18,-1.866975326809344,2.7427984354574284,-83.33980125051315,0.0,71.1081801540672,0.0,True
0.1,6.5,3.0,5.0,3.0,12.0,3.166353532536515e-28,2.6342483290890937e-19,1.0,-6.0,0.0,-8.12,0.0,False
0.1,6.5,3.0,5.0,3.0,12.0,7.913481823929962e-18,0.525978566824168,1.115272271982669,-10.495115286152433,0.0,9.4720381701474,0.0,True
0.1,6.5,3.0,5.0,3.0,12.0,1.1630998652184454,5.371732546786956e-20,0.4926995138233128,19.435493071767876,0.0,-19.82012352974768,0.0,True
0.1,6.5,3.0,5.0,3.0,12.0,2.335552871956167e-25,-2.111263222509741,2.857263497800923,-97.83718722134887,0.0,78.43405048196509,0.0,True
0.1,6.5,3.0,5.0,5.0,8.0,1.0923848163027666e-28,1.4383352694754608e-19,1.0,-8.0,0.0,-8.12,0.0,False
0.1,6.5,3.0,5.0,5.0,8.0,-2.520189711127671e-24,0.4938606134207713,1.1524364409302128,-13.298003431223378,0.0,9.99291743715418,0.0,True
0.1,6.5,3.0,5.0,5.0,8.0,1.0250178007558401,-9.065263825280436e-18,0.14633753785859938,11.377824395873864,0.0,-19.159296352485498,0.0,True
0.1,6.5,3.0,5.0,5.0,8.0,3.866148131920287e-26,-1.6079653733253538,2.6159704011333402,-83.08406607112009,0.0,63.45010907141916,0.0,True
0.1,6.5,3.0,5.0,5.0,10.0,5.541094246702732e-29,9.727691744223412e-20,1.0,-8.0,0.0,-8.12,0.0,False
0.1,6.5,3.0,5.0,5.0,10.0,-4.6480288507252575e-26,0.5123140996718911,1.1312328683613102,-13.114126894167581,0.0,9.690659669688154,0.0,True
0.1,6.5,3.0,5.0,5.0,10.0,1.0699166275614067,-2.711947351171572e-24,0.25593096654395686,15.214527599191674,0.0,-19.489118002923767,0.0,True
0.1,6.5,3.0,5.0,5.0,10.0,-5.013293094213673e-24,-1.866975326809344,2.7427984354574284,-98.38568776560858,0.0,71.1081801540672,0.0,True
0.1,6.5,3.0,5.0,5.0,12.0,3.5269404608286545e-29,7.689338011471826e-20,1.0,-8.0,0.0,-8.12,0.0,False
0.1,6.5,3.0,5.0,5.0,12.0,2.1320412784480246e-18,0.5259785668241679,1.115272271982669,-12.982779767459201,0.0,9.472038170147396,0.0,True
0.1,6.5,3.0,5.0,5.0,12.0,1.1096536603529732,-3.3740536435118177e-20,0.3330289084520096,17.949068650629307,0.0,-19.76874651939461,0.0,True
0.1,6.5,3.0,7.0,1.0,8.0,-1.3702509890375695e-17,0.3476502122487064,1.1057530863169993,-6.2153924956374915,0.0,7.835401229015001,0.0,True
0.1,6.5,3.0,7.0,1.0,8.0,1.154728885952154,-4.243893313568754e-25,0.5833128749836554,16.897161324402987,0.0,-18.538605609454088,0.0,True
0.1,6.5,3.0,7.0,1.0,8.0,-2.5725769099384215e-31,2.7721270351367475e-24,1.0,-4.0,0.0,-6.119999999999999,0.0,False
0.1,6.5,3.0,7.0,1.0,8.0,2.1871570534851235,1.5850058883170293,1.7033207150591587,284.8858066694308,0.0,33.751762309956675,0.0,True
0.1,6.5,3.0,7.0,1.0,8.0,5.952731769023272e-23,-1.0466728820401572,1.9585836067484677,-27.351143355596154,0.0,38.836703648143455,0.0,True
0.1,6.5,3.0,7.0,1.0,10.0,5.134556035257778e-22,0.3633133993182768,1.0923976382869411,-6.220013422860798,0.0,7.5928507307982676,0.0,True
0.1,6.5,3.0,7.0,1.0,10.0,1.1828276628365941,2.071955642924887e-20,0.6502296800071301,18.1188749887415,0.0,-18.345035030497932,0.0,True
0.1,6.5,3.0,7.0,1.0,10.0,-7.131329260336942e-31,2.1825077663371023e-22,1.0,-4.0,0.0,-6.119999999999998,0.0,False
0.1,6.5,3.0,7.0,1.0,10.0,2.2275232797244167,1.6660178056811226,1.7024657397640246,277.70765544206483,0.0,32.80232294462526,0.0,True
0.1,6.5,3.0,7.0,1.0,10.0,4.450092755041774e-21,-1.2183580519353367,2.039077439900968,-32.900331139816075,0.0,43.34040460694768,0.0,True
0.1,6.5,3.0,7.0,1.0,12.0,2.040858005900219e-19,-1.3809945916235793,2.1125018695545865,-38.75297743603208,0.0,47.68589477877563,0.0,True
0.1,6.5,3.0,7.0,1.0,12.0,-1.1093595603132374e-25,0.3752257558021022,1.082130047893401,-6.227128033492254,0.0,7.411472910614034,0.0,True
0.1,6.5,3.0,7.0,1.0,12.0,1.203393253582639,5.5347809930723815e-21,0.6983009744232895,18.988873396289765,0.0,-18.178338882030417,0.0,True
0.1,6.5,3.0,7.0,1.0,12.0,-4.448735012918621e-31,8.1835245754092485e-22,1.0,-4.0,0.0,-6.12,0.0,False
0.1,6.5,3.0,7.0,1.0,12.0,2.266421491877537,1.7433631333383879,1.702794929639424,276.80376544692376,0.0,32.01622891908981,0.0,True
0.1,6.5,3.0,7.0,3.0,8.0,1.186550047567677e-22,0.3476502122487059,1.1057530863169989,-8.66077227143662,0.0,7.8354012290149715,0.0,True
0.1,6.5,3.0,7.0,3.0,8.0,1.0870507071042768,-6.998396953863123e-20,0.33530542760355164,15.190352600967485,0.0,-19.24581544446026,0.0,True
0.1,6.5,3.0,7.0,3.0,8.0,-3.6091723009242695e-27,6.3474029188731785e-22,1.0,-6.0,0.0,-6.119999999999999,0.0,False
0.1,6.5,3.0,7.0,3.0,8.0,-7.199258217017306e-24,-1.0466728820401574,1.958583606748468,-35.023242844843836,0.0,38.83670364814349,0.0,True
0.1,6.5,3.0,7.0,3.0,8.0,2.6405900735535113,2.329542229878328,1.8262684113791785,685.7446534359542,0.0,49.588470639644186,0.0,True
0.1,6.5,3.0,7.0,3.0,10.0,1.437697027613031e-24,0.3633133993182767,1.0923976382869411,-8.606678623130568,0.0,7.592850730798262,0.0,True
0.1,6.5,3.0,7.0,3.0,10.0,1.1295513808119082,-1.9604650976480145e-18,0.42585115514766025,17.636966270486102,0.0,-19.31449053869624,0.0,True
0.1,6.5,3.0,7.0,3.0,10.0,2.597249412706649e-19,3.266566610905618e-23,1.0,-6.0,0.0,-6.119999999999998,0.0,False
0.1,6.5,3.0,7.0,3.0,10.0,2.678191253007318,2.408142380245102,1.8316860320145723,637.6631569051257,0.0,48.201285588191894,0.0,True
0.1,6.5,3.0,7.0,3.0,12.0,1.617984634180056e-17,-1.3809945916235795,2.1125018695545865,-47.678305733775346,0.0,47.685894778775676,0.0,True
0.1,6.5,3.0,7.0,3.0,12.0,-2.2411143886876335e-26,0.3752257558021022,1.082130047893401,-8.569138914599803,0.0,7.411472910614034,0.0,True
0.1,6.5,3.0,7.0,3.0,12.0,1.1630998652184454,-3.225493863422498e-21,0.4926995138233128,19.435493071767876,0.0,-19.33461790790422,0.0,True
0.1,6.5,3.0,7.0,3.0,12.0,7.008410873154223e-25,4.834312293069295e-22,1.0,-6.0,0.0,-6.12,0.0,False
0.1,6.5,3.0,7.0,3.0,12.0,2.7149877661232273,2.484881370963088,1.8376862023684333,611.25987546694,0.0,47.037434478917476,0.0,True
0.1,6.5,3.0,7.0,5.0,8.0,2.820460616755349e-26,0.34765021224870585,1.1057530863169989,-11.106152047235756,0.0,7.83540122901497,0.0,True
0.1,6.5,3.0,7.0,5.0,8.0,1.02501780075584,-4.244503155433784e-26,0.1463375378585997,11.37782439587386,0.0,-19.11646700251246,0.0,True
0.1,6.5,3.0,7.0,5.0,8.0,7.230802555806559e-22,-1.0466728820401572,1.9585836067484677,-42.6953423340915,0.0,38.836703648143455,0.0,True
0.1,6.5,3.0,7.0,5.0,8.0,1.940334696665037e-29,2.290794666950951e-19,1.0,-8.0,0.0,-6.119999999999999,0.0,False
0.1,6.5,3.0,7.0,5.0,8.0,3.113928275522728,3.185712618753492,2.001722967730867,1476.0085218660388,0.0,70.55352244356868,0.0,True
0.1,6.5,3.0,7.0,5.0,10.0,6.719726506949439e-18,-1.2183580519353367,2.039077439900968,-49.531678363468416,0.0,43.34040460694768,0.0,True
0.1,6.5,3.0,7.0,5.0,10.0,-1.4186287804196418e-25,0.3633133993182768,1.0923976382869411,-10.993343823400345,0.0,7.5928507307982676,0.0,True
0.1,6.5,3.0,7.0,5.0,10.0,1.0699166275614067,-3.6472193198722087e-22,0.25593096654395686,15.214527599191674,0.0,-19.35811668365152,0.0,True
0.1,6.5,3.0,7.0,5.0,10.0,4.202032602918326e-32,1.9070273934826839e-22,1.0,-8.0,0.0,-6.119999999999998,0.0,False
0.1,6.5,3.0,7.0,5.0,10.0,3.1503346775723604,3.265202700335776,2.012088494531315,1331.7594153861091,0.0,68.90874917719816,0.0,True
0.1,6.5,3.0,7.0,5.0,12.0,-9.510587852701213e-23,-1.3809945916235795,2.1125018695545865,-56.60363403151859,0.0,47.685894778775676,0.0,True
0.1,6.5,3.0,7.0,5.0,12.0,-6.168531744742723e-27,0.3752257558021022,1.082130047893401,-10.91114979570735,0.0,7.411472910614034,0.0,True
0.1,6.5,3.0,7.0,5.0,12.0,1.1096536603529732,-4.872131935793693e-20,0.3330289084520096,17.949068650629307,0.0,-19.54693001166514,0.0,True
0.1,6.5,3.0,7.0,5.0,12.0,3.9617087698264976e-26,2.159878739154032e-17,1.0,-8.0,0.0,-6.12,0.0,False
0.1,6.5,3.0,7.0,5.0,12.0,3.1862677895295053,3.3437206724598716,2.0227758145993677,1243.561979507148,0.0,67.51459208456242,0.0,True
0.1,6.5,3.0,9.0,1.0,8.0,-1.9538603835742054e-21,0.22996952237441393,1.0594967288737556,-5.069763628160185,0.0,5.286517359887895,0.0,True
0.1,6.5,3.0,9.0,1.0,8.0,1.1547288859521543,-2.8863078070102753e-21,0.5833128749836551,16.897161324403,0.0,-17.858097789210696,0.0,True
0.1,6.5,3.0,9.0,1.0,8.0,2.4047980883779445e-19,-0.7202329114875206,1.5835773776385145,-15.716209740690003,0.0,23.81958180116228,0.0,True
0.1,6.5,3.0,9.0,1.0,8.0,1.9513608168349006,1.2148276780719103,1.4703417491237345,205.45222199164368,0.0,28.262437968980862,0.0,True
0.1,6.5,3.0,9.0,1.0,8.0,1.3318502598003209e-25,-1.8784027329529814e-28,1.0,-4.0,0.0,-4.119999999999999,0.0,False
0.1,6.5,3.0,9.0,1.0,10.0,-2.4071210785137673e-22,0.24065193207714453,1.0521220171712162,-5.062573298506306,0.0,5.131547335279797,0.0,True
0.1,6.5,3.0,9.0,1.0,10.0,1.1828276628365941,-1.1482943477784221e-20,0.6502296800071301,18.1188749887415,0.0,-17.499437756973585,0.0,True
0.1,6.5,3.0,9.0,1.0,10.0,5.807822230348397e-19,-0.8425586738439835,1.638914606982759,-18.52472445873807,0.0,26.642183551119857,0.0,True
0.1,6.5,3.0,9.0,1.0,10.0,1.9772820113458383,1.2668685537316844,1.4670493010928278,195.38411068301588,0.0,27.26880237579374,0.0,True
0.1,6.5,3.0,9.0,1.0,12.0,-5.636817307910802e-26,0.24883355495125037,1.0464386035522577,-5.058757797261256,0.0,5.014121549237496,0.0,True
0.1,6.5,3.0,9.0,1.0,12.0,1.203393253582639,-4.96357675251143e-20,0.6983009744232895,18.988873396289765,0.0,-17.203090380269387,0.0,True
0.1,6.5,3.0,9.0,1.0,12.0,5.742931772449991e-18,-0.9591454835112667,1.689970043905046,-21.506757238784772,0.0,29.393044650421768,0.0,True
0.1,6.5,3.0,9.0,1.0,12.0,2.0022899362814197,1.3164186056557603,1.4644757529596064,190.62102101641398,0.0,26.418416184479298,0.0,True
0.1,6.5,3.0,9.0,3.0,8.0,-1.0831858950351028e-24,0.22996952237441362,1.0594967288737553,-7.314830265148558,0.0,5.286517359887878,0.0,True
0.1,6.5,3.0,9.0,3.0,8.0,1.0870507071042768,-2.8956860845284334e-25,0.33530542760355164,15.190352600967485,0.0,-19.02095598489946,0.0,True
0.1,6.5,3.0,9.0,3.0,8.0,-6.611048877894633e-31,8.905672523617678e-22,1.0,-6.0,0.0,-4.119999999999999,0.0,False
0.1,6.5,3.0,9.0,3.0,8.0,2.314550109155714,1.7755999078176812,1.5334569198390184,474.8745546706226,0.0,40.33065296554494,0.0,True
0.1,6.5,3.0,9.0,3.0,8.0,-2.512556495793526e-25,-0.7202329114875207,1.5835773776385147,-20.731644362626955,0.0,23.8195818011623,0.0,True
0.1,6.5,3.0,9.0,3.0,10.0,-1.62980049688221e-27,0.24065193207714453,1.0521220171712162,-7.276494776539164,0.0,5.131547335279797,0.0,True
0.1,6.5,3.0,9.0,3.0,10.0,1.1295513808119082,-3.2339680218365482e-21,0.42585115514766025,17.636966270486102,0.0,-18.95179212601505,0.0,True
0.1,6.5,3.0,9.0,3.0,10.0,3.6897477401563894e-26,3.841170524822007e-17,1.0,-6.0,0.0,-4.119999999999997,0.0,False
0.1,6.5,3.0,9.0,3.0,10.0,2.3381174995159997,1.8238587786873794,1.5337577114411896,432.6365996276743,0.0,38.92271334116026,0.0,True
0.1,6.5,3.0,9.0,3.0,12.0,-1.5061460497523949e-21,0.24883355495125048,1.0464386035522577,-7.248825299270055,0.0,5.0141215492375,0.0,True
0.1,6.5,3.0,9.0,3.0,12.0,1.1630998652184454,-5.000341526567948e-26,0.4926995138233128,19.435493071767876,0.0,-18.849112286060763,0.0,True
0.1,6.5,3.0,9.0,3.0,12.0,-3.20562083669014e-28,1.1399164211657673e-17,1.0,-6.0,0.0,-4.119999999999999,0.0,False
0.1,6.5,3.0,9.0,3.0,12.0,2.361188845354492,1.8708636287247034,1.534393251678794,407.19344777236336,0.0,37.69316797819042,0.0,True
0.1,6.5,3.0,9.0,5.0,8.0,2.1452486515688086e-20,0.2299695223744138,1.0594967288737556,-9.559896902136938,0.0,5.286517359887889,0.0,True
0.1,6.5,3.0,9.0,5.0,8.0,1.02501780075584,8.140622304081322e-24,0.1463375378585997,11.37782439587386,0.0,-19.073637652539425,0.0,True
0.1,6.5,3.0,9.0,5.0,8.0,-2.489229470408622e-30,1.1962422193362922e-19,1.0,-8.0,0.0,-4.119999999999999,0.0,False
0.1,6.5,3.0,9.0,5.0,8.0,2.681943832294691,2.3978219533382794,1.6240754252382565,964.2313472424157,0.0,54.746075844496374,0.0,True
0.1,6.5,3.0,9.0,5.0,10.0,-6.858194204645001e-24,0.2406519320771446,1.0521220171712165,-9.490416254572025,0.0,5.131547335279804,0.0,True
0.1,6.5,3.0,9.0,5.0,10.0,1.0699166275614067,-9.406033273406147e-20,0.25593096654395686,15.214527599191674,0.0,-19.227115364379273,0.0,True
0.1,6.5,3.0,9.0,5.0,10.0,-7.736048919077914e-29,1.4414849050605985e-18,1.0,-8.0,0.0,-4.119999999999999,0.0,False
0.1,6.5,3.0,9.0,5.0,10.0,-3.0888531581928277e-22,-0.8425586738439834,1.638914606982759,-29.26888881466387,0.0,26.64218355111985,0.0,True
0.1,6.5,3.0,9.0,5.0,10.0,2.7045192703940475,2.4452858921060003,1.6271048701630868,856.1497107175205,0.0,53.04986077822218,0.0,True
0.1,6.5,3.0,9.0,5.0,12.0,-7.128997630240504e-27,0.24883355495125054,1.0464386035522577,-9.438892801278854,0.0,5.014121549237503,0.0,True
0.1,6.5,3.0,9.0,5.0,12.0,1.1096536603529732,-1.2335807547525009e-18,0.3330289084520096,17.949068650629307,0.0,-19.325113503935665,0.0,True
0.1,6.5,3.0,9.0,5.0,12.0,-9.761930452222913e-32,1.9112600645349706e-21,1.0,-8.0,0.0,-4.119999999999999,0.0,False
0.1,6.5,3.0,9.0,5.0,12.0,3.842081865626306,-3.843078137104426,4.081074267239654,3370.9642498975622,0.0,247.29813433352592,0.0,True
0.1,6.5,3.0,9.0,5.0,12.0,-5.013438863794003e-18,-0.9591454835112667,1.689970043905046,-32.930752235970466,0.0,29.393044650421768,0.0,True
0.1,6.5,3.0,9.0,5.0,12.0,2.726815699378288,2.4920934748140047,1.6303219921209582,787.7739570876522,0.0,51.54694612756816,0.0,True
0.1,6.5,5.0,5.0,1.0,8.0,1.8783055487224283e-27,1.2308953258185446e-18,1.0,-6.0,0.0,-8.12,0.0,False
0.1,6.5,5.0,5.0,1.0,8.0,-1.9610337419099825e-23,0.49386061342077126,1.1524364409302128,-10.641783930455587,0.0,9.99291743715418,0.0,True
0.1,6.5,5.0,5.0,1.0,8.0,1.1348304310281192,2.145737003169706e-22,0.4365699531054833,17.926093604197604,0.0,-19.70089800727406,0.0,True
0.1,6.5,5.0,5.0,1.0,8.0,3.003125545566895,2.9116421998363475,2.352828856351451,899.3520874189619,0.0,56.68671779582138,0.0,True
0.1,6.5,5.0,5.0,1.0,10.0,8.262685314203367e-28,6.096150379267504e-19,1.0,-6.0,0.0,-8.12,0.0,False
0.1,6.5,5.0,5.0,1.0,10.0,-4.4868307946811e-25,0.5123140996718911,1.1312328683613102,-10.554751289245665,0.0,9.690659669688154,0.0,True
0.1,6.5,5.0,5.0,1.0,10.0,1.1753471988523818,6.950441799312606e-25,0.5164956367524509,20.072346672153355,0.0,-19.867591357501723,0.0,True
0.1,6.5,5.0,5.0,1.0,10.0,3.0678852921207223,3.054510755268979,2.370845919063207,870.9987783402323,0.0,56.00562042931142,0.0,True
0.1,6.5,5.0,5.0,1.0,12.0,4.559352661257553e-28,3.8055865797179864e-19,1.0,-6.0,0.0,-8.12,0.0,False
0.1,6.5,5.0,5.0,1.0,12.0,2.2175575676385024e-17,0.5259785668241679,1.115272271982669,-10.495115286152432,0.0,9.472038170147396,0.0,True
0.1,6.5,5.0,5.0,1.0,12.0,1.2062647803119342,-6.7526766117247455e-22,0.5756032066022088,21.643940466609244,0.0,-19.97559185603912,0.0,True
0.1,6.5,5.0,5.0,1.0,12.0,3.1311002781203716,3.1936959683817405,2.390434030127481,865.1416191500368,0.0,55.5716831318756,0.0,True
0.1,6.5,5.0,5.0,3.0,8.0,2.0815306394191416e-28,2.7375849657115317e-19,1.0,-8.0,0.0,-8.12,0.0,False
0.1,6.5,5.0,5.0,3.0,8.0,-4.516914991377835e-24,0.4938606134207714,1.1524364409302128,-13.29800343122338,0.0,9.992917437154183,0.0,True
0.1,6.5,5.0,5.0,3.0,8.0,1.0580177340206367,-2.3828543585027787e-26,0.23041145121726314,14.313226336484538,0.0,-19.403051739927427,0.0,True
0.1,6.5,5.0,5.0,3.0,8.0,3.903556093709965e-18,-1.6079653733253536,2.61597040113334,-83.08406607112006,0.0,63.45010907141911,0.0,True
0.1,6.5,5.0,5.0,3.0,10.0,9.486929887113578e-29,1.6554841550993388e-19,1.0,-8.0,0.0,-8.12,0.0,False
0.1,6.5,5.0,5.0,3.0,10.0,-9.531663336746414e-26,0.5123140996718912,1.1312328683613102,-13.114126894167583,0.0,9.690659669688161,0.0,True
0.1,6.5,5.0,5.0,3.0,10.0,1.1062995344860096,-5.447272993644126e-22,0.3268557369978211,17.729912895014845,0.0,-19.74563379698123,0.0,True
0.1,6.5,5.0,5.0,3.0,12.0,5.570765604908447e-29,1.2062425421363742e-19,1.0,-8.0,0.0,-8.12,0.0,False
0.1,6.5,5.0,5.0,3.0,12.0,5.725128570921165e-18,0.525978566824168,1.115272271982669,-12.982779767459203,0.0,9.4720381701474,0.0,True
0.1,6.5,5.0,5.0,3.0,12.0,1.1462070571895318,3.509789715871994e-22,0.3978459667724187,20.246523790505066,0.0,-20.014268048628452,0.0,True
0.1,6.5,5.0,5.0,5.0,8.0,1.7371701523909505e-29,4.678197664034788e-20,1.0,-10.0,0.0,-8.12,0.0,False
0.1,6.5,5.0,5.0,5.0,8.0,-1.0792855695044638e-24,0.49386061342077137,1.1524364409302128,-15.954222931991172,0.0,9.992917437154183,0.0,True
0.1,6.5,5.0,5.0,5.0,8.0,1.0044628752470437,-1.137122928226812e-24,0.05411343648478928,8.699876804407623,0.0,-19.00769083629395,0.0,True
0.1,6.5,5.0,5.0,5.0,8.0,6.861749428181509e-28,-1.6079653733253538,2.6159704011333402,-96.77066835033156,0.0,63.45010907141916,0.0,True
0.1,6.5,5.0,5.0,5.0,10.0,1.0046363785856353e-29,3.8871199309280057e-20,1.0,-10.0,0.0,-8.12,0.0,False
0.1,6.5,5.0,5.0,5.0,10.0,4.412114592523386e-17,0.5123140996718917,1.1312328683613104,-15.673502499089508,0.0,9.690659669688177,0.0,True
0.1,6.5,5.0,5.0,5.0,10.0,1.0454904783715488,1.9173614397109123e-17,0.18021224472582242,14.057250048353714,0.0,-19.351962225392985,0.0,True
0.1,6.5,5.0,5.0,5.0,10.0,7.018640624157903e-24,-1.8669753268093439,2.742798435457428,-113.43157428070398,0.0,71.10818015406716,0.0,True
0.1,6.5,5.0,5.0,5.0,12.0,6.955199581498999e-30,3.521454562949996e-20,1.0,-10.0,0.0,-8.12,0.0,False
0.1,6.5,5.0,5.0,5.0,12.0,1.2867348639272756e-18,0.5259785668241679,1.115272271982669,-15.47044424876597,0.0,9.472038170147396,0.0,True
0.1,6.5,5.0,5.0,5.0,12.0,1.0876067617426066,-1.584980561393069e-22,0.26069470738235057,17.574575165478464,0.0,-19.70008888661535,0.0,True
0.1,6.5,5.0,5.0,5.0,12.0,-2.7024726802852586e-18,-2.111263222509741,2.857263497800923,-130.49300600481115,0.0,78.43405048196509,0.0,True
0.1,6.5,5.0,5.0,5.0,12.0,4.48333895296421,5.96051574467606,3.2405232049091217,4168.823531233037,0.0,133.56410651270858,0.0,True
0.1,6.5,5.0,7.0,1.0,8.0,1.1134667547555092e-23,0.3476502122487058,1.1057530863169989,-8.66077227143662,0.0,7.835401229014966,0.0,True
0.1,6.5,5.0,7.0,1.0,8.0,1.1348304310281192,-7.578857539348999e-19,0.4365699531054833,17.926093604197604,0.0,-19.319711359365012,0.0,True
0.1,6.5,5.0,7.0,1.0,8.0,2.70089851602924e-25,1.471886913886265e-18,1.0,-6.0,0.0,-6.119999999999999,0.0,False
0.1,6.5,5.0,7.0,1.0,8.0,2.266176499646505e-25,-1.0466728820401574,1.958583606748468,-35.023242844843836,0.0,38.83670364814349,0.0,True
0.1,6.5,5.0,7.0,1.0,8.0,2.4875978931446605,2.0057543491443766,1.8128565113573667,517.0654035381593,0.0,42.72722732834163,0.0,True
0.1,6.5,5.0,7.0,1.0,10.0,1.4231218347352194e-21,0.3633133993182768,1.0923976382869411,-8.60667862313057,0.0,7.5928507307982676,0.0,True
0.1,6.5,5.0,7.0,1.0,10.0,1.1753471988523818,-5.3911362127463074e-21,0.5164956367524509,20.072346672153355,0.0,-19.33405587193308,0.0,True
0.1,6.5,5.0,7.0,1.0,10.0,-7.785742244985479e-28,3.4758794961377387e-20,1.0,-6.0,0.0,-6.119999999999998,0.0,False
0.1,6.5,5.0,7.0,1.0,10.0,2.6093763529196954e-25,-1.218358051935337,2.0390774399009683,-41.21600475164227,0.0,43.340404606947736,0.0,True
0.1,6.5,5.0,7.0,1.0,10.0,2.5252051255588452,2.086197801479794,1.8147235626773561,487.1881171722613,0.0,41.579435825781815,0.0,True
0.1,6.5,5.0,7.0,1.0,12.0,-2.2579121955881834e-26,-1.3809945916235793,2.1125018695545865,-47.67830573377533,0.0,47.68589477877563,0.0,True
0.1,6.5,5.0,7.0,1.0,12.0,-2.889310301151259e-26,0.3752257558021022,1.082130047893401,-8.569138914599803,0.0,7.411472910614034,0.0,True
0.1,6.5,5.0,7.0,1.0,12.0,1.206264780311934,1.4556029375663835e-24,0.5756032066022088,21.64394046660923,0.0,-19.312953753137624,0.0,True
0.1,6.5,5.0,7.0,1.0,12.0,-5.907284547797444e-29,8.231099135772445e-21,1.0,-6.0,0.0,-6.12,0.0,False
0.1,6.5,5.0,7.0,1.0,12.0,2.5618916723645127,2.164039352944507,1.817496079532511,472.1743074742286,0.0,40.61922948153442,0.0,True
0.1,6.5,5.0,7.0,3.0,8.0,-3.189508921837027e-19,0.34765021224870607,1.105753086316999,-11.106152047235764,0.0,7.835401229014981,0.0,True
0.1,6.5,5.0,7.0,3.0,8.0,1.0580177340206367,-5.997165842568347e-22,0.23041145121726314,14.313226336484538,0.0,-19.296872866223335,0.0,True
0.1,6.5,5.0,7.0,3.0,8.0,2.942181512653222,2.8104211428308474,1.9598615883504156,1145.483217756609,0.0,60.29379887308846,0.0,True
0.1,6.5,5.0,7.0,3.0,10.0,9.136936879858442e-22,0.36331339931827683,1.0923976382869411,-10.993343823400346,0.0,7.592850730798269,0.0,True
0.1,6.5,5.0,7.0,3.0,10.0,1.1062995344860096,-5.500655621308102e-23,0.3268557369978211,17.729912895014845,0.0,-19.531964451364452,0.0,True
0.1,6.5,5.0,7.0,3.0,10.0,-1.287921829332198e-22,-1.218358051935337,2.0390774399009683,-49.531678363468444,0.0,43.340404606947736,0.0,True
0.1,6.5,5.0,7.0,3.0,10.0,2.9786253859850476,2.8902308094878233,1.9676888379598325,1042.204763576094,0.0,58.902223153972386,0.0,True
0.1,6.5,5.0,7.0,3.0,12.0,-5.0582329222623036e-24,-1.3809945916235797,2.1125018695545874,-56.60363403151862,0.0,47.68589477877573,0.0,True
0.1,6.5,5.0,7.0,3.0,12.0,-8.001944636833463e-27,0.3752257558021022,1.082130047893401,-10.91114979570735,0.0,7.411472910614034,0.0,True
0.1,6.5,5.0,7.0,3.0,12.0,1.1462070571895318,-4.494856797112818e-19,0.3978459667724187,20.246523790505066,0.0,-19.69770522207429,0.0,True
0.1,6.5,5.0,7.0,3.0,12.0,3.0145174513524697,2.968694188764985,1.9759817708376421,980.3461461138797,0.0,57.7255883637651,0.0,True
0.1,6.5,5.0,7.0,5.0,8.0,6.016684785718411e-22,0.34765021224870585,1.1057530863169989,-13.551531823034892,0.0,7.83540122901497,0.0,True
0.1,6.5,5.0,7.0,5.0,8.0,1.0044628752470437,1.9631171630037164e-23,0.05411343648478928,8.699876804407623,0.0,-19.001834308277562,0.0,True
0.1,6.5,5.0,7.0,5.0,8.0,8.841910478314779e-26,2.0654960250546902e-17,1.0,-10.0,0.0,-6.119999999999999,0.0,False
0.1,6.5,5.0,7.0,5.0,8.0,3.74935127446024e-18,-1.0466728820401572,1.9585836067484677,-50.36744182333917,0.0,38.836703648143455,0.0,True
0.1,6.5,5.0,7.0,5.0,10.0,-4.472560300905652e-26,-1.2183580519353372,2.039077439900969,-57.84735197529464,0.0,43.340404606947764,0.0,True
0.1,6.5,5.0,7.0,5.0,10.0,-6.383538865948621e-26,0.3633133993182767,1.0923976382869411,-13.380009023670116,0.0,7.592850730798262,0.0,True
0.1,6.5,5.0,7.0,5.0,10.0,1.0454904783715488,1.1506439301865902e-24,0.18021224472582242,14.057250048353714,0.0,-19.287009319094746,0.0,True
0.1,6.5,5.0,7.0,5.0,10.0,2.3780246015157473e-31,5.124875689586983e-21,1.0,-10.0,0.0,-6.119999999999998,0.0,False
0.1,6.5,5.0,7.0,5.0,12.0,-2.435386400249543e-17,-1.3809945916235795,2.1125018695545865,-65.52896232926184,0.0,47.685894778775676,0.0,True
0.1,6.5,5.0,7.0,5.0,12.0,-2.642088534951585e-27,0.3752257558021022,1.082130047893401,-13.253160676814902,0.0,7.411472910614034,0.0,True
0.1,6.5,5.0,7.0,5.0,12.0,1.0876067617426066,4.140015616531185e-25,0.26069470738235057,17.574575165478464,0.0,-19.564165425701013,0.0,True
0.1,6.5,5.0,7.0,5.0,12.0,6.548682413854694e-30,2.2143668618897166e-19,1.0,-10.0,0.0,-6.12,0.0,False
0.1,6.5,5.0,9.0,1.0,8.0,-1.1539740818460774e-26,0.22996952237441365,1.0594967288737553,-7.314830265148558,0.0,5.286517359887879,0.0,True
0.1,6.5,5.0,9.0,1.0,8.0,1.1348304310281194,6.340833118647075e-19,0.4365699531054831,17.926093604197618,0.0,-18.93852471145597,0.0,True
0.1,6.5,5.0,9.0,1.0,8.0,6.34674959807654e-26,1.4450851117415075e-19,1.0,-6.0,0.0,-4.119999999999999,0.0,False
0.1,6.5,5.0,9.0,1.0,8.0,2.2003445259437275,1.5365117275606155,1.5378135606756151,365.2032002477931,0.0,35.64819555710915,0.0,True
0.1,6.5,5.0,9.0,1.0,10.0,2.263400416079498e-21,0.2406519320771445,1.0521220171712162,-7.276494776539164,0.0,5.131547335279796,0.0,True
0.1,6.5,5.0,9.0,1.0,10.0,1.1753471988523818,-8.472433569681063e-24,0.5164956367524509,20.072346672153355,0.0,-18.800520386364443,0.0,True
0.1,6.5,5.0,9.0,1.0,10.0,3.214253532726025e-32,2.9684657896446456e-22,1.0,-6.0,0.0,-4.119999999999999,0.0,False
0.1,6.5,5.0,9.0,1.0,10.0,2.224130338318831,1.5872329428739844,1.536013056809385,336.9829523035198,0.0,34.43458836099748,0.0,True
0.1,6.5,5.0,9.0,1.0,10.0,3.2577151332208525e-21,-0.8425586738439836,1.6389146069827591,-23.89680663670098,0.0,26.642183551119878,0.0,True
0.1,6.5,5.0,9.0,1.0,12.0,-4.793548000455308e-23,0.24883355495125045,1.0464386035522577,-7.248825299270055,0.0,5.014121549237499,0.0,True
0.1,6.5,5.0,9.0,1.0,12.0,1.206264780311934,-3.3933877203184215e-26,0.5756032066022088,21.64394046660923,0.0,-18.650315650236134,0.0,True
0.1,6.5,5.0,9.0,1.0,12.0,1.4515301408925494e-30,2.0432570296055306e-20,1.0,-6.0,0.0,-4.119999999999999,0.0,False
0.1,6.5,5.0,9.0,1.0,12.0,2.247338851814307,1.6361804302591831,1.534742991767414,320.57525649571426,0.0,33.3815427933838,0.0,True
0.1,6.5,5.0,9.0,1.0,12.0,4.253461087013437e-25,-0.9591454835112666,1.689970043905046,-27.218754737377616,0.0,29.393044650421764,0.0,True
0.1,6.5,5.0,9.0,3.0,8.0,-6.443383057231567e-23,0.22996952237441362,1.0594967288737553,-9.559896902136934,0.0,5.286517359887878,0.0,True
0.1,6.5,5.0,9.0,3.0,8.0,1.0580177340206367,4.669904188846825e-21,0.23041145121726314,14.313226336484538,0.0,-19.190693992519247,0.0,True
0.1,6.5,5.0,9.0,3.0,8.0,3.872756419723324e-24,-0.7202329114875204,1.5835773776385142,-25.747078984563892,0.0,23.819581801162265,0.0,True
0.1,6.5,5.0,9.0,3.0,8.0,2.5553537484115676,2.1293898498208255,1.6118287381642311,766.8793487372585,0.0,48.227019900260245,0.0,True
0.1,6.5,5.0,9.0,3.0,10.0,-1.4531402124278967e-25,0.24065193207714453,1.0521220171712162,-9.490416254572022,0.0,5.131547335279797,0.0,True
0.1,6.5,5.0,9.0,3.0,10.0,1.1062995344860096,-6.796355324329016e-26,0.3268557369978211,17.729912895014845,0.0,-19.318295105747676,0.0,True
0.1,6.5,5.0,9.0,3.0,10.0,5.529499436783295e-22,2.5440892935477363e-19,1.0,-8.0,0.0,-4.119999999999999,0.0,False
0.1,6.5,5.0,9.0,3.0,10.0,5.6295024719076235e-27,-0.8425586738439836,1.6389146069827591,-29.268888814663885,0.0,26.642183551119878,0.0,True
0.1,6.5,5.0,9.0,3.0,10.0,2.578034120460487,2.177873973802099,1.6133785817459283,686.0000763041461,0.0,46.74043383476254,0.0,True
0.1,6.5,5.0,9.0,3.0,12.0,8.030415758859123e-20,0.24883355495125056,1.0464386035522577,-9.438892801278854,0.0,5.014121549237503,0.0,True
0.1,6.5,5.0,9.0,3.0,12.0,1.1462070571895318,-7.211083862473002e-19,0.3978459667724187,20.246523790505066,0.0,-19.381142395520133,0.0,True
0.1,6.5,5.0,9.0,3.0,12.0,-3.7480035146702824e-29,7.156183710532499e-21,1.0,-8.0,0.0,-4.119999999999999,0.0,False
0.1,6.5,5.0,9.0,3.0,12.0,5.149623404765244e-23,-0.9591454835112669,1.6899700439050465,-32.93075223597047,0.0,29.393044650421803,0.0,True
0.1,6.5,5.0,9.0,3.0,12.0,2.6003773811281423,2.225437600983945,1.6151965632752407,635.3585175857094,0.0,45.42743698723771,0.0,True
0.1,6.5,5.0,9.0,5.0,8.0,-4.743149452157774e-26,0.2299695223744136,1.0594967288737553,-11.80496353912531,0.0,5.286517359887877,0.0,True
0.1,6.5,5.0,9.0,5.0,8.0,1.0044628752470437,4.955968023735328e-22,0.05411343648478928,8.699876804407623,0.0,-18.995977780261175,0.0,True
0.1,6.5,5.0,9.0,5.0,8.0,-2.3252257045193014e-22,-0.7202329114875206,1.5835773776385145,-30.762513606500846,0.0,23.81958180116228,0.0,True
0.1,6.5,5.0,9.0,5.0,8.0,2.9218488527958715,2.784188195655331,1.717041223756782,1468.587293298925,0.0,63.62407881359269,0.0,True
0.1,6.5,5.0,9.0,5.0,10.0,-4.772060691574536e-23,0.24065193207714453,1.0521220171712162,-11.70433773260488,0.0,5.131547335279797,0.0,True
0.1,6.5,5.0,9.0,5.0,10.0,1.0454904783715488,-4.0024080760791127e-23,0.18021224472582242,14.057250048353714,0.0,-19.222056412796505,0.0,True
0.1,6.5,5.0,9.0,5.0,10.0,2.9441486868448674,2.8327798170424705,1.7211687249710876,1287.612562958765,0.0,61.96064660388237,0.0,True
0.1,6.5,5.0,9.0,5.0,12.0,-3.677888449041556e-25,0.24883355495125054,1.0464386035522577,-11.628960303287652,0.0,5.014121549237503,0.0,True
0.1,6.5,5.0,9.0,5.0,12.0,1.0876067617426066,-2.6628011821177464e-20,0.26069470738235057,17.574575165478464,0.0,-19.42824196478667,0.0,True
0.1,6.5,5.0,9.0,5.0,12.0,2.9662474116122852,2.8808787766426778,1.7254570774722957,1171.3324541412667,0.0,60.47374491255539,0.0,True
0.1,6.5,7.0,5.0,1.0,8.0,3.7358115355279605e-28,4.952857461125023e-19,1.0,-8.0,0.0,-8.12,0.0,False
0.1,6.5,7.0,5.0,1.0,8.0,-7.759753356507697e-24,0.4938606134207713,1.1524364409302128,-13.298003431223378,0.0,9.99291743715418,0.0,True
0.1,6.5,7.0,5.0,1.0,8.0,1.1013650248304716,-5.078326837727191e-21,0.3176847336700983,17.40431234721697,0.0,-19.71146081979577,0.0,True
0.1,6.5,7.0,5.0,1.0,8.0,2.019474056604475e-26,-1.6079653733253536,2.61597040113334,-83.08406607112006,0.0,63.45010907141911,0.0,True
0.1,6.5,7.0,5.0,1.0,10.0,1.5675695114814293e-28,2.7307370088388437e-19,1.0,-8.0,0.0,-8.12,0.0,False
0.1,6.5,7.0,5.0,1.0,10.0,-1.8215833681491265e-25,0.5123140996718911,1.1312328683613102,-13.114126894167581,0.0,9.690659669688154,0.0,True
0.1,6.5,7.0,5.0,1.0,10.0,1.150183320995075,3.6690119494777375e-22,0.4046852476471333,20.488268546021942,0.0,-20.040241032271158,0.0,True
0.1,6.5,7.0,5.0,1.0,10.0,-1.7930755364220767e-22,-1.8669753268093439,2.742798435457428,-98.38568776560855,0.0,71.10818015406716,0.0,True
0.1,6.5,7.0,5.0,1.0,12.0,8.596017565258133e-29,1.8525796300472598e-19,1.0,-8.0,0.0,-8.12,0.0,False
0.1,6.5,7.0,5.0,1.0,12.0,1.2932416320617402e-17,0.5259785668241679,1.115272271982669,-12.982779767459201,0.0,9.472038170147396,0.0,True
0.1,6.5,7.0,5.0,1.0,12.0,1.1889309264267205,1.3992831841839087e-19,0.4699162195697876,22.783327379486945,0.0,-20.28520070763751,0.0,True
0.1,6.5,7.0,5.0,3.0,8.0,3.7795562656904215e-29,1.001694105245865e-19,1.0,-10.0,0.0,-8.12,0.0,False
0.1,6.5,7.0,5.0,3.0,8.0,-1.930778875156403e-24,0.49386061342077137,1.1524364409302128,-15.954222931991172,0.0,9.992917437154183,0.0,True
0.1,6.5,7.0,5.0,3.0,8.0,1.0285764284048133,1.1077851331084219e-17,0.14039980638062333,12.33812936215695,0.0,-19.21056086590093,0.0,True
0.1,6.5,7.0,5.0,3.0,8.0,-1.0202984953165627e-24,-1.6079653733253538,2.6159704011333402,-96.77066835033156,0.0,63.45010907141916,0.0,True
0.1,6.5,7.0,5.0,3.0,10.0,1.8769165319353498e-29,7.147419599666303e-20,1.0,-10.0,0.0,-8.12,0.0,False
0.1,6.5,7.0,5.0,3.0,10.0,-4.0528468562828126e-26,0.5123140996718911,1.1312328683613102,-15.673502499089496,0.0,9.690659669688154,0.0,True
0.1,6.5,7.0,5.0,3.0,10.0,1.0782943482177512,-3.707028083411902e-24,0.24423284409107582,16.85243478933164,0.0,-19.623655992516237,0.0,True
0.1,6.5,7.0,5.0,3.0,10.0,4.084827244879403e-20,-1.866975326809344,2.7427984354574284,-113.43157428070401,0.0,71.1081801540672,0.0,True
0.1,6.5,7.0,5.0,3.0,12.0,1.1711474667524948e-29,5.842923583096535e-20,1.0,-10.0,0.0,-8.12,0.0,False
0.1,6.5,7.0,5.0,3.0,12.0,3.1040717628118975e-18,0.5259785668241679,1.115272271982669,-15.47044424876597,0.0,9.472038170147396,0.0,True
0.1,6.5,7.0,5.0,3.0,12.0,1.1220864998296387,-1.4538355193995822e-20,0.31799935540420465,20.09062282566659,0.0,-19.979989011447138,0.0,True
0.1,6.5,7.0,5.0,5.0,8.0,2.8280663753099827e-30,1.4487326066578256e-20,1.0,-12.0,0.0,-8.12,0.0,False
0.1,6.5,7.0,5.0,5.0,8.0,-4.76391128510706e-25,0.4938606134207713,1.1524364409302128,-18.610442432758962,0.0,9.99291743715418,0.0,True
0.1,6.5,7.0,5.0,5.0,8.0,-6.515561936793117e-24,-1.6079653733253538,2.6159704011333402,-110.45727062954302,0.0,63.45010907141916,0.0,True
0.1,6.5,7.0,5.0,5.0,10.0,1.9941424709722322e-30,1.543710934580617e-20,1.0,-12.0,0.0,-8.12,0.0,False
0.1,6.5,7.0,5.0,5.0,10.0,2.2151556832938322e-17,0.5123140996718913,1.1312328683613102,-18.232878104011412,0.0,9.690659669688163,0.0,True
0.1,6.5,7.0,5.0,5.0,10.0,1.0221116980245444,-4.406485681262889e-25,0.11199452524717535,12.048499376222784,0.0,-19.16885322251921,0.0,True
0.1,6.5,7.0,5.0,5.0,10.0,-7.561464774500364e-22,-1.866975326809344,2.7427984354574284,-128.47746079579946,0.0,71.1081801540672,0.0,True
0.1,6.5,7.0,5.0,5.0,12.0,1.5560599886241666e-30,1.634499499804567e-20,1.0,-12.0,0.0,-8.12,0.0,False
0.1,6.5,7.0,5.0,5.0,12.0,6.567221595557299e-19,0.5259785668241678,1.1152722719826689,-17.958108730072738,0.0,9.472038170147393,0.0,True
0.1,6.5,7.0,5.0,5.0,12.0,1.0637948546764842,-2.713360445097988e-18,0.19840785924105175,16.50500250326611,0.0,-19.543379640048464,0.0,True
0.1,6.5,7.0,5.0,5.0,12.0,3.827590876481604e-21,-2.111263222509741,2.857263497800923,-146.82091539654226,0.0,78.43405048196509,0.0,True
0.1,6.5,7.0,7.0,1.0,8.0,1.0174151897753182e-21,0.3476502122487058,1.1057530863169989,-11.106152047235756,0.0,7.835401229014966,0.0,True
0.1,6.5,7.0,7.0,1.0,8.0,1.1013650248304716,-1.2077109169706265e-20,0.3176847336700983,17.40431234721697,0.0,-19.50961363978169,0.0,True
0.1,6.5,7.0,7.0,1.0,8.0,4.892478731034713e-23,1.9291603698177628e-18,1.0,-8.0,0.0,-6.119999999999999,0.0,False
0.1,6.5,7.0,7.0,1.0,8.0,2.7833520885362493,2.459148067394742,1.933768087772889,882.3418659923782,0.0,52.201545424027756,0.0,True
0.1,6.5,7.0,7.0,1.0,10.0,-9.04966609405983e-21,0.3633133993182768,1.0923976382869411,-10.993343823400345,0.0,7.5928507307982676,0.0,True
0.1,6.5,7.0,7.0,1.0,10.0,1.150183320995075,-1.999080266786251e-18,0.4046852476471333,20.488268546021942,0.0,-19.712700732944715,0.0,True
0.1,6.5,7.0,7.0,1.0,10.0,3.9307432182834046e-24,-9.834988982970044e-25,1.0,-8.0,0.0,-6.119999999999998,0.0,False
0.1,6.5,7.0,7.0,1.0,10.0,2.8195612506177885,2.539941842986484,1.9384466553340978,810.7265233084092,0.0,51.0025501645211,0.0,True
0.1,6.5,7.0,7.0,1.0,12.0,-6.398229921194165e-25,-1.3809945916235797,2.1125018695545874,-56.60363403151862,0.0,47.68589477877573,0.0,True
0.1,6.5,7.0,7.0,1.0,12.0,-1.0326728509727473e-26,0.37522575580210227,1.082130047893401,-10.91114979570735,0.0,7.411472910614037,0.0,True
0.1,6.5,7.0,7.0,1.0,12.0,1.1889309264267205,9.112206926041234e-20,0.4699162195697876,22.783327379486945,0.0,-19.84355820080799,0.0,True
0.1,6.5,7.0,7.0,1.0,12.0,3.8448020488630725e-26,1.1229530961794276e-20,1.0,-8.0,0.0,-6.12,0.0,False
0.1,6.5,7.0,7.0,1.0,12.0,2.855153817797531,2.6188711158757547,1.9438197080167559,769.0967043243343,0.0,49.990987566120566,0.0,True
0.1,6.5,7.0,7.0,3.0,8.0,7.168107677591938e-24,0.34765021224870585,1.1057530863169989,-13.551531823034892,0.0,7.83540122901497,0.0,True
0.1,6.5,7.0,7.0,3.0,8.0,1.0285764284048133,-6.047919674948039e-18,0.14039980638062333,12.33812936215695,0.0,-19.171136654637497,0.0,True
0.1,6.5,7.0,7.0,3.0,8.0,1.6725381959494814e-20,1.3705314006802856e-18,1.0,-10.0,0.0,-6.119999999999999,0.0,False
0.1,6.5,7.0,7.0,3.0,8.0,-1.1993348953775406e-23,-1.0466728820401574,1.958583606748468,-50.36744182333919,0.0,38.83670364814349,0.0,True
0.1,6.5,7.0,7.0,3.0,8.0,3.2454951675959745,3.323868886951638,2.1088347380923125,1840.0214572412456,0.0,71.99198309928533,0.0,True
0.1,6.5,7.0,7.0,3.0,10.0,-9.959589809468736e-23,-1.2183580519353372,2.039077439900969,-57.84735197529464,0.0,43.340404606947764,0.0,True
0.1,6.5,7.0,7.0,3.0,10.0,-8.233927983089958e-26,0.3633133993182768,1.0923976382869411,-13.38000902367012,0.0,7.5928507307982676,0.0,True
0.1,6.5,7.0,7.0,3.0,10.0,1.0782943482177512,-5.07180773932696e-24,0.24423284409107582,16.85243478933164,0.0,-19.50435662825061,0.0,True
0.1,6.5,7.0,7.0,3.0,10.0,4.9198301726547275e-30,6.280946130871159e-20,1.0,-10.0,0.0,-6.119999999999998,0.0,False
0.1,6.5,7.0,7.0,3.0,12.0,2.4918601713381307e-17,-1.3809945916235795,2.1125018695545865,-65.52896232926184,0.0,47.685894778775676,0.0,True
0.1,6.5,7.0,7.0,3.0,12.0,-3.438959767997292e-27,0.37522575580210227,1.082130047893401,-13.253160676814902,0.0,7.411472910614037,0.0,True
0.1,6.5,7.0,7.0,3.0,12.0,1.1220864998296387,-5.959297030459271e-20,0.31799935540420465,20.09062282566659,0.0,-19.77774183137216,0.0,True
0.1,6.5,7.0,7.0,3.0,12.0,1.3332902329182751e-34,2.3345885683856248e-23,1.0,-10.0,0.0,-6.12,0.0,False
0.1,6.5,7.0,7.0,5.0,8.0,7.953904647057072e-24,0.34765021224870574,1.1057530863169989,-15.99691159883403,0.0,7.835401229014964,0.0,True
0.1,6.5,7.0,7.0,5.0,8.0,4.5873539593268295e-24,1.68324327016911e-18,1.0,-12.0,0.0,-6.119999999999999,0.0,False
0.1,6.5,7.0,7.0,5.0,8.0,3.734956718070073,4.297786683101853,2.340328535543854,3592.0861164943904,0.0,98.33699642563636,0.0,True
0.1,6.5,7.0,7.0,5.0,8.0,1.2622178380319662e-23,-1.0466728820401574,1.958583606748468,-58.03954131258686,0.0,38.83670364814349,0.0,True
0.1,6.5,7.0,7.0,5.0,10.0,7.993583926498066e-20,-1.2183580519353372,2.039077439900969,-66.16302558712081,0.0,43.340404606947764,0.0,True
0.1,6.5,7.0,7.0,5.0,10.0,-3.212156556993616e-26,0.36331339931827683,1.0923976382869411,-15.766674223939892,0.0,7.592850730798269,0.0,True
0.1,6.5,7.0,7.0,5.0,10.0,1.0221116980245444,-1.821014500828849e-24,0.11199452524717535,12.048499376222784,0.0,-19.14376767514853,0.0,True
0.1,6.5,7.0,7.0,5.0,10.0,9.742883802347735e-25,3.3439710273767925e-22,1.0,-12.0,0.0,-6.119999999999998,0.0,False
0.1,6.5,7.0,7.0,5.0,10.0,3.7705830047414732,4.381642155575898,2.354449819365411,3150.4294170757357,0.0,97.08579255174118,0.0,True
0.1,6.5,7.0,7.0,5.0,12.0,-1.5781595376200805e-18,-1.3809945916235795,2.1125018695545865,-74.45429062700508,0.0,47.685894778775676,0.0,True
0.1,6.5,7.0,7.0,5.0,12.0,-1.27280049274087e-27,0.37522575580210227,1.082130047893401,-15.595171557922448,0.0,7.411472910614037,0.0,True
0.1,6.5,7.0,7.0,5.0,12.0,1.0637948546764842,-2.6223514384811574e-24,0.19840785924105175,16.50500250326611,0.0,-19.464648282831227,0.0,True
0.1,6.5,7.0,7.0,5.0,12.0,2.3912834297197026e-25,3.589207121963132e-24,1.0,-12.0,0.0,-6.12,0.0,False
0.1,6.5,7.0,7.0,5.0,12.0,3.805915964164456,4.464907018314967,2.3687745001659914,2867.502010772663,0.0,96.02804474079687,0.0,True
0.1,6.5,7.0,9.0,1.0,8.0,-1.3619387705801311e-24,0.22996952237441354,1.0594967288737553,-9.559896902136934,0.0,5.286517359887874,0.0,True
0.1,6.5,7.0,9.0,1.0,8.0,1.1013650248304716,-5.8694910923486405e-25,0.3176847336700983,17.40431234721697,0.0,-19.307766459767606,0.0,True
0.1,6.5,7.0,9.0,1.0,8.0,-8.598433403632123e-29,6.0800497933203e-19,1.0,-8.0,0.0,-4.119999999999999,0.0,False
0.1,6.5,7.0,9.0,1.0,8.0,2.4384300488963517,1.8747101196597247,1.6092634162085275,604.3789832277587,0.0,42.938882759521476,0.0,True
0.1,6.5,7.0,9.0,1.0,10.0,-1.798323218875982e-27,0.2406519320771445,1.0521220171712162,-9.490416254572022,0.0,5.131547335279796,0.0,True
0.1,6.5,7.0,9.0,1.0,10.0,1.150183320995075,-5.856146164142908e-22,0.4046852476471333,20.488268546021942,0.0,-19.38516043361827,0.0,True
0.1,6.5,7.0,9.0,1.0,10.0,-2.1173250366140746e-33,9.244355807026137e-24,1.0,-8.0,0.0,-4.119999999999999,0.0,False
0.1,6.5,7.0,9.0,1.0,10.0,2.461096167935863,1.9248719259462417,1.608971281643529,545.6419657705171,0.0,41.619195915820825,0.0,True
0.1,6.5,7.0,9.0,1.0,12.0,-1.1064094031490103e-21,0.24883355495125042,1.0464386035522577,-9.438892801278854,0.0,5.014121549237498,0.0,True
0.1,6.5,7.0,9.0,1.0,12.0,1.1889309264267207,-6.119535111226502e-18,0.46991621956978735,22.78332737948696,0.0,-19.40191569397847,0.0,True
0.1,6.5,7.0,9.0,1.0,12.0,5.648634659975166e-27,3.645265349204618e-17,1.0,-8.0,0.0,-4.119999999999997,0.0,False
0.1,6.5,7.0,9.0,1.0,12.0,2.4833746591806922,1.9737481367087342,1.6090801436730926,509.4029852338416,0.0,40.459207738214644,0.0,True
0.1,6.5,7.0,9.0,3.0,8.0,4.958555750037362e-20,0.22996952237441418,1.0594967288737558,-11.804963539125321,0.0,5.286517359887912,0.0,True
0.1,6.5,7.0,9.0,3.0,8.0,1.0285764284048131,-2.7901089715598408e-24,0.14039980638062366,12.338129362156948,0.0,-19.13171244337406,0.0,True
0.1,6.5,7.0,9.0,3.0,8.0,-1.5217905784707178e-32,2.847627145327023e-22,1.0,-10.0,0.0,-4.119999999999999,0.0,False
0.1,6.5,7.0,9.0,3.0,8.0,2.79248088824482,2.5003682306141743,1.6974874718875181,1186.3759074443446,0.0,56.35322373267064,0.0,True
0.1,6.5,7.0,9.0,3.0,10.0,-7.015067084257252e-24,0.24065193207714458,1.0521220171712165,-11.704337732604884,0.0,5.131547335279803,0.0,True
0.1,6.5,7.0,9.0,3.0,10.0,1.0782943482177512,-4.0680593083548016e-20,0.24423284409107582,16.85243478933164,0.0,-19.385057263984976,0.0,True
0.1,6.5,7.0,9.0,3.0,10.0,4.018008201826471,-3.9006560598137012,4.199752485801099,4675.325521754183,0.0,258.57767021198356,0.0,True
0.1,6.5,7.0,9.0,3.0,10.0,1.397298500013407e-19,-0.8425586738439834,1.638914606982759,-34.64097099262678,0.0,26.64218355111985,0.0,True
0.1,6.5,7.0,9.0,3.0,10.0,2.8147393825097504,2.5495241944794524,1.7002736919690995,1046.2350007736948,0.0,54.86523824169802,0.0,True
0.1,6.5,7.0,9.0,3.0,12.0,-6.95248383972148e-27,0.24883355495125048,1.0464386035522577,-11.628960303287652,0.0,5.0141215492375,0.0,True
0.1,6.5,7.0,9.0,3.0,12.0,1.1220864998296387,-2.407254103938888e-19,0.31799935540420465,20.09062282566659,0.0,-19.57549465129718,0.0,True
0.1,6.5,7.0,9.0,3.0,12.0,1.883443725873788e-19,2.1522758119513274e-17,1.0,-10.0,0.0,-4.119999999999999,0.0,False
0.1,6.5,7.0,9.0,3.0,12.0,8.68934452286524e-22,-0.9591454835112668,1.6899700439050465,-38.64274973456332,0.0,29.39304465042178,0.0,True
0.1,6.5,7.0,9.0,3.0,12.0,2.8367594994529366,2.59799464640954,1.7032797224722156,956.7214015961385,0.0,53.53867717340859,0.0,True
0.1,6.5,7.0,9.0,5.0,8.0,1.5132836127357366e-22,0.2299695223744138,1.0594967288737556,-14.050030176113692,0.0,5.286517359887889,0.0,True
0.1,6.5,7.0,9.0,5.0,8.0,9.79523852847499e-25,-0.7202329114875204,1.5835773776385142,-35.777948228437786,0.0,23.819581801162265,0.0,True
0.1,6.5,7.0,9.0,5.0,8.0,7.949101468218211e-35,2.5625818931613675e-23,1.0,-12.0,0.0,-4.119999999999999,0.0,False
0.1,6.5,7.0,9.0,5.0,8.0,3.1616884964460406,3.1887999280346526,1.8184593208188549,2173.013839894266,0.0,73.00454901297235,0.0,True
0.1,6.5,7.0,9.0,5.0,10.0,-1.805685471274391e-28,0.24065193207714466,1.0521220171712165,-13.918259210637743,0.0,5.131547335279807,0.0,True
0.1,6.5,7.0,9.0,5.0,10.0,1.0221116980245444,4.9309347338096284e-24,0.11199452524717535,12.048499376222784,0.0,-19.118682127777852,0.0,True
0.1,6.5,7.0,9.0,5.0,10.0,9.559498491002364e-24,5.437267484734402e-25,1.0,-12.0,0.0,-4.119999999999999,0.0,False
0.1,6.5,7.0,9.0,5.0,10.0,3.183914781428845,3.2387182813376914,1.8236501601929462,1885.6543341482202,0.0,71.42662226135246,0.0,True
0.1,6.5,7.0,9.0,5.0,12.0,-1.2203463633602833e-23,0.24883355495125048,1.0464386035522577,-13.81902780529645,0.0,5.0141215492375,0.0,True
0.1,6.5,7.0,9.0,5.0,12.0,1.0637948546764842,7.920489445744996e-23,0.19840785924105175,16.50500250326611,0.0,-19.385916925613994,0.0,True
0.1,6.5,7.0,9.0,5.0,12.0,6.650614923766955e-24,-0.9591454835112672,1.689970043905047,-44.35474723315619,0.0,29.393044650421835,0.0,True
0.1,6.5,7.0,9.0,5.0,12.0,-5.86128482955863e-34,1.5210832146120107e-22,1.0,-12.0,0.0,-4.119999999999999,0.0,False
0.1,6.5,7.0,9.0,5.0,12.0,3.205989840022505,3.2882603648919138,1.8289794820073255,1699.225610196157,0.0,70.00656065603727,0.0,True
